uid,class,src,dst,t_gen,t_delivered,outcome,hops,chunk_key
1,hb,1,0,0.128,0.149,delivered,1,
2,cmd,0,1,0.192,0.213,delivered,1,
3,hb,2,0,0.256,0.278,delivered,1,
4,cmd,0,2,0.256,0.277,delivered,1,
5,hb,3,0,0.32,0.341,delivered,1,
6,cmd,0,3,0.384,0.405,delivered,1,
7,hb,4,0,0.448,0.469,delivered,1,
8,hb,5,0,0.512,0.534,delivered,1,
9,cmd,0,4,0.512,0.533,delivered,1,
10,cmd,0,5,0.576,0.597,delivered,1,
11,hb,1,0,0.64,0.661,delivered,1,
12,hb,2,0,0.704,0.726,delivered,1,
13,cmd,0,1,0.704,0.725,delivered,1,
14,cmd,0,2,0.768,0.789,delivered,1,
15,hb,3,0,0.832,0.853,delivered,1,
16,cmd,0,3,0.896,0.917,delivered,1,
17,hb,4,0,0.96,0.982,delivered,1,
18,cmd,0,4,0.96,0.981,delivered,1,
19,hb,5,0,1.024,1.045,delivered,1,
20,cmd,0,5,1.088,1.109,delivered,1,
21,hb,1,0,1.152,1.174,delivered,1,
22,cmd,0,1,1.152,1.173,delivered,1,
23,hb,2,0,1.216,1.237,delivered,1,
24,cmd,0,2,1.28,1.301,delivered,1,
25,hb,3,0,1.344,1.365,delivered,1,
26,hb,4,0,1.408,1.43,delivered,1,
27,cmd,0,3,1.408,1.429,delivered,1,
28,cmd,0,4,1.472,1.493,delivered,1,
29,hb,5,0,1.536,1.557,delivered,1,
30,hb,1,0,1.6,1.622,delivered,1,
31,cmd,0,5,1.6,1.621,delivered,1,
32,cmd,0,1,1.664,1.685,delivered,1,
33,hb,2,0,1.728,1.749,delivered,1,
34,cmd,0,2,1.792,1.813,delivered,1,
35,hb,3,0,1.856,1.878,delivered,1,
36,cmd,0,3,1.856,1.877,delivered,1,
37,hb,4,0,1.92,1.941,delivered,1,
38,cmd,0,4,1.984,2.005,delivered,1,
39,hb,5,0,2.048,2.069,delivered,1,
40,hb,1,0,2.112,2.134,delivered,1,
41,cmd,0,5,2.112,2.133,delivered,1,
42,cmd,0,1,2.176,2.197,delivered,1,
43,hb,2,0,2.24,2.261,delivered,1,
44,hb,3,0,2.304,2.326,delivered,1,
45,cmd,0,2,2.304,2.325,delivered,1,
46,cmd,0,3,2.368,2.389,delivered,1,
47,thumb,1,0,2.432,2.469,delivered,1,
48,hb,4,0,2.432,2.469,delivered,1,
49,cmd,0,4,2.496,2.517,delivered,1,
50,hb,5,0,2.56,2.582,delivered,1,
51,cmd,0,5,2.56,2.581,delivered,1,
52,hb,1,0,2.624,2.645,delivered,1,
53,cmd,0,1,2.688,2.709,delivered,1,
54,hb,2,0,2.752,2.774,delivered,1,
55,thumb,2,0,2.752,2.791,delivered,1,
56,cmd,0,2,2.752,2.773,delivered,1,
57,hb,3,0,2.816,2.837,delivered,1,
58,cmd,0,3,2.88,2.901,delivered,1,
59,hb,4,0,2.944,2.965,delivered,1,
60,hb,5,0,3.008,3.03,delivered,1,
61,cmd,0,4,3.008,3.029,delivered,1,
62,cmd,0,5,3.072,3.093,delivered,1,
63,hb,1,0,3.136,3.157,delivered,1,
64,hb,2,0,3.2,3.222,delivered,1,
65,cmd,0,1,3.2,3.221,delivered,1,
66,cmd,0,2,3.264,3.285,delivered,1,
67,hb,3,0,3.328,3.349,delivered,1,
68,cmd,0,3,3.392,3.413,delivered,1,
69,hb,4,0,3.456,3.478,delivered,1,
70,cmd,0,4,3.456,3.477,delivered,1,
71,thumb,4,0,3.52,3.557,delivered,1,
72,hb,5,0,3.52,3.557,delivered,1,
73,cmd,0,5,3.584,3.605,delivered,1,
74,hb,1,0,3.648,3.669,delivered,1,
75,hb,2,0,3.712,3.734,delivered,1,
76,cmd,0,1,3.712,3.733,delivered,1,
77,cmd,0,2,3.776,3.797,delivered,1,
78,hb,3,0,3.84,3.861,delivered,1,
79,hb,4,0,3.904,3.926,delivered,1,
80,cmd,0,3,3.904,3.925,delivered,1,
81,cmd,0,4,3.968,3.989,delivered,1,
82,hb,5,0,4.032,4.053,delivered,1,
83,cmd,0,5,4.096,4.117,delivered,1,
84,hb,1,0,4.16,4.182,delivered,1,
85,cmd,0,1,4.16,4.181,delivered,1,
86,hb,2,0,4.224,4.245,delivered,1,
87,cmd,0,2,4.288,4.309,delivered,1,
88,hb,3,0,4.352,4.374,delivered,1,
89,cmd,0,3,4.352,4.373,delivered,1,
90,thumb,1,0,4.416,4.453,delivered,1,
91,hb,4,0,4.416,4.453,delivered,1,
92,cmd,0,4,4.48,4.501,delivered,1,
93,hb,5,0,4.544,4.565,delivered,1,
94,hb,1,0,4.608,4.63,delivered,1,
95,cmd,0,5,4.608,4.629,delivered,1,
96,cmd,0,1,4.672,4.693,delivered,1,
97,hb,2,0,4.736,4.757,delivered,1,
98,thumb,2,0,4.8,4.838,delivered,1,
99,hb,3,0,4.8,4.839,delivered,1,
100,cmd,0,2,4.8,4.842,delivered,1,
101,cmd,0,3,4.864,4.885,delivered,1,
102,hb,4,0,4.928,4.949,delivered,1,
103,cmd,0,4,4.992,5.013,delivered,1,
104,hb,5,0,5.056,5.078,delivered,1,
105,cmd,0,5,5.056,5.077,delivered,1,
106,hb,1,0,5.12,5.141,delivered,1,
107,cmd,0,1,5.184,5.205,delivered,1,
108,hb,2,0,5.248,5.269,delivered,1,
109,hb,3,0,5.312,5.334,delivered,1,
110,cmd,0,2,5.312,5.333,delivered,1,
111,cmd,0,3,5.376,5.397,delivered,1,
112,hb,4,0,5.44,5.461,delivered,1,
113,thumb,4,0,5.504,5.542,delivered,1,
114,hb,5,0,5.504,5.543,delivered,1,
115,cmd,0,4,5.504,5.525,delivered,1,
116,cmd,0,5,5.568,5.589,delivered,1,
117,hb,1,0,5.632,5.653,delivered,1,
118,cmd,0,1,5.696,5.717,delivered,1,
119,hb,2,0,5.76,5.782,delivered,1,
120,cmd,0,2,5.76,5.781,delivered,1,
121,hb,3,0,5.824,5.845,delivered,1,
122,cmd,0,3,5.888,5.909,delivered,1,
123,hb,4,0,5.952,5.974,delivered,1,
124,cmd,0,4,5.952,5.973,delivered,1,
125,hb,5,0,6.016,6.037,delivered,1,
126,cmd,0,5,6.08,6.101,delivered,1,
127,hb,1,0,6.144,6.165,delivered,1,
128,hb,2,0,6.208,6.23,delivered,1,
129,cmd,0,1,6.208,6.229,delivered,1,
130,cmd,0,2,6.272,6.293,delivered,1,
131,hb,3,0,6.336,6.357,delivered,1,
132,thumb,1,0,6.4,6.438,delivered,1,
133,hb,4,0,6.4,6.439,delivered,1,
134,cmd,0,3,6.4,6.421,delivered,1,
135,cmd,0,4,6.464,6.485,delivered,1,
136,hb,5,0,6.528,6.549,delivered,1,
137,cmd,0,5,6.592,6.613,delivered,1,
138,hb,1,0,6.656,6.678,delivered,1,
139,cmd,0,1,6.656,6.677,delivered,1,
140,hb,2,0,6.72,6.741,delivered,1,
141,thumb,2,0,6.784,6.822,delivered,1,
142,cmd,0,2,6.784,6.805,delivered,1,
143,hb,3,0,6.848,6.869,delivered,1,
144,hb,4,0,6.912,6.934,delivered,1,
145,cmd,0,3,6.912,6.933,delivered,1,
146,cmd,0,4,6.976,6.997,delivered,1,
147,hb,5,0,7.04,7.061,delivered,1,
148,hb,1,0,7.104,7.126,delivered,1,
149,cmd,0,5,7.104,7.125,delivered,1,
150,cmd,0,1,7.168,7.189,delivered,1,
151,hb,2,0,7.232,7.253,delivered,1,
152,cmd,0,2,7.296,7.317,delivered,1,
153,hb,3,0,7.36,7.382,delivered,1,
154,cmd,0,3,7.36,7.381,delivered,1,
155,hb,4,0,7.424,7.445,delivered,1,
156,thumb,4,0,7.488,7.526,delivered,1,
157,cmd,0,4,7.488,7.509,delivered,1,
158,hb,5,0,7.552,7.574,delivered,1,
159,cmd,0,5,7.552,7.573,delivered,1,
160,hb,1,0,7.616,7.637,delivered,1,
161,cmd,0,1,7.68,7.701,delivered,1,
162,hb,2,0,7.744,7.765,delivered,1,
163,hb,3,0,7.808,7.83,delivered,1,
164,cmd,0,2,7.808,7.829,delivered,1,
165,cmd,0,3,7.872,7.893,delivered,1,
166,hb,4,0,7.936,7.957,delivered,1,
167,hb,5,0,8.0,8.022,delivered,1,
168,cmd,0,4,8.0,8.021,delivered,1,
169,cmd,0,5,8.064,8.085,delivered,1,
170,hb,1,0,8.128,8.149,delivered,1,
171,cmd,0,1,8.192,8.213,delivered,1,
172,hb,2,0,8.256,8.278,delivered,1,
173,cmd,0,2,8.256,8.277,delivered,1,
174,hb,3,0,8.32,8.341,delivered,1,
175,thumb,1,0,8.384,8.422,delivered,1,
176,cmd,0,3,8.384,8.405,delivered,1,
177,hb,4,0,8.448,8.469,delivered,1,
178,hb,5,0,8.512,8.534,delivered,1,
179,cmd,0,4,8.512,8.533,delivered,1,
180,cmd,0,5,8.576,8.597,delivered,1,
181,hb,1,0,8.64,8.661,delivered,1,
182,hb,2,0,8.704,8.726,delivered,1,
183,cmd,0,1,8.704,8.725,delivered,1,
184,thumb,2,0,8.768,8.806,delivered,1,
185,cmd,0,2,8.768,8.789,delivered,1,
186,hb,3,0,8.832,8.874,delivered,1,
187,cmd,0,3,8.896,8.917,delivered,1,
188,hb,4,0,8.96,8.982,delivered,1,
189,cmd,0,4,8.96,8.981,delivered,1,
190,hb,5,0,9.024,9.045,delivered,1,
191,cmd,0,5,9.088,9.109,delivered,1,
192,hb,1,0,9.152,9.174,delivered,1,
193,cmd,0,1,9.152,9.173,delivered,1,
194,hb,2,0,9.216,9.237,delivered,1,
195,cmd,0,2,9.28,9.301,delivered,1,
196,hb,3,0,9.344,9.365,delivered,1,
197,hb,4,0,9.408,9.43,delivered,1,
198,cmd,0,3,9.408,9.429,delivered,1,
199,cmd,0,4,9.472,9.493,delivered,1,
200,thumb,4,0,9.536,9.573,delivered,1,
201,hb,5,0,9.536,9.573,delivered,1,
202,hb,1,0,9.6,9.622,delivered,1,
203,cmd,0,5,9.6,9.621,delivered,1,
204,cmd,0,1,9.664,9.685,delivered,1,
205,hb,2,0,9.728,9.749,delivered,1,
206,cmd,0,2,9.792,9.813,delivered,1,
207,hb,3,0,9.856,9.878,delivered,1,
208,cmd,0,3,9.856,9.877,delivered,1,
209,hb,4,0,9.92,9.941,delivered,1,
210,cmd,0,4,9.984,10.005,delivered,1,
211,hb,5,0,10.048,10.069,delivered,1,
212,hb,1,0,10.112,10.134,delivered,1,
213,cmd,0,5,10.112,10.133,delivered,1,
214,cmd,0,1,10.176,10.197,delivered,1,
215,hb,2,0,10.24,10.261,delivered,1,
216,hb,3,0,10.304,10.326,delivered,1,
217,cmd,0,2,10.304,10.325,delivered,1,
218,cmd,0,3,10.368,10.389,delivered,1,
219,thumb,1,0,10.432,10.469,delivered,1,
220,hb,4,0,10.432,10.469,delivered,1,
221,cmd,0,4,10.496,10.517,delivered,1,
222,hb,5,0,10.56,10.582,delivered,1,
223,cmd,0,5,10.56,10.581,delivered,1,
224,hb,1,0,10.624,10.645,delivered,1,
225,cmd,0,1,10.688,10.709,delivered,1,
226,hb,2,0,10.752,10.774,delivered,1,
227,thumb,2,0,10.752,10.791,delivered,1,
228,cmd,0,2,10.752,10.773,delivered,1,
229,hb,3,0,10.816,10.837,delivered,1,
230,cmd,0,3,10.88,10.901,delivered,1,
231,hb,4,0,10.944,10.965,delivered,1,
232,hb,5,0,11.008,11.03,delivered,1,
233,cmd,0,4,11.008,11.029,delivered,1,
234,cmd,0,5,11.072,11.093,delivered,1,
235,hb,1,0,11.136,11.157,delivered,1,
236,hb,2,0,11.2,11.222,delivered,1,
237,cmd,0,1,11.2,11.221,delivered,1,
238,cmd,0,2,11.264,11.285,delivered,1,
239,hb,3,0,11.328,11.349,delivered,1,
240,cmd,0,3,11.392,11.413,delivered,1,
241,hb,4,0,11.456,11.478,delivered,1,
242,cmd,0,4,11.456,11.477,delivered,1,
243,thumb,4,0,11.52,11.557,delivered,1,
244,hb,5,0,11.52,11.557,delivered,1,
245,cmd,0,5,11.584,11.605,delivered,1,
246,hb,1,0,11.648,11.669,delivered,1,
247,hb,2,0,11.712,11.734,delivered,1,
248,cmd,0,1,11.712,11.733,delivered,1,
249,cmd,0,2,11.776,11.797,delivered,1,
250,hb,3,0,11.84,11.861,delivered,1,
251,hb,4,0,11.904,11.926,delivered,1,
252,cmd,0,3,11.904,11.925,delivered,1,
253,cmd,0,4,11.968,11.989,delivered,1,
254,hb,5,0,12.032,12.053,delivered,1,
255,cmd,0,5,12.096,12.117,delivered,1,
256,hb,1,0,12.16,12.182,delivered,1,
257,cmd,0,1,12.16,12.181,delivered,1,
258,hb,2,0,12.224,12.245,delivered,1,
259,cmd,0,2,12.288,12.309,delivered,1,
260,hb,3,0,12.352,12.374,delivered,1,
261,cmd,0,3,12.352,12.373,delivered,1,
262,thumb,1,0,12.416,12.453,delivered,1,
263,hb,4,0,12.416,12.453,delivered,1,
264,cmd,0,4,12.48,12.501,delivered,1,
265,hb,5,0,12.544,12.565,delivered,1,
266,hb,1,0,12.608,12.63,delivered,1,
267,cmd,0,5,12.608,12.629,delivered,1,
268,cmd,0,1,12.672,12.693,delivered,1,
269,hb,2,0,12.736,12.757,delivered,1,
270,thumb,2,0,12.8,12.838,delivered,1,
271,hb,3,0,12.8,12.839,delivered,1,
272,cmd,0,2,12.8,12.821,delivered,1,
273,cmd,0,3,12.864,12.885,delivered,1,
274,hb,4,0,12.928,12.949,delivered,1,
275,cmd,0,4,12.992,13.013,delivered,1,
276,hb,5,0,13.056,13.078,delivered,1,
277,cmd,0,5,13.056,13.077,delivered,1,
278,hb,1,0,13.12,13.141,delivered,1,
279,cmd,0,1,13.184,13.205,delivered,1,
280,hb,2,0,13.248,13.269,delivered,1,
281,hb,3,0,13.312,13.334,delivered,1,
282,cmd,0,2,13.312,13.333,delivered,1,
283,cmd,0,3,13.376,13.397,delivered,1,
284,hb,4,0,13.44,13.461,delivered,1,
285,thumb,4,0,13.504,13.542,delivered,1,
286,hb,5,0,13.504,13.543,delivered,1,
287,cmd,0,4,13.504,13.525,delivered,1,
288,cmd,0,5,13.568,13.589,delivered,1,
289,hb,1,0,13.632,13.653,delivered,1,
290,cmd,0,1,13.696,13.717,delivered,1,
291,hb,2,0,13.76,13.782,delivered,1,
292,cmd,0,2,13.76,13.781,delivered,1,
293,hb,3,0,13.824,13.845,delivered,1,
294,cmd,0,3,13.888,13.909,delivered,1,
295,hb,4,0,13.952,13.974,delivered,1,
296,cmd,0,4,13.952,13.973,delivered,1,
297,hb,5,0,14.016,14.037,delivered,1,
298,cmd,0,5,14.08,14.101,delivered,1,
299,hb,1,0,14.144,14.165,delivered,1,
300,hb,2,0,14.208,14.23,delivered,1,
301,cmd,0,1,14.208,14.229,delivered,1,
302,cmd,0,2,14.272,14.293,delivered,1,
303,hb,3,0,14.336,14.357,delivered,1,
304,thumb,1,0,14.4,14.438,delivered,1,
305,hb,4,0,14.4,14.439,delivered,1,
306,cmd,0,3,14.4,14.421,delivered,1,
307,cmd,0,4,14.464,14.485,delivered,1,
308,hb,5,0,14.528,14.549,delivered,1,
309,cmd,0,5,14.592,14.613,delivered,1,
310,hb,1,0,14.656,14.678,delivered,1,
311,cmd,0,1,14.656,14.677,delivered,1,
312,hb,2,0,14.72,14.741,delivered,1,
313,thumb,2,0,14.784,14.822,delivered,1,
314,cmd,0,2,14.784,14.805,delivered,1,
315,hb,3,0,14.848,14.869,delivered,1,
316,hb,4,0,14.912,14.934,delivered,1,
317,cmd,0,3,14.912,14.933,delivered,1,
318,cmd,0,4,14.976,15.018,delivered,1,
319,hb,5,0,15.04,15.061,delivered,1,
320,hb,1,0,15.104,15.126,delivered,1,
321,cmd,0,5,15.104,15.125,delivered,1,
322,cmd,0,1,15.168,15.189,delivered,1,
323,hb,2,0,15.232,15.253,delivered,1,
324,cmd,0,2,15.296,15.317,delivered,1,
325,hb,3,0,15.36,15.382,delivered,1,
326,cmd,0,3,15.36,15.381,delivered,1,
327,hb,4,0,15.424,15.445,delivered,1,
328,thumb,4,0,15.488,15.526,delivered,1,
329,cmd,0,4,15.488,15.509,delivered,1,
330,hb,5,0,15.552,15.574,delivered,1,
331,cmd,0,5,15.552,15.573,delivered,1,
332,hb,1,0,15.616,15.637,delivered,1,
333,cmd,0,1,15.68,15.701,delivered,1,
334,hb,2,0,15.744,15.765,delivered,1,
335,hb,3,0,15.808,15.83,delivered,1,
336,cmd,0,2,15.808,15.829,delivered,1,
337,cmd,0,3,15.872,15.893,delivered,1,
338,hb,4,0,15.936,15.957,delivered,1,
339,hb,5,0,16.0,16.022,delivered,1,
340,cmd,0,4,16.0,16.021,delivered,1,
341,cmd,0,5,16.064,16.085,delivered,1,
342,hb,1,0,16.128,16.149,delivered,1,
343,cmd,0,1,16.192,16.213,delivered,1,
344,hb,2,0,16.256,16.278,delivered,1,
345,cmd,0,2,16.256,16.277,delivered,1,
346,hb,3,0,16.32,16.341,delivered,1,
347,thumb,1,0,16.384,16.422,delivered,1,
348,cmd,0,3,16.384,16.405,delivered,1,
349,hb,4,0,16.448,16.469,delivered,1,
350,hb,5,0,16.512,16.534,delivered,1,
351,cmd,0,4,16.512,16.533,delivered,1,
352,cmd,0,5,16.576,16.597,delivered,1,
353,hb,1,0,16.64,16.661,delivered,1,
354,hb,2,0,16.704,16.726,delivered,1,
355,cmd,0,1,16.704,16.725,delivered,1,
356,thumb,2,0,16.768,16.806,delivered,1,
357,cmd,0,2,16.768,16.789,delivered,1,
358,hb,3,0,16.832,16.853,delivered,1,
359,cmd,0,3,16.896,16.917,delivered,1,
360,hb,4,0,16.96,16.982,delivered,1,
361,cmd,0,4,16.96,16.981,delivered,1,
362,hb,5,0,17.024,17.045,delivered,1,
363,cmd,0,5,17.088,17.109,delivered,1,
364,hb,1,0,17.152,17.174,delivered,1,
365,cmd,0,1,17.152,17.173,delivered,1,
366,hb,2,0,17.216,17.237,delivered,1,
367,cmd,0,2,17.28,17.301,delivered,1,
368,hb,3,0,17.344,17.365,delivered,1,
369,hb,4,0,17.408,17.43,delivered,1,
370,cmd,0,3,17.408,17.429,delivered,1,
371,cmd,0,4,17.472,17.493,delivered,1,
372,thumb,4,0,17.536,17.573,delivered,1,
373,hb,5,0,17.536,17.573,delivered,1,
374,hb,1,0,17.6,17.622,delivered,1,
375,cmd,0,5,17.6,17.621,delivered,1,
376,cmd,0,1,17.664,17.685,delivered,1,
377,hb,2,0,17.728,17.749,delivered,1,
378,cmd,0,2,17.792,17.813,delivered,1,
379,hb,3,0,17.856,17.878,delivered,1,
380,cmd,0,3,17.856,17.877,delivered,1,
381,hb,4,0,17.92,17.941,delivered,1,
382,cmd,0,4,17.984,18.005,delivered,1,
383,hb,5,0,18.048,18.069,delivered,1,
384,hb,1,0,18.112,18.134,delivered,1,
385,cmd,0,5,18.112,18.133,delivered,1,
386,cmd,0,1,18.176,18.197,delivered,1,
387,hb,2,0,18.24,18.261,delivered,1,
388,hb,3,0,18.304,18.326,delivered,1,
389,cmd,0,2,18.304,18.325,delivered,1,
390,cmd,0,3,18.368,18.389,delivered,1,
391,thumb,1,0,18.432,18.469,delivered,1,
392,hb,4,0,18.432,18.469,delivered,1,
393,cmd,0,4,18.496,18.517,delivered,1,
394,hb,5,0,18.56,18.582,delivered,1,
395,cmd,0,5,18.56,18.581,delivered,1,
396,hb,1,0,18.624,18.645,delivered,1,
397,cmd,0,1,18.688,18.709,delivered,1,
398,hb,2,0,18.752,18.774,delivered,1,
399,thumb,2,0,18.752,18.791,delivered,1,
400,cmd,0,2,18.752,18.773,delivered,1,
401,hb,3,0,18.816,18.837,delivered,1,
402,cmd,0,3,18.88,18.901,delivered,1,
403,hb,4,0,18.944,18.986,delivered,1,
404,hb,5,0,19.008,19.03,delivered,1,
405,cmd,0,4,19.008,19.029,delivered,1,
406,cmd,0,5,19.072,19.093,delivered,1,
407,hb,1,0,19.136,19.157,delivered,1,
408,hb,2,0,19.2,19.222,delivered,1,
409,cmd,0,1,19.2,19.221,delivered,1,
410,cmd,0,2,19.264,19.285,delivered,1,
411,hb,3,0,19.328,19.349,delivered,1,
412,cmd,0,3,19.392,19.413,delivered,1,
413,hb,4,0,19.456,19.478,delivered,1,
414,cmd,0,4,19.456,19.477,delivered,1,
415,thumb,4,0,19.52,19.557,delivered,1,
416,hb,5,0,19.52,19.557,delivered,1,
417,cmd,0,5,19.584,19.605,delivered,1,
418,hb,1,0,19.648,19.669,delivered,1,
419,hb,2,0,19.712,19.734,delivered,1,
420,cmd,0,1,19.712,19.733,delivered,1,
421,cmd,0,2,19.776,19.797,delivered,1,
422,hb,3,0,19.84,19.861,delivered,1,
423,hb,4,0,19.904,19.926,delivered,1,
424,cmd,0,3,19.904,19.925,delivered,1,
425,cmd,0,4,19.968,19.989,delivered,1,
426,hb,5,0,20.032,20.053,delivered,1,
427,cmd,0,5,20.096,20.117,delivered,1,
428,hb,1,0,20.16,20.182,delivered,1,
429,cmd,0,1,20.16,20.181,delivered,1,
430,hb,2,0,20.224,20.245,delivered,1,
431,cmd,0,2,20.288,20.309,delivered,1,
432,hb,3,0,20.352,20.374,delivered,1,
433,cmd,0,3,20.352,20.373,delivered,1,
434,thumb,1,0,20.416,20.453,delivered,1,
435,hb,4,0,20.416,20.453,delivered,1,
436,cmd,0,4,20.48,20.501,delivered,1,
437,hb,5,0,20.544,20.565,delivered,1,
438,hb,1,0,20.608,20.63,delivered,1,
439,cmd,0,5,20.608,20.629,delivered,1,
440,cmd,0,1,20.672,20.693,delivered,1,
441,hb,2,0,20.736,20.757,delivered,1,
442,thumb,2,0,20.8,20.838,delivered,1,
443,hb,3,0,20.8,20.839,delivered,1,
444,cmd,0,2,20.8,20.821,delivered,1,
445,cmd,0,3,20.864,20.885,delivered,1,
446,hb,4,0,20.928,20.949,delivered,1,
447,cmd,0,4,20.992,21.013,delivered,1,
448,hb,5,0,21.056,21.078,delivered,1,
449,cmd,0,5,21.056,21.077,delivered,1,
450,hb,1,0,21.12,21.141,delivered,1,
451,cmd,0,1,21.184,21.205,delivered,1,
452,hb,2,0,21.248,21.269,delivered,1,
453,hb,3,0,21.312,21.334,delivered,1,
454,cmd,0,2,21.312,21.333,delivered,1,
455,cmd,0,3,21.376,21.397,delivered,1,
456,hb,4,0,21.44,21.461,delivered,1,
457,thumb,4,0,21.504,21.542,delivered,1,
458,hb,5,0,21.504,21.543,delivered,1,
459,cmd,0,4,21.504,21.525,delivered,1,
460,cmd,0,5,21.568,21.589,delivered,1,
461,hb,1,0,21.632,21.653,delivered,1,
462,cmd,0,1,21.696,21.717,delivered,1,
463,hb,2,0,21.76,21.782,delivered,1,
464,cmd,0,2,21.76,21.781,delivered,1,
465,hb,3,0,21.824,21.845,delivered,1,
466,cmd,0,3,21.888,21.93,delivered,1,
467,hb,4,0,21.952,21.974,delivered,1,
468,cmd,0,4,21.952,21.973,delivered,1,
469,hb,5,0,22.016,22.037,delivered,1,
470,cmd,0,5,22.08,22.101,delivered,1,
471,hb,1,0,22.144,22.165,delivered,1,
472,hb,2,0,22.208,22.23,delivered,1,
473,cmd,0,1,22.208,22.229,delivered,1,
474,cmd,0,2,22.272,22.293,delivered,1,
475,hb,3,0,22.336,22.357,delivered,1,
476,thumb,1,0,22.4,22.438,delivered,1,
477,hb,4,0,22.4,22.439,delivered,1,
478,cmd,0,3,22.4,22.421,delivered,1,
479,cmd,0,4,22.464,22.485,delivered,1,
480,hb,5,0,22.528,22.549,delivered,1,
481,cmd,0,5,22.592,22.613,delivered,1,
482,hb,1,0,22.656,22.678,delivered,1,
483,cmd,0,1,22.656,22.677,delivered,1,
484,hb,2,0,22.72,22.741,delivered,1,
485,thumb,2,0,22.784,22.822,delivered,1,
486,cmd,0,2,22.784,22.805,delivered,1,
487,hb,3,0,22.848,22.869,delivered,1,
488,hb,4,0,22.912,22.934,delivered,1,
489,cmd,0,3,22.912,22.933,delivered,1,
490,cmd,0,4,22.976,22.997,delivered,1,
491,hb,5,0,23.04,23.061,delivered,1,
492,hb,1,0,23.104,23.126,delivered,1,
493,cmd,0,5,23.104,23.125,delivered,1,
494,cmd,0,1,23.168,23.189,delivered,1,
495,hb,2,0,23.232,23.253,delivered,1,
496,cmd,0,2,23.296,23.317,delivered,1,
497,hb,3,0,23.36,23.382,delivered,1,
498,cmd,0,3,23.36,23.381,delivered,1,
499,hb,4,0,23.424,23.445,delivered,1,
500,thumb,4,0,23.488,23.526,delivered,1,
501,cmd,0,4,23.488,23.509,delivered,1,
502,hb,5,0,23.552,23.574,delivered,1,
503,cmd,0,5,23.552,23.573,delivered,1,
504,hb,1,0,23.616,23.637,delivered,1,
505,cmd,0,1,23.68,23.701,delivered,1,
506,hb,2,0,23.744,23.765,delivered,1,
507,hb,3,0,23.808,23.83,delivered,1,
508,cmd,0,2,23.808,23.829,delivered,1,
509,cmd,0,3,23.872,23.893,delivered,1,
510,hb,4,0,23.936,23.957,delivered,1,
511,hb,5,0,24.0,24.022,delivered,1,
512,cmd,0,4,24.0,24.021,delivered,1,
513,cmd,0,5,24.064,24.085,delivered,1,
514,hb,1,0,24.128,24.149,delivered,1,
515,cmd,0,1,24.192,24.213,delivered,1,
516,hb,2,0,24.256,24.278,delivered,1,
517,cmd,0,2,24.256,24.277,delivered,1,
518,hb,3,0,24.32,24.341,delivered,1,
519,thumb,1,0,24.384,24.422,delivered,1,
520,cmd,0,3,24.384,24.405,delivered,1,
521,hb,4,0,24.448,24.469,delivered,1,
522,hb,5,0,24.512,24.534,delivered,1,
523,cmd,0,4,24.512,24.533,delivered,1,
524,cmd,0,5,24.576,24.597,delivered,1,
525,hb,1,0,24.64,24.661,delivered,1,
526,hb,2,0,24.704,24.726,delivered,1,
527,cmd,0,1,24.704,24.725,delivered,1,
528,thumb,2,0,24.768,24.806,delivered,1,
529,cmd,0,2,24.768,24.789,delivered,1,
530,hb,3,0,24.832,24.853,delivered,1,
531,cmd,0,3,24.896,24.917,delivered,1,
532,hb,4,0,24.96,24.982,delivered,1,
533,cmd,0,4,24.96,24.981,delivered,1,
534,hb,5,0,25.024,25.045,delivered,1,
535,cmd,0,5,25.088,25.109,delivered,1,
536,hb,1,0,25.152,25.174,delivered,1,
537,cmd,0,1,25.152,25.173,delivered,1,
538,hb,2,0,25.216,25.237,delivered,1,
539,cmd,0,2,25.28,25.301,delivered,1,
540,hb,3,0,25.344,25.365,delivered,1,
541,hb,4,0,25.408,25.43,delivered,1,
542,cmd,0,3,25.408,25.429,delivered,1,
543,cmd,0,4,25.472,25.493,delivered,1,
544,thumb,4,0,25.536,25.573,delivered,1,
545,hb,5,0,25.536,25.573,delivered,1,
546,hb,1,0,25.6,25.622,delivered,1,
547,cmd,0,5,25.6,25.621,delivered,1,
548,cmd,0,1,25.664,25.685,delivered,1,
549,hb,2,0,25.728,25.749,delivered,1,
550,cmd,0,2,25.792,25.813,delivered,1,
551,hb,3,0,25.856,25.878,delivered,1,
552,cmd,0,3,25.856,25.877,delivered,1,
553,hb,4,0,25.92,25.941,delivered,1,
554,cmd,0,4,25.984,26.005,delivered,1,
555,hb,5,0,26.048,26.069,delivered,1,
556,hb,1,0,26.112,26.134,delivered,1,
557,cmd,0,5,26.112,26.133,delivered,1,
558,cmd,0,1,26.176,26.197,delivered,1,
559,hb,2,0,26.24,26.261,delivered,1,
560,hb,3,0,26.304,26.326,delivered,1,
561,cmd,0,2,26.304,26.325,delivered,1,
562,cmd,0,3,26.368,26.389,delivered,1,
563,thumb,1,0,26.432,26.469,delivered,1,
564,hb,4,0,26.432,26.469,delivered,1,
565,cmd,0,4,26.496,26.517,delivered,1,
566,hb,5,0,26.56,26.582,delivered,1,
567,cmd,0,5,26.56,26.602,delivered,1,
568,hb,1,0,26.624,26.645,delivered,1,
569,cmd,0,1,26.688,26.709,delivered,1,
570,hb,2,0,26.752,26.774,delivered,1,
571,thumb,2,0,26.752,26.791,delivered,1,
572,cmd,0,2,26.752,26.773,delivered,1,
573,hb,3,0,26.816,26.837,delivered,1,
574,cmd,0,3,26.88,26.901,delivered,1,
575,hb,4,0,26.944,26.965,delivered,1,
576,hb,5,0,27.008,27.03,delivered,1,
577,cmd,0,4,27.008,27.029,delivered,1,
578,cmd,0,5,27.072,27.093,delivered,1,
579,hb,1,0,27.136,27.157,delivered,1,
580,hb,2,0,27.2,27.222,delivered,1,
581,cmd,0,1,27.2,27.221,delivered,1,
582,cmd,0,2,27.264,27.285,delivered,1,
583,hb,3,0,27.328,27.349,delivered,1,
584,cmd,0,3,27.392,27.413,delivered,1,
585,hb,4,0,27.456,27.478,delivered,1,
586,cmd,0,4,27.456,27.477,delivered,1,
587,thumb,4,0,27.52,27.557,delivered,1,
588,hb,5,0,27.52,27.557,delivered,1,
589,cmd,0,5,27.584,27.605,delivered,1,
590,hb,1,0,27.648,27.669,delivered,1,
591,hb,2,0,27.712,27.734,delivered,1,
592,cmd,0,1,27.712,27.733,delivered,1,
593,cmd,0,2,27.776,27.797,delivered,1,
594,hb,3,0,27.84,27.861,delivered,1,
595,hb,4,0,27.904,27.926,delivered,1,
596,cmd,0,3,27.904,27.946,delivered,1,
597,cmd,0,4,27.968,27.989,delivered,1,
598,hb,5,0,28.032,28.053,delivered,1,
599,cmd,0,5,28.096,28.117,delivered,1,
600,hb,1,0,28.16,28.182,delivered,1,
601,cmd,0,1,28.16,28.181,delivered,1,
602,hb,2,0,28.224,28.245,delivered,1,
603,cmd,0,2,28.288,28.309,delivered,1,
604,hb,3,0,28.352,28.374,delivered,1,
605,cmd,0,3,28.352,28.373,delivered,1,
606,thumb,1,0,28.416,28.453,delivered,1,
607,hb,4,0,28.416,28.453,delivered,1,
608,cmd,0,4,28.48,28.501,delivered,1,
609,hb,5,0,28.544,28.565,delivered,1,
610,hb,1,0,28.608,28.63,delivered,1,
611,cmd,0,5,28.608,28.629,delivered,1,
612,cmd,0,1,28.672,28.693,delivered,1,
613,hb,2,0,28.736,28.757,delivered,1,
614,thumb,2,0,28.8,28.838,delivered,1,
615,hb,3,0,28.8,28.839,delivered,1,
616,cmd,0,2,28.8,28.821,delivered,1,
617,cmd,0,3,28.864,28.885,delivered,1,
618,hb,4,0,28.928,28.949,delivered,1,
619,cmd,0,4,28.992,29.013,delivered,1,
620,hb,5,0,29.056,29.078,delivered,1,
621,cmd,0,5,29.056,29.077,delivered,1,
622,hb,1,0,29.12,29.141,delivered,1,
623,cmd,0,1,29.184,29.205,delivered,1,
624,hb,2,0,29.248,29.269,delivered,1,
625,hb,3,0,29.312,29.334,delivered,1,
626,cmd,0,2,29.312,29.333,delivered,1,
627,cmd,0,3,29.376,29.397,delivered,1,
628,hb,4,0,29.44,29.461,delivered,1,
629,thumb,4,0,29.504,29.542,delivered,1,
630,hb,5,0,29.504,29.543,delivered,1,
631,cmd,0,4,29.504,29.525,delivered,1,
632,cmd,0,5,29.568,29.589,delivered,1,
633,hb,1,0,29.632,29.653,delivered,1,
634,cmd,0,1,29.696,29.717,delivered,1,
635,hb,2,0,29.76,29.782,delivered,1,
636,cmd,0,2,29.76,29.781,delivered,1,
637,hb,3,0,29.824,29.845,delivered,1,
638,cmd,0,3,29.888,29.909,delivered,1,
639,hb,4,0,29.952,29.974,delivered,1,
640,cmd,0,4,29.952,29.973,delivered,1,
641,hb,5,0,30.016,30.037,delivered,1,
642,cmd,0,5,30.08,30.101,delivered,1,
643,hb,1,0,30.144,30.165,delivered,1,
644,hb,2,0,30.208,30.23,delivered,1,
645,cmd,0,1,30.208,30.229,delivered,1,
646,cmd,0,2,30.272,30.293,delivered,1,
647,hb,3,0,30.336,30.357,delivered,1,
648,thumb,1,0,30.4,30.438,delivered,1,
649,hb,4,0,30.4,30.439,delivered,1,
650,cmd,0,3,30.4,30.421,delivered,1,
651,cmd,0,4,30.464,30.485,delivered,1,
652,hb,5,0,30.528,30.549,delivered,1,
653,cmd,0,5,30.592,30.613,delivered,1,
654,hb,1,0,30.656,30.678,delivered,1,
655,cmd,0,1,30.656,30.677,delivered,1,
656,hb,2,0,30.72,30.741,delivered,1,
657,thumb,2,0,30.784,30.822,delivered,1,
658,cmd,0,2,30.784,30.805,delivered,1,
659,hb,3,0,30.848,30.869,delivered,1,
660,hb,4,0,30.912,30.934,delivered,1,
661,cmd,0,3,30.912,30.933,delivered,1,
662,cmd,0,4,30.976,30.997,delivered,1,
663,hb,5,0,31.04,31.061,delivered,1,
664,hb,1,0,31.104,31.126,delivered,1,
665,cmd,0,5,31.104,31.125,delivered,1,
666,cmd,0,1,31.168,31.189,delivered,1,
667,hb,2,0,31.232,31.253,delivered,1,
668,cmd,0,2,31.296,31.317,delivered,1,
669,hb,3,0,31.36,31.382,delivered,1,
670,cmd,0,3,31.36,31.381,delivered,1,
671,hb,4,0,31.424,31.445,delivered,1,
672,thumb,4,0,31.488,31.526,delivered,1,
673,cmd,0,4,31.488,31.509,delivered,1,
674,hb,5,0,31.552,31.574,delivered,1,
675,cmd,0,5,31.552,31.573,delivered,1,
676,hb,1,0,31.616,31.637,delivered,1,
677,cmd,0,1,31.68,31.701,delivered,1,
678,hb,2,0,31.744,31.765,delivered,1,
679,hb,3,0,31.808,31.83,delivered,1,
680,cmd,0,2,31.808,31.829,delivered,1,
681,cmd,0,3,31.872,31.893,delivered,1,
682,hb,4,0,31.936,31.957,delivered,1,
683,hb,5,0,32.0,32.022,delivered,1,
684,cmd,0,4,32.0,32.021,delivered,1,
685,cmd,0,5,32.064,32.085,delivered,1,
686,hb,1,0,32.128,32.149,delivered,1,
687,cmd,0,1,32.192,32.213,delivered,1,
688,hb,2,0,32.256,32.278,delivered,1,
689,cmd,0,2,32.256,32.277,delivered,1,
690,hb,3,0,32.32,32.341,delivered,1,
691,thumb,1,0,32.384,32.422,delivered,1,
692,cmd,0,3,32.384,32.405,delivered,1,
693,hb,4,0,32.448,32.469,delivered,1,
694,hb,5,0,32.512,32.534,delivered,1,
695,cmd,0,4,32.512,32.533,delivered,1,
696,cmd,0,5,32.576,32.597,delivered,1,
697,hb,1,0,32.64,32.661,delivered,1,
698,hb,2,0,32.704,32.726,delivered,1,
699,cmd,0,1,32.704,32.725,delivered,1,
700,thumb,2,0,32.768,32.806,delivered,1,
701,cmd,0,2,32.768,32.789,delivered,1,
702,hb,3,0,32.832,32.853,delivered,1,
703,cmd,0,3,32.896,32.917,delivered,1,
704,hb,4,0,32.96,32.982,delivered,1,
705,cmd,0,4,32.96,32.981,delivered,1,
706,hb,5,0,33.024,33.045,delivered,1,
707,cmd,0,5,33.088,33.109,delivered,1,
708,hb,1,0,33.152,33.174,delivered,1,
709,cmd,0,1,33.152,33.173,delivered,1,
710,hb,2,0,33.216,33.237,delivered,1,
711,cmd,0,2,33.28,33.301,delivered,1,
712,hb,3,0,33.344,33.365,delivered,1,
713,hb,4,0,33.408,33.43,delivered,1,
714,cmd,0,3,33.408,33.429,delivered,1,
715,cmd,0,4,33.472,33.493,delivered,1,
716,thumb,4,0,33.536,33.573,delivered,1,
717,hb,5,0,33.536,33.573,delivered,1,
718,hb,1,0,33.6,33.622,delivered,1,
719,cmd,0,5,33.6,33.621,delivered,1,
720,cmd,0,1,33.664,33.685,delivered,1,
721,hb,2,0,33.728,33.749,delivered,1,
722,cmd,0,2,33.792,33.813,delivered,1,
723,hb,3,0,33.856,33.878,delivered,1,
724,cmd,0,3,33.856,33.877,delivered,1,
725,hb,4,0,33.92,33.941,delivered,1,
726,cmd,0,4,33.984,34.005,delivered,1,
727,hb,5,0,34.048,34.069,delivered,1,
728,hb,1,0,34.112,34.134,delivered,1,
729,cmd,0,5,34.112,34.133,delivered,1,
730,cmd,0,1,34.176,34.197,delivered,1,
731,hb,2,0,34.24,34.261,delivered,1,
732,hb,3,0,34.304,34.326,delivered,1,
733,cmd,0,2,34.304,34.325,delivered,1,
734,cmd,0,3,34.368,34.389,delivered,1,
735,thumb,1,0,34.432,34.469,delivered,1,
736,hb,4,0,34.432,34.469,delivered,1,
737,cmd,0,4,34.496,34.517,delivered,1,
738,hb,5,0,34.56,34.582,delivered,1,
739,cmd,0,5,34.56,34.581,delivered,1,
740,hb,1,0,34.624,34.645,delivered,1,
741,cmd,0,1,34.688,34.709,delivered,1,
742,hb,2,0,34.752,34.774,delivered,1,
743,thumb,2,0,34.752,34.791,delivered,1,
744,cmd,0,2,34.752,34.773,delivered,1,
745,hb,3,0,34.816,34.837,delivered,1,
746,cmd,0,3,34.88,34.901,delivered,1,
747,hb,4,0,34.944,34.965,delivered,1,
748,hb,5,0,35.008,35.03,delivered,1,
749,cmd,0,4,35.008,35.029,delivered,1,
750,cmd,0,5,35.072,35.093,delivered,1,
751,hb,1,0,35.136,35.157,delivered,1,
752,hb,2,0,35.2,35.222,delivered,1,
753,cmd,0,1,35.2,35.221,delivered,1,
754,cmd,0,2,35.264,35.285,delivered,1,
755,hb,3,0,35.328,35.349,delivered,1,
756,cmd,0,3,35.392,35.413,delivered,1,
757,hb,4,0,35.456,35.478,delivered,1,
758,cmd,0,4,35.456,35.477,delivered,1,
759,thumb,4,0,35.52,35.557,delivered,1,
760,hb,5,0,35.52,35.557,delivered,1,
761,cmd,0,5,35.584,35.605,delivered,1,
762,hb,1,0,35.648,35.669,delivered,1,
763,hb,2,0,35.712,35.734,delivered,1,
764,cmd,0,1,35.712,35.733,delivered,1,
765,cmd,0,2,35.776,35.797,delivered,1,
766,hb,3,0,35.84,35.861,delivered,1,
767,hb,4,0,35.904,35.926,delivered,1,
768,cmd,0,3,35.904,35.925,delivered,1,
769,cmd,0,4,35.968,35.989,delivered,1,
770,hb,5,0,36.032,36.053,delivered,1,
771,cmd,0,5,36.096,36.117,delivered,1,
772,hb,1,0,36.16,36.182,delivered,1,
773,cmd,0,1,36.16,36.181,delivered,1,
774,hb,2,0,36.224,36.245,delivered,1,
775,cmd,0,2,36.288,36.309,delivered,1,
776,hb,3,0,36.352,36.374,delivered,1,
777,cmd,0,3,36.352,36.373,delivered,1,
778,thumb,1,0,36.416,36.453,delivered,1,
779,hb,4,0,36.416,36.453,delivered,1,
780,cmd,0,4,36.48,36.501,delivered,1,
781,hb,5,0,36.544,36.565,delivered,1,
782,hb,1,0,36.608,36.63,delivered,1,
783,cmd,0,5,36.608,36.629,delivered,1,
784,cmd,0,1,36.672,36.693,delivered,1,
785,hb,2,0,36.736,36.757,delivered,1,
786,thumb,2,0,36.8,36.838,delivered,1,
787,hb,3,0,36.8,36.839,delivered,1,
788,cmd,0,2,36.8,36.821,delivered,1,
789,cmd,0,3,36.864,36.885,delivered,1,
790,hb,4,0,36.928,36.949,delivered,1,
791,cmd,0,4,36.992,37.013,delivered,1,
792,hb,5,0,37.056,37.078,delivered,1,
793,cmd,0,5,37.056,37.077,delivered,1,
794,hb,1,0,37.12,37.141,delivered,1,
795,cmd,0,1,37.184,37.205,delivered,1,
796,hb,2,0,37.248,37.269,delivered,1,
797,hb,3,0,37.312,37.334,delivered,1,
798,cmd,0,2,37.312,37.333,delivered,1,
799,cmd,0,3,37.376,37.397,delivered,1,
800,hb,4,0,37.44,37.461,delivered,1,
801,thumb,4,0,37.504,37.542,delivered,1,
802,hb,5,0,37.504,37.543,delivered,1,
803,cmd,0,4,37.504,37.525,delivered,1,
804,cmd,0,5,37.568,37.589,delivered,1,
805,hb,1,0,37.632,37.653,delivered,1,
806,cmd,0,1,37.696,37.717,delivered,1,
807,hb,2,0,37.76,37.782,delivered,1,
808,cmd,0,2,37.76,37.781,delivered,1,
809,hb,3,0,37.824,37.845,delivered,1,
810,cmd,0,3,37.888,37.909,delivered,1,
811,hb,4,0,37.952,37.974,delivered,1,
812,cmd,0,4,37.952,37.973,delivered,1,
813,hb,5,0,38.016,38.037,delivered,1,
814,cmd,0,5,38.08,38.101,delivered,1,
815,hb,1,0,38.144,38.165,delivered,1,
816,hb,2,0,38.208,38.23,delivered,1,
817,cmd,0,1,38.208,38.25,delivered,1,
818,cmd,0,2,38.272,38.293,delivered,1,
819,hb,3,0,38.336,38.357,delivered,1,
820,thumb,1,0,38.4,38.438,delivered,1,
821,hb,4,0,38.4,38.439,delivered,1,
822,cmd,0,3,38.4,38.421,delivered,1,
823,cmd,0,4,38.464,38.485,delivered,1,
824,hb,5,0,38.528,38.549,delivered,1,
825,cmd,0,5,38.592,38.613,delivered,1,
826,hb,1,0,38.656,38.678,delivered,1,
827,cmd,0,1,38.656,38.677,delivered,1,
828,hb,2,0,38.72,38.741,delivered,1,
829,thumb,2,0,38.784,38.822,delivered,1,
830,cmd,0,2,38.784,38.805,delivered,1,
831,hb,3,0,38.848,38.869,delivered,1,
832,hb,4,0,38.912,38.934,delivered,1,
833,cmd,0,3,38.912,38.933,delivered,1,
834,cmd,0,4,38.976,38.997,delivered,1,
835,hb,5,0,39.04,39.061,delivered,1,
836,hb,1,0,39.104,39.126,delivered,1,
837,cmd,0,5,39.104,39.125,delivered,1,
838,cmd,0,1,39.168,39.189,delivered,1,
839,hb,2,0,39.232,39.253,delivered,1,
840,cmd,0,2,39.296,39.338,delivered,1,
841,hb,3,0,39.36,39.382,delivered,1,
842,cmd,0,3,39.36,39.381,delivered,1,
843,hb,4,0,39.424,39.466,delivered,1,
844,thumb,4,0,39.488,39.526,delivered,1,
845,cmd,0,4,39.488,39.509,delivered,1,
846,hb,5,0,39.552,39.574,delivered,1,
847,cmd,0,5,39.552,39.573,delivered,1,
848,hb,1,0,39.616,39.637,delivered,1,
849,cmd,0,1,39.68,39.701,delivered,1,
850,hb,2,0,39.744,39.765,delivered,1,
851,hb,3,0,39.808,39.83,delivered,1,
852,cmd,0,2,39.808,39.829,delivered,1,
853,cmd,0,3,39.872,39.893,delivered,1,
854,hb,4,0,39.936,39.957,delivered,1,
855,hb,5,0,40.0,40.022,delivered,1,
856,cmd,0,4,40.0,40.021,delivered,1,
857,cmd,0,5,40.064,40.085,delivered,1,
858,hb,1,0,40.128,40.149,delivered,1,
859,cmd,0,1,40.192,40.213,delivered,1,
860,hb,2,0,40.256,40.278,delivered,1,
861,cmd,0,2,40.256,40.277,delivered,1,
862,hb,3,0,40.32,40.341,delivered,1,
863,thumb,1,0,40.384,40.422,delivered,1,
864,cmd,0,3,40.384,40.405,delivered,1,
865,hb,4,0,40.448,40.469,delivered,1,
866,hb,5,0,40.512,40.534,delivered,1,
867,cmd,0,4,40.512,40.533,delivered,1,
868,cmd,0,5,40.576,40.597,delivered,1,
869,hb,1,0,40.64,40.661,delivered,1,
870,hb,2,0,40.704,40.726,delivered,1,
871,cmd,0,1,40.704,40.746,delivered,1,
872,thumb,2,0,40.768,40.806,delivered,1,
873,cmd,0,2,40.768,40.789,delivered,1,
874,hb,3,0,40.832,40.853,delivered,1,
875,cmd,0,3,40.896,40.917,delivered,1,
876,hb,4,0,40.96,40.982,delivered,1,
877,cmd,0,4,40.96,40.981,delivered,1,
878,hb,5,0,41.024,41.045,delivered,1,
879,cmd,0,5,41.088,41.109,delivered,1,
880,hb,1,0,41.152,41.174,delivered,1,
881,cmd,0,1,41.152,41.173,delivered,1,
882,hb,2,0,41.216,41.237,delivered,1,
883,cmd,0,2,41.28,41.301,delivered,1,
884,hb,3,0,41.344,41.365,delivered,1,
885,hb,4,0,41.408,41.43,delivered,1,
886,cmd,0,3,41.408,41.429,delivered,1,
887,cmd,0,4,41.472,41.493,delivered,1,
888,thumb,4,0,41.536,41.573,delivered,1,
889,hb,5,0,41.536,41.573,delivered,1,
890,hb,1,0,41.6,41.622,delivered,1,
891,cmd,0,5,41.6,41.621,delivered,1,
892,cmd,0,1,41.664,41.685,delivered,1,
893,hb,2,0,41.728,41.749,delivered,1,
894,cmd,0,2,41.792,41.813,delivered,1,
895,hb,3,0,41.856,41.878,delivered,1,
896,cmd,0,3,41.856,41.877,delivered,1,
897,hb,4,0,41.92,41.941,delivered,1,
898,cmd,0,4,41.984,42.005,delivered,1,
899,hb,5,0,42.048,42.069,delivered,1,
900,hb,1,0,42.112,42.134,delivered,1,
901,cmd,0,5,42.112,42.133,delivered,1,
902,cmd,0,1,42.176,42.197,delivered,1,
903,hb,2,0,42.24,42.261,delivered,1,
904,hb,3,0,42.304,42.326,delivered,1,
905,cmd,0,2,42.304,42.325,delivered,1,
906,cmd,0,3,42.368,42.389,delivered,1,
907,thumb,1,0,42.432,42.469,delivered,1,
908,hb,4,0,42.432,42.469,delivered,1,
909,cmd,0,4,42.496,42.517,delivered,1,
910,hb,5,0,42.56,42.582,delivered,1,
911,cmd,0,5,42.56,42.581,delivered,1,
912,hb,1,0,42.624,42.645,delivered,1,
913,cmd,0,1,42.688,42.709,delivered,1,
914,hb,2,0,42.752,42.774,delivered,1,
915,thumb,2,0,42.752,42.791,delivered,1,
916,cmd,0,2,42.752,42.773,delivered,1,
917,hb,3,0,42.816,42.837,delivered,1,
918,cmd,0,3,42.88,42.901,delivered,1,
919,hb,4,0,42.944,42.965,delivered,1,
920,hb,5,0,43.008,43.03,delivered,1,
921,cmd,0,4,43.008,43.029,delivered,1,
922,cmd,0,5,43.072,43.093,delivered,1,
923,hb,1,0,43.136,43.157,delivered,1,
924,hb,2,0,43.2,43.222,delivered,1,
925,cmd,0,1,43.2,43.242,delivered,1,
926,cmd,0,2,43.264,43.285,delivered,1,
927,hb,3,0,43.328,43.349,delivered,1,
928,cmd,0,3,43.392,43.413,delivered,1,
929,hb,4,0,43.456,43.478,delivered,1,
930,cmd,0,4,43.456,43.477,delivered,1,
931,thumb,4,0,43.52,43.557,delivered,1,
932,hb,5,0,43.52,43.557,delivered,1,
933,cmd,0,5,43.584,43.605,delivered,1,
934,hb,1,0,43.648,43.669,delivered,1,
935,hb,2,0,43.712,43.734,delivered,1,
936,cmd,0,1,43.712,43.733,delivered,1,
937,cmd,0,2,43.776,43.797,delivered,1,
938,hb,3,0,43.84,43.861,delivered,1,
939,hb,4,0,43.904,43.926,delivered,1,
940,cmd,0,3,43.904,43.925,delivered,1,
941,cmd,0,4,43.968,43.989,delivered,1,
942,hb,5,0,44.032,44.053,delivered,1,
943,cmd,0,5,44.096,44.117,delivered,1,
944,hb,1,0,44.16,44.203,delivered,1,
945,cmd,0,1,44.16,44.181,delivered,1,
946,hb,2,0,44.224,44.245,delivered,1,
947,cmd,0,2,44.288,44.309,delivered,1,
948,hb,3,0,44.352,44.374,delivered,1,
949,cmd,0,3,44.352,44.373,delivered,1,
950,thumb,1,0,44.416,44.453,delivered,1,
951,hb,4,0,44.416,44.453,delivered,1,
952,cmd,0,4,44.48,44.501,delivered,1,
953,hb,5,0,44.544,44.565,delivered,1,
954,hb,1,0,44.608,44.63,delivered,1,
955,cmd,0,5,44.608,44.629,delivered,1,
956,cmd,0,1,44.672,44.693,delivered,1,
957,hb,2,0,44.736,44.757,delivered,1,
958,thumb,2,0,44.8,44.838,delivered,1,
959,hb,3,0,44.8,44.839,delivered,1,
960,cmd,0,2,44.8,44.821,delivered,1,
961,cmd,0,3,44.864,44.885,delivered,1,
962,hb,4,0,44.928,44.949,delivered,1,
963,cmd,0,4,44.992,45.013,delivered,1,
964,hb,5,0,45.056,45.078,delivered,1,
965,cmd,0,5,45.056,45.077,delivered,1,
966,hb,1,0,45.12,45.141,delivered,1,
967,cmd,0,1,45.184,45.205,delivered,1,
968,hb,2,0,45.248,45.269,delivered,1,
969,hb,3,0,45.312,45.334,delivered,1,
970,cmd,0,2,45.312,45.333,delivered,1,
971,cmd,0,3,45.376,45.397,delivered,1,
972,hb,4,0,45.44,45.461,delivered,1,
973,thumb,4,0,45.504,45.542,delivered,1,
974,hb,5,0,45.504,45.543,delivered,1,
975,cmd,0,4,45.504,45.525,delivered,1,
976,cmd,0,5,45.568,45.589,delivered,1,
977,hb,1,0,45.632,45.653,delivered,1,
978,cmd,0,1,45.696,45.717,delivered,1,
979,hb,2,0,45.76,45.782,delivered,1,
980,cmd,0,2,45.76,45.781,delivered,1,
981,hb,3,0,45.824,45.845,delivered,1,
982,cmd,0,3,45.888,45.909,delivered,1,
983,hb,4,0,45.952,45.974,delivered,1,
984,cmd,0,4,45.952,45.973,delivered,1,
985,hb,5,0,46.016,46.037,delivered,1,
986,cmd,0,5,46.08,46.101,delivered,1,
987,hb,1,0,46.144,46.165,delivered,1,
988,hb,2,0,46.208,46.23,delivered,1,
989,cmd,0,1,46.208,46.25,delivered,1,
990,cmd,0,2,46.272,46.293,delivered,1,
991,hb,3,0,46.336,46.357,delivered,1,
992,thumb,1,0,46.4,46.438,delivered,1,
993,hb,4,0,46.4,46.439,delivered,1,
994,cmd,0,3,46.4,46.421,delivered,1,
995,cmd,0,4,46.464,46.485,delivered,1,
996,hb,5,0,46.528,46.549,delivered,1,
997,cmd,0,5,46.592,46.613,delivered,1,
998,hb,1,0,46.656,46.678,delivered,1,
999,cmd,0,1,46.656,46.677,delivered,1,
1000,hb,2,0,46.72,46.741,delivered,1,
1001,thumb,2,0,46.784,46.822,delivered,1,
1002,cmd,0,2,46.784,46.805,delivered,1,
1003,hb,3,0,46.848,46.869,delivered,1,
1004,hb,4,0,46.912,46.934,delivered,1,
1005,cmd,0,3,46.912,46.933,delivered,1,
1006,cmd,0,4,46.976,46.997,delivered,1,
1007,hb,5,0,47.04,47.061,delivered,1,
1008,hb,1,0,47.104,47.126,delivered,1,
1009,cmd,0,5,47.104,47.125,delivered,1,
1010,cmd,0,1,47.168,47.21,delivered,1,
1011,hb,2,0,47.232,47.253,delivered,1,
1012,cmd,0,2,47.296,47.317,delivered,1,
1013,hb,3,0,47.36,47.382,delivered,1,
1014,cmd,0,3,47.36,47.381,delivered,1,
1015,hb,4,0,47.424,47.445,delivered,1,
1016,thumb,4,0,47.488,47.526,delivered,1,
1017,cmd,0,4,47.488,47.509,delivered,1,
1018,hb,5,0,47.552,47.574,delivered,1,
1019,cmd,0,5,47.552,47.573,delivered,1,
1020,hb,1,0,47.616,47.637,delivered,1,
1021,cmd,0,1,47.68,47.701,delivered,1,
1022,hb,2,0,47.744,47.765,delivered,1,
1023,hb,3,0,47.808,47.83,delivered,1,
1024,cmd,0,2,47.808,47.829,delivered,1,
1025,cmd,0,3,47.872,47.893,delivered,1,
1026,hb,4,0,47.936,47.957,delivered,1,
1027,hb,5,0,48.0,48.022,delivered,1,
1028,cmd,0,4,48.0,48.021,delivered,1,
1029,cmd,0,5,48.064,48.085,delivered,1,
1030,hb,1,0,48.128,48.149,delivered,1,
1031,cmd,0,1,48.192,48.213,delivered,1,
1032,hb,2,0,48.256,48.278,delivered,1,
1033,cmd,0,2,48.256,48.277,delivered,1,
1034,hb,3,0,48.32,48.341,delivered,1,
1035,thumb,1,0,48.384,48.422,delivered,1,
1036,cmd,0,3,48.384,48.405,delivered,1,
1037,hb,4,0,48.448,48.469,delivered,1,
1038,hb,5,0,48.512,48.534,delivered,1,
1039,cmd,0,4,48.512,48.533,delivered,1,
1040,cmd,0,5,48.576,48.597,delivered,1,
1041,hb,1,0,48.64,48.682,delivered,1,
1042,hb,2,0,48.704,48.726,delivered,1,
1043,cmd,0,1,48.704,48.725,delivered,1,
1044,thumb,2,0,48.768,48.806,delivered,1,
1045,cmd,0,2,48.768,48.789,delivered,1,
1046,hb,3,0,48.832,48.853,delivered,1,
1047,cmd,0,3,48.896,48.917,delivered,1,
1048,hb,4,0,48.96,49.003,delivered,1,
1049,cmd,0,4,48.96,48.981,delivered,1,
1050,hb,5,0,49.024,49.045,delivered,1,
1051,cmd,0,5,49.088,49.109,delivered,1,
1052,hb,1,0,49.152,49.174,delivered,1,
1053,cmd,0,1,49.152,49.173,delivered,1,
1054,hb,2,0,49.216,49.237,delivered,1,
1055,cmd,0,2,49.28,49.301,delivered,1,
1056,hb,3,0,49.344,49.365,delivered,1,
1057,hb,4,0,49.408,49.43,delivered,1,
1058,cmd,0,3,49.408,49.429,delivered,1,
1059,cmd,0,4,49.472,49.493,delivered,1,
1060,thumb,4,0,49.536,49.573,delivered,1,
1061,hb,5,0,49.536,49.573,delivered,1,
1062,hb,1,0,49.6,49.622,delivered,1,
1063,cmd,0,5,49.6,49.621,delivered,1,
1064,cmd,0,1,49.664,49.685,delivered,1,
1065,hb,2,0,49.728,49.749,delivered,1,
1066,cmd,0,2,49.792,49.813,delivered,1,
1067,hb,3,0,49.856,49.878,delivered,1,
1068,cmd,0,3,49.856,49.877,delivered,1,
1069,hb,4,0,49.92,49.941,delivered,1,
1070,cmd,0,4,49.984,50.005,delivered,1,
1071,hb,5,0,50.048,50.069,delivered,1,
1072,hb,1,0,50.112,50.134,delivered,1,
1073,cmd,0,5,50.112,50.133,delivered,1,
1074,cmd,0,1,50.176,50.197,delivered,1,
1075,hb,2,0,50.24,50.261,delivered,1,
1076,hb,3,0,50.304,50.326,delivered,1,
1077,cmd,0,2,50.304,50.325,delivered,1,
1078,cmd,0,3,50.368,50.389,delivered,1,
1079,thumb,1,0,50.432,50.469,delivered,1,
1080,hb,4,0,50.432,50.49,delivered,1,
1081,cmd,0,4,50.496,50.538,delivered,1,
1082,hb,5,0,50.56,50.582,delivered,1,
1083,cmd,0,5,50.56,50.581,delivered,1,
1084,hb,1,0,50.624,50.645,delivered,1,
1085,cmd,0,1,50.688,50.709,delivered,1,
1086,hb,2,0,50.752,50.774,delivered,1,
1087,thumb,2,0,50.752,50.791,delivered,1,
1088,cmd,0,2,50.752,50.773,delivered,1,
1089,hb,3,0,50.816,50.837,delivered,1,
1090,cmd,0,3,50.88,50.901,delivered,1,
1091,hb,4,0,50.944,50.965,delivered,1,
1092,hb,5,0,51.008,51.03,delivered,1,
1093,cmd,0,4,51.008,51.029,delivered,1,
1094,cmd,0,5,51.072,51.093,delivered,1,
1095,hb,1,0,51.136,51.178,delivered,1,
1096,hb,2,0,51.2,51.222,delivered,1,
1097,cmd,0,1,51.2,51.221,delivered,1,
1098,cmd,0,2,51.264,51.285,delivered,1,
1099,hb,3,0,51.328,51.349,delivered,1,
1100,cmd,0,3,51.392,51.413,delivered,1,
1101,hb,4,0,51.456,51.478,delivered,1,
1102,cmd,0,4,51.456,51.477,delivered,1,
1103,thumb,4,0,51.52,51.593,delivered,1,
1104,hb,5,0,51.52,51.557,delivered,1,
1105,cmd,0,5,51.584,51.605,delivered,1,
1106,hb,1,0,51.648,51.669,delivered,1,
1107,hb,2,0,51.712,51.734,delivered,1,
1108,cmd,0,1,51.712,51.733,delivered,1,
1109,cmd,0,2,51.776,51.797,delivered,1,
1110,hb,3,0,51.84,51.861,delivered,1,
1111,hb,4,0,51.904,51.926,delivered,1,
1112,cmd,0,3,51.904,51.925,delivered,1,
1113,cmd,0,4,51.968,51.989,delivered,1,
1114,hb,5,0,52.032,52.053,delivered,1,
1115,cmd,0,5,52.096,52.117,delivered,1,
1116,hb,1,0,52.16,52.202,delivered,2,
1117,cmd,0,1,52.16,52.203,delivered,2,
1118,hb,2,0,52.224,52.245,delivered,1,
1119,cmd,0,2,52.288,52.309,delivered,1,
1120,hb,3,0,52.352,52.374,delivered,1,
1121,cmd,0,3,52.352,52.373,delivered,1,
1122,thumb,1,0,52.416,52.489,delivered,2,
1123,hb,4,0,52.416,52.453,delivered,1,
1124,cmd,0,4,52.48,52.501,delivered,1,
1125,hb,5,0,52.544,52.565,delivered,1,
1126,hb,1,0,52.608,52.65,delivered,2,
1127,cmd,0,5,52.608,52.629,delivered,1,
1128,cmd,0,1,52.672,52.735,delivered,2,
1129,hb,2,0,52.736,52.757,delivered,1,
1130,thumb,2,0,52.8,52.838,delivered,1,
1131,hb,3,0,52.8,52.839,delivered,1,
1132,cmd,0,2,52.8,52.821,delivered,1,
1133,cmd,0,3,52.864,52.885,delivered,1,
1134,hb,4,0,52.928,52.949,delivered,1,
1135,cmd,0,4,52.992,53.013,delivered,1,
1136,hb,5,0,53.056,53.078,delivered,1,
1137,cmd,0,5,53.056,53.077,delivered,1,
1138,hb,1,0,53.12,53.162,delivered,2,
1139,cmd,0,1,53.184,53.226,delivered,2,
1140,hb,2,0,53.248,53.269,delivered,1,
1141,hb,3,0,53.312,53.334,delivered,1,
1142,cmd,0,2,53.312,53.333,delivered,1,
1143,cmd,0,3,53.376,53.397,delivered,1,
1144,hb,4,0,53.44,53.461,delivered,1,
1145,thumb,4,0,53.504,53.542,delivered,1,
1146,hb,5,0,53.504,53.543,delivered,1,
1147,cmd,0,4,53.504,53.525,delivered,1,
1148,cmd,0,5,53.568,53.589,delivered,1,
1149,hb,1,0,53.632,53.674,delivered,2,
1150,cmd,0,1,53.696,53.738,delivered,2,
1151,hb,2,0,53.76,53.782,delivered,1,
1152,cmd,0,2,53.76,53.781,delivered,1,
1153,hb,3,0,53.824,53.845,delivered,1,
1154,cmd,0,3,53.888,53.909,delivered,1,
1155,hb,4,0,53.952,53.974,delivered,1,
1156,cmd,0,4,53.952,53.973,delivered,1,
1157,hb,5,0,54.016,54.037,delivered,1,
1158,cmd,0,5,54.08,54.101,delivered,1,
1159,hb,1,0,54.144,54.186,delivered,2,
1160,hb,2,0,54.208,54.23,delivered,1,
1161,cmd,0,1,54.208,54.25,delivered,2,
1162,cmd,0,2,54.272,54.293,delivered,1,
1163,hb,3,0,54.336,54.357,delivered,1,
1164,thumb,1,0,54.4,54.473,delivered,2,
1165,hb,4,0,54.4,54.437,delivered,1,
1166,cmd,0,3,54.4,54.421,delivered,1,
1167,cmd,0,4,54.464,54.506,delivered,1,
1168,hb,5,0,54.528,54.549,delivered,1,
1169,cmd,0,5,54.592,54.613,delivered,1,
1170,hb,1,0,54.656,54.698,delivered,2,
1171,cmd,0,1,54.656,54.699,delivered,2,
1172,hb,2,0,54.72,54.741,delivered,1,
1173,thumb,2,0,54.784,54.822,delivered,1,
1174,cmd,0,2,54.784,54.805,delivered,1,
1175,hb,3,0,54.848,54.869,delivered,1,
1176,hb,4,0,54.912,54.934,delivered,1,
1177,cmd,0,3,54.912,54.933,delivered,1,
1178,cmd,0,4,54.976,54.997,delivered,1,
1179,hb,5,0,55.04,55.061,delivered,1,
1180,hb,1,0,55.104,55.146,delivered,2,
1181,cmd,0,5,55.104,55.125,delivered,1,
1182,cmd,0,1,55.168,55.231,delivered,2,
1183,hb,2,0,55.232,55.253,delivered,1,
1184,cmd,0,2,55.296,55.317,delivered,1,
1185,hb,3,0,55.36,55.382,delivered,1,
1186,cmd,0,3,55.36,55.381,delivered,1,
1187,hb,4,0,55.424,55.445,delivered,1,
1188,thumb,4,0,55.488,55.526,delivered,1,
1189,cmd,0,4,55.488,55.509,delivered,1,
1190,hb,5,0,55.552,55.574,delivered,1,
1191,cmd,0,5,55.552,55.573,delivered,1,
1192,hb,1,0,55.616,55.658,delivered,2,
1193,cmd,0,1,55.68,55.722,delivered,2,
1194,hb,2,0,55.744,55.765,delivered,1,
1195,hb,3,0,55.808,55.83,delivered,1,
1196,cmd,0,2,55.808,55.829,delivered,1,
1197,cmd,0,3,55.872,55.893,delivered,1,
1198,hb,4,0,55.936,55.957,delivered,1,
1199,hb,5,0,56.0,56.022,delivered,1,
1200,cmd,0,4,56.0,56.021,delivered,1,
1201,cmd,0,5,56.064,56.085,delivered,1,
1202,hb,1,0,56.128,56.17,delivered,2,
1203,cmd,0,1,56.192,56.234,delivered,2,
1204,hb,2,0,56.256,56.278,delivered,1,
1205,cmd,0,2,56.256,56.277,delivered,1,
1206,hb,3,0,56.32,56.341,delivered,1,
1207,thumb,1,0,56.384,56.457,delivered,2,
1208,cmd,0,3,56.384,56.405,delivered,1,
1209,hb,4,0,56.448,56.469,delivered,1,
1210,hb,5,0,56.512,56.534,delivered,1,
1211,cmd,0,4,56.512,56.533,delivered,1,
1212,cmd,0,5,56.576,56.597,delivered,1,
1213,hb,1,0,56.64,56.682,delivered,2,
1214,hb,2,0,56.704,56.726,delivered,1,
1215,cmd,0,1,56.704,56.767,delivered,2,
1216,thumb,2,0,56.768,56.806,delivered,1,
1217,cmd,0,2,56.768,56.789,delivered,1,
1218,hb,3,0,56.832,56.853,delivered,1,
1219,cmd,0,3,56.896,56.917,delivered,1,
1220,hb,4,0,56.96,56.982,delivered,1,
1221,cmd,0,4,56.96,56.981,delivered,1,
1222,hb,5,0,57.024,57.045,delivered,1,
1223,cmd,0,5,57.088,57.109,delivered,1,
1224,hb,1,0,57.152,57.257,delivered,2,
1225,cmd,0,1,57.152,57.195,delivered,2,
1226,hb,2,0,57.216,57.237,delivered,1,
1227,cmd,0,2,57.28,57.301,delivered,1,
1228,hb,3,0,57.344,57.365,delivered,1,
1229,hb,4,0,57.408,57.43,delivered,1,
1230,cmd,0,3,57.408,57.429,delivered,1,
1231,cmd,0,4,57.472,57.493,delivered,1,
1232,thumb,4,0,57.536,57.573,delivered,1,
1233,hb,5,0,57.536,57.573,delivered,1,
1234,hb,1,0,57.6,57.642,delivered,2,
1235,cmd,0,5,57.6,57.621,delivered,1,
1236,cmd,0,1,57.664,57.706,delivered,2,
1237,hb,2,0,57.728,57.749,delivered,1,
1238,cmd,0,2,57.792,57.813,delivered,1,
1239,hb,3,0,57.856,57.878,delivered,1,
1240,cmd,0,3,57.856,57.877,delivered,1,
1241,hb,4,0,57.92,57.941,delivered,1,
1242,cmd,0,4,57.984,58.026,delivered,1,
1243,hb,5,0,58.048,58.069,delivered,1,
1244,hb,1,0,58.112,58.154,delivered,2,
1245,cmd,0,5,58.112,58.133,delivered,1,
1246,cmd,0,1,58.176,58.218,delivered,2,
1247,hb,2,0,58.24,58.261,delivered,1,
1248,hb,3,0,58.304,58.326,delivered,1,
1249,cmd,0,2,58.304,58.325,delivered,1,
1250,cmd,0,3,58.368,58.389,delivered,1,
1251,thumb,1,0,58.432,58.505,delivered,2,
1252,hb,4,0,58.432,58.469,delivered,1,
1253,cmd,0,4,58.496,58.517,delivered,1,
1254,hb,5,0,58.56,58.582,delivered,1,
1255,cmd,0,5,58.56,58.581,delivered,1,
1256,hb,1,0,58.624,58.666,delivered,2,
1257,cmd,0,1,58.688,58.73,delivered,2,
1258,hb,2,0,58.752,58.774,delivered,1,
1259,thumb,2,0,58.752,58.791,delivered,1,
1260,cmd,0,2,58.752,58.773,delivered,1,
1261,hb,3,0,58.816,58.837,delivered,1,
1262,cmd,0,3,58.88,58.901,delivered,1,
1263,hb,4,0,58.944,58.965,delivered,1,
1264,hb,5,0,59.008,59.03,delivered,1,
1265,cmd,0,4,59.008,59.029,delivered,1,
1266,cmd,0,5,59.072,59.093,delivered,1,
1267,hb,1,0,59.136,59.178,delivered,2,
1268,hb,2,0,59.2,59.222,delivered,1,
1269,cmd,0,1,59.2,59.242,delivered,2,
1270,cmd,0,2,59.264,59.285,delivered,1,
1271,hb,3,0,59.328,59.349,delivered,1,
1272,cmd,0,3,59.392,59.413,delivered,1,
1273,hb,4,0,59.456,59.478,delivered,1,
1274,cmd,0,4,59.456,59.477,delivered,1,
1275,thumb,4,0,59.52,59.557,delivered,1,
1276,hb,5,0,59.52,59.557,delivered,1,
1277,cmd,0,5,59.584,59.605,delivered,1,
1278,hb,1,0,59.648,59.69,delivered,2,
1279,hb,2,0,59.712,59.734,delivered,1,
1280,cmd,0,1,59.712,59.754,delivered,2,
1281,cmd,0,2,59.776,59.797,delivered,1,
1282,hb,3,0,59.84,59.861,delivered,1,
1283,hb,4,0,59.904,59.926,delivered,1,
1284,cmd,0,3,59.904,59.925,delivered,1,
1285,cmd,0,4,59.968,59.989,delivered,1,
1286,hb,5,0,60.032,60.053,delivered,1,
1287,cmd,0,5,60.096,60.117,delivered,1,
1288,hb,1,0,60.16,60.223,delivered,2,
1289,cmd,0,1,60.16,60.203,delivered,2,
1290,hb,2,0,60.224,60.245,delivered,1,
1291,cmd,0,2,60.288,60.309,delivered,1,
1292,hb,3,0,60.352,60.374,delivered,1,
1293,cmd,0,3,60.352,60.373,delivered,1,
1294,thumb,1,0,60.416,60.489,delivered,2,
1295,hb,4,0,60.416,60.453,delivered,1,
1296,cmd,0,4,60.48,60.501,delivered,1,
1297,hb,5,0,60.544,60.565,delivered,1,
1298,hb,1,0,60.608,60.65,delivered,2,
1299,cmd,0,5,60.608,60.629,delivered,1,
1300,cmd,0,1,60.672,60.735,delivered,2,
1301,hb,2,0,60.736,60.778,delivered,1,
1302,thumb,2,0,60.8,60.838,delivered,1,
1303,hb,3,0,60.8,60.839,delivered,1,
1304,cmd,0,2,60.8,60.821,delivered,1,
1305,cmd,0,3,60.864,60.885,delivered,1,
1306,hb,4,0,60.928,60.949,delivered,1,
1307,cmd,0,4,60.992,61.013,delivered,1,
1308,hb,5,0,61.056,61.078,delivered,1,
1309,cmd,0,5,61.056,61.077,delivered,1,
1310,hb,1,0,61.12,61.162,delivered,2,
1311,thumb,3,0,61.12,61.157,delivered,1,
1312,cmd,0,1,61.184,61.226,delivered,2,
1313,hb,2,0,61.248,61.269,delivered,1,
1314,hb,3,0,61.312,61.334,delivered,1,
1315,cmd,0,2,61.312,61.333,delivered,1,
1316,cmd,0,3,61.376,61.397,delivered,1,
1317,hb,4,0,61.44,61.461,delivered,1,
1318,thumb,4,0,61.504,61.542,delivered,1,
1319,hb,5,0,61.504,61.543,delivered,1,
1320,cmd,0,4,61.504,61.525,delivered,1,
1321,cmd,0,5,61.568,61.589,delivered,1,
1322,hb,1,0,61.632,61.674,delivered,2,
1323,cmd,0,1,61.696,61.738,delivered,2,
1324,hb,2,0,61.76,61.782,delivered,1,
1325,cmd,0,2,61.76,61.781,delivered,1,
1326,hb,3,0,61.824,61.845,delivered,1,
1327,data,4,0,61.888,61.975,delivered,1,4|P1|0
1328,data,4,0,61.888,62.06,delivered,1,4|P1|1
1329,data,4,0,61.888,62.126,delivered,1,4|P1|2
1330,data,4,0,61.888,62.193,delivered,1,4|P1|3
1331,thumb,5,0,61.888,61.994,delivered,1,
1332,cmd,0,3,61.888,61.909,delivered,1,
1333,hb,4,0,61.952,61.977,delivered,1,
1334,cmd,0,4,61.952,61.976,delivered,1,
1335,hb,5,0,62.016,62.263,delivered,1,
1336,ack,0,4,61.975,62.06,delivered,1,
1337,cmd,0,5,62.08,62.127,delivered,1,
1338,ack,0,4,62.06,62.194,delivered,1,
1339,hb,1,0,62.144,62.265,delivered,2,
1340,data,4,0,62.144,62.26,delivered,1,4|P1|4
1341,ack,0,4,62.126,62.261,delivered,1,
1342,hb,2,0,62.208,62.262,delivered,1,
1343,cmd,0,1,62.208,62.306,delivered,2,
1344,ack,0,4,62.193,62.265,delivered,1,
1345,data,4,0,62.272,62.372,delivered,1,4|P1|5
1346,cmd,0,2,62.272,62.293,delivered,1,
1347,ack,0,4,62.26,62.373,delivered,1,
1348,hb,3,0,62.336,62.374,delivered,1,
1349,data,4,0,62.336,62.44,delivered,1,4|P1|6
1350,data,4,0,62.336,62.56,delivered,1,4|P1|7
1351,thumb,1,0,62.4,62.493,delivered,2,
1352,hb,4,0,62.4,62.457,delivered,1,
1353,cmd,0,3,62.4,62.441,delivered,1,
1354,ack,0,4,62.372,62.458,delivered,1,
1355,data,4,0,62.464,62.712,delivered,1,4|P1|8
1356,cmd,0,4,62.464,62.494,delivered,1,
1357,ack,0,4,62.44,62.56,delivered,1,
1358,data,4,0,62.528,62.779,delivered,1,4|P1|9
1359,hb,5,0,62.528,62.919,delivered,1,
1360,cmd,0,5,62.592,62.627,delivered,1,
1361,ack,0,4,62.56,62.713,delivered,1,
1362,hb,1,0,62.656,62.849,delivered,2,
1363,data,4,0,62.656,62.847,delivered,1,4|P1|10
1364,cmd,0,1,62.656,62.917,delivered,2,
1365,hb,2,0,62.72,62.781,delivered,1,
1366,ack,0,4,62.712,62.848,delivered,1,
1367,thumb,2,0,62.784,62.936,delivered,1,
1368,data,4,0,62.784,62.915,delivered,1,4|P1|11
1369,cmd,0,2,62.784,62.916,delivered,1,
1370,ack,0,4,62.779,62.919,delivered,1,
1371,hb,3,0,62.848,62.918,delivered,1,
1372,ack,0,4,62.847,62.937,delivered,1,
1373,hb,4,0,62.912,62.937,delivered,1,
1374,data,4,0,62.912,63.005,delivered,1,4|P1|12
1375,cmd,0,3,62.912,62.939,delivered,1,
1376,cmd,0,4,62.976,63.006,delivered,1,
1377,ack,0,4,62.915,63.006,delivered,1,
1378,data,4,0,63.04,63.127,delivered,1,4|P1|13
1379,data,4,0,63.04,63.28,delivered,1,4|P1|14
1380,hb,5,0,63.04,63.419,delivered,1,
1381,ack,0,4,63.005,63.061,delivered,1,
1382,hb,1,0,63.104,63.349,delivered,2,
1383,data,4,0,63.104,63.347,delivered,1,4|P1|15
1384,cmd,0,5,63.104,63.128,delivered,1,
1385,thumb,3,0,63.168,63.211,delivered,1,
1386,data,4,0,63.168,63.415,delivered,1,4|P1|16
1387,cmd,0,1,63.168,63.417,delivered,2,
1388,ack,0,4,63.127,63.348,delivered,1,
1389,hb,2,0,63.232,63.281,delivered,1,
1390,cmd,0,2,63.296,63.416,delivered,1,
1391,ack,0,4,63.28,63.419,delivered,1,
1392,hb,3,0,63.36,63.418,delivered,1,
1393,cmd,0,3,63.36,63.421,delivered,1,
1394,ack,0,4,63.347,63.421,delivered,1,
1395,hb,4,0,63.424,63.445,delivered,1,
1396,data,4,0,63.424,63.632,delivered,1,4|P1|17
1397,ack,0,4,63.415,63.445,delivered,1,
1398,data,4,0,63.488,63.699,delivered,1,4|P1|18
1399,data,4,0,63.488,63.766,delivered,1,4|P1|19
1400,thumb,4,0,63.488,63.566,delivered,1,
1401,cmd,0,4,63.488,63.513,delivered,1,
1402,data,4,0,63.552,63.834,delivered,1,4|P1|20
1403,hb,5,0,63.552,63.837,delivered,1,
1404,cmd,0,5,63.552,63.633,delivered,1,
1405,hb,1,0,63.616,63.835,delivered,2,
1406,cmd,0,1,63.68,63.839,delivered,2,
1407,ack,0,4,63.632,63.834,delivered,1,
1408,hb,2,0,63.744,63.768,delivered,1,
1409,ack,0,4,63.699,63.838,delivered,1,
1410,hb,3,0,63.808,63.836,delivered,1,
1411,cmd,0,2,63.808,63.84,delivered,1,
1412,ack,0,4,63.766,63.84,delivered,1,
1413,thumb,5,0,63.872,63.91,delivered,1,
1414,cmd,0,3,63.872,63.893,delivered,1,
1415,ack,0,4,63.834,63.91,delivered,1,
1416,hb,4,0,63.936,63.957,delivered,1,
1417,data,4,0,63.936,64.023,delivered,1,4|P1|21
1418,data,4,0,63.936,64.09,delivered,1,4|P1|22
1419,data,4,0,63.936,64.157,delivered,1,4|P1|23
1420,data,4,0,64.0,64.224,delivered,1,4|P1|24
1421,hb,5,0,64.0,64.227,delivered,1,
1422,cmd,0,4,64.0,64.024,delivered,1,
1423,cmd,0,5,64.064,64.091,delivered,1,
1424,ack,0,4,64.023,64.158,delivered,1,
1425,hb,1,0,64.128,64.226,delivered,2,
1426,ack,0,4,64.09,64.225,delivered,1,
1427,cmd,0,1,64.192,64.249,delivered,2,
1428,ack,0,4,64.157,64.228,delivered,1,
1429,hb,2,0,64.256,64.278,delivered,1,
1430,data,4,0,64.256,64.344,delivered,1,4|P1|25
1431,cmd,0,2,64.256,64.277,delivered,1,
1432,ack,0,4,64.224,64.345,delivered,1,
1433,hb,3,0,64.32,64.346,delivered,1,
1434,data,4,0,64.32,64.412,delivered,1,4|P1|26
1435,data,4,0,64.32,64.494,delivered,1,4|P1|27
1436,thumb,1,0,64.384,64.547,delivered,2,
1437,cmd,0,3,64.384,64.413,delivered,1,
1438,ack,0,4,64.344,64.495,delivered,1,
1439,hb,4,0,64.448,64.511,delivered,1,
1440,data,4,0,64.448,64.614,delivered,1,4|P1|28
1441,ack,0,4,64.412,64.512,delivered,1,
1442,hb,5,0,64.512,64.818,delivered,1,
1443,cmd,0,4,64.512,64.548,delivered,1,
1444,ack,0,4,64.494,64.615,delivered,1,
1445,data,4,0,64.576,64.681,delivered,1,4|P1|29
1446,cmd,0,5,64.576,64.682,delivered,1,
1447,hb,1,0,64.64,64.817,delivered,2,
1448,data,4,0,64.64,64.748,delivered,1,4|P1|30
1449,ack,0,4,64.614,64.749,delivered,1,
1450,hb,2,0,64.704,64.749,delivered,1,
1451,data,4,0,64.704,64.815,delivered,1,4|P1|31
1452,cmd,0,1,64.704,64.838,delivered,2,
1453,ack,0,4,64.681,64.819,delivered,1,
1454,thumb,2,0,64.768,64.855,delivered,1,
1455,cmd,0,2,64.768,64.839,delivered,1,
1456,ack,0,4,64.748,64.856,delivered,1,
1457,hb,3,0,64.832,64.857,delivered,1,
1458,data,4,0,64.832,64.923,delivered,1,4|P1|32
1459,ack,0,4,64.815,64.923,delivered,1,
1460,data,4,0,64.896,64.989,delivered,1,4|P1|33
1461,cmd,0,3,64.896,64.991,delivered,1,
1462,hb,4,0,64.96,64.991,delivered,1,
1463,data,4,0,64.96,65.059,delivered,1,4|P1|34
1464,cmd,0,4,64.96,65.06,delivered,1,
1465,ack,0,4,64.923,65.147,delivered,1,
1466,data,4,0,65.024,65.126,delivered,1,4|P1|35
1467,hb,5,0,65.024,65.127,delivered,1,
1468,ack,0,4,64.989,65.147,delivered,1,
1469,cmd,0,5,65.088,65.149,delivered,1,
1470,ack,0,4,65.059,65.149,delivered,1,
1471,hb,1,0,65.152,65.194,delivered,2,
1472,thumb,3,0,65.152,65.19,delivered,1,
1473,cmd,0,1,65.152,65.216,delivered,2,
1474,ack,0,4,65.126,65.19,delivered,1,
1475,hb,2,0,65.216,65.237,delivered,1,
1476,data,4,0,65.216,65.303,delivered,1,4|P1|36
1477,data,4,0,65.216,65.37,delivered,1,4|P1|37
1478,data,4,0,65.216,65.524,delivered,1,4|P1|38
1479,data,4,0,65.28,65.591,delivered,1,4|P1|39
1480,cmd,0,2,65.28,65.304,delivered,1,
1481,hb,3,0,65.344,65.372,delivered,1,
1482,ack,0,4,65.303,65.371,delivered,1,
1483,hb,4,0,65.408,65.44,delivered,1,
1484,cmd,0,3,65.408,65.439,delivered,1,
1485,ack,0,4,65.37,65.44,delivered,1,
1486,data,4,0,65.472,65.675,delivered,1,4|P1|40
1487,cmd,0,4,65.472,65.525,delivered,1,
1488,data,4,0,65.536,65.963,delivered,1,4|P1|41
1489,thumb,4,0,65.536,65.608,delivered,1,
1490,hb,5,0,65.536,65.609,delivered,1,
1491,ack,0,4,65.524,65.591,delivered,1,
1492,cmd,0,5,65.6,65.676,delivered,1,
1493,ack,0,4,65.591,65.742,delivered,1,
1494,hb,1,0,65.664,65.878,delivered,2,
1495,data,4,0,65.664,65.809,delivered,1,4|P1|42
1496,cmd,0,1,65.664,65.965,delivered,2,
1497,hb,2,0,65.728,65.811,delivered,1,
1498,ack,0,4,65.675,65.877,delivered,1,
1499,cmd,0,2,65.792,65.964,delivered,1,
1500,hb,3,0,65.856,65.879,delivered,1,
1501,data,4,0,65.856,66.05,delivered,1,4|P1|43
1502,thumb,5,0,65.856,65.983,delivered,1,
1503,cmd,0,3,65.856,65.984,delivered,1,
1504,ack,0,4,65.809,66.117,delivered,1,
1505,hb,4,0,65.92,65.966,delivered,1,
1506,data,4,0,65.984,66.116,delivered,1,4|P1|44
1507,cmd,0,4,65.984,66.119,delivered,1,
1508,ack,0,4,65.963,66.14,delivered,1,
1509,hb,5,0,66.048,66.118,delivered,1,
1510,hb,1,0,66.112,66.154,delivered,2,
1511,cmd,0,5,66.112,66.141,delivered,1,
1512,ack,0,4,66.05,66.154,delivered,1,
1513,cmd,0,1,66.176,66.218,delivered,2,
1514,ack,0,4,66.116,66.198,delivered,1,
1515,hb,2,0,66.24,66.261,delivered,1,
1516,data,4,0,66.24,66.327,delivered,1,4|P1|45
1517,hb,3,0,66.304,66.329,delivered,1,
1518,cmd,0,2,66.304,66.328,delivered,1,
1519,cmd,0,3,66.368,66.389,delivered,1,
1520,ack,0,4,66.327,66.39,delivered,1,
1521,thumb,1,0,66.432,66.505,delivered,2,
1522,hb,4,0,66.432,66.469,delivered,1,
1523,cmd,0,4,66.496,66.517,delivered,1,
1524,hb,5,0,66.56,66.582,delivered,1,
1525,cmd,0,5,66.56,66.581,delivered,1,
1526,hb,1,0,66.624,66.666,delivered,2,
1527,cmd,0,1,66.688,66.73,delivered,2,
1528,hb,2,0,66.752,66.774,delivered,1,
1529,thumb,2,0,66.752,66.79,delivered,1,
1530,cmd,0,2,66.752,66.773,delivered,1,
1531,hb,3,0,66.816,66.837,delivered,1,
1532,cmd,0,3,66.88,66.901,delivered,1,
1533,hb,4,0,66.944,66.965,delivered,1,
1534,hb,5,0,67.008,67.03,delivered,1,
1535,cmd,0,4,67.008,67.029,delivered,1,
1536,cmd,0,5,67.072,67.093,delivered,1,
1537,hb,1,0,67.136,67.178,delivered,2,
1538,thumb,3,0,67.136,67.172,delivered,1,
1539,cmd,0,1,67.2,67.242,delivered,2,
1540,hb,2,0,67.264,67.286,delivered,1,
1541,cmd,0,2,67.264,67.285,delivered,1,
1542,hb,3,0,67.328,67.349,delivered,1,
1543,cmd,0,3,67.392,67.413,delivered,1,
1544,hb,4,0,67.456,67.478,delivered,1,
1545,cmd,0,4,67.456,67.477,delivered,1,
1546,thumb,4,0,67.52,67.556,delivered,1,
1547,hb,5,0,67.52,67.557,delivered,1,
1548,cmd,0,5,67.584,67.605,delivered,1,
1549,hb,1,0,67.648,67.69,delivered,2,
1550,hb,2,0,67.712,67.734,delivered,1,
1551,cmd,0,1,67.712,67.775,delivered,2,
1552,cmd,0,2,67.776,67.797,delivered,1,
1553,hb,3,0,67.84,67.861,delivered,1,
1554,hb,4,0,67.904,67.926,delivered,1,
1555,thumb,5,0,67.904,67.942,delivered,1,
1556,cmd,0,3,67.904,67.925,delivered,1,
1557,cmd,0,4,67.968,67.989,delivered,1,
1558,hb,5,0,68.032,68.053,delivered,1,
1559,cmd,0,5,68.096,68.117,delivered,1,
1560,hb,1,0,68.16,68.202,delivered,2,
1561,cmd,0,1,68.16,68.203,delivered,2,
1562,hb,2,0,68.224,68.245,delivered,1,
1563,cmd,0,2,68.288,68.309,delivered,1,
1564,hb,3,0,68.352,68.374,delivered,1,
1565,cmd,0,3,68.352,68.373,delivered,1,
1566,thumb,1,0,68.416,68.489,delivered,2,
1567,hb,4,0,68.416,68.49,delivered,1,
1568,cmd,0,4,68.48,68.522,delivered,1,
1569,hb,5,0,68.544,68.565,delivered,1,
1570,hb,1,0,68.608,68.65,delivered,2,
1571,cmd,0,5,68.608,68.629,delivered,1,
1572,cmd,0,1,68.672,68.714,delivered,2,
1573,hb,2,0,68.736,68.757,delivered,1,
1574,thumb,2,0,68.8,68.838,delivered,1,
1575,cmd,0,2,68.8,68.821,delivered,1,
1576,hb,3,0,68.864,68.886,delivered,1,
1577,cmd,0,3,68.864,68.885,delivered,1,
1578,hb,4,0,68.928,68.949,delivered,1,
1579,cmd,0,4,68.992,69.013,delivered,1,
1580,hb,5,0,69.056,69.078,delivered,1,
1581,cmd,0,5,69.056,69.077,delivered,1,
1582,hb,1,0,69.12,69.162,delivered,2,
1583,thumb,3,0,69.12,69.156,delivered,1,
1584,cmd,0,1,69.184,69.226,delivered,2,
1585,hb,2,0,69.248,69.269,delivered,1,
1586,hb,3,0,69.312,69.334,delivered,1,
1587,cmd,0,2,69.312,69.333,delivered,1,
1588,cmd,0,3,69.376,69.397,delivered,1,
1589,hb,4,0,69.44,69.461,delivered,1,
1590,thumb,4,0,69.504,69.542,delivered,1,
1591,hb,5,0,69.504,69.542,delivered,1,
1592,cmd,0,4,69.504,69.525,delivered,1,
1593,cmd,0,5,69.568,69.589,delivered,1,
1594,hb,1,0,69.632,69.674,delivered,2,
1595,cmd,0,1,69.696,69.738,delivered,2,
1596,data,1,0,69.76,70.285,delivered,2,1|P2|0
1597,data,1,0,69.76,70.354,delivered,2,1|P2|1
1598,data,1,0,69.76,70.423,delivered,2,1|P2|2
1599,data,1,0,69.76,70.542,delivered,2,1|P2|3
1600,hb,2,0,69.76,70.218,delivered,1,
1601,cmd,0,2,69.76,69.781,delivered,1,
1602,hb,3,0,69.824,69.845,delivered,1,
1603,thumb,5,0,69.888,69.926,delivered,1,
1604,cmd,0,3,69.888,69.909,delivered,1,
1605,hb,4,0,69.952,70.219,delivered,1,
1606,cmd,0,4,69.952,69.973,delivered,1,
1607,hb,5,0,70.016,70.037,delivered,1,
1608,cmd,0,5,70.08,70.101,delivered,1,
1609,hb,1,0,70.144,70.288,delivered,2,
1610,hb,2,0,70.208,70.287,delivered,1,
1611,cmd,0,1,70.208,70.356,delivered,2,
1612,cmd,0,2,70.272,70.355,delivered,1,
1613,hb,3,0,70.336,70.441,delivered,1,
1614,ack,0,1,70.285,70.44,delivered,2,
1615,thumb,1,0,70.4,70.476,delivered,2,
1616,cmd,0,3,70.4,70.424,delivered,1,
1617,ack,0,1,70.354,70.476,delivered,2,
1618,hb,4,0,70.464,70.544,delivered,1,
1619,cmd,0,4,70.464,70.543,delivered,1,
1620,ack,0,1,70.423,70.702,delivered,2,
1621,data,1,0,70.528,70.858,delivered,2,1|P2|4
1622,hb,5,0,70.528,70.549,delivered,1,
1623,data,1,0,70.592,71.073,delivered,2,1|P2|5
1624,cmd,0,5,70.592,70.613,delivered,1,
1625,ack,0,1,70.542,70.768,delivered,2,
1626,hb,1,0,70.656,70.792,delivered,2,
1627,cmd,0,1,70.656,70.791,delivered,2,
1628,hb,2,0,70.72,70.769,delivered,1,
1629,data,1,0,70.784,71.143,delivered,2,1|P2|6
1630,thumb,2,0,70.784,71.007,delivered,1,
1631,cmd,0,2,70.784,70.859,delivered,1,
1632,data,1,0,70.848,71.21,delivered,2,1|P2|7
1633,hb,3,0,70.848,70.869,delivered,1,
1634,hb,4,0,70.912,71.076,delivered,1,
1635,cmd,0,3,70.912,70.933,delivered,1,
1636,ack,0,1,70.858,71.075,delivered,2,
1637,cmd,0,4,70.976,71.074,delivered,1,
1638,hb,5,0,71.04,71.077,delivered,1,
1639,hb,1,0,71.104,71.277,delivered,2,
1640,cmd,0,5,71.104,71.144,delivered,1,
1641,ack,0,1,71.073,71.278,delivered,2,
1642,data,1,0,71.168,71.368,delivered,2,1|P2|8
1643,thumb,3,0,71.168,71.227,delivered,1,
1644,cmd,0,1,71.168,71.301,delivered,2,
1645,ack,0,1,71.143,71.301,delivered,2,
1646,hb,2,0,71.232,71.278,delivered,1,
1647,ack,0,1,71.21,71.302,delivered,2,
1648,cmd,0,2,71.296,71.369,delivered,1,
1649,data,1,0,71.36,71.647,delivered,2,1|P2|9
1650,hb,3,0,71.36,71.382,delivered,1,
1651,cmd,0,3,71.36,71.381,delivered,1,
1652,data,1,0,71.424,71.713,delivered,2,1|P2|10
1653,data,1,0,71.424,71.866,delivered,2,1|P2|11
1654,hb,4,0,71.424,71.58,delivered,1,
1655,ack,0,1,71.368,71.579,delivered,2,
1656,thumb,4,0,71.488,71.797,delivered,1,
1657,cmd,0,4,71.488,71.509,delivered,1,
1658,hb,5,0,71.552,71.58,delivered,1,
1659,cmd,0,5,71.552,71.573,delivered,1,
1660,hb,1,0,71.616,71.78,delivered,2,
1661,data,1,0,71.68,71.933,delivered,2,1|P2|12
1662,cmd,0,1,71.68,71.799,delivered,2,
1663,ack,0,1,71.647,71.799,delivered,2,
1664,hb,2,0,71.744,71.798,delivered,1,
1665,ack,0,1,71.713,71.8,delivered,2,
1666,hb,3,0,71.808,71.935,delivered,1,
1667,cmd,0,2,71.808,71.867,delivered,1,
1668,data,1,0,71.872,72.133,delivered,2,1|P2|13
1669,data,1,0,71.872,72.201,delivered,2,1|P2|14
1670,thumb,5,0,71.872,71.952,delivered,1,
1671,cmd,0,3,71.872,71.934,delivered,1,
1672,ack,0,1,71.866,72.066,delivered,2,
1673,hb,4,0,71.936,72.067,delivered,1,
1674,ack,0,1,71.933,72.067,delivered,2,
1675,cmd,0,4,72.0,72.021,delivered,1,
1676,hb,5,0,72.064,72.201,delivered,1,
1677,cmd,0,5,72.064,72.134,delivered,1,
1678,hb,1,0,72.128,72.347,delivered,2,
1679,data,1,0,72.192,72.436,delivered,2,1|P2|15
1680,data,1,0,72.192,72.519,delivered,2,1|P2|16
1681,cmd,0,1,72.192,72.369,delivered,2,
1682,ack,0,1,72.133,72.37,delivered,2,
1683,hb,2,0,72.256,72.345,delivered,1,
1684,cmd,0,2,72.256,72.277,delivered,1,
1685,ack,0,1,72.201,72.37,delivered,2,
1686,hb,3,0,72.32,72.346,delivered,1,
1687,thumb,1,0,72.384,72.669,delivered,2,
1688,cmd,0,3,72.384,72.437,delivered,1,
1689,data,1,0,72.448,72.757,delivered,2,1|P2|17
1690,data,1,0,72.448,72.846,delivered,2,1|P2|18
1691,hb,4,0,72.448,72.652,delivered,1,
1692,ack,0,1,72.436,72.651,delivered,2,
1693,hb,5,0,72.512,72.534,delivered,1,
1694,cmd,0,4,72.512,72.575,delivered,1,
1695,cmd,0,5,72.576,72.597,delivered,1,
1696,ack,0,1,72.519,72.673,delivered,2,
1697,hb,1,0,72.64,72.779,delivered,2,
1698,hb,2,0,72.704,72.759,delivered,1,
1699,cmd,0,1,72.704,73.0,delivered,2,
1700,data,1,0,72.768,73.084,delivered,2,1|P2|19
1701,data,1,0,72.768,73.15,delivered,2,1|P2|20
1702,thumb,2,0,72.768,73.018,delivered,1,
1703,cmd,0,2,72.768,72.847,delivered,1,
1704,ack,0,1,72.757,72.98,delivered,2,
1705,hb,3,0,72.832,72.853,delivered,1,
1706,cmd,0,3,72.896,72.917,delivered,1,
1707,ack,0,1,72.846,73.002,delivered,2,
1708,hb,4,0,72.96,73.001,delivered,1,
1709,cmd,0,4,72.96,72.982,delivered,1,
1710,hb,5,0,73.024,73.152,delivered,1,
1711,data,1,0,73.088,73.353,delivered,2,1|P2|21
1712,data,1,0,73.088,73.421,delivered,2,1|P2|22
1713,cmd,0,5,73.088,73.152,delivered,1,
1714,ack,0,1,73.084,73.218,delivered,2,
1715,hb,1,0,73.152,73.287,delivered,2,
1716,thumb,3,0,73.152,73.234,delivered,1,
1717,cmd,0,1,73.152,73.286,delivered,2,
1718,ack,0,1,73.15,73.287,delivered,2,
1719,hb,2,0,73.216,73.285,delivered,1,
1720,cmd,0,2,73.28,73.355,delivered,1,
1721,data,1,0,73.344,73.621,delivered,2,1|P2|23
1722,hb,3,0,73.344,73.422,delivered,1,
1723,data,1,0,73.408,73.706,delivered,2,1|P2|24
1724,hb,4,0,73.408,73.554,delivered,1,
1725,cmd,0,3,73.408,73.429,delivered,1,
1726,ack,0,1,73.353,73.553,delivered,2,
1727,cmd,0,4,73.472,73.493,delivered,1,
1728,ack,0,1,73.421,73.622,delivered,2,
1729,thumb,4,0,73.536,73.639,delivered,1,
1730,hb,5,0,73.536,73.64,delivered,1,
1731,cmd,0,5,73.6,73.622,delivered,1,
1732,hb,1,0,73.664,73.944,delivered,2,
1733,data,1,0,73.664,74.033,delivered,2,1|P2|25
1734,cmd,0,1,73.664,73.946,delivered,2,
1735,ack,0,1,73.621,73.967,delivered,2,
1736,data,1,0,73.728,74.1,delivered,2,1|P2|26
1737,hb,2,0,73.728,73.926,delivered,1,
1738,ack,0,1,73.706,73.967,delivered,2,
1739,cmd,0,2,73.792,73.813,delivered,1,
1740,hb,3,0,73.856,73.927,delivered,1,
1741,thumb,5,0,73.856,73.943,delivered,1,
1742,cmd,0,3,73.856,73.877,delivered,1,
1743,hb,4,0,73.92,73.966,delivered,1,
1744,cmd,0,4,73.984,74.034,delivered,1,
1745,data,1,0,74.048,74.254,delivered,2,1|P2|27
1746,data,1,0,74.048,74.476,delivered,2,1|P2|28
1747,hb,5,0,74.048,74.102,delivered,1,
1748,ack,0,1,74.033,74.168,delivered,2,
1749,hb,1,0,74.112,74.393,delivered,2,
1750,cmd,0,5,74.112,74.133,delivered,1,
1751,ack,0,1,74.1,74.388,delivered,2,
1752,cmd,0,1,74.176,74.394,delivered,2,
1753,data,1,0,74.24,74.558,delivered,2,1|P2|29
1754,hb,2,0,74.24,74.39,delivered,1,
1755,hb,3,0,74.304,74.391,delivered,1,
1756,cmd,0,2,74.304,74.325,delivered,1,
1757,ack,0,1,74.254,74.41,delivered,2,
1758,cmd,0,3,74.368,74.392,delivered,1,
1759,thumb,1,0,74.432,74.71,delivered,2,
1760,hb,4,0,74.432,74.693,delivered,1,
1761,data,1,0,74.496,74.798,delivered,2,1|P2|30
1762,data,1,0,74.496,74.882,delivered,2,1|P2|31
1763,cmd,0,4,74.496,74.559,delivered,1,
1764,ack,0,1,74.476,74.692,delivered,2,
1765,hb,5,0,74.56,74.582,delivered,1,
1766,cmd,0,5,74.56,74.581,delivered,1,
1767,ack,0,1,74.558,74.693,delivered,2,
1768,hb,1,0,74.624,74.712,delivered,2,
1769,cmd,0,1,74.688,74.732,delivered,2,
1770,hb,2,0,74.752,74.8,delivered,1,
1771,thumb,2,0,74.752,74.816,delivered,1,
1772,cmd,0,2,74.752,74.799,delivered,1,
1773,data,1,0,74.816,75.215,delivered,2,1|P2|32
1774,data,1,0,74.816,75.282,delivered,2,1|P2|33
1775,hb,3,0,74.816,74.884,delivered,1,
1776,ack,0,1,74.798,75.149,delivered,2,
1777,cmd,0,3,74.88,74.901,delivered,1,
1778,hb,4,0,74.944,75.016,delivered,1,
1779,ack,0,1,74.882,75.017,delivered,2,
1780,hb,5,0,75.008,75.085,delivered,1,
1781,cmd,0,4,75.008,75.084,delivered,1,
1782,cmd,0,5,75.072,75.093,delivered,1,
1783,hb,1,0,75.136,75.416,delivered,2,
1784,data,1,0,75.136,75.506,delivered,2,1|P2|34
1785,thumb,3,0,75.136,75.3,delivered,1,
1786,cmd,0,1,75.2,75.438,delivered,2,
1787,data,1,0,75.264,75.573,delivered,2,1|P2|35
1788,hb,2,0,75.264,75.415,delivered,1,
1789,cmd,0,2,75.264,75.301,delivered,1,
1790,ack,0,1,75.215,75.439,delivered,2,
1791,hb,3,0,75.328,75.349,delivered,1,
1792,ack,0,1,75.282,75.439,delivered,2,
1793,cmd,0,3,75.392,75.413,delivered,1,
1794,hb,4,0,75.456,75.707,delivered,1,
1795,cmd,0,4,75.456,75.507,delivered,1,
1796,data,1,0,75.52,75.793,delivered,2,1|P2|36
1797,data,1,0,75.52,75.862,delivered,2,1|P2|37
1798,thumb,4,0,75.52,75.724,delivered,1,
1799,hb,5,0,75.52,75.574,delivered,1,
1800,ack,0,1,75.506,75.706,delivered,2,
1801,cmd,0,5,75.584,75.605,delivered,1,
1802,ack,0,1,75.573,75.708,delivered,2,
1803,hb,1,0,75.648,75.795,delivered,2,
1804,hb,2,0,75.712,75.795,delivered,1,
1805,cmd,0,1,75.712,75.995,delivered,2,
1806,data,1,0,75.776,76.063,delivered,2,1|P2|38
1807,data,1,0,75.776,76.129,delivered,2,1|P2|39
1808,cmd,0,2,75.776,75.863,delivered,1,
1809,hb,3,0,75.84,75.864,delivered,1,
1810,ack,0,1,75.793,75.996,delivered,2,
1811,hb,4,0,75.904,75.996,delivered,1,
1812,thumb,5,0,75.904,75.942,delivered,1,
1813,cmd,0,3,75.904,75.925,delivered,1,
1814,ack,0,1,75.862,75.997,delivered,2,
1815,cmd,0,4,75.968,75.989,delivered,1,
1816,hb,5,0,76.032,76.131,delivered,1,
1817,data,1,0,76.096,76.354,delivered,2,1|P2|40
1818,data,1,0,76.096,76.421,delivered,2,1|P2|41
1819,cmd,0,5,76.096,76.13,delivered,1,
1820,ack,0,1,76.063,76.263,delivered,2,
1821,hb,1,0,76.16,76.287,delivered,2,
1822,cmd,0,1,76.16,76.286,delivered,2,
1823,ack,0,1,76.129,76.288,delivered,2,
1824,hb,2,0,76.224,76.264,delivered,1,
1825,cmd,0,2,76.288,76.355,delivered,1,
1826,data,1,0,76.352,76.691,delivered,2,1|P2|42
1827,data,1,0,76.352,76.91,delivered,2,1|P2|43
1828,hb,3,0,76.352,76.423,delivered,1,
1829,cmd,0,3,76.352,76.422,delivered,1,
1830,thumb,1,0,76.416,76.625,delivered,2,
1831,hb,4,0,76.416,76.541,delivered,1,
1832,ack,0,1,76.354,76.54,delivered,2,
1833,cmd,0,4,76.48,76.501,delivered,1,
1834,ack,0,1,76.421,76.608,delivered,2,
1835,hb,5,0,76.544,76.609,delivered,1,
1836,hb,1,0,76.608,76.826,delivered,2,
1837,data,1,0,76.608,76.977,delivered,2,1|P2|44
1838,cmd,0,5,76.608,76.692,delivered,1,
1839,data,1,0,76.672,77.044,delivered,2,1|P2|45
1840,cmd,0,1,76.672,76.827,delivered,2,
1841,hb,2,0,76.736,76.825,delivered,1,
1842,ack,0,1,76.691,76.828,delivered,2,
1843,thumb,2,0,76.8,76.844,delivered,1,
1844,cmd,0,2,76.8,76.821,delivered,1,
1845,hb,3,0,76.864,77.047,delivered,1,
1846,cmd,0,3,76.864,76.911,delivered,1,
1847,hb,4,0,76.928,77.047,delivered,1,
1848,ack,0,1,76.91,77.046,delivered,2,
1849,cmd,0,4,76.992,77.045,delivered,1,
1850,ack,0,1,76.977,77.069,delivered,2,
1851,hb,5,0,77.056,77.078,delivered,1,
1852,cmd,0,5,77.056,77.077,delivered,1,
1853,ack,0,1,77.044,77.099,delivered,2,
1854,hb,1,0,77.12,77.162,delivered,2,
1855,thumb,3,0,77.12,77.156,delivered,1,
1856,cmd,0,1,77.184,77.226,delivered,2,
1857,hb,2,0,77.248,77.269,delivered,1,
1858,hb,3,0,77.312,77.334,delivered,1,
1859,cmd,0,2,77.312,77.333,delivered,1,
1860,cmd,0,3,77.376,77.397,delivered,1,
1861,hb,4,0,77.44,77.461,delivered,1,
1862,thumb,4,0,77.504,77.542,delivered,1,
1863,hb,5,0,77.504,77.542,delivered,1,
1864,cmd,0,4,77.504,77.525,delivered,1,
1865,cmd,0,5,77.568,77.589,delivered,1,
1866,hb,1,0,77.632,77.674,delivered,2,
1867,cmd,0,1,77.696,77.738,delivered,2,
1868,hb,2,0,77.76,77.782,delivered,1,
1869,cmd,0,2,77.76,77.781,delivered,1,
1870,hb,3,0,77.824,77.845,delivered,1,
1871,thumb,5,0,77.888,77.926,delivered,1,
1872,cmd,0,3,77.888,77.909,delivered,1,
1873,hb,4,0,77.952,77.974,delivered,1,
1874,cmd,0,4,77.952,77.973,delivered,1,
1875,hb,5,0,78.016,78.037,delivered,1,
1876,cmd,0,5,78.08,78.101,delivered,1,
1877,hb,1,0,78.144,78.186,delivered,2,
1878,hb,2,0,78.208,78.23,delivered,1,
1879,cmd,0,1,78.208,78.25,delivered,2,
1880,cmd,0,2,78.272,78.293,delivered,1,
1881,hb,3,0,78.336,78.357,delivered,1,
1882,thumb,1,0,78.4,78.473,delivered,2,
1883,cmd,0,3,78.4,78.421,delivered,1,
1884,hb,4,0,78.464,78.486,delivered,1,
1885,cmd,0,4,78.464,78.485,delivered,1,
1886,hb,5,0,78.528,78.549,delivered,1,
1887,cmd,0,5,78.592,78.613,delivered,1,
1888,hb,1,0,78.656,78.719,delivered,2,
1889,cmd,0,1,78.656,78.72,delivered,2,
1890,hb,2,0,78.72,78.762,delivered,1,
1891,thumb,2,0,78.784,78.822,delivered,1,
1892,cmd,0,2,78.784,78.805,delivered,1,
1893,hb,3,0,78.848,78.869,delivered,1,
1894,hb,4,0,78.912,78.934,delivered,1,
1895,cmd,0,3,78.912,78.933,delivered,1,
1896,cmd,0,4,78.976,78.997,delivered,1,
1897,hb,5,0,79.04,79.061,delivered,1,
1898,hb,1,0,79.104,79.167,delivered,2,
1899,cmd,0,5,79.104,79.125,delivered,1,
1900,thumb,3,0,79.168,79.206,delivered,1,
1901,cmd,0,1,79.168,,lost,0,
1902,hb,2,0,79.232,79.253,delivered,1,
1903,cmd,0,2,79.296,79.317,delivered,1,
1904,hb,3,0,79.36,79.382,delivered,1,
1905,cmd,0,3,79.36,79.381,delivered,1,
1906,hb,4,0,79.424,79.445,delivered,1,
1907,thumb,4,0,79.488,79.526,delivered,1,
1908,cmd,0,4,79.488,79.509,delivered,1,
1909,hb,5,0,79.552,79.574,delivered,1,
1910,cmd,0,5,79.552,79.573,delivered,1,
1911,hb,1,0,79.616,79.658,delivered,2,
1912,cmd,0,1,79.68,79.722,delivered,2,
1913,hb,2,0,79.744,79.765,delivered,1,
1914,hb,3,0,79.808,79.83,delivered,1,
1915,cmd,0,2,79.808,79.829,delivered,1,
1916,thumb,5,0,79.872,79.91,delivered,1,
1917,cmd,0,3,79.872,79.893,delivered,1,
1918,hb,4,0,79.936,79.978,delivered,2,
1919,cmd,0,4,80.0,80.042,delivered,2,
1920,hb,5,0,80.064,80.086,delivered,1,
1921,cmd,0,5,80.064,80.085,delivered,1,
1922,hb,1,0,80.128,80.17,delivered,2,
1923,cmd,0,1,80.192,80.234,delivered,2,
1924,hb,2,0,80.256,80.278,delivered,1,
1925,cmd,0,2,80.256,80.277,delivered,1,
1926,hb,3,0,80.32,80.341,delivered,1,
1927,thumb,1,0,80.384,80.457,delivered,2,
1928,cmd,0,3,80.384,80.405,delivered,1,
1929,hb,4,0,80.448,80.49,delivered,2,
1930,hb,5,0,80.512,80.534,delivered,1,
1931,cmd,0,4,80.512,80.554,delivered,2,
1932,cmd,0,5,80.576,80.597,delivered,1,
1933,hb,1,0,80.64,80.682,delivered,2,
1934,hb,2,0,80.704,80.726,delivered,1,
1935,cmd,0,1,80.704,80.746,delivered,2,
1936,thumb,2,0,80.768,80.806,delivered,1,
1937,cmd,0,2,80.768,80.789,delivered,1,
1938,hb,3,0,80.832,80.853,delivered,1,
1939,cmd,0,3,80.896,80.917,delivered,1,
1940,hb,4,0,80.96,81.023,delivered,2,
1941,cmd,0,4,80.96,81.024,delivered,2,
1942,hb,5,0,81.024,81.045,delivered,1,
1943,cmd,0,5,81.088,81.109,delivered,1,
1944,hb,1,0,81.152,81.194,delivered,2,
1945,thumb,3,0,81.152,81.19,delivered,1,
1946,cmd,0,1,81.152,81.195,delivered,2,
1947,hb,2,0,81.216,81.237,delivered,1,
1948,cmd,0,2,81.28,81.301,delivered,1,
1949,hb,3,0,81.344,81.365,delivered,1,
1950,hb,4,0,81.408,81.45,delivered,2,
1951,cmd,0,3,81.408,81.429,delivered,1,
1952,cmd,0,4,81.472,81.514,delivered,2,
1953,thumb,4,0,81.536,81.609,delivered,2,
1954,hb,5,0,81.536,81.573,delivered,1,
1955,cmd,0,5,81.6,81.621,delivered,1,
1956,hb,1,0,81.664,81.706,delivered,2,
1957,cmd,0,1,81.664,81.728,delivered,2,
1958,hb,2,0,81.728,81.749,delivered,1,
1959,cmd,0,2,81.792,81.813,delivered,1,
1960,hb,3,0,81.856,81.878,delivered,1,
1961,thumb,5,0,81.856,81.894,delivered,1,
1962,cmd,0,3,81.856,81.877,delivered,1,
1963,hb,4,0,81.92,81.962,delivered,2,
1964,cmd,0,4,81.984,82.026,delivered,2,
1965,hb,5,0,82.048,82.069,delivered,1,
1966,hb,1,0,82.112,82.154,delivered,2,
1967,cmd,0,5,82.112,82.133,delivered,1,
1968,cmd,0,1,82.176,82.218,delivered,2,
1969,hb,2,0,82.24,82.261,delivered,1,
1970,hb,3,0,82.304,82.326,delivered,1,
1971,cmd,0,2,82.304,82.346,delivered,1,
1972,cmd,0,3,82.368,82.389,delivered,1,
1973,thumb,1,0,82.432,82.505,delivered,2,
1974,hb,4,0,82.432,82.474,delivered,2,
1975,cmd,0,4,82.496,82.538,delivered,2,
1976,hb,5,0,82.56,82.582,delivered,1,
1977,cmd,0,5,82.56,82.581,delivered,1,
1978,hb,1,0,82.624,82.687,delivered,2,
1979,cmd,0,1,82.688,82.73,delivered,2,
1980,hb,2,0,82.752,82.795,delivered,1,
1981,thumb,2,0,82.752,82.848,delivered,1,
1982,cmd,0,2,82.752,82.794,delivered,1,
1983,hb,3,0,82.816,82.849,delivered,1,
1984,cmd,0,3,82.88,82.901,delivered,1,
1985,hb,4,0,82.944,82.986,delivered,2,
1986,hb,5,0,83.008,83.03,delivered,1,
1987,cmd,0,4,83.008,83.05,delivered,2,
1988,cmd,0,5,83.072,83.093,delivered,1,
1989,hb,1,0,83.136,83.178,delivered,2,
1990,thumb,3,0,83.136,83.172,delivered,1,
1991,cmd,0,1,83.2,83.242,delivered,2,
1992,hb,2,0,83.264,83.286,delivered,1,
1993,cmd,0,2,83.264,83.285,delivered,1,
1994,hb,3,0,83.328,83.349,delivered,1,
1995,cmd,0,3,83.392,83.413,delivered,1,
1996,hb,4,0,83.456,83.519,delivered,2,
1997,cmd,0,4,83.456,83.52,delivered,2,
1998,thumb,4,0,83.52,83.593,delivered,2,
1999,hb,5,0,83.52,83.541,delivered,1,
2000,cmd,0,5,83.584,83.605,delivered,1,
2001,hb,1,0,83.648,83.69,delivered,2,
2002,hb,2,0,83.712,83.734,delivered,1,
2003,cmd,0,1,83.712,83.754,delivered,2,
2004,cmd,0,2,83.776,83.797,delivered,1,
2005,hb,3,0,83.84,83.861,delivered,1,
2006,hb,4,0,83.904,83.967,delivered,2,
2007,thumb,5,0,83.904,83.942,delivered,1,
2008,cmd,0,3,83.904,83.925,delivered,1,
2009,cmd,0,4,83.968,84.031,delivered,2,
2010,hb,5,0,84.032,84.053,delivered,1,
2011,cmd,0,5,84.096,84.117,delivered,1,
2012,hb,1,0,84.16,84.202,delivered,2,
2013,cmd,0,1,84.16,84.203,delivered,2,
2014,hb,2,0,84.224,84.245,delivered,1,
2015,cmd,0,2,84.288,84.309,delivered,1,
2016,hb,3,0,84.352,84.374,delivered,1,
2017,cmd,0,3,84.352,84.373,delivered,1,
2018,thumb,1,0,84.416,84.525,delivered,2,
2019,hb,4,0,84.416,84.458,delivered,2,
2020,cmd,0,4,84.48,84.527,delivered,2,
2021,hb,5,0,84.544,84.565,delivered,1,
2022,hb,1,0,84.608,84.65,delivered,2,
2023,cmd,0,5,84.608,84.629,delivered,1,
2024,cmd,0,1,84.672,84.714,delivered,2,
2025,hb,2,0,84.736,84.757,delivered,1,
2026,thumb,2,0,84.8,84.838,delivered,1,
2027,cmd,0,2,84.8,84.842,delivered,1,
2028,hb,3,0,84.864,84.886,delivered,1,
2029,cmd,0,3,84.864,84.885,delivered,1,
2030,hb,4,0,84.928,84.97,delivered,2,
2031,cmd,0,4,84.992,85.034,delivered,2,
2032,hb,5,0,85.056,85.078,delivered,1,
2033,cmd,0,5,85.056,85.077,delivered,1,
2034,hb,1,0,85.12,85.162,delivered,2,
2035,thumb,3,0,85.12,85.156,delivered,1,
2036,cmd,0,1,85.184,85.226,delivered,2,
2037,hb,2,0,85.248,85.269,delivered,1,
2038,hb,3,0,85.312,85.334,delivered,1,
2039,cmd,0,2,85.312,85.333,delivered,1,
2040,cmd,0,3,85.376,85.397,delivered,1,
2041,hb,4,0,85.44,85.482,delivered,2,
2042,thumb,4,0,85.504,85.577,delivered,2,
2043,hb,5,0,85.504,85.526,delivered,1,
2044,cmd,0,4,85.504,85.546,delivered,2,
2045,cmd,0,5,85.568,85.589,delivered,1,
2046,hb,1,0,85.632,85.674,delivered,2,
2047,cmd,0,1,85.696,85.738,delivered,2,
2048,hb,2,0,85.76,85.782,delivered,1,
2049,cmd,0,2,85.76,85.781,delivered,1,
2050,hb,3,0,85.824,85.845,delivered,1,
2051,thumb,5,0,85.888,85.926,delivered,1,
2052,cmd,0,3,85.888,85.909,delivered,1,
2053,hb,4,0,85.952,85.994,delivered,2,
2054,cmd,0,4,85.952,86.016,delivered,2,
2055,hb,5,0,86.016,86.037,delivered,1,
2056,cmd,0,5,86.08,86.101,delivered,1,
2057,hb,1,0,86.144,86.186,delivered,2,
2058,hb,2,0,86.208,86.23,delivered,1,
2059,cmd,0,1,86.208,86.25,delivered,2,
2060,cmd,0,2,86.272,86.293,delivered,1,
2061,hb,3,0,86.336,86.357,delivered,1,
2062,thumb,1,0,86.4,86.473,delivered,2,
2063,cmd,0,3,86.4,86.421,delivered,1,
2064,hb,4,0,86.464,86.528,delivered,2,
2065,cmd,0,4,86.464,86.506,delivered,2,
2066,hb,5,0,86.528,86.549,delivered,1,
2067,cmd,0,5,86.592,86.613,delivered,1,
2068,hb,1,0,86.656,86.719,delivered,2,
2069,cmd,0,1,86.656,86.72,delivered,2,
2070,hb,2,0,86.72,86.762,delivered,1,
2071,thumb,2,0,86.784,86.822,delivered,1,
2072,cmd,0,2,86.784,86.805,delivered,1,
2073,hb,3,0,86.848,86.869,delivered,1,
2074,hb,4,0,86.912,86.975,delivered,2,
2075,cmd,0,3,86.912,86.933,delivered,1,
2076,cmd,0,4,86.976,87.018,delivered,2,
2077,hb,5,0,87.04,87.061,delivered,1,
2078,hb,1,0,87.104,87.146,delivered,2,
2079,cmd,0,5,87.104,87.125,delivered,1,
2080,thumb,3,0,87.168,87.206,delivered,1,
2081,cmd,0,1,87.168,87.21,delivered,2,
2082,hb,2,0,87.232,87.253,delivered,1,
2083,cmd,0,2,87.296,87.317,delivered,1,
2084,hb,3,0,87.36,87.382,delivered,1,
2085,cmd,0,3,87.36,87.381,delivered,1,
2086,hb,4,0,87.424,87.466,delivered,2,
2087,thumb,4,0,87.488,87.561,delivered,2,
2088,cmd,0,4,87.488,87.53,delivered,2,
2089,hb,5,0,87.552,87.574,delivered,1,
2090,cmd,0,5,87.552,87.573,delivered,1,
2091,hb,1,0,87.616,87.679,delivered,2,
2092,cmd,0,1,87.68,87.743,delivered,2,
2093,hb,2,0,87.744,87.765,delivered,1,
2094,hb,3,0,87.808,87.83,delivered,1,
2095,cmd,0,2,87.808,87.829,delivered,1,
2096,thumb,5,0,87.872,87.91,delivered,1,
2097,cmd,0,3,87.872,87.893,delivered,1,
2098,hb,4,0,87.936,87.978,delivered,2,
2099,cmd,0,4,88.0,88.042,delivered,2,
2100,hb,5,0,88.064,88.086,delivered,1,
2101,cmd,0,5,88.064,88.085,delivered,1,
2102,hb,1,0,88.128,88.17,delivered,2,
2103,cmd,0,1,88.192,88.234,delivered,2,
2104,hb,2,0,88.256,88.278,delivered,1,
2105,cmd,0,2,88.256,88.277,delivered,1,
2106,hb,3,0,88.32,88.341,delivered,1,
2107,thumb,1,0,88.384,88.457,delivered,2,
2108,cmd,0,3,88.384,88.405,delivered,1,
2109,hb,4,0,88.448,88.49,delivered,2,
2110,hb,5,0,88.512,88.534,delivered,1,
2111,cmd,0,4,88.512,88.554,delivered,2,
2112,cmd,0,5,88.576,88.597,delivered,1,
2113,hb,1,0,88.64,88.703,delivered,2,
2114,hb,2,0,88.704,88.726,delivered,1,
2115,cmd,0,1,88.704,88.767,delivered,2,
2116,thumb,2,0,88.768,88.806,delivered,1,
2117,cmd,0,2,88.768,88.789,delivered,1,
2118,hb,3,0,88.832,88.853,delivered,1,
2119,cmd,0,3,88.896,88.917,delivered,1,
2120,hb,4,0,88.96,89.002,delivered,2,
2121,cmd,0,4,88.96,89.003,delivered,2,
2122,hb,5,0,89.024,89.045,delivered,1,
2123,cmd,0,5,89.088,89.109,delivered,1,
2124,hb,1,0,89.152,89.194,delivered,2,
2125,thumb,3,0,89.152,89.19,delivered,1,
2126,cmd,0,1,89.152,89.195,delivered,2,
2127,hb,2,0,89.216,89.237,delivered,1,
2128,cmd,0,2,89.28,89.343,delivered,1,
2129,hb,3,0,89.344,89.365,delivered,1,
2130,hb,4,0,89.408,89.45,delivered,2,
2131,cmd,0,3,89.408,89.429,delivered,1,
2132,cmd,0,4,89.472,89.514,delivered,2,
2133,thumb,4,0,89.536,89.609,delivered,2,
2134,hb,5,0,89.536,89.557,delivered,1,
2135,cmd,0,5,89.6,89.621,delivered,1,
2136,hb,1,0,89.664,89.706,delivered,2,
2137,cmd,0,1,89.664,89.707,delivered,2,
2138,hb,2,0,89.728,89.749,delivered,1,
2139,cmd,0,2,89.792,89.834,delivered,2,
2140,hb,3,0,89.856,89.878,delivered,1,
2141,thumb,5,0,89.856,89.894,delivered,1,
2142,cmd,0,3,89.856,89.877,delivered,1,
2143,hb,4,0,89.92,89.962,delivered,2,
2144,cmd,0,4,89.984,90.026,delivered,2,
2145,hb,5,0,90.048,90.069,delivered,1,
2146,hb,1,0,90.112,90.175,delivered,3,
2147,cmd,0,5,90.112,90.133,delivered,1,
2148,cmd,0,1,90.176,90.239,delivered,3,
2149,hb,2,0,90.24,90.303,delivered,2,
2150,hb,3,0,90.304,90.326,delivered,1,
2151,cmd,0,2,90.304,90.367,delivered,2,
2152,cmd,0,3,90.368,90.389,delivered,1,
2153,thumb,1,0,90.432,90.541,delivered,3,
2154,hb,4,0,90.432,90.506,delivered,2,
2155,cmd,0,4,90.496,90.543,delivered,2,
2156,hb,5,0,90.56,90.582,delivered,1,
2157,cmd,0,5,90.56,90.581,delivered,1,
2158,hb,1,0,90.624,90.687,delivered,3,
2159,cmd,0,1,90.688,90.751,delivered,3,
2160,hb,2,0,90.752,90.794,delivered,2,
2161,thumb,2,0,90.752,90.826,delivered,2,
2162,cmd,0,2,90.752,90.795,delivered,2,
2163,hb,3,0,90.816,90.837,delivered,1,
2164,cmd,0,3,90.88,90.901,delivered,1,
2165,hb,4,0,90.944,90.986,delivered,2,
2166,hb,5,0,91.008,91.03,delivered,1,
2167,cmd,0,4,91.008,91.05,delivered,2,
2168,cmd,0,5,91.072,91.093,delivered,1,
2169,hb,1,0,91.136,91.199,delivered,3,
2170,thumb,3,0,91.136,91.172,delivered,1,
2171,cmd,0,1,91.2,91.263,delivered,3,
2172,hb,2,0,91.264,91.306,delivered,2,
2173,cmd,0,2,91.264,91.307,delivered,2,
2174,hb,3,0,91.328,91.349,delivered,1,
2175,cmd,0,3,91.392,91.434,delivered,1,
2176,hb,4,0,91.456,91.498,delivered,2,
2177,cmd,0,4,91.456,91.499,delivered,2,
2178,thumb,4,0,91.52,91.593,delivered,2,
2179,hb,5,0,91.52,91.541,delivered,1,
2180,cmd,0,5,91.584,91.605,delivered,1,
2181,hb,1,0,91.648,91.732,delivered,3,
2182,hb,2,0,91.712,91.777,delivered,2,
2183,cmd,0,1,91.712,91.797,delivered,3,
2184,cmd,0,2,91.776,91.818,delivered,2,
2185,hb,3,0,91.84,91.861,delivered,1,
2186,hb,4,0,91.904,91.946,delivered,2,
2187,thumb,5,0,91.904,91.942,delivered,1,
2188,cmd,0,3,91.904,91.925,delivered,1,
2189,cmd,0,4,91.968,92.01,delivered,2,
2190,hb,5,0,92.032,92.053,delivered,1,
2191,cmd,0,5,92.096,92.117,delivered,1,
2192,hb,1,0,92.16,92.225,delivered,3,
2193,cmd,0,1,92.16,92.224,delivered,3,
2194,hb,2,0,92.224,92.266,delivered,2,
2195,cmd,0,2,92.288,92.33,delivered,2,
2196,hb,3,0,92.352,92.374,delivered,1,
2197,cmd,0,3,92.352,92.373,delivered,1,
2198,thumb,1,0,92.416,92.525,delivered,3,
2199,hb,4,0,92.416,92.49,delivered,2,
2200,cmd,0,4,92.48,92.548,delivered,2,
2201,hb,5,0,92.544,92.565,delivered,1,
2202,hb,1,0,92.608,92.671,delivered,3,
2203,cmd,0,5,92.608,92.629,delivered,1,
2204,cmd,0,1,92.672,92.735,delivered,3,
2205,hb,2,0,92.736,92.778,delivered,2,
2206,thumb,2,0,92.8,92.873,delivered,2,
2207,cmd,0,2,92.8,92.842,delivered,2,
2208,hb,3,0,92.864,92.886,delivered,1,
2209,cmd,0,3,92.864,92.885,delivered,1,
2210,hb,4,0,92.928,92.991,delivered,2,
2211,cmd,0,4,92.992,93.055,delivered,2,
2212,hb,5,0,93.056,93.078,delivered,1,
2213,cmd,0,5,93.056,93.077,delivered,1,
2214,hb,1,0,93.12,93.183,delivered,3,
2215,thumb,3,0,93.12,93.156,delivered,1,
2216,cmd,0,1,93.184,93.247,delivered,3,
2217,hb,2,0,93.248,93.29,delivered,2,
2218,hb,3,0,93.312,93.334,delivered,1,
2219,cmd,0,2,93.312,93.354,delivered,2,
2220,cmd,0,3,93.376,93.397,delivered,1,
2221,hb,4,0,93.44,93.482,delivered,2,
2222,thumb,4,0,93.504,93.577,delivered,2,
2223,hb,5,0,93.504,93.526,delivered,1,
2224,cmd,0,4,93.504,93.546,delivered,2,
2225,cmd,0,5,93.568,93.589,delivered,1,
2226,hb,1,0,93.632,93.716,delivered,3,
2227,cmd,0,1,93.696,93.78,delivered,3,
2228,hb,2,0,93.76,93.803,delivered,2,
2229,cmd,0,2,93.76,93.802,delivered,2,
2230,hb,3,0,93.824,93.845,delivered,1,
2231,thumb,5,0,93.888,93.926,delivered,1,
2232,cmd,0,3,93.888,93.909,delivered,1,
2233,hb,4,0,93.952,93.994,delivered,2,
2234,cmd,0,4,93.952,93.995,delivered,2,
2235,hb,5,0,94.016,94.037,delivered,1,
2236,cmd,0,5,94.08,94.101,delivered,1,
2237,hb,1,0,94.144,94.228,delivered,3,
2238,hb,2,0,94.208,94.273,delivered,2,
2239,cmd,0,1,94.208,94.272,delivered,3,
2240,cmd,0,2,94.272,94.314,delivered,2,
2241,hb,3,0,94.336,94.357,delivered,1,
2242,thumb,1,0,94.4,94.509,delivered,3,
2243,cmd,0,3,94.4,94.421,delivered,1,
2244,hb,4,0,94.464,94.533,delivered,2,
2245,cmd,0,4,94.464,94.533,delivered,2,
2246,hb,5,0,94.528,94.549,delivered,1,
2247,cmd,0,5,94.592,94.613,delivered,1,
2248,hb,1,0,94.656,94.721,delivered,3,
2249,cmd,0,1,94.656,94.72,delivered,3,
2250,hb,2,0,94.72,94.762,delivered,2,
2251,thumb,2,0,94.784,94.857,delivered,2,
2252,cmd,0,2,94.784,94.826,delivered,2,
2253,hb,3,0,94.848,94.869,delivered,1,
2254,hb,4,0,94.912,94.954,delivered,2,
2255,cmd,0,3,94.912,94.933,delivered,1,
2256,cmd,0,4,94.976,95.018,delivered,2,
2257,hb,5,0,95.04,95.061,delivered,1,
2258,hb,1,0,95.104,95.167,delivered,3,
2259,cmd,0,5,95.104,95.125,delivered,1,
2260,thumb,3,0,95.168,95.206,delivered,1,
2261,cmd,0,1,95.168,95.231,delivered,3,
2262,hb,2,0,95.232,95.274,delivered,2,
2263,cmd,0,2,95.296,95.338,delivered,2,
2264,hb,3,0,95.36,95.382,delivered,1,
2265,cmd,0,3,95.36,95.381,delivered,1,
2266,hb,4,0,95.424,95.466,delivered,2,
2267,thumb,4,0,95.488,95.561,delivered,2,
2268,cmd,0,4,95.488,95.53,delivered,2,
2269,hb,5,0,95.552,95.574,delivered,1,
2270,cmd,0,5,95.552,95.573,delivered,1,
2271,hb,1,0,95.616,95.7,delivered,3,
2272,cmd,0,1,95.68,95.743,delivered,3,
2273,hb,2,0,95.744,95.786,delivered,2,
2274,hb,3,0,95.808,95.83,delivered,1,
2275,cmd,0,2,95.808,95.85,delivered,2,
2276,thumb,5,0,95.872,95.91,delivered,1,
2277,cmd,0,3,95.872,95.893,delivered,1,
2278,hb,4,0,95.936,95.978,delivered,2,
2279,cmd,0,4,96.0,96.042,delivered,2,
2280,hb,5,0,96.064,96.086,delivered,1,
2281,cmd,0,5,96.064,96.085,delivered,1,
2282,hb,1,0,96.128,96.191,delivered,3,
2283,cmd,0,1,96.192,96.255,delivered,3,
2284,hb,2,0,96.256,96.298,delivered,2,
2285,cmd,0,2,96.256,96.299,delivered,2,
2286,hb,3,0,96.32,96.341,delivered,1,
2287,thumb,1,0,96.384,96.493,delivered,3,
2288,cmd,0,3,96.384,96.405,delivered,1,
2289,hb,4,0,96.448,96.536,delivered,2,
2290,hb,5,0,96.512,96.537,delivered,1,
2291,cmd,0,4,96.512,96.554,delivered,2,
2292,cmd,0,5,96.576,96.597,delivered,1,
2293,hb,1,0,96.64,96.703,delivered,3,
2294,hb,2,0,96.704,96.746,delivered,2,
2295,cmd,0,1,96.704,96.768,delivered,3,
2296,thumb,2,0,96.768,96.841,delivered,2,
2297,cmd,0,2,96.768,96.81,delivered,2,
2298,hb,3,0,96.832,96.853,delivered,1,
2299,cmd,0,3,96.896,96.917,delivered,1,
2300,hb,4,0,96.96,97.002,delivered,2,
2301,cmd,0,4,96.96,97.003,delivered,2,
2302,hb,5,0,97.024,97.045,delivered,1,
2303,cmd,0,5,97.088,97.109,delivered,1,
2304,hb,1,0,97.152,97.217,delivered,3,
2305,thumb,3,0,97.152,97.19,delivered,1,
2306,cmd,0,1,97.152,97.216,delivered,3,
2307,hb,2,0,97.216,97.258,delivered,2,
2308,cmd,0,2,97.28,97.322,delivered,2,
2309,hb,3,0,97.344,97.365,delivered,1,
2310,hb,4,0,97.408,97.45,delivered,2,
2311,cmd,0,3,97.408,97.429,delivered,1,
2312,cmd,0,4,97.472,97.514,delivered,2,
2313,thumb,4,0,97.536,97.645,delivered,2,
2314,hb,5,0,97.536,97.557,delivered,1,
2315,cmd,0,5,97.6,97.621,delivered,1,
2316,hb,1,0,97.664,97.727,delivered,3,
2317,cmd,0,1,97.664,97.749,delivered,3,
2318,hb,2,0,97.728,97.771,delivered,2,
2319,cmd,0,2,97.792,97.834,delivered,2,
2320,hb,3,0,97.856,97.878,delivered,1,
2321,thumb,5,0,97.856,97.894,delivered,1,
2322,cmd,0,3,97.856,97.877,delivered,1,
2323,hb,4,0,97.92,97.962,delivered,2,
2324,cmd,0,4,97.984,98.026,delivered,2,
2325,hb,5,0,98.048,98.069,delivered,1,
2326,hb,1,0,98.112,98.175,delivered,3,
2327,cmd,0,5,98.112,98.133,delivered,1,
2328,cmd,0,1,98.176,98.239,delivered,3,
2329,hb,2,0,98.24,98.282,delivered,2,
2330,hb,3,0,98.304,98.326,delivered,1,
2331,cmd,0,2,98.304,98.346,delivered,2,
2332,cmd,0,3,98.368,98.389,delivered,1,
2333,thumb,1,0,98.432,98.578,delivered,3,
2334,hb,4,0,98.432,98.506,delivered,2,
2335,cmd,0,4,98.496,98.543,delivered,2,
2336,hb,5,0,98.56,98.582,delivered,1,
2337,cmd,0,5,98.56,98.581,delivered,1,
2338,hb,1,0,98.624,98.687,delivered,3,
2339,cmd,0,1,98.688,98.751,delivered,3,
2340,hb,2,0,98.752,98.794,delivered,2,
2341,thumb,2,0,98.752,98.826,delivered,2,
2342,cmd,0,2,98.752,98.795,delivered,2,
2343,hb,3,0,98.816,98.837,delivered,1,
2344,cmd,0,3,98.88,98.901,delivered,1,
2345,hb,4,0,98.944,98.986,delivered,2,
2346,hb,5,0,99.008,99.03,delivered,1,
2347,cmd,0,4,99.008,99.05,delivered,2,
2348,cmd,0,5,99.072,99.093,delivered,1,
2349,hb,1,0,99.136,99.199,delivered,3,
2350,thumb,3,0,99.136,99.172,delivered,1,
2351,cmd,0,1,99.2,99.263,delivered,3,
2352,hb,2,0,99.264,99.306,delivered,2,
2353,cmd,0,2,99.264,99.307,delivered,2,
2354,hb,3,0,99.328,99.349,delivered,1,
2355,cmd,0,3,99.392,99.413,delivered,1,
2356,hb,4,0,99.456,99.498,delivered,2,
2357,cmd,0,4,99.456,99.499,delivered,2,
2358,thumb,4,0,99.52,99.593,delivered,2,
2359,hb,5,0,99.52,99.541,delivered,1,
2360,cmd,0,5,99.584,99.605,delivered,1,
2361,hb,1,0,99.648,99.711,delivered,3,
2362,hb,2,0,99.712,99.754,delivered,2,
2363,cmd,0,1,99.712,99.776,delivered,3,
2364,cmd,0,2,99.776,99.818,delivered,2,
2365,hb,3,0,99.84,99.861,delivered,1,
2366,hb,4,0,99.904,99.946,delivered,2,
2367,thumb,5,0,99.904,99.942,delivered,1,
2368,cmd,0,3,99.904,99.925,delivered,1,
2369,cmd,0,4,99.968,100.01,delivered,2,
2370,hb,5,0,100.032,100.053,delivered,1,
2371,cmd,0,5,100.096,100.117,delivered,1,
2372,hb,1,0,100.16,100.225,delivered,3,
2373,cmd,0,1,100.16,100.224,delivered,3,
2374,hb,2,0,100.224,100.266,delivered,2,
2375,cmd,0,2,100.288,100.33,delivered,2,
2376,hb,3,0,100.352,100.374,delivered,1,
2377,cmd,0,3,100.352,100.373,delivered,1,
2378,thumb,1,0,100.416,100.539,delivered,3,
2379,hb,4,0,100.416,100.511,delivered,2,
2380,cmd,0,4,100.48,100.522,delivered,2,
2381,hb,5,0,100.544,100.565,delivered,1,
2382,hb,1,0,100.608,100.671,delivered,3,
2383,cmd,0,5,100.608,100.629,delivered,1,
2384,cmd,0,1,100.672,100.735,delivered,3,
2385,hb,2,0,100.736,100.778,delivered,2,
2386,thumb,2,0,100.8,100.873,delivered,2,
2387,cmd,0,2,100.8,100.842,delivered,2,
2388,hb,3,0,100.864,100.886,delivered,1,
2389,cmd,0,3,100.864,100.885,delivered,1,
2390,hb,4,0,100.928,100.991,delivered,2,
2391,cmd,0,4,100.992,101.034,delivered,2,
2392,hb,5,0,101.056,101.078,delivered,1,
2393,cmd,0,5,101.056,101.077,delivered,1,
2394,hb,1,0,101.12,101.183,delivered,3,
2395,thumb,3,0,101.12,101.156,delivered,1,
2396,cmd,0,1,101.184,101.247,delivered,3,
2397,hb,2,0,101.248,101.29,delivered,2,
2398,hb,3,0,101.312,101.334,delivered,1,
2399,cmd,0,2,101.312,101.354,delivered,2,
2400,cmd,0,3,101.376,101.397,delivered,1,
2401,hb,4,0,101.44,101.482,delivered,2,
2402,thumb,4,0,101.504,101.65,delivered,2,
2403,hb,5,0,101.504,101.526,delivered,1,
2404,cmd,0,4,101.504,101.546,delivered,2,
2405,cmd,0,5,101.568,101.589,delivered,1,
2406,hb,1,0,101.632,101.695,delivered,3,
2407,cmd,0,1,101.696,101.759,delivered,3,
2408,hb,2,0,101.76,101.802,delivered,2,
2409,cmd,0,2,101.76,101.803,delivered,2,
2410,hb,3,0,101.824,101.845,delivered,1,
2411,thumb,5,0,101.888,101.926,delivered,1,
2412,cmd,0,3,101.888,101.909,delivered,1,
2413,hb,4,0,101.952,101.994,delivered,2,
2414,cmd,0,4,101.952,101.995,delivered,2,
2415,hb,5,0,102.016,102.037,delivered,1,
2416,cmd,0,5,102.08,102.101,delivered,1,
2417,hb,1,0,102.144,102.207,delivered,3,
2418,hb,2,0,102.208,102.25,delivered,2,
2419,cmd,0,1,102.208,102.272,delivered,3,
2420,cmd,0,2,102.272,102.314,delivered,2,
2421,hb,3,0,102.336,102.357,delivered,1,
2422,thumb,1,0,102.4,102.509,delivered,3,
2423,cmd,0,3,102.4,102.421,delivered,1,
2424,hb,4,0,102.464,102.531,delivered,2,
2425,cmd,0,4,102.464,102.511,delivered,2,
2426,hb,5,0,102.528,102.549,delivered,1,
2427,cmd,0,5,102.592,102.613,delivered,1,
2428,hb,1,0,102.656,102.76,delivered,3,
2429,cmd,0,1,102.656,102.741,delivered,3,
2430,hb,2,0,102.72,102.763,delivered,2,
2431,thumb,2,0,102.784,102.857,delivered,2,
2432,cmd,0,2,102.784,102.826,delivered,2,
2433,hb,3,0,102.848,102.869,delivered,1,
2434,hb,4,0,102.912,102.954,delivered,2,
2435,cmd,0,3,102.912,102.933,delivered,1,
2436,cmd,0,4,102.976,103.018,delivered,2,
2437,hb,5,0,103.04,103.061,delivered,1,
2438,hb,1,0,103.104,103.167,delivered,3,
2439,cmd,0,5,103.104,103.125,delivered,1,
2440,thumb,3,0,103.168,103.206,delivered,1,
2441,cmd,0,1,103.168,103.231,delivered,3,
2442,hb,2,0,103.232,103.274,delivered,2,
2443,cmd,0,2,103.296,103.338,delivered,2,
2444,hb,3,0,103.36,103.382,delivered,1,
2445,cmd,0,3,103.36,103.381,delivered,1,
2446,hb,4,0,103.424,103.466,delivered,2,
2447,thumb,4,0,103.488,103.561,delivered,2,
2448,cmd,0,4,103.488,103.53,delivered,2,
2449,hb,5,0,103.552,103.574,delivered,1,
2450,cmd,0,5,103.552,103.573,delivered,1,
2451,hb,1,0,103.616,103.679,delivered,3,
2452,cmd,0,1,103.68,103.743,delivered,3,
2453,hb,2,0,103.744,103.828,delivered,2,
2454,hb,3,0,103.808,103.83,delivered,1,
2455,cmd,0,2,103.808,103.892,delivered,2,
2456,thumb,5,0,103.872,103.91,delivered,1,
2457,cmd,0,3,103.872,103.893,delivered,1,
2458,hb,4,0,103.936,103.978,delivered,2,
2459,cmd,0,4,104.0,104.042,delivered,2,
2460,hb,5,0,104.064,104.086,delivered,1,
2461,cmd,0,5,104.064,104.085,delivered,1,
2462,hb,1,0,104.128,104.191,delivered,3,
2463,cmd,0,1,104.192,104.255,delivered,3,
2464,hb,2,0,104.256,104.298,delivered,2,
2465,cmd,0,2,104.256,104.299,delivered,2,
2466,hb,3,0,104.32,104.341,delivered,1,
2467,thumb,1,0,104.384,104.493,delivered,3,
2468,cmd,0,3,104.384,104.405,delivered,1,
2469,hb,4,0,104.448,104.515,delivered,2,
2470,hb,5,0,104.512,104.534,delivered,1,
2471,cmd,0,4,104.512,104.554,delivered,2,
2472,cmd,0,5,104.576,104.597,delivered,1,
2473,hb,1,0,104.64,104.703,delivered,3,
2474,hb,2,0,104.704,104.746,delivered,2,
2475,cmd,0,1,104.704,104.789,delivered,3,
2476,thumb,2,0,104.768,104.89,delivered,2,
2477,cmd,0,2,104.768,104.81,delivered,2,
2478,hb,3,0,104.832,104.874,delivered,1,
2479,cmd,0,3,104.896,104.917,delivered,1,
2480,hb,4,0,104.96,105.002,delivered,2,
2481,cmd,0,4,104.96,105.003,delivered,2,
2482,hb,5,0,105.024,105.045,delivered,1,
2483,cmd,0,5,105.088,105.109,delivered,1,
2484,hb,1,0,105.152,105.239,delivered,3,
2485,thumb,3,0,105.152,105.19,delivered,1,
2486,cmd,0,1,105.152,105.237,delivered,3,
2487,hb,2,0,105.216,105.259,delivered,2,
2488,cmd,0,2,105.28,105.322,delivered,2,
2489,hb,3,0,105.344,105.365,delivered,1,
2490,hb,4,0,105.408,105.45,delivered,2,
2491,cmd,0,3,105.408,105.429,delivered,1,
2492,cmd,0,4,105.472,105.514,delivered,2,
2493,thumb,4,0,105.536,105.609,delivered,2,
2494,hb,5,0,105.536,105.573,delivered,1,
2495,cmd,0,5,105.6,105.621,delivered,1,
2496,hb,1,0,105.664,105.729,delivered,3,
2497,cmd,0,1,105.664,105.728,delivered,3,
2498,hb,2,0,105.728,105.77,delivered,2,
2499,cmd,0,2,105.792,105.834,delivered,2,
2500,hb,3,0,105.856,105.878,delivered,1,
2501,thumb,5,0,105.856,105.894,delivered,1,
2502,cmd,0,3,105.856,105.877,delivered,1,
2503,hb,4,0,105.92,105.962,delivered,2,
2504,cmd,0,4,105.984,106.026,delivered,2,
2505,hb,5,0,106.048,106.069,delivered,1,
2506,hb,1,0,106.112,106.175,delivered,3,
2507,cmd,0,5,106.112,106.133,delivered,1,
2508,cmd,0,1,106.176,106.239,delivered,3,
2509,hb,2,0,106.24,106.282,delivered,2,
2510,hb,3,0,106.304,106.326,delivered,1,
2511,cmd,0,2,106.304,106.346,delivered,2,
2512,cmd,0,3,106.368,106.389,delivered,1,
2513,thumb,1,0,106.432,106.555,delivered,3,
2514,hb,4,0,106.432,106.527,delivered,2,
2515,cmd,0,4,106.496,106.538,delivered,2,
2516,hb,5,0,106.56,106.582,delivered,1,
2517,cmd,0,5,106.56,106.581,delivered,1,
2518,hb,1,0,106.624,106.728,delivered,3,
2519,cmd,0,1,106.688,106.751,delivered,3,
2520,hb,2,0,106.752,106.794,delivered,2,
2521,thumb,2,0,106.752,106.826,delivered,2,
2522,cmd,0,2,106.752,106.795,delivered,2,
2523,hb,3,0,106.816,106.837,delivered,1,
2524,cmd,0,3,106.88,106.901,delivered,1,
2525,hb,4,0,106.944,106.986,delivered,2,
2526,hb,5,0,107.008,107.03,delivered,1,
2527,cmd,0,4,107.008,107.05,delivered,2,
2528,cmd,0,5,107.072,107.093,delivered,1,
2529,hb,1,0,107.136,107.199,delivered,3,
2530,thumb,3,0,107.136,107.172,delivered,1,
2531,cmd,0,1,107.2,107.263,delivered,3,
2532,hb,2,0,107.264,107.306,delivered,2,
2533,cmd,0,2,107.264,107.307,delivered,2,
2534,hb,3,0,107.328,107.349,delivered,1,
2535,cmd,0,3,107.392,107.413,delivered,1,
2536,hb,4,0,107.456,107.498,delivered,2,
2537,cmd,0,4,107.456,107.499,delivered,2,
2538,thumb,4,0,107.52,107.593,delivered,2,
2539,hb,5,0,107.52,107.557,delivered,1,
2540,cmd,0,5,107.584,107.605,delivered,1,
2541,hb,1,0,107.648,107.711,delivered,3,
2542,hb,2,0,107.712,107.775,delivered,2,
2543,cmd,0,1,107.712,107.797,delivered,3,
2544,cmd,0,2,107.776,107.839,delivered,2,
2545,hb,3,0,107.84,107.861,delivered,1,
2546,hb,4,0,107.904,107.946,delivered,2,
2547,thumb,5,0,107.904,107.942,delivered,1,
2548,cmd,0,3,107.904,107.925,delivered,1,
2549,cmd,0,4,107.968,108.01,delivered,2,
2550,hb,5,0,108.032,108.053,delivered,1,
2551,cmd,0,5,108.096,108.117,delivered,1,
2552,hb,1,0,108.16,108.246,delivered,3,
2553,cmd,0,1,108.16,108.224,delivered,3,
2554,hb,2,0,108.224,108.266,delivered,2,
2555,cmd,0,2,108.288,108.33,delivered,2,
2556,hb,3,0,108.352,108.374,delivered,1,
2557,cmd,0,3,108.352,108.373,delivered,1,
2558,thumb,1,0,108.416,108.525,delivered,3,
2559,hb,4,0,108.416,108.49,delivered,2,
2560,cmd,0,4,108.48,108.527,delivered,2,
2561,hb,5,0,108.544,108.565,delivered,1,
2562,hb,1,0,108.608,108.671,delivered,3,
2563,cmd,0,5,108.608,108.629,delivered,1,
2564,cmd,0,1,108.672,108.735,delivered,3,
2565,hb,2,0,108.736,108.778,delivered,2,
2566,thumb,2,0,108.8,108.909,delivered,2,
2567,cmd,0,2,108.8,108.874,delivered,2,
2568,hb,3,0,108.864,108.886,delivered,1,
2569,cmd,0,3,108.864,108.885,delivered,1,
2570,hb,4,0,108.928,108.97,delivered,2,
2571,cmd,0,4,108.992,109.034,delivered,2,
2572,hb,5,0,109.056,109.078,delivered,1,
2573,cmd,0,5,109.056,109.077,delivered,1,
2574,hb,1,0,109.12,109.204,delivered,3,
2575,thumb,3,0,109.12,109.156,delivered,1,
2576,cmd,0,1,109.184,109.247,delivered,3,
2577,hb,2,0,109.248,109.29,delivered,2,
2578,hb,3,0,109.312,109.334,delivered,1,
2579,cmd,0,2,109.312,109.354,delivered,2,
2580,cmd,0,3,109.376,109.397,delivered,1,
2581,hb,4,0,109.44,109.482,delivered,2,
2582,thumb,4,0,109.504,109.577,delivered,2,
2583,hb,5,0,109.504,109.541,delivered,1,
2584,cmd,0,4,109.504,109.546,delivered,2,
2585,cmd,0,5,109.568,109.589,delivered,1,
2586,hb,1,0,109.632,109.695,delivered,3,
2587,cmd,0,1,109.696,109.759,delivered,3,
2588,hb,2,0,109.76,109.802,delivered,2,
2589,cmd,0,2,109.76,109.803,delivered,2,
2590,hb,3,0,109.824,109.845,delivered,1,
2591,thumb,5,0,109.888,109.926,delivered,1,
2592,cmd,0,3,109.888,109.909,delivered,1,
2593,hb,4,0,109.952,109.994,delivered,2,
2594,cmd,0,4,109.952,109.995,delivered,2,
2595,hb,5,0,110.016,110.037,delivered,1,
2596,cmd,0,5,110.08,110.101,delivered,1,
2597,hb,1,0,110.144,110.207,delivered,3,
2598,hb,2,0,110.208,110.25,delivered,2,
2599,cmd,0,1,110.208,110.272,delivered,3,
2600,cmd,0,2,110.272,110.335,delivered,2,
2601,hb,3,0,110.336,110.357,delivered,1,
2602,thumb,1,0,110.4,110.548,delivered,3,
2603,cmd,0,3,110.4,110.421,delivered,1,
2604,hb,4,0,110.464,110.531,delivered,2,
2605,cmd,0,4,110.464,110.511,delivered,2,
2606,hb,5,0,110.528,110.549,delivered,1,
2607,cmd,0,5,110.592,110.613,delivered,1,
2608,hb,1,0,110.656,110.742,delivered,3,
2609,cmd,0,1,110.656,110.72,delivered,3,
2610,hb,2,0,110.72,110.762,delivered,2,
2611,thumb,2,0,110.784,110.857,delivered,2,
2612,cmd,0,2,110.784,110.826,delivered,2,
2613,hb,3,0,110.848,110.869,delivered,1,
2614,hb,4,0,110.912,110.954,delivered,2,
2615,cmd,0,3,110.912,110.933,delivered,1,
2616,cmd,0,4,110.976,111.018,delivered,2,
2617,hb,5,0,111.04,111.061,delivered,1,
2618,hb,1,0,111.104,111.188,delivered,3,
2619,cmd,0,5,111.104,111.125,delivered,1,
2620,thumb,3,0,111.168,111.206,delivered,1,
2621,cmd,0,1,111.168,111.231,delivered,3,
2622,hb,2,0,111.232,111.274,delivered,2,
2623,cmd,0,2,111.296,111.338,delivered,2,
2624,hb,3,0,111.36,111.382,delivered,1,
2625,cmd,0,3,111.36,111.381,delivered,1,
2626,hb,4,0,111.424,111.466,delivered,2,
2627,thumb,4,0,111.488,111.561,delivered,2,
2628,cmd,0,4,111.488,111.53,delivered,2,
2629,hb,5,0,111.552,111.574,delivered,1,
2630,cmd,0,5,111.552,111.573,delivered,1,
2631,hb,1,0,111.616,111.679,delivered,3,
2632,cmd,0,1,111.68,111.743,delivered,3,
2633,hb,2,0,111.744,111.807,delivered,2,
2634,hb,3,0,111.808,111.83,delivered,1,
2635,cmd,0,2,111.808,111.871,delivered,2,
2636,thumb,5,0,111.872,111.91,delivered,1,
2637,cmd,0,3,111.872,111.893,delivered,1,
2638,hb,4,0,111.936,111.999,delivered,2,
2639,cmd,0,4,112.0,112.105,delivered,2,
2640,hb,5,0,112.064,112.106,delivered,1,
2641,cmd,0,5,112.064,112.085,delivered,1,
2642,hb,1,0,112.128,112.191,delivered,3,
2643,cmd,0,1,112.192,112.255,delivered,3,
2644,hb,2,0,112.256,112.298,delivered,2,
2645,cmd,0,2,112.256,112.299,delivered,2,
2646,hb,3,0,112.32,112.341,delivered,1,
2647,thumb,1,0,112.384,112.568,delivered,3,
2648,cmd,0,3,112.384,112.405,delivered,1,
2649,hb,4,0,112.448,112.515,delivered,2,
2650,hb,5,0,112.512,112.569,delivered,1,
2651,cmd,0,4,112.512,112.591,delivered,2,
2652,cmd,0,5,112.576,112.597,delivered,1,
2653,hb,1,0,112.64,112.703,delivered,3,
2654,hb,2,0,112.704,112.746,delivered,2,
2655,cmd,0,1,112.704,112.768,delivered,3,
2656,thumb,2,0,112.768,112.841,delivered,2,
2657,cmd,0,2,112.768,112.81,delivered,2,
2658,hb,3,0,112.832,112.853,delivered,1,
2659,cmd,0,3,112.896,112.959,delivered,1,
2660,hb,4,0,112.96,113.023,delivered,2,
2661,cmd,0,4,112.96,113.024,delivered,2,
2662,hb,5,0,113.024,113.045,delivered,1,
2663,cmd,0,5,113.088,113.109,delivered,1,
2664,hb,1,0,113.152,113.217,delivered,3,
2665,thumb,3,0,113.152,113.19,delivered,1,
2666,cmd,0,1,113.152,113.216,delivered,3,
2667,hb,2,0,113.216,113.32,delivered,2,
2668,cmd,0,2,113.28,113.385,delivered,2,
2669,hb,3,0,113.344,113.386,delivered,1,
2670,hb,4,0,113.408,113.45,delivered,2,
2671,cmd,0,3,113.408,113.429,delivered,1,
2672,cmd,0,4,113.472,113.514,delivered,2,
2673,thumb,4,0,113.536,113.609,delivered,2,
2674,hb,5,0,113.536,113.573,delivered,1,
2675,cmd,0,5,113.6,113.621,delivered,1,
2676,hb,1,0,113.664,113.75,delivered,3,
2677,cmd,0,1,113.664,113.728,delivered,3,
2678,hb,2,0,113.728,113.77,delivered,2,
2679,cmd,0,2,113.792,113.834,delivered,2,
2680,hb,3,0,113.856,113.878,delivered,1,
2681,data,4,0,113.856,114.03,delivered,2,4|P3|0
2682,data,4,0,113.856,114.319,delivered,2,4|P3|1
2683,data,4,0,113.856,114.388,delivered,2,4|P3|2
2684,data,4,0,113.856,114.657,delivered,2,4|P3|3
2685,thumb,5,0,113.856,114.048,delivered,1,
2686,cmd,0,3,113.856,113.877,delivered,1,
2687,hb,4,0,113.92,114.052,delivered,2,
2688,cmd,0,4,113.984,114.119,delivered,2,
2689,hb,5,0,114.048,114.321,delivered,1,
2690,ack,0,4,114.03,114.186,delivered,2,
2691,hb,1,0,114.112,114.458,delivered,3,
2692,cmd,0,5,114.112,114.133,delivered,1,
2693,cmd,0,1,114.176,114.389,delivered,3,
2694,hb,2,0,114.24,114.506,delivered,2,
2695,hb,3,0,114.304,114.391,delivered,1,
2696,data,4,0,114.304,114.822,delivered,2,4|P3|4
2697,cmd,0,2,114.304,114.573,delivered,2,
2698,cmd,0,3,114.368,114.39,delivered,1,
2699,ack,0,4,114.319,114.459,delivered,2,
2700,thumb,1,0,114.432,114.59,delivered,3,
2701,hb,4,0,114.432,114.753,delivered,2,
2702,ack,0,4,114.388,114.744,delivered,2,
2703,cmd,0,4,114.496,115.028,delivered,2,
2704,data,4,0,114.56,114.891,delivered,2,4|P3|5
2705,hb,5,0,114.56,114.754,delivered,1,
2706,cmd,0,5,114.56,114.591,delivered,1,
2707,hb,1,0,114.624,114.752,delivered,3,
2708,cmd,0,1,114.688,114.751,delivered,3,
2709,ack,0,4,114.657,114.756,delivered,2,
2710,hb,2,0,114.752,114.892,delivered,2,
2711,thumb,2,0,114.752,115.046,delivered,2,
2712,cmd,0,2,114.752,115.029,delivered,2,
2713,hb,3,0,114.816,115.026,delivered,1,
2714,data,4,0,114.816,115.22,delivered,2,4|P3|6
2715,data,4,0,114.88,115.445,delivered,2,4|P3|7
2716,cmd,0,3,114.88,114.901,delivered,1,
2717,ack,0,4,114.822,115.049,delivered,2,
2718,hb,4,0,114.944,115.068,delivered,2,
2719,ack,0,4,114.891,115.049,delivered,2,
2720,hb,5,0,115.008,115.048,delivered,1,
2721,cmd,0,4,115.008,115.051,delivered,2,
2722,cmd,0,5,115.072,115.135,delivered,1,
2723,hb,1,0,115.136,115.222,delivered,3,
2724,thumb,3,0,115.136,115.6,delivered,1,
2725,data,4,0,115.136,115.514,delivered,2,4|P3|8
2726,data,4,0,115.136,115.583,delivered,2,4|P3|9
2727,cmd,0,1,115.2,115.358,delivered,3,
2728,hb,2,0,115.264,115.516,delivered,2,
2729,cmd,0,2,115.264,115.448,delivered,2,
2730,ack,0,4,115.22,115.359,delivered,2,
2731,hb,3,0,115.328,115.379,delivered,1,
2732,cmd,0,3,115.392,115.447,delivered,1,
2733,hb,4,0,115.456,115.793,delivered,2,
2734,data,4,0,115.456,115.879,delivered,2,4|P3|10
2735,cmd,0,4,115.456,115.792,delivered,2,
2736,ack,0,4,115.445,115.794,delivered,2,
2737,thumb,4,0,115.52,115.811,delivered,2,
2738,hb,5,0,115.52,115.769,delivered,1,
2739,ack,0,4,115.514,115.794,delivered,2,
2740,cmd,0,5,115.584,115.605,delivered,1,
2741,ack,0,4,115.583,115.795,delivered,2,
2742,hb,1,0,115.648,115.902,delivered,3,
2743,hb,2,0,115.712,115.813,delivered,2,
2744,cmd,0,1,115.712,115.812,delivered,3,
2745,cmd,0,2,115.776,115.903,delivered,2,
2746,hb,3,0,115.84,115.901,delivered,1,
2747,hb,4,0,115.904,116.227,delivered,2,
2748,data,4,0,115.904,116.296,delivered,2,4|P3|11
2749,data,4,0,115.904,116.43,delivered,2,4|P3|12
2750,data,4,0,115.904,116.626,delivered,2,4|P3|13
2751,thumb,5,0,115.904,115.942,delivered,1,
2752,cmd,0,3,115.904,115.946,delivered,1,
2753,ack,0,4,115.879,116.227,delivered,2,
2754,cmd,0,4,115.968,116.229,delivered,2,
2755,hb,5,0,116.032,116.228,delivered,1,
2756,cmd,0,5,116.096,116.117,delivered,1,
2757,hb,1,0,116.16,116.555,delivered,4,
2758,cmd,0,1,116.16,116.498,delivered,4,
2759,hb,2,0,116.224,116.558,delivered,3,
2760,cmd,0,2,116.288,116.648,delivered,3,
2761,hb,3,0,116.352,116.65,delivered,2,
2762,data,4,0,116.352,116.775,delivered,2,4|P3|14
2763,cmd,0,3,116.352,116.556,delivered,2,
2764,ack,0,4,116.296,116.627,delivered,2,
2765,thumb,1,0,116.416,116.708,delivered,4,
2766,hb,4,0,116.416,116.558,delivered,2,
2767,cmd,0,4,116.48,116.56,delivered,2,
2768,ack,0,4,116.43,116.671,delivered,2,
2769,hb,5,0,116.544,116.649,delivered,1,
2770,hb,1,0,116.608,116.692,delivered,4,
2771,cmd,0,5,116.608,116.629,delivered,1,
2772,cmd,0,1,116.672,116.969,delivered,4,
2773,ack,0,4,116.626,116.987,delivered,2,
2774,hb,2,0,116.736,117.009,delivered,3,
2775,data,4,0,116.736,117.096,delivered,2,4|P3|15
2776,data,4,0,116.736,117.397,delivered,2,4|P3|16
2777,thumb,2,0,116.8,117.028,delivered,3,
2778,cmd,0,2,116.8,117.029,delivered,3,
2779,ack,0,4,116.775,117.01,delivered,2,
2780,hb,3,0,116.864,117.012,delivered,2,
2781,cmd,0,3,116.864,117.011,delivered,2,
2782,hb,4,0,116.928,117.269,delivered,2,
2783,cmd,0,4,116.992,117.289,delivered,2,
2784,data,4,0,117.056,117.556,delivered,2,4|P3|17
2785,hb,5,0,117.056,117.246,delivered,1,
2786,cmd,0,5,117.056,117.097,delivered,1,
2787,hb,1,0,117.12,117.313,delivered,4,
2788,thumb,3,0,117.12,117.331,delivered,2,
2789,data,4,0,117.12,117.645,delivered,2,4|P3|18
2790,ack,0,4,117.096,117.29,delivered,2,
2791,cmd,0,1,117.184,117.334,delivered,4,
2792,hb,2,0,117.248,117.314,delivered,3,
2793,hb,3,0,117.312,117.466,delivered,2,
2794,cmd,0,2,117.312,117.488,delivered,3,
2795,data,4,0,117.376,117.799,delivered,2,4|P3|19
2796,cmd,0,3,117.376,117.489,delivered,2,
2797,hb,4,0,117.44,117.49,delivered,2,
2798,ack,0,4,117.397,117.49,delivered,2,
2799,thumb,4,0,117.504,117.728,delivered,2,
2800,hb,5,0,117.504,117.574,delivered,1,
2801,cmd,0,4,117.504,117.579,delivered,2,
2802,data,4,0,117.568,118.238,delivered,2,4|P3|20
2803,cmd,0,5,117.568,117.646,delivered,1,
2804,ack,0,4,117.556,117.711,delivered,2,
2805,hb,1,0,117.632,117.803,delivered,4,
2806,cmd,0,1,117.696,117.842,delivered,4,
2807,ack,0,4,117.645,117.822,delivered,2,
2808,hb,2,0,117.76,117.979,delivered,3,
2809,cmd,0,2,117.76,117.844,delivered,3,
2810,hb,3,0,117.824,118.151,delivered,2,
2811,data,4,0,117.824,118.305,delivered,2,4|P3|21
2812,ack,0,4,117.799,118.172,delivered,2,
2813,data,4,0,117.888,118.508,delivered,2,4|P3|22
2814,thumb,5,0,117.888,118.171,delivered,1,
2815,cmd,0,3,117.888,118.152,delivered,2,
2816,hb,4,0,117.952,118.155,delivered,2,
2817,cmd,0,4,117.952,118.154,delivered,2,
2818,hb,5,0,118.016,118.153,delivered,1,
2819,cmd,0,5,118.08,118.101,delivered,1,
2820,hb,1,0,118.144,118.374,delivered,4,
2821,hb,2,0,118.208,118.397,delivered,3,
2822,cmd,0,1,118.208,118.417,delivered,4,
2823,data,4,0,118.272,118.576,delivered,2,4|P3|23
2824,cmd,0,2,118.272,118.419,delivered,3,
2825,ack,0,4,118.238,118.42,delivered,2,
2826,hb,3,0,118.336,118.422,delivered,2,
2827,ack,0,4,118.305,118.42,delivered,2,
2828,thumb,1,0,118.4,118.747,delivered,4,
2829,cmd,0,3,118.4,118.442,delivered,2,
2830,hb,4,0,118.464,118.728,delivered,2,
2831,cmd,0,4,118.464,118.727,delivered,2,
2832,data,4,0,118.528,118.814,delivered,2,4|P3|24
2833,data,4,0,118.528,119.121,delivered,2,4|P3|25
2834,hb,5,0,118.528,118.726,delivered,1,
2835,ack,0,4,118.508,118.728,delivered,2,
2836,cmd,0,5,118.592,118.613,delivered,1,
2837,ack,0,4,118.576,118.729,delivered,2,
2838,hb,1,0,118.656,118.822,delivered,4,
2839,cmd,0,1,118.656,118.864,delivered,4,
2840,hb,2,0,118.72,118.867,delivered,3,
2841,thumb,2,0,118.784,119.055,delivered,3,
2842,cmd,0,2,118.784,118.866,delivered,3,
2843,hb,3,0,118.848,119.036,delivered,2,
2844,data,4,0,118.848,119.188,delivered,2,4|P3|26
2845,data,4,0,118.848,119.386,delivered,2,4|P3|27
2846,ack,0,4,118.814,119.035,delivered,2,
2847,hb,4,0,118.912,119.038,delivered,2,
2848,cmd,0,3,118.912,119.037,delivered,2,
2849,cmd,0,4,118.976,119.039,delivered,2,
2850,hb,5,0,119.04,119.122,delivered,1,
2851,hb,1,0,119.104,119.273,delivered,4,
2852,data,4,0,119.104,119.478,delivered,2,4|P3|28
2853,cmd,0,5,119.104,119.189,delivered,1,
2854,thumb,3,0,119.168,119.318,delivered,2,
2855,cmd,0,1,119.168,119.341,delivered,4,
2856,ack,0,4,119.121,119.3,delivered,2,
2857,hb,2,0,119.232,119.301,delivered,3,
2858,ack,0,4,119.188,119.3,delivered,2,
2859,cmd,0,2,119.296,119.41,delivered,3,
2860,hb,3,0,119.36,119.41,delivered,2,
2861,cmd,0,3,119.36,119.412,delivered,2,
2862,hb,4,0,119.424,119.645,delivered,2,
2863,data,4,0,119.424,119.893,delivered,2,4|P3|29
2864,data,4,0,119.424,120.156,delivered,2,4|P3|30
2865,ack,0,4,119.386,119.562,delivered,2,
2866,thumb,4,0,119.488,119.716,delivered,2,
2867,cmd,0,4,119.488,119.68,delivered,2,
2868,ack,0,4,119.478,119.783,delivered,2,
2869,hb,5,0,119.552,119.646,delivered,1,
2870,cmd,0,5,119.552,119.573,delivered,1,
2871,hb,1,0,119.616,119.7,delivered,4,
2872,data,4,0,119.68,120.222,delivered,2,4|P3|31
2873,cmd,0,1,119.68,119.847,delivered,4,
2874,hb,2,0,119.744,119.827,delivered,3,
2875,hb,3,0,119.808,119.962,delivered,2,
2876,cmd,0,2,119.808,120.068,delivered,3,
2877,data,4,0,119.872,120.403,delivered,2,4|P3|32
2878,thumb,5,0,119.872,120.088,delivered,1,
2879,cmd,0,3,119.872,120.069,delivered,2,
2880,hb,4,0,119.936,120.071,delivered,2,
2881,ack,0,4,119.893,120.07,delivered,2,
2882,cmd,0,4,120.0,120.072,delivered,2,
2883,hb,5,0,120.064,120.09,delivered,1,
2884,cmd,0,5,120.064,120.09,delivered,1,
2885,hb,1,0,120.128,120.29,delivered,4,
2886,data,4,0,120.192,120.492,delivered,2,4|P3|33
2887,cmd,0,1,120.192,120.355,delivered,4,
2888,ack,0,4,120.156,120.404,delivered,2,
2889,hb,2,0,120.256,120.337,delivered,3,
2890,cmd,0,2,120.256,120.405,delivered,3,
2891,ack,0,4,120.222,120.336,delivered,2,
2892,hb,3,0,120.32,120.424,delivered,2,
2893,thumb,1,0,120.384,120.662,delivered,4,
2894,cmd,0,3,120.384,120.426,delivered,2,
2895,hb,4,0,120.448,120.665,delivered,2,
2896,data,4,0,120.448,120.731,delivered,2,4|P3|34
2897,ack,0,4,120.403,120.643,delivered,2,
2898,data,4,0,120.512,120.798,delivered,2,4|P3|35
2899,hb,5,0,120.512,120.643,delivered,1,
2900,cmd,0,4,120.512,120.645,delivered,2,
2901,ack,0,4,120.492,120.646,delivered,2,
2902,cmd,0,5,120.576,120.597,delivered,1,
2903,hb,1,0,120.64,120.956,delivered,4,
2904,hb,2,0,120.704,120.98,delivered,3,
2905,cmd,0,1,120.704,120.999,delivered,4,
2906,thumb,2,0,120.768,121.043,delivered,3,
2907,data,4,0,120.768,121.109,delivered,2,4|P3|36
2908,data,4,0,120.768,121.426,delivered,2,4|P3|37
2909,cmd,0,2,120.768,121.0,delivered,3,
2910,ack,0,4,120.731,120.981,delivered,2,
2911,hb,3,0,120.832,121.023,delivered,2,
2912,ack,0,4,120.798,121.022,delivered,2,
2913,cmd,0,3,120.896,121.024,delivered,2,
2914,hb,4,0,120.96,121.026,delivered,2,
2915,cmd,0,4,120.96,121.025,delivered,2,
2916,hb,5,0,121.024,121.258,delivered,1,
2917,data,4,0,121.088,121.684,delivered,2,4|P3|38
2918,data,4,0,121.088,121.804,delivered,2,4|P3|39
2919,cmd,0,5,121.088,121.11,delivered,1,
2920,hb,1,0,121.152,121.302,delivered,4,
2921,thumb,3,0,121.152,121.36,delivered,2,
2922,cmd,0,1,121.152,121.322,delivered,4,
2923,ack,0,4,121.109,121.282,delivered,2,
2924,hb,2,0,121.216,121.3,delivered,3,
2925,cmd,0,2,121.28,121.343,delivered,3,
2926,hb,3,0,121.344,121.495,delivered,2,
2927,hb,4,0,121.408,121.615,delivered,2,
2928,data,4,0,121.408,121.941,delivered,2,4|P3|40
2929,cmd,0,3,121.408,121.616,delivered,2,
2930,cmd,0,4,121.472,121.617,delivered,2,
2931,ack,0,4,121.426,121.618,delivered,2,
2932,thumb,4,0,121.536,121.737,delivered,2,
2933,hb,5,0,121.536,121.578,delivered,1,
2934,cmd,0,5,121.6,121.685,delivered,1,
2935,hb,1,0,121.664,121.874,delivered,4,
2936,cmd,0,1,121.664,121.893,delivered,4,
2937,hb,2,0,121.728,121.944,delivered,3,
2938,data,4,0,121.728,122.315,delivered,2,4|P3|41
2939,ack,0,4,121.684,121.872,delivered,2,
2940,cmd,0,2,121.792,121.945,delivered,3,
2941,hb,3,0,121.856,122.164,delivered,2,
2942,thumb,5,0,121.856,122.206,delivered,1,
2943,cmd,0,3,121.856,122.186,delivered,2,
2944,ack,0,4,121.804,122.187,delivered,2,
2945,hb,4,0,121.92,122.165,delivered,2,
2946,data,4,0,121.984,122.381,delivered,2,4|P3|42
2947,cmd,0,4,121.984,122.189,delivered,2,
2948,ack,0,4,121.941,122.189,delivered,2,
2949,hb,5,0,122.048,122.208,delivered,1,
2950,hb,1,0,122.112,122.209,delivered,4,
2951,cmd,0,5,122.112,122.133,delivered,1,
2952,cmd,0,1,122.176,122.27,delivered,4,
2953,hb,2,0,122.24,122.639,delivered,3,
2954,hb,3,0,122.304,122.636,delivered,2,
2955,data,4,0,122.304,122.964,delivered,2,4|P3|43
2956,data,4,0,122.304,122.793,delivered,2,4|P3|44
2957,cmd,0,2,122.304,122.661,delivered,3,
2958,cmd,0,3,122.368,122.638,delivered,2,
2959,ack,0,4,122.315,122.639,delivered,2,
2960,thumb,1,0,122.432,122.659,delivered,4,
2961,hb,4,0,122.432,122.642,delivered,2,
2962,ack,0,4,122.381,122.64,delivered,2,
2963,cmd,0,4,122.496,122.643,delivered,2,
2964,hb,5,0,122.56,122.641,delivered,1,
2965,cmd,0,5,122.56,122.581,delivered,1,
2966,hb,1,0,122.624,122.879,delivered,4,
2967,cmd,0,1,122.688,123.008,delivered,4,
2968,hb,2,0,122.752,123.01,delivered,3,
2969,thumb,2,0,122.752,,lost,0,
2970,data,4,0,122.752,123.078,delivered,2,4|P3|45
2971,cmd,0,2,122.752,123.009,delivered,3,
2972,hb,3,0,122.816,122.898,delivered,2,
2973,ack,0,4,122.793,122.988,delivered,2,
2974,cmd,0,3,122.88,123.011,delivered,2,
2975,hb,4,0,122.944,123.012,delivered,2,
2976,hb,5,0,123.008,123.08,delivered,1,
2977,cmd,0,4,123.008,123.1,delivered,2,
2978,ack,0,4,122.964,123.101,delivered,2,
2979,cmd,0,5,123.072,123.093,delivered,1,
2980,hb,1,0,123.136,123.24,delivered,4,
2981,thumb,3,0,123.136,123.209,delivered,2,
2982,ack,0,4,123.078,123.177,delivered,2,
2983,cmd,0,1,123.2,123.284,delivered,4,
2984,hb,2,0,123.264,123.329,delivered,3,
2985,cmd,0,2,123.264,123.328,delivered,3,
2986,hb,3,0,123.328,123.37,delivered,2,
2987,cmd,0,3,123.392,123.434,delivered,2,
2988,hb,4,0,123.456,123.498,delivered,2,
2989,cmd,0,4,123.456,123.499,delivered,2,
2990,thumb,4,0,123.52,123.593,delivered,2,
2991,hb,5,0,123.52,123.557,delivered,1,
2992,cmd,0,5,123.584,123.605,delivered,1,
2993,hb,1,0,123.648,123.752,delivered,4,
2994,hb,2,0,123.712,123.796,delivered,3,
2995,cmd,0,1,123.712,123.797,delivered,4,
2996,cmd,0,2,123.776,123.86,delivered,3,
2997,hb,3,0,123.84,123.882,delivered,2,
2998,hb,4,0,123.904,123.946,delivered,2,
2999,thumb,5,0,123.904,123.942,delivered,1,
3000,cmd,0,3,123.904,123.947,delivered,2,
3001,cmd,0,4,123.968,124.01,delivered,2,
3002,hb,5,0,124.032,124.053,delivered,1,
3003,cmd,0,5,124.096,124.138,delivered,1,
3004,hb,1,0,124.16,124.244,delivered,4,
3005,cmd,0,1,124.16,124.266,delivered,4,
3006,hb,2,0,124.224,124.288,delivered,3,
3007,cmd,0,2,124.288,124.351,delivered,3,
3008,hb,3,0,124.352,124.394,delivered,2,
3009,cmd,0,3,124.352,124.395,delivered,2,
3010,thumb,1,0,124.416,124.564,delivered,4,
3011,hb,4,0,124.416,124.458,delivered,2,
3012,cmd,0,4,124.48,124.548,delivered,2,
3013,hb,5,0,124.544,124.586,delivered,1,
3014,hb,1,0,124.608,124.712,delivered,4,
3015,cmd,0,5,124.608,124.65,delivered,1,
3016,cmd,0,1,124.672,124.756,delivered,4,
3017,hb,2,0,124.736,124.799,delivered,3,
3018,thumb,2,0,124.8,124.909,delivered,3,
3019,cmd,0,2,124.8,124.911,delivered,3,
3020,hb,3,0,124.864,124.911,delivered,2,
3021,cmd,0,3,124.864,124.913,delivered,2,
3022,hb,4,0,124.928,124.97,delivered,2,
3023,cmd,0,4,124.992,125.034,delivered,2,
3024,hb,5,0,125.056,125.078,delivered,1,
3025,cmd,0,5,125.056,125.077,delivered,1,
3026,hb,1,0,125.12,125.215,delivered,4,
3027,thumb,3,0,125.12,125.193,delivered,2,
3028,cmd,0,1,125.184,125.268,delivered,4,
3029,hb,2,0,125.248,125.311,delivered,3,
3030,hb,3,0,125.312,125.354,delivered,2,
3031,cmd,0,2,125.312,125.376,delivered,3,
3032,cmd,0,3,125.376,125.418,delivered,2,
3033,hb,4,0,125.44,125.482,delivered,2,
3034,thumb,4,0,125.504,125.613,delivered,2,
3035,hb,5,0,125.504,125.541,delivered,1,
3036,cmd,0,4,125.504,125.578,delivered,2,
3037,cmd,0,5,125.568,125.589,delivered,1,
3038,hb,1,0,125.632,125.716,delivered,4,
3039,cmd,0,1,125.696,125.78,delivered,4,
3040,hb,2,0,125.76,125.825,delivered,3,
3041,cmd,0,2,125.76,125.824,delivered,3,
3042,hb,3,0,125.824,125.866,delivered,2,
3043,thumb,5,0,125.888,125.926,delivered,1,
3044,cmd,0,3,125.888,125.93,delivered,2,
3045,hb,4,0,125.952,125.994,delivered,2,
3046,cmd,0,4,125.952,125.995,delivered,2,
3047,hb,5,0,126.016,126.037,delivered,1,
3048,cmd,0,5,126.08,126.101,delivered,1,
3049,hb,1,0,126.144,126.248,delivered,4,
3050,hb,2,0,126.208,126.271,delivered,3,
3051,cmd,0,1,126.208,126.356,delivered,4,
3052,cmd,0,2,126.272,126.358,delivered,3,
3053,hb,3,0,126.336,126.378,delivered,2,
3054,thumb,1,0,126.4,126.548,delivered,4,
3055,cmd,0,3,126.4,126.442,delivered,2,
3056,hb,4,0,126.464,126.531,delivered,2,
3057,cmd,0,4,126.464,126.511,delivered,2,
3058,hb,5,0,126.528,126.549,delivered,1,
3059,cmd,0,5,126.592,126.613,delivered,1,
3060,hb,1,0,126.656,126.74,delivered,4,
3061,cmd,0,1,126.656,126.741,delivered,4,
3062,hb,2,0,126.72,126.784,delivered,3,
3063,thumb,2,0,126.784,126.893,delivered,3,
3064,cmd,0,2,126.784,126.895,delivered,3,
3065,hb,3,0,126.848,126.895,delivered,2,
3066,hb,4,0,126.912,126.954,delivered,2,
3067,cmd,0,3,126.912,126.976,delivered,2,
3068,cmd,0,4,126.976,127.018,delivered,2,
3069,hb,5,0,127.04,127.061,delivered,1,
3070,hb,1,0,127.104,127.188,delivered,4,
3071,cmd,0,5,127.104,127.125,delivered,1,
3072,thumb,3,0,127.168,127.248,delivered,2,
3073,cmd,0,1,127.168,127.252,delivered,4,
3074,hb,2,0,127.232,127.295,delivered,3,
3075,cmd,0,2,127.296,127.359,delivered,3,
3076,hb,3,0,127.36,127.402,delivered,2,
3077,cmd,0,3,127.36,127.403,delivered,2,
3078,hb,4,0,127.424,127.487,delivered,2,
3079,thumb,4,0,127.488,127.561,delivered,2,
3080,cmd,0,4,127.488,127.53,delivered,2,
3081,hb,5,0,127.552,127.574,delivered,1,
3082,cmd,0,5,127.552,127.573,delivered,1,
3083,hb,1,0,127.616,127.7,delivered,4,
3084,cmd,0,1,127.68,127.764,delivered,4,
3085,hb,2,0,127.744,127.828,delivered,3,
3086,hb,3,0,127.808,127.85,delivered,2,
3087,cmd,0,2,127.808,127.872,delivered,3,
3088,thumb,5,0,127.872,127.91,delivered,1,
3089,cmd,0,3,127.872,127.914,delivered,2,
3090,hb,4,0,127.936,127.978,delivered,2,
3091,cmd,0,4,128.0,128.084,delivered,2,
3092,hb,5,0,128.064,128.086,delivered,1,
3093,cmd,0,5,128.064,128.085,delivered,1,
3094,hb,1,0,128.128,128.212,delivered,4,
3095,cmd,0,1,128.192,128.276,delivered,4,
3096,hb,2,0,128.256,128.342,delivered,3,
3097,cmd,0,2,128.256,128.319,delivered,3,
3098,hb,3,0,128.32,128.362,delivered,2,
3099,thumb,1,0,128.384,128.532,delivered,4,
3100,cmd,0,3,128.384,128.426,delivered,2,
3101,hb,4,0,128.448,128.557,delivered,2,
3102,hb,5,0,128.512,128.534,delivered,1,
3103,cmd,0,4,128.512,128.558,delivered,2,
3104,cmd,0,5,128.576,128.597,delivered,1,
3105,hb,1,0,128.64,128.769,delivered,4,
3106,hb,2,0,128.704,128.77,delivered,3,
3107,cmd,0,1,128.704,128.789,delivered,4,
3108,thumb,2,0,128.768,128.884,delivered,3,
3109,cmd,0,2,128.768,128.831,delivered,3,
3110,hb,3,0,128.832,128.885,delivered,2,
3111,cmd,0,3,128.896,128.938,delivered,2,
3112,hb,4,0,128.96,129.002,delivered,2,
3113,cmd,0,4,128.96,129.045,delivered,2,
3114,hb,5,0,129.024,129.046,delivered,1,
3115,cmd,0,5,129.088,129.109,delivered,1,
3116,hb,1,0,129.152,129.236,delivered,4,
3117,thumb,3,0,129.152,129.231,delivered,2,
3118,cmd,0,1,129.152,129.253,delivered,4,
3119,hb,2,0,129.216,129.279,delivered,3,
3120,cmd,0,2,129.28,129.343,delivered,3,
3121,hb,3,0,129.344,129.386,delivered,2,
3122,hb,4,0,129.408,129.471,delivered,3,
3123,cmd,0,3,129.408,129.451,delivered,2,
3124,cmd,0,4,129.472,129.535,delivered,3,
3125,thumb,4,0,129.536,129.645,delivered,3,
3126,hb,5,0,129.536,129.557,delivered,1,
3127,cmd,0,5,129.6,129.621,delivered,1,
3128,hb,1,0,129.664,129.748,delivered,4,
3129,cmd,0,1,129.664,129.749,delivered,4,
3130,hb,2,0,129.728,129.792,delivered,3,
3131,cmd,0,2,129.792,129.855,delivered,3,
3132,hb,3,0,129.856,129.898,delivered,2,
3133,thumb,5,0,129.856,129.894,delivered,1,
3134,cmd,0,3,129.856,129.899,delivered,2,
3135,hb,4,0,129.92,130.004,delivered,3,
3136,cmd,0,4,129.984,130.047,delivered,3,
3137,hb,5,0,130.048,130.069,delivered,1,
3138,hb,1,0,130.112,130.196,delivered,4,
3139,cmd,0,5,130.112,130.133,delivered,1,
3140,cmd,0,1,130.176,130.281,delivered,4,
3141,hb,2,0,130.24,130.303,delivered,3,
3142,hb,3,0,130.304,130.367,delivered,2,
3143,cmd,0,2,130.304,130.389,delivered,3,
3144,cmd,0,3,130.368,130.431,delivered,2,
3145,thumb,1,0,130.432,130.581,delivered,4,
3146,hb,4,0,130.432,130.542,delivered,3,
3147,cmd,0,4,130.496,130.565,delivered,3,
3148,hb,5,0,130.56,130.583,delivered,1,
3149,cmd,0,5,130.56,130.582,delivered,1,
3150,hb,1,0,130.624,130.708,delivered,4,
3151,cmd,0,1,130.688,130.772,delivered,4,
3152,hb,2,0,130.752,130.817,delivered,3,
3153,thumb,2,0,130.752,130.87,delivered,3,
3154,cmd,0,2,130.752,130.816,delivered,3,
3155,hb,3,0,130.816,130.871,delivered,2,
3156,cmd,0,3,130.88,130.922,delivered,2,
3157,hb,4,0,130.944,131.007,delivered,3,
3158,hb,5,0,131.008,131.03,delivered,1,
3159,cmd,0,4,131.008,131.071,delivered,3,
3160,cmd,0,5,131.072,131.093,delivered,1,
3161,hb,1,0,131.136,131.231,delivered,4,
3162,thumb,3,0,131.136,131.209,delivered,2,
3163,cmd,0,1,131.2,131.284,delivered,4,
3164,hb,2,0,131.264,131.329,delivered,3,
3165,cmd,0,2,131.264,131.328,delivered,3,
3166,hb,3,0,131.328,131.37,delivered,2,
3167,cmd,0,3,131.392,131.434,delivered,2,
3168,hb,4,0,131.456,131.521,delivered,3,
3169,cmd,0,4,131.456,131.52,delivered,3,
3170,thumb,4,0,131.52,131.629,delivered,3,
3171,hb,5,0,131.52,131.541,delivered,1,
3172,cmd,0,5,131.584,131.605,delivered,1,
3173,hb,1,0,131.648,131.732,delivered,4,
3174,hb,2,0,131.712,131.777,delivered,3,
3175,cmd,0,1,131.712,131.797,delivered,4,
3176,cmd,0,2,131.776,131.839,delivered,3,
3177,hb,3,0,131.84,131.882,delivered,2,
3178,hb,4,0,131.904,131.967,delivered,3,
3179,thumb,5,0,131.904,131.942,delivered,1,
3180,cmd,0,3,131.904,131.947,delivered,2,
3181,cmd,0,4,131.968,132.031,delivered,3,
3182,hb,5,0,132.032,132.053,delivered,1,
3183,cmd,0,5,132.096,132.117,delivered,1,
3184,hb,1,0,132.16,132.244,delivered,4,
3185,cmd,0,1,132.16,132.245,delivered,4,
3186,hb,2,0,132.224,132.288,delivered,3,
3187,cmd,0,2,132.288,132.372,delivered,3,
3188,hb,3,0,132.352,132.395,delivered,2,
3189,cmd,0,3,132.352,132.394,delivered,2,
3190,thumb,1,0,132.416,132.565,delivered,4,
3191,hb,4,0,132.416,132.526,delivered,3,
3192,cmd,0,4,132.48,132.549,delivered,3,
3193,hb,5,0,132.544,132.566,delivered,1,
3194,hb,1,0,132.608,132.692,delivered,4,
3195,cmd,0,5,132.608,132.629,delivered,1,
3196,cmd,0,1,132.672,132.756,delivered,4,
3197,hb,2,0,132.736,132.799,delivered,3,
3198,thumb,2,0,132.8,132.935,delivered,3,
3199,cmd,0,2,132.8,132.916,delivered,3,
3200,hb,3,0,132.864,132.917,delivered,2,
3201,cmd,0,3,132.864,132.918,delivered,2,
3202,hb,4,0,132.928,132.991,delivered,3,
3203,cmd,0,4,132.992,133.055,delivered,3,
3204,hb,5,0,133.056,133.078,delivered,1,
3205,cmd,0,5,133.056,133.077,delivered,1,
3206,hb,1,0,133.12,133.215,delivered,4,
3207,thumb,3,0,133.12,133.193,delivered,2,
3208,cmd,0,1,133.184,133.268,delivered,4,
3209,hb,2,0,133.248,133.311,delivered,3,
3210,hb,3,0,133.312,133.354,delivered,2,
3211,cmd,0,2,133.312,133.376,delivered,3,
3212,cmd,0,3,133.376,133.418,delivered,2,
3213,hb,4,0,133.44,133.503,delivered,3,
3214,thumb,4,0,133.504,133.616,delivered,3,
3215,hb,5,0,133.504,133.526,delivered,1,
3216,cmd,0,4,133.504,133.599,delivered,3,
3217,cmd,0,5,133.568,133.589,delivered,1,
3218,hb,1,0,133.632,133.716,delivered,4,
3219,cmd,0,1,133.696,133.78,delivered,4,
3220,hb,2,0,133.76,133.825,delivered,3,
3221,cmd,0,2,133.76,133.845,delivered,3,
3222,hb,3,0,133.824,133.888,delivered,2,
3223,thumb,5,0,133.888,133.926,delivered,1,
3224,cmd,0,3,133.888,133.93,delivered,2,
3225,hb,4,0,133.952,134.017,delivered,3,
3226,cmd,0,4,133.952,134.037,delivered,3,
3227,hb,5,0,134.016,134.038,delivered,1,
3228,cmd,0,5,134.08,134.101,delivered,1,
3229,hb,1,0,134.144,134.228,delivered,4,
3230,hb,2,0,134.208,134.273,delivered,3,
3231,cmd,0,1,134.208,134.314,delivered,4,
3232,cmd,0,2,134.272,134.335,delivered,3,
3233,hb,3,0,134.336,134.378,delivered,2,
3234,thumb,1,0,134.4,134.549,delivered,4,
3235,cmd,0,3,134.4,134.442,delivered,2,
3236,hb,4,0,134.464,134.555,delivered,3,
3237,cmd,0,4,134.464,134.553,delivered,3,
3238,hb,5,0,134.528,134.554,delivered,1,
3239,cmd,0,5,134.592,134.613,delivered,1,
3240,hb,1,0,134.656,134.74,delivered,4,
3241,cmd,0,1,134.656,134.741,delivered,4,
3242,hb,2,0,134.72,134.784,delivered,3,
3243,thumb,2,0,134.784,134.918,delivered,3,
3244,cmd,0,2,134.784,134.9,delivered,3,
3245,hb,3,0,134.848,134.901,delivered,2,
3246,hb,4,0,134.912,134.975,delivered,3,
3247,cmd,0,3,134.912,134.955,delivered,2,
3248,cmd,0,4,134.976,135.039,delivered,3,
3249,hb,5,0,135.04,135.061,delivered,1,
3250,hb,1,0,135.104,135.208,delivered,4,
3251,cmd,0,5,135.104,135.125,delivered,1,
3252,thumb,3,0,135.168,135.248,delivered,2,
3253,cmd,0,1,135.168,135.252,delivered,4,
3254,hb,2,0,135.232,135.295,delivered,3,
3255,cmd,0,2,135.296,135.359,delivered,3,
3256,hb,3,0,135.36,135.402,delivered,2,
3257,cmd,0,3,135.36,135.403,delivered,2,
3258,hb,4,0,135.424,135.487,delivered,3,
3259,thumb,4,0,135.488,135.601,delivered,3,
3260,cmd,0,4,135.488,135.583,delivered,3,
3261,hb,5,0,135.552,135.584,delivered,1,
3262,cmd,0,5,135.552,135.573,delivered,1,
3263,hb,1,0,135.616,135.7,delivered,4,
3264,cmd,0,1,135.68,135.764,delivered,4,
3265,hb,2,0,135.744,135.807,delivered,3,
3266,hb,3,0,135.808,135.85,delivered,2,
3267,cmd,0,2,135.808,135.893,delivered,3,
3268,thumb,5,0,135.872,135.91,delivered,1,
3269,cmd,0,3,135.872,135.914,delivered,2,
3270,hb,4,0,135.936,135.999,delivered,3,
3271,cmd,0,4,136.0,136.063,delivered,3,
3272,hb,5,0,136.064,136.086,delivered,1,
3273,cmd,0,5,136.064,136.085,delivered,1,
3274,hb,1,0,136.128,136.212,delivered,4,
3275,cmd,0,1,136.192,136.276,delivered,4,
3276,hb,2,0,136.256,136.321,delivered,3,
3277,cmd,0,2,136.256,136.32,delivered,3,
3278,hb,3,0,136.32,136.362,delivered,2,
3279,thumb,1,0,136.384,136.532,delivered,4,
3280,cmd,0,3,136.384,136.426,delivered,2,
3281,hb,4,0,136.448,136.536,delivered,3,
3282,hb,5,0,136.512,136.534,delivered,1,
3283,cmd,0,4,136.512,136.575,delivered,3,
3284,cmd,0,5,136.576,136.597,delivered,1,
3285,hb,1,0,136.64,136.724,delivered,4,
3286,hb,2,0,136.704,136.769,delivered,3,
3287,cmd,0,1,136.704,136.789,delivered,4,
3288,thumb,2,0,136.768,136.884,delivered,3,
3289,cmd,0,2,136.768,136.831,delivered,3,
3290,hb,3,0,136.832,136.885,delivered,2,
3291,cmd,0,3,136.896,136.938,delivered,2,
3292,hb,4,0,136.96,137.025,delivered,3,
3293,cmd,0,4,136.96,137.024,delivered,3,
3294,hb,5,0,137.024,137.045,delivered,1,
3295,cmd,0,5,137.088,137.109,delivered,1,
3296,hb,1,0,137.152,137.236,delivered,4,
3297,thumb,3,0,137.152,137.231,delivered,2,
3298,cmd,0,1,137.152,137.253,delivered,4,
3299,hb,2,0,137.216,137.279,delivered,3,
3300,cmd,0,2,137.28,137.343,delivered,3,
3301,hb,3,0,137.344,137.386,delivered,2,
3302,hb,4,0,137.408,137.471,delivered,3,
3303,cmd,0,3,137.408,137.451,delivered,2,
3304,cmd,0,4,137.472,137.535,delivered,3,
3305,thumb,4,0,137.536,137.645,delivered,3,
3306,hb,5,0,137.536,137.557,delivered,1,
3307,cmd,0,5,137.6,137.621,delivered,1,
3308,hb,1,0,137.664,137.768,delivered,4,
3309,cmd,0,1,137.664,137.772,delivered,4,
3310,hb,2,0,137.728,137.812,delivered,3,
3311,cmd,0,2,137.792,137.856,delivered,3,
3312,hb,3,0,137.856,137.898,delivered,2,
3313,thumb,5,0,137.856,137.894,delivered,1,
3314,cmd,0,3,137.856,137.899,delivered,2,
3315,hb,4,0,137.92,137.983,delivered,3,
3316,cmd,0,4,137.984,138.047,delivered,3,
3317,hb,5,0,138.048,138.069,delivered,1,
3318,hb,1,0,138.112,138.196,delivered,4,
3319,cmd,0,5,138.112,138.154,delivered,1,
3320,cmd,0,1,138.176,138.26,delivered,4,
3321,hb,2,0,138.24,138.303,delivered,3,
3322,hb,3,0,138.304,138.346,delivered,2,
3323,cmd,0,2,138.304,138.389,delivered,3,
3324,cmd,0,3,138.368,138.41,delivered,2,
3325,thumb,1,0,138.432,138.581,delivered,4,
3326,hb,4,0,138.432,138.542,delivered,3,
3327,cmd,0,4,138.496,138.565,delivered,3,
3328,hb,5,0,138.56,138.583,delivered,1,
3329,cmd,0,5,138.56,138.582,delivered,1,
3330,hb,1,0,138.624,138.708,delivered,4,
3331,cmd,0,1,138.688,138.772,delivered,4,
3332,hb,2,0,138.752,138.87,delivered,3,
3333,thumb,2,0,138.752,138.887,delivered,3,
3334,cmd,0,2,138.752,138.815,delivered,3,
3335,hb,3,0,138.816,138.871,delivered,2,
3336,cmd,0,3,138.88,138.943,delivered,2,
3337,hb,4,0,138.944,139.007,delivered,3,
3338,hb,5,0,139.008,139.03,delivered,1,
3339,cmd,0,4,139.008,139.071,delivered,3,
3340,cmd,0,5,139.072,139.093,delivered,1,
3341,hb,1,0,139.136,139.231,delivered,4,
3342,thumb,3,0,139.136,139.209,delivered,2,
3343,cmd,0,1,139.2,139.284,delivered,4,
3344,hb,2,0,139.264,139.329,delivered,3,
3345,cmd,0,2,139.264,139.328,delivered,3,
3346,hb,3,0,139.328,139.37,delivered,2,
3347,cmd,0,3,139.392,139.434,delivered,2,
3348,hb,4,0,139.456,139.595,delivered,3,
3349,cmd,0,4,139.456,139.519,delivered,3,
3350,thumb,4,0,139.52,139.631,delivered,3,
3351,hb,5,0,139.52,139.542,delivered,1,
3352,cmd,0,5,139.584,139.605,delivered,1,
3353,hb,1,0,139.648,139.752,delivered,4,
3354,hb,2,0,139.712,139.777,delivered,3,
3355,cmd,0,1,139.712,139.797,delivered,4,
3356,cmd,0,2,139.776,139.839,delivered,3,
3357,hb,3,0,139.84,139.882,delivered,2,
3358,hb,4,0,139.904,139.967,delivered,3,
3359,thumb,5,0,139.904,139.942,delivered,1,
3360,cmd,0,3,139.904,139.947,delivered,2,
3361,cmd,0,4,139.968,140.031,delivered,3,
3362,hb,5,0,140.032,140.053,delivered,1,
3363,cmd,0,5,140.096,140.117,delivered,1,
3364,hb,1,0,140.16,140.244,delivered,4,
3365,cmd,0,1,140.16,140.245,delivered,4,
3366,hb,2,0,140.224,140.288,delivered,3,
3367,cmd,0,2,140.288,140.351,delivered,3,
3368,hb,3,0,140.352,140.394,delivered,2,
3369,cmd,0,3,140.352,140.395,delivered,2,
3370,thumb,1,0,140.416,140.603,delivered,4,
3371,hb,4,0,140.416,140.526,delivered,3,
3372,cmd,0,4,140.48,140.549,delivered,3,
3373,hb,5,0,140.544,140.587,delivered,1,
3374,hb,1,0,140.608,140.692,delivered,4,
3375,cmd,0,5,140.608,140.65,delivered,1,
3376,cmd,0,1,140.672,140.756,delivered,4,
3377,hb,2,0,140.736,140.799,delivered,3,
3378,thumb,2,0,140.8,140.946,delivered,3,
3379,cmd,0,2,140.8,140.911,delivered,3,
3380,hb,3,0,140.864,140.911,delivered,2,
3381,cmd,0,3,140.864,140.913,delivered,2,
3382,hb,4,0,140.928,140.991,delivered,3,
3383,cmd,0,4,140.992,141.055,delivered,3,
3384,hb,5,0,141.056,141.078,delivered,1,
3385,cmd,0,5,141.056,141.077,delivered,1,
3386,hb,1,0,141.12,141.215,delivered,4,
3387,thumb,3,0,141.12,141.193,delivered,2,
3388,cmd,0,1,141.184,141.268,delivered,4,
3389,hb,2,0,141.248,141.311,delivered,3,
3390,hb,3,0,141.312,141.354,delivered,2,
3391,cmd,0,2,141.312,141.376,delivered,3,
3392,cmd,0,3,141.376,141.418,delivered,2,
3393,hb,4,0,141.44,141.503,delivered,3,
3394,thumb,4,0,141.504,141.652,delivered,3,
3395,hb,5,0,141.504,141.526,delivered,1,
3396,cmd,0,4,141.504,141.599,delivered,3,
3397,cmd,0,5,141.568,141.589,delivered,1,
3398,hb,1,0,141.632,141.716,delivered,4,
3399,cmd,0,1,141.696,141.78,delivered,4,
3400,hb,2,0,141.76,141.825,delivered,3,
3401,cmd,0,2,141.76,141.824,delivered,3,
3402,hb,3,0,141.824,141.887,delivered,2,
3403,thumb,5,0,141.888,141.926,delivered,1,
3404,cmd,0,3,141.888,141.951,delivered,2,
3405,hb,4,0,141.952,142.017,delivered,3,
3406,cmd,0,4,141.952,142.016,delivered,3,
3407,hb,5,0,142.016,142.037,delivered,1,
3408,cmd,0,5,142.08,142.101,delivered,1,
3409,hb,1,0,142.144,142.228,delivered,4,
3410,hb,2,0,142.208,142.273,delivered,3,
3411,cmd,0,1,142.208,142.293,delivered,4,
3412,cmd,0,2,142.272,142.335,delivered,3,
3413,hb,3,0,142.336,142.378,delivered,2,
3414,thumb,1,0,142.4,142.585,delivered,4,
3415,cmd,0,3,142.4,142.442,delivered,2,
3416,hb,4,0,142.464,142.555,delivered,3,
3417,cmd,0,4,142.464,142.553,delivered,3,
3418,hb,5,0,142.528,142.554,delivered,1,
3419,cmd,0,5,142.592,142.613,delivered,1,
3420,hb,1,0,142.656,142.74,delivered,4,
3421,cmd,0,1,142.656,142.741,delivered,4,
3422,hb,2,0,142.72,142.784,delivered,3,
3423,thumb,2,0,142.784,142.893,delivered,3,
3424,cmd,0,2,142.784,142.916,delivered,3,
3425,hb,3,0,142.848,142.895,delivered,2,
3426,hb,4,0,142.912,142.977,delivered,3,
3427,cmd,0,3,142.912,142.976,delivered,2,
3428,cmd,0,4,142.976,143.039,delivered,3,
3429,hb,5,0,143.04,143.061,delivered,1,
3430,hb,1,0,143.104,143.188,delivered,4,
3431,cmd,0,5,143.104,143.125,delivered,1,
3432,thumb,3,0,143.168,143.248,delivered,2,
3433,cmd,0,1,143.168,143.252,delivered,4,
3434,hb,2,0,143.232,143.295,delivered,3,
3435,cmd,0,2,143.296,143.359,delivered,3,
3436,hb,3,0,143.36,143.402,delivered,2,
3437,cmd,0,3,143.36,143.403,delivered,2,
3438,hb,4,0,143.424,143.487,delivered,3,
3439,thumb,4,0,143.488,143.621,delivered,3,
3440,cmd,0,4,143.488,143.583,delivered,3,
3441,hb,5,0,143.552,143.605,delivered,1,
3442,cmd,0,5,143.552,143.573,delivered,1,
3443,hb,1,0,143.616,143.7,delivered,4,
3444,cmd,0,1,143.68,143.764,delivered,4,
3445,hb,2,0,143.744,143.807,delivered,3,
3446,hb,3,0,143.808,143.85,delivered,2,
3447,cmd,0,2,143.808,143.872,delivered,3,
3448,thumb,5,0,143.872,143.91,delivered,1,
3449,cmd,0,3,143.872,143.914,delivered,2,
3450,hb,4,0,143.936,144.02,delivered,3,
3451,cmd,0,4,144.0,144.084,delivered,3,
3452,hb,5,0,144.064,144.086,delivered,1,
3453,cmd,0,5,144.064,144.085,delivered,1,
3454,hb,1,0,144.128,144.212,delivered,4,
3455,cmd,0,1,144.192,144.276,delivered,4,
3456,hb,2,0,144.256,144.342,delivered,3,
3457,cmd,0,2,144.256,144.32,delivered,3,
3458,hb,3,0,144.32,144.362,delivered,2,
3459,thumb,1,0,144.384,144.532,delivered,4,
3460,cmd,0,3,144.384,144.426,delivered,2,
3461,hb,4,0,144.448,144.536,delivered,3,
3462,hb,5,0,144.512,144.534,delivered,1,
3463,cmd,0,4,144.512,144.575,delivered,3,
3464,cmd,0,5,144.576,144.597,delivered,1,
3465,hb,1,0,144.64,144.724,delivered,4,
3466,hb,2,0,144.704,144.769,delivered,3,
3467,cmd,0,1,144.704,144.827,delivered,4,
3468,thumb,2,0,144.768,144.916,delivered,3,
3469,cmd,0,2,144.768,144.844,delivered,3,
3470,hb,3,0,144.832,144.881,delivered,2,
3471,cmd,0,3,144.896,144.938,delivered,2,
3472,hb,4,0,144.96,145.025,delivered,3,
3473,cmd,0,4,144.96,145.024,delivered,3,
3474,hb,5,0,145.024,145.045,delivered,1,
3475,cmd,0,5,145.088,145.109,delivered,1,
3476,hb,1,0,145.152,145.236,delivered,4,
3477,thumb,3,0,145.152,145.231,delivered,2,
3478,cmd,0,1,145.152,145.253,delivered,4,
3479,hb,2,0,145.216,145.279,delivered,3,
3480,cmd,0,2,145.28,145.343,delivered,3,
3481,hb,3,0,145.344,145.407,delivered,2,
3482,hb,4,0,145.408,145.471,delivered,3,
3483,cmd,0,3,145.408,145.472,delivered,2,
3484,cmd,0,4,145.472,145.556,delivered,3,
3485,thumb,4,0,145.536,145.646,delivered,3,
3486,hb,5,0,145.536,145.557,delivered,1,
3487,cmd,0,5,145.6,145.621,delivered,1,
3488,hb,1,0,145.664,145.772,delivered,4,
3489,cmd,0,1,145.664,145.749,delivered,4,
3490,hb,2,0,145.728,145.812,delivered,3,
3491,cmd,0,2,145.792,145.856,delivered,3,
3492,hb,3,0,145.856,145.898,delivered,2,
3493,thumb,5,0,145.856,145.894,delivered,1,
3494,cmd,0,3,145.856,145.899,delivered,2,
3495,hb,4,0,145.92,145.983,delivered,3,
3496,cmd,0,4,145.984,146.047,delivered,3,
3497,hb,5,0,146.048,146.069,delivered,1,
3498,hb,1,0,146.112,146.196,delivered,4,
3499,cmd,0,5,146.112,146.133,delivered,1,
3500,cmd,0,1,146.176,146.26,delivered,4,
3501,hb,2,0,146.24,146.303,delivered,3,
3502,hb,3,0,146.304,146.346,delivered,2,
3503,cmd,0,2,146.304,146.368,delivered,3,
3504,cmd,0,3,146.368,146.41,delivered,2,
3505,thumb,1,0,146.432,146.581,delivered,4,
3506,hb,4,0,146.432,146.542,delivered,3,
3507,cmd,0,4,146.496,146.565,delivered,3,
3508,hb,5,0,146.56,146.583,delivered,1,
3509,cmd,0,5,146.56,146.582,delivered,1,
3510,hb,1,0,146.624,146.708,delivered,4,
3511,cmd,0,1,146.688,146.772,delivered,4,
3512,hb,2,0,146.752,146.817,delivered,3,
3513,thumb,2,0,146.752,146.87,delivered,3,
3514,cmd,0,2,146.752,146.816,delivered,3,
3515,hb,3,0,146.816,146.871,delivered,2,
3516,cmd,0,3,146.88,146.922,delivered,2,
3517,hb,4,0,146.944,147.007,delivered,3,
3518,hb,5,0,147.008,147.072,delivered,1,
3519,cmd,0,4,147.008,147.094,delivered,3,
3520,cmd,0,5,147.072,147.114,delivered,1,
3521,hb,1,0,147.136,147.231,delivered,4,
3522,thumb,3,0,147.136,147.209,delivered,2,
3523,cmd,0,1,147.2,147.284,delivered,4,
3524,hb,2,0,147.264,147.329,delivered,3,
3525,cmd,0,2,147.264,147.328,delivered,3,
3526,hb,3,0,147.328,147.37,delivered,2,
3527,cmd,0,3,147.392,147.434,delivered,2,
3528,hb,4,0,147.456,147.521,delivered,3,
3529,cmd,0,4,147.456,147.541,delivered,3,
3530,thumb,4,0,147.52,147.631,delivered,3,
3531,hb,5,0,147.52,147.542,delivered,1,
3532,cmd,0,5,147.584,147.605,delivered,1,
3533,hb,1,0,147.648,147.732,delivered,4,
3534,hb,2,0,147.712,147.777,delivered,3,
3535,cmd,0,1,147.712,147.797,delivered,4,
3536,cmd,0,2,147.776,147.839,delivered,3,
3537,hb,3,0,147.84,147.882,delivered,2,
3538,hb,4,0,147.904,147.967,delivered,3,
3539,thumb,5,0,147.904,147.942,delivered,1,
3540,cmd,0,3,147.904,147.947,delivered,2,
3541,cmd,0,4,147.968,148.031,delivered,3,
3542,hb,5,0,148.032,148.053,delivered,1,
3543,cmd,0,5,148.096,148.138,delivered,1,
3544,hb,1,0,148.16,148.244,delivered,4,
3545,cmd,0,1,148.16,148.245,delivered,4,
3546,hb,2,0,148.224,148.288,delivered,3,
3547,cmd,0,2,148.288,148.351,delivered,3,
3548,hb,3,0,148.352,148.394,delivered,2,
3549,cmd,0,3,148.352,148.395,delivered,2,
3550,thumb,1,0,148.416,148.565,delivered,4,
3551,hb,4,0,148.416,148.526,delivered,3,
3552,cmd,0,4,148.48,148.549,delivered,3,
3553,hb,5,0,148.544,148.566,delivered,1,
3554,hb,1,0,148.608,148.692,delivered,4,
3555,cmd,0,5,148.608,148.629,delivered,1,
3556,cmd,0,1,148.672,148.756,delivered,4,
3557,hb,2,0,148.736,148.82,delivered,3,
3558,thumb,2,0,148.8,148.909,delivered,3,
3559,cmd,0,2,148.8,148.911,delivered,3,
3560,hb,3,0,148.864,148.911,delivered,2,
3561,cmd,0,3,148.864,148.913,delivered,2,
3562,hb,4,0,148.928,148.991,delivered,3,
3563,cmd,0,4,148.992,149.055,delivered,3,
3564,hb,5,0,149.056,149.078,delivered,1,
3565,cmd,0,5,149.056,149.077,delivered,1,
3566,hb,1,0,149.12,149.224,delivered,4,
3567,thumb,3,0,149.12,149.193,delivered,2,
3568,cmd,0,1,149.184,149.268,delivered,4,
3569,hb,2,0,149.248,149.311,delivered,3,
3570,hb,3,0,149.312,149.354,delivered,2,
3571,cmd,0,2,149.312,149.376,delivered,3,
3572,cmd,0,3,149.376,149.418,delivered,2,
3573,hb,4,0,149.44,149.503,delivered,3,
3574,thumb,4,0,149.504,149.637,delivered,3,
3575,hb,5,0,149.504,149.526,delivered,1,
3576,cmd,0,4,149.504,149.62,delivered,3,
3577,cmd,0,5,149.568,149.589,delivered,1,
3578,hb,1,0,149.632,149.736,delivered,4,
3579,cmd,0,1,149.696,149.78,delivered,4,
3580,hb,2,0,149.76,149.825,delivered,3,
3581,cmd,0,2,149.76,149.867,delivered,3,
3582,hb,3,0,149.824,149.888,delivered,2,
3583,thumb,5,0,149.888,149.926,delivered,1,
3584,cmd,0,3,149.888,149.93,delivered,2,
3585,hb,4,0,149.952,150.017,delivered,3,
3586,cmd,0,4,149.952,150.016,delivered,3,
3587,hb,5,0,150.016,150.037,delivered,1,
3588,cmd,0,5,150.08,150.101,delivered,1,
3589,hb,1,0,150.144,150.248,delivered,4,
3590,hb,2,0,150.208,150.271,delivered,3,
3591,cmd,0,1,150.208,150.314,delivered,4,
3592,cmd,0,2,150.272,150.356,delivered,3,
3593,hb,3,0,150.336,150.399,delivered,2,
3594,thumb,1,0,150.4,150.692,delivered,4,
3595,cmd,0,3,150.4,150.463,delivered,2,
3596,hb,4,0,150.464,150.571,delivered,3,
3597,cmd,0,4,150.464,150.62,delivered,3,
3598,hb,5,0,150.528,150.57,delivered,1,
3599,cmd,0,5,150.592,150.613,delivered,1,
3600,hb,1,0,150.656,150.74,delivered,4,
3601,cmd,0,1,150.656,150.756,delivered,4,
3602,hb,2,0,150.72,150.804,delivered,3,
3603,thumb,2,0,150.784,150.893,delivered,3,
3604,cmd,0,2,150.784,150.895,delivered,3,
3605,hb,3,0,150.848,150.895,delivered,2,
3606,hb,4,0,150.912,150.975,delivered,3,
3607,cmd,0,3,150.912,150.955,delivered,2,
3608,cmd,0,4,150.976,151.039,delivered,3,
3609,hb,5,0,151.04,151.061,delivered,1,
3610,hb,1,0,151.104,151.188,delivered,4,
3611,cmd,0,5,151.104,151.125,delivered,1,
3612,thumb,3,0,151.168,151.248,delivered,2,
3613,cmd,0,1,151.168,151.252,delivered,4,
3614,hb,2,0,151.232,151.316,delivered,3,
3615,cmd,0,2,151.296,151.38,delivered,3,
3616,hb,3,0,151.36,151.403,delivered,2,
3617,cmd,0,3,151.36,151.402,delivered,2,
3618,hb,4,0,151.424,151.508,delivered,3,
3619,thumb,4,0,151.488,151.601,delivered,3,
3620,cmd,0,4,151.488,151.583,delivered,3,
3621,hb,5,0,151.552,151.584,delivered,1,
3622,cmd,0,5,151.552,151.573,delivered,1,
3623,hb,1,0,151.616,151.7,delivered,4,
3624,cmd,0,1,151.68,151.764,delivered,4,
3625,hb,2,0,151.744,151.807,delivered,3,
3626,hb,3,0,151.808,151.85,delivered,2,
3627,cmd,0,2,151.808,151.872,delivered,3,
3628,thumb,5,0,151.872,151.91,delivered,1,
3629,cmd,0,3,151.872,151.914,delivered,2,
3630,hb,4,0,151.936,151.999,delivered,3,
3631,cmd,0,4,152.0,152.063,delivered,3,
3632,hb,5,0,152.064,152.086,delivered,1,
3633,cmd,0,5,152.064,152.085,delivered,1,
3634,hb,1,0,152.128,152.232,delivered,4,
3635,cmd,0,1,152.192,152.276,delivered,4,
3636,hb,2,0,152.256,152.321,delivered,3,
3637,cmd,0,2,152.256,152.32,delivered,3,
3638,hb,3,0,152.32,152.362,delivered,2,
3639,thumb,1,0,152.384,152.532,delivered,4,
3640,cmd,0,3,152.384,152.426,delivered,2,
3641,hb,4,0,152.448,152.536,delivered,3,
3642,hb,5,0,152.512,152.534,delivered,1,
3643,cmd,0,4,152.512,152.575,delivered,3,
3644,cmd,0,5,152.576,152.597,delivered,1,
3645,hb,1,0,152.64,152.744,delivered,4,
3646,hb,2,0,152.704,152.769,delivered,3,
3647,cmd,0,1,152.704,152.789,delivered,4,
3648,thumb,2,0,152.768,152.884,delivered,3,
3649,cmd,0,2,152.768,152.831,delivered,3,
3650,hb,3,0,152.832,152.906,delivered,2,
3651,cmd,0,3,152.896,152.959,delivered,2,
3652,hb,4,0,152.96,153.025,delivered,3,
3653,cmd,0,4,152.96,153.024,delivered,3,
3654,hb,5,0,153.024,153.045,delivered,1,
3655,cmd,0,5,153.088,153.109,delivered,1,
3656,hb,1,0,153.152,153.236,delivered,4,
3657,thumb,3,0,153.152,153.231,delivered,2,
3658,cmd,0,1,153.152,153.253,delivered,4,
3659,hb,2,0,153.216,153.279,delivered,3,
3660,cmd,0,2,153.28,153.343,delivered,3,
3661,hb,3,0,153.344,153.386,delivered,2,
3662,hb,4,0,153.408,153.471,delivered,3,
3663,cmd,0,3,153.408,153.451,delivered,2,
3664,cmd,0,4,153.472,153.535,delivered,3,
3665,thumb,4,0,153.536,153.645,delivered,3,
3666,hb,5,0,153.536,153.557,delivered,1,
3667,cmd,0,5,153.6,153.621,delivered,1,
3668,hb,1,0,153.664,153.748,delivered,4,
3669,cmd,0,1,153.664,153.749,delivered,4,
3670,hb,2,0,153.728,153.792,delivered,3,
3671,cmd,0,2,153.792,153.855,delivered,3,
3672,hb,3,0,153.856,153.898,delivered,2,
3673,thumb,5,0,153.856,153.894,delivered,1,
3674,cmd,0,3,153.856,153.899,delivered,2,
3675,hb,4,0,153.92,153.983,delivered,3,
3676,cmd,0,4,153.984,154.047,delivered,3,
3677,hb,5,0,154.048,154.069,delivered,1,
3678,hb,1,0,154.112,154.216,delivered,4,
3679,cmd,0,5,154.112,154.133,delivered,1,
3680,cmd,0,1,154.176,154.26,delivered,4,
3681,hb,2,0,154.24,154.303,delivered,3,
3682,hb,3,0,154.304,154.367,delivered,2,
3683,cmd,0,2,154.304,154.41,delivered,3,
3684,cmd,0,3,154.368,154.411,delivered,2,
3685,thumb,1,0,154.432,154.581,delivered,4,
3686,hb,4,0,154.432,154.542,delivered,3,
3687,cmd,0,4,154.496,154.565,delivered,3,
3688,hb,5,0,154.56,154.604,delivered,1,
3689,cmd,0,5,154.56,154.582,delivered,1,
3690,hb,1,0,154.624,154.708,delivered,4,
3691,cmd,0,1,154.688,154.836,delivered,4,
3692,hb,2,0,154.752,154.892,delivered,3,
3693,thumb,2,0,154.752,154.928,delivered,3,
3694,cmd,0,2,154.752,154.837,delivered,3,
3695,hb,3,0,154.816,154.859,delivered,2,
3696,cmd,0,3,154.88,154.929,delivered,2,
3697,hb,4,0,154.944,155.007,delivered,3,
3698,hb,5,0,155.008,155.03,delivered,1,
3699,cmd,0,4,155.008,155.071,delivered,3,
3700,cmd,0,5,155.072,155.093,delivered,1,
3701,hb,1,0,155.136,,expired,0,
3702,thumb,3,0,155.136,155.209,delivered,2,
3703,cmd,0,1,155.2,,expired,0,
3704,hb,2,0,155.264,155.329,delivered,3,
3705,cmd,0,2,155.264,155.328,delivered,3,
3706,hb,3,0,155.328,155.37,delivered,2,
3707,cmd,0,3,155.392,155.434,delivered,2,
3708,hb,4,0,155.456,155.54,delivered,3,
3709,cmd,0,4,155.456,155.52,delivered,3,
3710,thumb,4,0,155.52,155.666,delivered,3,
3711,hb,5,0,155.52,155.541,delivered,1,
3712,cmd,0,5,155.584,155.605,delivered,1,
3713,hb,1,0,155.648,,expired,0,
3714,hb,2,0,155.712,155.775,delivered,3,
3715,cmd,0,1,155.712,,expired,0,
3716,cmd,0,2,155.776,155.839,delivered,3,
3717,hb,3,0,155.84,155.882,delivered,2,
3718,hb,4,0,155.904,155.967,delivered,3,
3719,thumb,5,0,155.904,155.942,delivered,1,
3720,cmd,0,3,155.904,155.947,delivered,2,
3721,cmd,0,4,155.968,156.031,delivered,3,
3722,hb,5,0,156.032,156.053,delivered,1,
3723,cmd,0,5,156.096,156.117,delivered,1,
3724,hb,1,0,156.16,,expired,0,
3725,cmd,0,1,156.16,,expired,0,
3726,hb,2,0,156.224,156.308,delivered,3,
3727,cmd,0,2,156.288,156.372,delivered,3,
3728,hb,3,0,156.352,156.395,delivered,2,
3729,cmd,0,3,156.352,156.394,delivered,2,
3730,thumb,1,0,156.416,,expired,0,
3731,hb,4,0,156.416,156.479,delivered,3,
3732,cmd,0,4,156.48,156.543,delivered,3,
3733,hb,5,0,156.544,156.565,delivered,1,
3734,hb,1,0,156.608,,expired,0,
3735,cmd,0,5,156.608,156.629,delivered,1,
3736,cmd,0,1,156.672,,expired,0,
3737,hb,2,0,156.736,156.799,delivered,3,
3738,thumb,2,0,156.8,156.909,delivered,3,
3739,cmd,0,2,156.8,156.932,delivered,3,
3740,hb,3,0,156.864,156.911,delivered,2,
3741,cmd,0,3,156.864,156.933,delivered,2,
3742,hb,4,0,156.928,157.012,delivered,3,
3743,cmd,0,4,156.992,157.076,delivered,3,
3744,hb,5,0,157.056,157.078,delivered,1,
3745,cmd,0,5,157.056,157.077,delivered,1,
3746,hb,1,0,157.12,,expired,0,
3747,thumb,3,0,157.12,157.193,delivered,2,
3748,cmd,0,1,157.184,,expired,0,
3749,hb,2,0,157.248,157.311,delivered,3,
3750,hb,3,0,157.312,157.354,delivered,2,
3751,cmd,0,2,157.312,157.376,delivered,3,
3752,cmd,0,3,157.376,157.418,delivered,2,
3753,hb,4,0,157.44,157.503,delivered,3,
3754,thumb,4,0,157.504,157.616,delivered,3,
3755,hb,5,0,157.504,157.526,delivered,1,
3756,cmd,0,4,157.504,157.599,delivered,3,
3757,cmd,0,5,157.568,157.589,delivered,1,
3758,hb,1,0,157.632,,expired,0,
3759,cmd,0,1,157.696,,expired,0,
3760,hb,2,0,157.76,157.825,delivered,3,
3761,cmd,0,2,157.76,157.824,delivered,3,
3762,hb,3,0,157.824,157.866,delivered,2,
3763,thumb,5,0,157.888,157.926,delivered,1,
3764,cmd,0,3,157.888,157.93,delivered,2,
3765,hb,4,0,157.952,158.017,delivered,3,
3766,cmd,0,4,157.952,158.016,delivered,3,
3767,hb,5,0,158.016,158.037,delivered,1,
3768,cmd,0,5,158.08,158.101,delivered,1,
3769,hb,1,0,158.144,,expired,0,
3770,hb,2,0,158.208,158.271,delivered,3,
3771,cmd,0,1,158.208,,expired,0,
3772,cmd,0,2,158.272,158.335,delivered,3,
3773,hb,3,0,158.336,158.378,delivered,2,
3774,thumb,1,0,158.4,,expired,0,
3775,cmd,0,3,158.4,158.442,delivered,2,
3776,hb,4,0,158.464,158.529,delivered,3,
3777,cmd,0,4,158.464,158.528,delivered,3,
3778,hb,5,0,158.528,158.549,delivered,1,
3779,cmd,0,5,158.592,158.613,delivered,1,
3780,hb,1,0,158.656,,expired,0,
3781,cmd,0,1,158.656,,expired,0,
3782,hb,2,0,158.72,158.783,delivered,3,
3783,thumb,2,0,158.784,158.893,delivered,3,
3784,cmd,0,2,158.784,158.895,delivered,3,
3785,hb,3,0,158.848,158.895,delivered,2,
3786,hb,4,0,158.912,158.975,delivered,3,
3787,cmd,0,3,158.912,158.955,delivered,2,
3788,cmd,0,4,158.976,159.039,delivered,3,
3789,hb,5,0,159.04,159.061,delivered,1,
3790,hb,1,0,159.104,,expired,0,
3791,cmd,0,5,159.104,159.125,delivered,1,
3792,thumb,3,0,159.168,159.241,delivered,2,
3793,cmd,0,1,159.168,,expired,0,
3794,hb,2,0,159.232,159.295,delivered,3,
3795,cmd,0,2,159.296,159.359,delivered,3,
3796,hb,3,0,159.36,159.402,delivered,2,
3797,cmd,0,3,159.36,159.403,delivered,2,
3798,hb,4,0,159.424,159.487,delivered,3,
3799,thumb,4,0,159.488,159.601,delivered,3,
3800,cmd,0,4,159.488,159.583,delivered,3,
3801,hb,5,0,159.552,159.584,delivered,1,
3802,cmd,0,5,159.552,159.573,delivered,1,
3803,hb,1,0,159.616,,expired,0,
3804,cmd,0,1,159.68,,expired,0,
3805,hb,2,0,159.744,159.807,delivered,3,
3806,hb,3,0,159.808,159.85,delivered,2,
3807,cmd,0,2,159.808,159.872,delivered,3,
3808,thumb,5,0,159.872,159.91,delivered,1,
3809,cmd,0,3,159.872,159.914,delivered,2,
3810,hb,4,0,159.936,159.999,delivered,3,
3811,cmd,0,4,160.0,160.084,delivered,3,
3812,hb,5,0,160.064,160.086,delivered,1,
3813,cmd,0,5,160.064,160.085,delivered,1,
3814,hb,1,0,160.128,,expired,0,
3815,cmd,0,1,160.192,,expired,0,
3816,hb,2,0,160.256,160.321,delivered,3,
3817,cmd,0,2,160.256,160.32,delivered,3,
3818,hb,3,0,160.32,160.362,delivered,2,
3819,thumb,1,0,160.384,,expired,0,
3820,cmd,0,3,160.384,160.426,delivered,2,
3821,hb,4,0,160.448,160.511,delivered,3,
3822,hb,5,0,160.512,160.534,delivered,1,
3823,cmd,0,4,160.512,160.575,delivered,3,
3824,cmd,0,5,160.576,160.597,delivered,1,
3825,hb,1,0,160.64,,expired,0,
3826,hb,2,0,160.704,160.767,delivered,3,
3827,cmd,0,1,160.704,,expired,0,
3828,thumb,2,0,160.768,160.877,delivered,3,
3829,cmd,0,2,160.768,160.879,delivered,3,
3830,hb,3,0,160.832,160.879,delivered,2,
3831,cmd,0,3,160.896,160.938,delivered,2,
3832,hb,4,0,160.96,161.025,delivered,3,
3833,cmd,0,4,160.96,161.024,delivered,3,
3834,hb,5,0,161.024,161.045,delivered,1,
3835,cmd,0,5,161.088,161.109,delivered,1,
3836,hb,1,0,161.152,,expired,0,
3837,thumb,3,0,161.152,161.225,delivered,2,
3838,cmd,0,1,161.152,,expired,0,
3839,hb,2,0,161.216,161.3,delivered,3,
3840,cmd,0,2,161.28,161.343,delivered,3,
3841,hb,3,0,161.344,161.386,delivered,2,
3842,hb,4,0,161.408,161.471,delivered,3,
3843,cmd,0,3,161.408,161.451,delivered,2,
3844,cmd,0,4,161.472,161.535,delivered,3,
3845,thumb,4,0,161.536,161.645,delivered,3,
3846,hb,5,0,161.536,161.557,delivered,1,
3847,cmd,0,5,161.6,161.621,delivered,1,
3848,hb,1,0,161.664,,expired,0,
3849,cmd,0,1,161.664,,expired,0,
3850,hb,2,0,161.728,161.791,delivered,3,
3851,cmd,0,2,161.792,161.855,delivered,3,
3852,hb,3,0,161.856,161.919,delivered,2,
3853,thumb,5,0,161.856,161.894,delivered,1,
3854,cmd,0,3,161.856,161.92,delivered,2,
3855,hb,4,0,161.92,161.983,delivered,3,
3856,cmd,0,4,161.984,162.047,delivered,3,
3857,hb,5,0,162.048,162.069,delivered,1,
3858,hb,1,0,162.112,,expired,0,
3859,cmd,0,5,162.112,162.133,delivered,1,
3860,cmd,0,1,162.176,,expired,0,
3861,hb,2,0,162.24,162.303,delivered,3,
3862,hb,3,0,162.304,162.346,delivered,2,
3863,cmd,0,2,162.304,162.368,delivered,3,
3864,cmd,0,3,162.368,162.41,delivered,2,
3865,thumb,1,0,162.432,,expired,0,
3866,hb,4,0,162.432,162.495,delivered,3,
3867,cmd,0,4,162.496,162.559,delivered,3,
3868,hb,5,0,162.56,162.582,delivered,1,
3869,cmd,0,5,162.56,162.581,delivered,1,
3870,hb,1,0,162.624,,expired,0,
3871,cmd,0,1,162.688,,expired,0,
3872,hb,2,0,162.752,162.828,delivered,3,
3873,thumb,2,0,162.752,162.899,delivered,3,
3874,cmd,0,2,162.752,162.827,delivered,3,
3875,hb,3,0,162.816,162.863,delivered,2,
3876,cmd,0,3,162.88,162.922,delivered,2,
3877,hb,4,0,162.944,163.007,delivered,3,
3878,hb,5,0,163.008,163.03,delivered,1,
3879,cmd,0,4,163.008,163.071,delivered,3,
3880,cmd,0,5,163.072,163.093,delivered,1,
3881,hb,1,0,163.136,,expired,0,
3882,thumb,3,0,163.136,163.209,delivered,2,
3883,cmd,0,1,163.2,,expired,0,
3884,hb,2,0,163.264,163.329,delivered,3,
3885,cmd,0,2,163.264,163.328,delivered,3,
3886,hb,3,0,163.328,163.37,delivered,2,
3887,cmd,0,3,163.392,163.434,delivered,2,
3888,hb,4,0,163.456,163.521,delivered,3,
3889,cmd,0,4,163.456,163.52,delivered,3,
3890,thumb,4,0,163.52,163.629,delivered,3,
3891,hb,5,0,163.52,163.541,delivered,1,
3892,cmd,0,5,163.584,163.605,delivered,1,
3893,hb,1,0,163.648,,expired,0,
3894,hb,2,0,163.712,163.775,delivered,3,
3895,cmd,0,1,163.712,,expired,0,
3896,cmd,0,2,163.776,163.839,delivered,3,
3897,hb,3,0,163.84,163.882,delivered,2,
3898,hb,4,0,163.904,163.967,delivered,3,
3899,thumb,5,0,163.904,163.942,delivered,1,
3900,cmd,0,3,163.904,163.947,delivered,2,
3901,cmd,0,4,163.968,164.052,delivered,3,
3902,hb,5,0,164.032,164.053,delivered,1,
3903,cmd,0,5,164.096,164.117,delivered,1,
3904,hb,1,0,164.16,,expired,0,
3905,cmd,0,1,164.16,,expired,0,
3906,hb,2,0,164.224,164.287,delivered,3,
3907,cmd,0,2,164.288,164.351,delivered,3,
3908,hb,3,0,164.352,164.394,delivered,2,
3909,cmd,0,3,164.352,164.395,delivered,2,
3910,thumb,1,0,164.416,,expired,0,
3911,hb,4,0,164.416,164.5,delivered,3,
3912,cmd,0,4,164.48,164.543,delivered,3,
3913,hb,5,0,164.544,164.565,delivered,1,
3914,hb,1,0,164.608,,expired,0,
3915,cmd,0,5,164.608,164.629,delivered,1,
3916,cmd,0,1,164.672,,expired,0,
3917,hb,2,0,164.736,164.82,delivered,3,
3918,thumb,2,0,164.8,165.016,delivered,3,
3919,cmd,0,2,164.8,164.908,delivered,3,
3920,hb,3,0,164.864,164.927,delivered,2,
3921,cmd,0,3,164.864,164.907,delivered,2,
3922,hb,4,0,164.928,165.018,delivered,3,
3923,cmd,0,4,164.992,165.081,delivered,3,
3924,hb,5,0,165.056,165.102,delivered,1,
3925,cmd,0,5,165.056,165.077,delivered,1,
3926,hb,1,0,165.12,,expired,0,
3927,thumb,3,0,165.12,165.193,delivered,2,
3928,cmd,0,1,165.184,,expired,0,
3929,hb,2,0,165.248,165.311,delivered,3,
3930,hb,3,0,165.312,165.354,delivered,2,
3931,cmd,0,2,165.312,165.376,delivered,3,
3932,cmd,0,3,165.376,165.418,delivered,2,
3933,hb,4,0,165.44,165.503,delivered,3,
3934,thumb,4,0,165.504,165.616,delivered,3,
3935,hb,5,0,165.504,165.526,delivered,1,
3936,cmd,0,4,165.504,165.599,delivered,3,
3937,cmd,0,5,165.568,165.589,delivered,1,
3938,hb,1,0,165.632,,expired,0,
3939,cmd,0,1,165.696,,expired,0,
3940,hb,2,0,165.76,165.844,delivered,3,
3941,cmd,0,2,165.76,165.824,delivered,3,
3942,hb,3,0,165.824,165.887,delivered,2,
3943,thumb,5,0,165.888,165.926,delivered,1,
3944,cmd,0,3,165.888,165.93,delivered,2,
3945,hb,4,0,165.952,166.017,delivered,3,
3946,cmd,0,4,165.952,166.037,delivered,3,
3947,hb,5,0,166.016,166.038,delivered,1,
3948,cmd,0,5,166.08,166.101,delivered,1,
3949,hb,1,0,166.144,,expired,0,
3950,hb,2,0,166.208,166.271,delivered,3,
3951,cmd,0,1,166.208,,expired,0,
3952,cmd,0,2,166.272,166.335,delivered,3,
3953,hb,3,0,166.336,166.378,delivered,2,
3954,thumb,1,0,166.4,,expired,0,
3955,cmd,0,3,166.4,166.442,delivered,2,
3956,hb,4,0,166.464,166.529,delivered,3,
3957,cmd,0,4,166.464,166.528,delivered,3,
3958,hb,5,0,166.528,166.549,delivered,1,
3959,cmd,0,5,166.592,166.613,delivered,1,
3960,hb,1,0,166.656,,expired,0,
3961,cmd,0,1,166.656,,expired,0,
3962,hb,2,0,166.72,166.783,delivered,3,
3963,thumb,2,0,166.784,166.893,delivered,3,
3964,cmd,0,2,166.784,166.895,delivered,3,
3965,hb,3,0,166.848,166.895,delivered,2,
3966,hb,4,0,166.912,166.975,delivered,3,
3967,cmd,0,3,166.912,166.955,delivered,2,
3968,cmd,0,4,166.976,167.039,delivered,3,
3969,hb,5,0,167.04,167.082,delivered,1,
3970,hb,1,0,167.104,,expired,0,
3971,cmd,0,5,167.104,167.125,delivered,1,
3972,thumb,3,0,167.168,167.241,delivered,2,
3973,cmd,0,1,167.168,,expired,0,
3974,hb,2,0,167.232,167.295,delivered,3,
3975,cmd,0,2,167.296,167.359,delivered,3,
3976,hb,3,0,167.36,167.402,delivered,2,
3977,cmd,0,3,167.36,167.403,delivered,2,
3978,hb,4,0,167.424,167.487,delivered,3,
3979,thumb,4,0,167.488,167.601,delivered,3,
3980,cmd,0,4,167.488,167.583,delivered,3,
3981,hb,5,0,167.552,167.584,delivered,1,
3982,cmd,0,5,167.552,167.573,delivered,1,
3983,hb,1,0,167.616,,expired,0,
3984,cmd,0,1,167.68,,expired,0,
3985,hb,2,0,167.744,167.807,delivered,3,
3986,hb,3,0,167.808,167.85,delivered,2,
3987,cmd,0,2,167.808,167.872,delivered,3,
3988,thumb,5,0,167.872,167.91,delivered,1,
3989,cmd,0,3,167.872,167.914,delivered,2,
3990,hb,4,0,167.936,167.999,delivered,3,
3991,cmd,0,4,168.0,168.063,delivered,3,
3992,hb,5,0,168.064,168.086,delivered,1,
3993,cmd,0,5,168.064,168.085,delivered,1,
3994,hb,1,0,168.128,,expired,0,
3995,cmd,0,1,168.192,,expired,0,
3996,hb,2,0,168.256,168.321,delivered,3,
3997,cmd,0,2,168.256,168.32,delivered,3,
3998,hb,3,0,168.32,168.362,delivered,2,
3999,thumb,1,0,168.384,,expired,0,
4000,cmd,0,3,168.384,168.426,delivered,2,
4001,hb,4,0,168.448,168.532,delivered,3,
4002,hb,5,0,168.512,168.534,delivered,1,
4003,cmd,0,4,168.512,168.575,delivered,3,
4004,cmd,0,5,168.576,168.597,delivered,1,
4005,hb,1,0,168.64,,expired,0,
4006,hb,2,0,168.704,168.767,delivered,3,
4007,cmd,0,1,168.704,,expired,0,
4008,thumb,2,0,168.768,168.877,delivered,3,
4009,cmd,0,2,168.768,168.879,delivered,3,
4010,hb,3,0,168.832,168.879,delivered,2,
4011,cmd,0,3,168.896,168.938,delivered,2,
4012,hb,4,0,168.96,169.044,delivered,3,
4013,cmd,0,4,168.96,169.024,delivered,3,
4014,hb,5,0,169.024,169.045,delivered,1,
4015,cmd,0,5,169.088,169.13,delivered,1,
4016,hb,1,0,169.152,,expired,0,
4017,thumb,3,0,169.152,169.225,delivered,2,
4018,cmd,0,1,169.152,,expired,0,
4019,hb,2,0,169.216,169.3,delivered,3,
4020,cmd,0,2,169.28,169.343,delivered,3,
4021,hb,3,0,169.344,169.386,delivered,2,
4022,hb,4,0,169.408,169.471,delivered,3,
4023,cmd,0,3,169.408,169.451,delivered,2,
4024,cmd,0,4,169.472,169.535,delivered,3,
4025,thumb,4,0,169.536,169.645,delivered,3,
4026,hb,5,0,169.536,169.557,delivered,1,
4027,cmd,0,5,169.6,169.621,delivered,1,
4028,hb,1,0,169.664,,expired,0,
4029,cmd,0,1,169.664,,expired,0,
4030,hb,2,0,169.728,169.791,delivered,3,
4031,cmd,0,2,169.792,169.876,delivered,3,
4032,hb,3,0,169.856,169.899,delivered,2,
4033,thumb,5,0,169.856,169.894,delivered,1,
4034,cmd,0,3,169.856,169.898,delivered,2,
4035,hb,4,0,169.92,169.983,delivered,3,
4036,cmd,0,4,169.984,170.047,delivered,3,
4037,hb,5,0,170.048,170.069,delivered,1,
4038,hb,1,0,170.112,,expired,0,
4039,cmd,0,5,170.112,170.133,delivered,1,
4040,cmd,0,1,170.176,,expired,0,
4041,hb,2,0,170.24,170.324,delivered,3,
4042,hb,3,0,170.304,170.346,delivered,2,
4043,cmd,0,2,170.304,170.368,delivered,3,
4044,cmd,0,3,170.368,170.41,delivered,2,
4045,thumb,1,0,170.432,,expired,0,
4046,hb,4,0,170.432,170.495,delivered,3,
4047,cmd,0,4,170.496,170.58,delivered,3,
4048,hb,5,0,170.56,170.582,delivered,1,
4049,cmd,0,5,170.56,170.581,delivered,1,
4050,hb,1,0,170.624,,expired,0,
4051,cmd,0,1,170.688,,expired,0,
4052,hb,2,0,170.752,170.817,delivered,3,
4053,thumb,2,0,170.752,170.87,delivered,3,
4054,cmd,0,2,170.752,170.816,delivered,3,
4055,hb,3,0,170.816,170.871,delivered,2,
4056,cmd,0,3,170.88,170.922,delivered,2,
4057,hb,4,0,170.944,171.007,delivered,3,
4058,hb,5,0,171.008,171.03,delivered,1,
4059,cmd,0,4,171.008,171.071,delivered,3,
4060,cmd,0,5,171.072,171.093,delivered,1,
4061,hb,1,0,171.136,,expired,0,
4062,thumb,3,0,171.136,171.209,delivered,2,
4063,cmd,0,1,171.2,,expired,0,
4064,hb,2,0,171.264,171.329,delivered,3,
4065,cmd,0,2,171.264,171.328,delivered,3,
4066,hb,3,0,171.328,171.37,delivered,2,
4067,cmd,0,3,171.392,171.434,delivered,2,
4068,hb,4,0,171.456,171.521,delivered,3,
4069,cmd,0,4,171.456,171.52,delivered,3,
4070,thumb,4,0,171.52,171.629,delivered,3,
4071,hb,5,0,171.52,171.541,delivered,1,
4072,cmd,0,5,171.584,171.605,delivered,1,
4073,hb,1,0,171.648,,expired,0,
4074,hb,2,0,171.712,171.775,delivered,3,
4075,cmd,0,1,171.712,,expired,0,
4076,cmd,0,2,171.776,171.839,delivered,3,
4077,hb,3,0,171.84,171.882,delivered,2,
4078,hb,4,0,171.904,171.967,delivered,3,
4079,thumb,5,0,171.904,171.942,delivered,1,
4080,cmd,0,3,171.904,171.947,delivered,2,
4081,cmd,0,4,171.968,172.031,delivered,3,
4082,hb,5,0,172.032,172.053,delivered,1,
4083,cmd,0,5,172.096,172.117,delivered,1,
4084,hb,1,0,172.16,,expired,0,
4085,cmd,0,1,172.16,,expired,0,
4086,hb,2,0,172.224,172.287,delivered,3,
4087,cmd,0,2,172.288,172.351,delivered,3,
4088,hb,3,0,172.352,172.394,delivered,2,
4089,cmd,0,3,172.352,172.395,delivered,2,
4090,thumb,1,0,172.416,,expired,0,
4091,hb,4,0,172.416,172.479,delivered,3,
4092,cmd,0,4,172.48,172.543,delivered,3,
4093,hb,5,0,172.544,172.565,delivered,1,
4094,hb,1,0,172.608,,expired,0,
4095,cmd,0,5,172.608,172.629,delivered,1,
4096,cmd,0,1,172.672,,expired,0,
4097,hb,2,0,172.736,172.799,delivered,3,
4098,thumb,2,0,172.8,172.909,delivered,3,
4099,cmd,0,2,172.8,172.911,delivered,3,
4100,hb,3,0,172.864,172.911,delivered,2,
4101,cmd,0,3,172.864,172.913,delivered,2,
4102,hb,4,0,172.928,172.991,delivered,3,
4103,cmd,0,4,172.992,173.055,delivered,3,
4104,hb,5,0,173.056,173.078,delivered,1,
4105,cmd,0,5,173.056,173.077,delivered,1,
4106,hb,1,0,173.12,,expired,0,
4107,thumb,3,0,173.12,173.229,delivered,2,
4108,cmd,0,1,173.184,,expired,0,
4109,hb,2,0,173.248,173.311,delivered,3,
4110,hb,3,0,173.312,173.354,delivered,2,
4111,cmd,0,2,173.312,173.376,delivered,3,
4112,cmd,0,3,173.376,173.418,delivered,2,
4113,hb,4,0,173.44,173.503,delivered,3,
4114,thumb,4,0,173.504,173.616,delivered,3,
4115,hb,5,0,173.504,173.526,delivered,1,
4116,cmd,0,4,173.504,173.62,delivered,3,
4117,cmd,0,5,173.568,173.589,delivered,1,
4118,hb,1,0,173.632,,expired,0,
4119,cmd,0,1,173.696,,expired,0,
4120,hb,2,0,173.76,173.825,delivered,3,
4121,cmd,0,2,173.76,173.824,delivered,3,
4122,hb,3,0,173.824,173.866,delivered,2,
4123,thumb,5,0,173.888,173.926,delivered,1,
4124,cmd,0,3,173.888,173.93,delivered,2,
4125,hb,4,0,173.952,174.017,delivered,3,
4126,cmd,0,4,173.952,174.016,delivered,3,
4127,hb,5,0,174.016,174.037,delivered,1,
4128,cmd,0,5,174.08,174.101,delivered,1,
4129,hb,1,0,174.144,,expired,0,
4130,hb,2,0,174.208,174.271,delivered,3,
4131,cmd,0,1,174.208,,expired,0,
4132,cmd,0,2,174.272,174.335,delivered,3,
4133,hb,3,0,174.336,174.378,delivered,2,
4134,thumb,1,0,174.4,,expired,0,
4135,cmd,0,3,174.4,174.442,delivered,2,
4136,hb,4,0,174.464,174.529,delivered,3,
4137,cmd,0,4,174.464,174.528,delivered,3,
4138,hb,5,0,174.528,174.549,delivered,1,
4139,cmd,0,5,174.592,174.613,delivered,1,
4140,hb,1,0,174.656,,expired,0,
4141,cmd,0,1,174.656,,expired,0,
4142,hb,2,0,174.72,174.783,delivered,3,
4143,thumb,2,0,174.784,174.893,delivered,3,
4144,cmd,0,2,174.784,174.895,delivered,3,
4145,hb,3,0,174.848,174.895,delivered,2,
4146,data,1,0,174.912,194.498,delivered,4,1|P5|0
4147,data,1,0,174.912,194.564,delivered,4,1|P5|1
4148,data,1,0,174.912,194.637,delivered,4,1|P5|2
4149,data,1,0,174.912,194.707,delivered,4,1|P5|3
4150,hb,4,0,174.912,174.996,delivered,4,
4151,cmd,0,3,174.912,174.954,delivered,2,
4152,cmd,0,4,174.976,175.06,delivered,4,
4153,hb,5,0,175.04,175.061,delivered,1,
4154,hb,1,0,175.104,,expired,0,
4155,cmd,0,5,175.104,175.125,delivered,1,
4156,thumb,3,0,175.168,175.241,delivered,2,
4157,cmd,0,1,175.168,,expired,0,
4158,hb,2,0,175.232,175.295,delivered,3,
4159,cmd,0,2,175.296,175.359,delivered,3,
4160,hb,3,0,175.36,175.402,delivered,2,
4161,cmd,0,3,175.36,175.403,delivered,2,
4162,hb,4,0,175.424,175.508,delivered,4,
4163,thumb,4,0,175.488,175.636,delivered,4,
4164,cmd,0,4,175.488,175.583,delivered,4,
4165,hb,5,0,175.552,175.601,delivered,1,
4166,cmd,0,5,175.552,175.573,delivered,1,
4167,hb,1,0,175.616,,expired,0,
4168,cmd,0,1,175.68,,expired,0,
4169,hb,2,0,175.744,175.807,delivered,3,
4170,hb,3,0,175.808,175.85,delivered,2,
4171,cmd,0,2,175.808,175.915,delivered,3,
4172,thumb,5,0,175.872,175.933,delivered,1,
4173,cmd,0,3,175.872,175.916,delivered,2,
4174,hb,4,0,175.936,176.02,delivered,4,
4175,cmd,0,4,176.0,176.084,delivered,4,
4176,hb,5,0,176.064,176.086,delivered,1,
4177,cmd,0,5,176.064,176.085,delivered,1,
4178,hb,1,0,176.128,,expired,0,
4179,cmd,0,1,176.192,,expired,0,
4180,hb,2,0,176.256,176.321,delivered,3,
4181,cmd,0,2,176.256,176.32,delivered,3,
4182,hb,3,0,176.32,176.362,delivered,2,
4183,thumb,1,0,176.384,,expired,0,
4184,cmd,0,3,176.384,176.426,delivered,2,
4185,hb,4,0,176.448,176.576,delivered,4,
4186,hb,5,0,176.512,176.553,delivered,1,
4187,cmd,0,4,176.512,176.597,delivered,4,
4188,cmd,0,5,176.576,176.597,delivered,1,
4189,hb,1,0,176.64,,expired,0,
4190,hb,2,0,176.704,176.788,delivered,3,
4191,cmd,0,1,176.704,,expired,0,
4192,thumb,2,0,176.768,176.877,delivered,3,
4193,cmd,0,2,176.768,176.9,delivered,3,
4194,hb,3,0,176.832,176.879,delivered,2,
4195,cmd,0,3,176.896,176.938,delivered,2,
4196,hb,4,0,176.96,177.044,delivered,4,
4197,cmd,0,4,176.96,177.045,delivered,4,
4198,hb,5,0,177.024,177.045,delivered,1,
4199,cmd,0,5,177.088,177.13,delivered,1,
4200,hb,1,0,177.152,,expired,0,
4201,thumb,3,0,177.152,177.225,delivered,2,
4202,cmd,0,1,177.152,,expired,0,
4203,hb,2,0,177.216,177.279,delivered,3,
4204,cmd,0,2,177.28,177.343,delivered,3,
4205,hb,3,0,177.344,177.407,delivered,2,
4206,hb,4,0,177.408,177.492,delivered,4,
4207,cmd,0,3,177.408,177.472,delivered,2,
4208,cmd,0,4,177.472,177.556,delivered,4,
4209,thumb,4,0,177.536,177.682,delivered,4,
4210,hb,5,0,177.536,177.557,delivered,1,
4211,cmd,0,5,177.6,177.621,delivered,1,
4212,hb,1,0,177.664,,expired,0,
4213,cmd,0,1,177.664,,expired,0,
4214,hb,2,0,177.728,177.791,delivered,3,
4215,cmd,0,2,177.792,177.855,delivered,3,
4216,hb,3,0,177.856,177.898,delivered,2,
4217,thumb,5,0,177.856,177.894,delivered,1,
4218,cmd,0,3,177.856,177.899,delivered,2,
4219,hb,4,0,177.92,178.004,delivered,4,
4220,cmd,0,4,177.984,178.068,delivered,4,
4221,hb,5,0,178.048,178.069,delivered,1,
4222,hb,1,0,178.112,,expired,0,
4223,cmd,0,5,178.112,178.133,delivered,1,
4224,cmd,0,1,178.176,,expired,0,
4225,hb,2,0,178.24,178.303,delivered,3,
4226,hb,3,0,178.304,178.346,delivered,2,
4227,cmd,0,2,178.304,178.368,delivered,3,
4228,cmd,0,3,178.368,178.41,delivered,2,
4229,thumb,1,0,178.432,,expired,0,
4230,hb,4,0,178.432,178.516,delivered,4,
4231,cmd,0,4,178.496,178.58,delivered,4,
4232,hb,5,0,178.56,178.582,delivered,1,
4233,cmd,0,5,178.56,178.581,delivered,1,
4234,hb,1,0,178.624,,expired,0,
4235,cmd,0,1,178.688,,expired,0,
4236,hb,2,0,178.752,178.836,delivered,3,
4237,thumb,2,0,178.752,178.889,delivered,3,
4238,cmd,0,2,178.752,178.816,delivered,3,
4239,hb,3,0,178.816,178.889,delivered,2,
4240,cmd,0,3,178.88,178.922,delivered,2,
4241,data,1,0,178.944,194.836,delivered,4,1|P5|0
4242,data,1,0,178.944,196.077,delivered,4,1|P5|1
4243,data,1,0,178.944,196.144,delivered,4,1|P5|2
4244,data,1,0,178.944,196.277,delivered,4,1|P5|3
4245,hb,4,0,178.944,179.028,delivered,4,
4246,hb,5,0,179.008,179.03,delivered,1,
4247,cmd,0,4,179.008,179.092,delivered,4,
4248,cmd,0,5,179.072,179.093,delivered,1,
4249,hb,1,0,179.136,,expired,0,
4250,thumb,3,0,179.136,179.209,delivered,2,
4251,cmd,0,1,179.2,,expired,0,
4252,hb,2,0,179.264,179.329,delivered,3,
4253,cmd,0,2,179.264,179.328,delivered,3,
4254,hb,3,0,179.328,179.37,delivered,2,
4255,cmd,0,3,179.392,179.434,delivered,2,
4256,hb,4,0,179.456,179.54,delivered,4,
4257,cmd,0,4,179.456,179.541,delivered,4,
4258,thumb,4,0,179.52,179.667,delivered,4,
4259,hb,5,0,179.52,179.541,delivered,1,
4260,cmd,0,5,179.584,179.626,delivered,1,
4261,hb,1,0,179.648,,expired,0,
4262,hb,2,0,179.712,179.796,delivered,3,
4263,cmd,0,1,179.712,,expired,0,
4264,cmd,0,2,179.776,179.86,delivered,3,
4265,hb,3,0,179.84,179.882,delivered,2,
4266,hb,4,0,179.904,179.988,delivered,4,
4267,thumb,5,0,179.904,179.942,delivered,1,
4268,cmd,0,3,179.904,179.946,delivered,2,
4269,cmd,0,4,179.968,180.052,delivered,4,
4270,hb,5,0,180.032,180.053,delivered,1,
4271,cmd,0,5,180.096,180.117,delivered,1,
4272,hb,1,0,180.16,,expired,0,
4273,cmd,0,1,180.16,,expired,0,
4274,hb,2,0,180.224,180.287,delivered,3,
4275,cmd,0,2,180.288,180.351,delivered,3,
4276,hb,3,0,180.352,180.394,delivered,2,
4277,cmd,0,3,180.352,180.395,delivered,2,
4278,thumb,1,0,180.416,,expired,0,
4279,hb,4,0,180.416,180.5,delivered,4,
4280,cmd,0,4,180.48,180.564,delivered,4,
4281,hb,5,0,180.544,180.565,delivered,1,
4282,hb,1,0,180.608,,expired,0,
4283,cmd,0,5,180.608,180.629,delivered,1,
4284,cmd,0,1,180.672,,expired,0,
4285,hb,2,0,180.736,180.874,delivered,3,
4286,thumb,2,0,180.8,180.909,delivered,3,
4287,cmd,0,2,180.8,180.911,delivered,3,
4288,hb,3,0,180.864,180.911,delivered,2,
4289,cmd,0,3,180.864,180.953,delivered,2,
4290,hb,4,0,180.928,181.012,delivered,4,
4291,cmd,0,4,180.992,181.076,delivered,4,
4292,hb,5,0,181.056,181.078,delivered,1,
4293,cmd,0,5,181.056,181.077,delivered,1,
4294,hb,1,0,181.12,,expired,0,
4295,thumb,3,0,181.12,181.193,delivered,2,
4296,cmd,0,1,181.184,,expired,0,
4297,hb,2,0,181.248,181.311,delivered,3,
4298,hb,3,0,181.312,181.354,delivered,2,
4299,cmd,0,2,181.312,181.376,delivered,3,
4300,cmd,0,3,181.376,181.418,delivered,2,
4301,hb,4,0,181.44,181.524,delivered,4,
4302,thumb,4,0,181.504,181.652,delivered,4,
4303,hb,5,0,181.504,181.526,delivered,1,
4304,cmd,0,4,181.504,181.599,delivered,4,
4305,cmd,0,5,181.568,181.589,delivered,1,
4306,hb,1,0,181.632,,expired,0,
4307,cmd,0,1,181.696,,expired,0,
4308,hb,2,0,181.76,181.825,delivered,3,
4309,cmd,0,2,181.76,181.824,delivered,3,
4310,hb,3,0,181.824,181.866,delivered,2,
4311,thumb,5,0,181.888,181.926,delivered,1,
4312,cmd,0,3,181.888,181.93,delivered,2,
4313,hb,4,0,181.952,182.036,delivered,4,
4314,cmd,0,4,181.952,182.037,delivered,4,
4315,hb,5,0,182.016,182.037,delivered,1,
4316,cmd,0,5,182.08,182.101,delivered,1,
4317,hb,1,0,182.144,,expired,0,
4318,hb,2,0,182.208,182.271,delivered,3,
4319,cmd,0,1,182.208,,expired,0,
4320,cmd,0,2,182.272,182.335,delivered,3,
4321,hb,3,0,182.336,182.378,delivered,2,
4322,thumb,1,0,182.4,,expired,0,
4323,cmd,0,3,182.4,182.442,delivered,2,
4324,hb,4,0,182.464,182.548,delivered,4,
4325,cmd,0,4,182.464,182.549,delivered,4,
4326,hb,5,0,182.528,182.549,delivered,1,
4327,cmd,0,5,182.592,182.613,delivered,1,
4328,hb,1,0,182.656,,expired,0,
4329,cmd,0,1,182.656,,expired,0,
4330,hb,2,0,182.72,182.783,delivered,3,
4331,thumb,2,0,182.784,182.93,delivered,3,
4332,cmd,0,2,182.784,182.858,delivered,3,
4333,hb,3,0,182.848,182.894,delivered,2,
4334,hb,4,0,182.912,182.996,delivered,4,
4335,cmd,0,3,182.912,182.954,delivered,2,
4336,data,1,0,182.976,196.211,delivered,4,1|P5|0
4337,data,1,0,182.976,196.491,delivered,4,1|P5|1
4338,data,1,0,182.976,196.615,delivered,4,1|P5|2
4339,data,1,0,182.976,197.863,delivered,4,1|P5|3
4340,cmd,0,4,182.976,183.06,delivered,4,
4341,hb,5,0,183.04,183.061,delivered,1,
4342,hb,1,0,183.104,,expired,0,
4343,cmd,0,5,183.104,183.125,delivered,1,
4344,thumb,3,0,183.168,183.241,delivered,2,
4345,cmd,0,1,183.168,,expired,0,
4346,hb,2,0,183.232,183.295,delivered,3,
4347,cmd,0,2,183.296,183.359,delivered,3,
4348,hb,3,0,183.36,183.402,delivered,2,
4349,cmd,0,3,183.36,183.403,delivered,2,
4350,hb,4,0,183.424,183.508,delivered,4,
4351,thumb,4,0,183.488,183.636,delivered,4,
4352,cmd,0,4,183.488,183.583,delivered,4,
4353,hb,5,0,183.552,183.601,delivered,1,
4354,cmd,0,5,183.552,183.573,delivered,1,
4355,hb,1,0,183.616,,expired,0,
4356,cmd,0,1,183.68,,expired,0,
4357,hb,2,0,183.744,183.828,delivered,3,
4358,hb,3,0,183.808,183.851,delivered,2,
4359,cmd,0,2,183.808,183.892,delivered,3,
4360,thumb,5,0,183.872,183.91,delivered,1,
4361,cmd,0,3,183.872,183.914,delivered,2,
4362,hb,4,0,183.936,184.02,delivered,4,
4363,cmd,0,4,184.0,184.084,delivered,4,
4364,hb,5,0,184.064,184.086,delivered,1,
4365,cmd,0,5,184.064,184.085,delivered,1,
4366,hb,1,0,184.128,,expired,0,
4367,cmd,0,1,184.192,,expired,0,
4368,hb,2,0,184.256,184.321,delivered,3,
4369,cmd,0,2,184.256,184.32,delivered,3,
4370,hb,3,0,184.32,184.362,delivered,2,
4371,thumb,1,0,184.384,,expired,0,
4372,cmd,0,3,184.384,184.426,delivered,2,
4373,hb,4,0,184.448,184.532,delivered,4,
4374,hb,5,0,184.512,184.555,delivered,1,
4375,cmd,0,4,184.512,184.598,delivered,4,
4376,cmd,0,5,184.576,184.618,delivered,1,
4377,hb,1,0,184.64,,expired,0,
4378,hb,2,0,184.704,184.767,delivered,3,
4379,cmd,0,1,184.704,,expired,0,
4380,thumb,2,0,184.768,184.877,delivered,3,
4381,cmd,0,2,184.768,184.879,delivered,3,
4382,hb,3,0,184.832,184.879,delivered,2,
4383,cmd,0,3,184.896,184.938,delivered,2,
4384,hb,4,0,184.96,185.044,delivered,4,
4385,cmd,0,4,184.96,185.066,delivered,4,
4386,hb,5,0,185.024,185.046,delivered,1,
4387,cmd,0,5,185.088,185.109,delivered,1,
4388,hb,1,0,185.152,,expired,0,
4389,thumb,3,0,185.152,185.225,delivered,2,
4390,cmd,0,1,185.152,,expired,0,
4391,hb,2,0,185.216,185.279,delivered,3,
4392,cmd,0,2,185.28,185.343,delivered,3,
4393,hb,3,0,185.344,185.386,delivered,2,
4394,hb,4,0,185.408,185.492,delivered,4,
4395,cmd,0,3,185.408,185.45,delivered,2,
4396,cmd,0,4,185.472,185.599,delivered,4,
4397,thumb,4,0,185.536,185.688,delivered,4,
4398,hb,5,0,185.536,185.578,delivered,1,
4399,cmd,0,5,185.6,185.621,delivered,1,
4400,hb,1,0,185.664,,expired,0,
4401,cmd,0,1,185.664,,expired,0,
4402,hb,2,0,185.728,185.791,delivered,3,
4403,cmd,0,2,185.792,185.855,delivered,3,
4404,hb,3,0,185.856,185.898,delivered,2,
4405,thumb,5,0,185.856,185.894,delivered,1,
4406,cmd,0,3,185.856,185.899,delivered,2,
4407,hb,4,0,185.92,186.004,delivered,4,
4408,cmd,0,4,185.984,186.068,delivered,4,
4409,hb,5,0,186.048,186.069,delivered,1,
4410,hb,1,0,186.112,,expired,0,
4411,cmd,0,5,186.112,186.133,delivered,1,
4412,cmd,0,1,186.176,,expired,0,
4413,hb,2,0,186.24,186.303,delivered,3,
4414,hb,3,0,186.304,186.346,delivered,2,
4415,cmd,0,2,186.304,186.368,delivered,3,
4416,cmd,0,3,186.368,186.41,delivered,2,
4417,thumb,1,0,186.432,,expired,0,
4418,hb,4,0,186.432,186.516,delivered,4,
4419,cmd,0,4,186.496,186.58,delivered,4,
4420,hb,5,0,186.56,186.582,delivered,1,
4421,cmd,0,5,186.56,186.581,delivered,1,
4422,hb,1,0,186.624,,expired,0,
4423,cmd,0,1,186.688,,expired,0,
4424,hb,2,0,186.752,186.817,delivered,3,
4425,thumb,2,0,186.752,186.87,delivered,3,
4426,cmd,0,2,186.752,186.816,delivered,3,
4427,hb,3,0,186.816,186.871,delivered,2,
4428,cmd,0,3,186.88,186.922,delivered,2,
4429,hb,4,0,186.944,187.028,delivered,4,
4430,data,1,0,187.008,198.355,delivered,4,1|P5|0
4431,data,1,0,187.008,198.286,delivered,4,1|P5|1
4432,data,1,0,187.008,198.444,delivered,4,1|P5|2
4433,data,1,0,187.008,198.511,delivered,4,1|P5|3
4434,hb,5,0,187.008,187.03,delivered,1,
4435,cmd,0,4,187.008,187.092,delivered,4,
4436,cmd,0,5,187.072,187.093,delivered,1,
4437,hb,1,0,187.136,,expired,0,
4438,thumb,3,0,187.136,187.209,delivered,2,
4439,cmd,0,1,187.2,,expired,0,
4440,hb,2,0,187.264,187.329,delivered,3,
4441,cmd,0,2,187.264,187.328,delivered,3,
4442,hb,3,0,187.328,187.37,delivered,2,
4443,cmd,0,3,187.392,187.434,delivered,2,
4444,hb,4,0,187.456,187.54,delivered,4,
4445,cmd,0,4,187.456,187.541,delivered,4,
4446,thumb,4,0,187.52,187.667,delivered,4,
4447,hb,5,0,187.52,187.541,delivered,1,
4448,cmd,0,5,187.584,187.605,delivered,1,
4449,hb,1,0,187.648,,expired,0,
4450,hb,2,0,187.712,187.775,delivered,3,
4451,cmd,0,1,187.712,,expired,0,
4452,cmd,0,2,187.776,187.839,delivered,3,
4453,hb,3,0,187.84,187.903,delivered,2,
4454,hb,4,0,187.904,187.988,delivered,4,
4455,thumb,5,0,187.904,187.942,delivered,1,
4456,cmd,0,3,187.904,187.968,delivered,2,
4457,cmd,0,4,187.968,188.073,delivered,4,
4458,hb,5,0,188.032,188.053,delivered,1,
4459,cmd,0,5,188.096,188.117,delivered,1,
4460,hb,1,0,188.16,190.1,delivered,4,
4461,cmd,0,1,188.16,190.167,delivered,4,
4462,hb,2,0,188.224,188.287,delivered,3,
4463,cmd,0,2,188.288,188.351,delivered,3,
4464,hb,3,0,188.352,188.394,delivered,2,
4465,cmd,0,3,188.352,188.395,delivered,2,
4466,thumb,1,0,188.416,,expired,1,
4467,hb,4,0,188.416,188.5,delivered,4,
4468,cmd,0,4,188.48,188.564,delivered,4,
4469,hb,5,0,188.544,188.586,delivered,1,
4470,hb,1,0,188.608,190.105,delivered,4,
4471,cmd,0,5,188.608,188.629,delivered,1,
4472,cmd,0,1,188.672,190.449,delivered,4,
4473,hb,2,0,188.736,188.799,delivered,3,
4474,thumb,2,0,188.8,188.909,delivered,3,
4475,cmd,0,2,188.8,188.911,delivered,3,
4476,hb,3,0,188.864,188.911,delivered,2,
4477,cmd,0,3,188.864,188.913,delivered,2,
4478,hb,4,0,188.928,189.012,delivered,4,
4479,cmd,0,4,188.992,189.076,delivered,4,
4480,hb,5,0,189.056,189.078,delivered,1,
4481,cmd,0,5,189.056,189.077,delivered,1,
4482,hb,1,0,189.12,190.125,delivered,4,
4483,thumb,3,0,189.12,189.193,delivered,2,
4484,cmd,0,1,189.184,190.717,delivered,4,
4485,hb,2,0,189.248,189.311,delivered,3,
4486,hb,3,0,189.312,189.354,delivered,2,
4487,cmd,0,2,189.312,189.376,delivered,3,
4488,cmd,0,3,189.376,189.418,delivered,2,
4489,hb,4,0,189.44,189.579,delivered,4,
4490,thumb,4,0,189.504,189.652,delivered,4,
4491,hb,5,0,189.504,189.545,delivered,1,
4492,cmd,0,4,189.504,189.599,delivered,4,
4493,cmd,0,5,189.568,189.589,delivered,1,
4494,hb,1,0,189.632,,expired,1,
4495,cmd,0,1,189.696,191.155,delivered,4,
4496,hb,2,0,189.76,189.825,delivered,3,
4497,cmd,0,2,189.76,189.824,delivered,3,
4498,hb,3,0,189.824,189.866,delivered,2,
4499,thumb,5,0,189.888,189.926,delivered,1,
4500,cmd,0,3,189.888,189.93,delivered,2,
4501,hb,4,0,189.952,190.036,delivered,4,
4502,cmd,0,4,189.952,190.037,delivered,4,
4503,hb,5,0,190.016,190.038,delivered,1,
4504,cmd,0,5,190.08,190.101,delivered,1,
4505,hb,1,0,190.144,192.184,delivered,4,
4506,hb,2,0,190.208,191.681,delivered,3,
4507,cmd,0,1,190.208,192.144,delivered,4,
4508,cmd,0,2,190.272,190.356,delivered,3,
4509,hb,3,0,190.336,190.378,delivered,2,
4510,thumb,1,0,190.4,,expired,2,
4511,cmd,0,3,190.4,190.442,delivered,2,
4512,hb,4,0,190.464,192.193,delivered,4,
4513,cmd,0,4,190.464,192.146,delivered,4,
4514,hb,5,0,190.528,190.549,delivered,1,
4515,cmd,0,5,190.592,190.613,delivered,1,
4516,hb,1,0,190.656,192.217,delivered,4,
4517,cmd,0,1,190.656,192.149,delivered,4,
4518,hb,2,0,190.72,192.206,delivered,3,
4519,thumb,2,0,190.784,,expired,1,
4520,cmd,0,2,190.784,190.868,delivered,3,
4521,hb,3,0,190.848,190.89,delivered,2,
4522,hb,4,0,190.912,192.232,delivered,4,
4523,cmd,0,3,190.912,190.954,delivered,2,
4524,cmd,0,4,190.976,192.173,delivered,4,
4525,data,1,0,191.04,198.609,delivered,4,1|P5|0
4526,data,1,0,191.04,198.741,delivered,4,1|P5|1
4527,data,1,0,191.04,198.808,delivered,4,1|P5|2
4528,data,1,0,191.04,199.443,delivered,4,1|P5|3
4529,hb,5,0,191.04,191.061,delivered,1,
4530,hb,1,0,191.104,192.234,delivered,4,
4531,cmd,0,5,191.104,191.146,delivered,1,
4532,thumb,3,0,191.168,191.316,delivered,2,
4533,cmd,0,1,191.168,192.208,delivered,4,
4534,hb,2,0,191.232,192.253,delivered,3,
4535,cmd,0,2,191.296,191.359,delivered,3,
4536,hb,3,0,191.36,191.402,delivered,2,
4537,cmd,0,3,191.36,191.424,delivered,2,
4538,hb,4,0,191.424,192.27,delivered,4,
4539,thumb,4,0,191.488,,expired,2,
4540,cmd,0,4,191.488,192.211,delivered,4,
4541,hb,5,0,191.552,191.574,delivered,1,
4542,cmd,0,5,191.552,191.573,delivered,1,
4543,hb,1,0,191.616,192.271,delivered,4,
4544,cmd,0,1,191.68,192.214,delivered,4,
4545,hb,2,0,191.744,192.272,delivered,3,
4546,hb,3,0,191.808,191.85,delivered,2,
4547,cmd,0,2,191.808,191.872,delivered,3,
4548,thumb,5,0,191.872,191.91,delivered,1,
4549,cmd,0,3,191.872,191.914,delivered,2,
4550,hb,4,0,191.936,192.273,delivered,4,
4551,cmd,0,4,192.0,192.232,delivered,4,
4552,hb,5,0,192.064,192.086,delivered,1,
4553,cmd,0,5,192.064,192.085,delivered,1,
4554,hb,1,0,192.128,192.311,delivered,4,
4555,cmd,0,1,192.192,192.591,delivered,4,
4556,hb,2,0,192.256,192.613,delivered,3,
4557,cmd,0,2,192.256,192.748,delivered,3,
4558,hb,3,0,192.32,192.611,delivered,2,
4559,thumb,1,0,192.384,194.393,delivered,4,
4560,cmd,0,3,192.384,192.426,delivered,2,
4561,hb,4,0,192.448,192.853,delivered,4,
4562,hb,5,0,192.512,192.591,delivered,1,
4563,cmd,0,4,192.512,193.368,delivered,4,
4564,cmd,0,5,192.576,192.597,delivered,1,
4565,hb,1,0,192.64,193.388,delivered,4,
4566,hb,2,0,192.704,193.32,delivered,3,
4567,cmd,0,1,192.704,193.39,delivered,4,
4568,thumb,2,0,192.768,194.411,delivered,3,
4569,cmd,0,2,192.768,193.791,delivered,3,
4570,hb,3,0,192.832,193.412,delivered,2,
4571,cmd,0,3,192.896,192.938,delivered,2,
4572,hb,4,0,192.96,193.919,delivered,4,
4573,cmd,0,4,192.96,193.965,delivered,4,
4574,hb,5,0,193.024,193.045,delivered,1,
4575,cmd,0,5,193.088,193.109,delivered,1,
4576,hb,1,0,193.152,193.874,delivered,4,
4577,thumb,3,0,193.152,194.432,delivered,2,
4578,cmd,0,1,193.152,193.982,delivered,4,
4579,hb,2,0,193.216,193.854,delivered,3,
4580,cmd,0,2,193.28,193.855,delivered,3,
4581,hb,3,0,193.344,193.852,delivered,2,
4582,hb,4,0,193.408,194.0,delivered,4,
4583,cmd,0,3,193.408,193.45,delivered,2,
4584,cmd,0,4,193.472,194.134,delivered,4,
4585,thumb,4,0,193.536,195.146,delivered,4,
4586,hb,5,0,193.536,193.557,delivered,1,
4587,cmd,0,5,193.6,193.621,delivered,1,
4588,hb,1,0,193.664,193.982,delivered,4,
4589,cmd,0,1,193.664,194.201,delivered,4,
4590,hb,2,0,193.728,193.937,delivered,3,
4591,data,4,0,193.792,199.51,delivered,4,4|P4|0
4592,data,4,0,193.792,199.599,delivered,4,4|P4|1
4593,data,4,0,193.792,199.668,delivered,4,4|P4|2
4594,data,4,0,193.792,199.822,delivered,4,4|P4|3
4595,cmd,0,2,193.792,193.938,delivered,3,
4596,hb,3,0,193.856,193.939,delivered,2,
4597,thumb,5,0,193.856,193.915,delivered,1,
4598,cmd,0,3,193.856,193.917,delivered,2,
4599,hb,4,0,193.92,194.36,delivered,4,
4600,cmd,0,4,193.984,194.858,delivered,4,
4601,hb,5,0,194.048,194.337,delivered,1,
4602,hb,1,0,194.112,194.377,delivered,4,
4603,cmd,0,5,194.112,194.133,delivered,1,
4604,cmd,0,1,194.176,194.88,delivered,4,
4605,hb,2,0,194.24,194.708,delivered,3,
4606,hb,3,0,194.304,194.359,delivered,2,
4607,cmd,0,2,194.304,194.881,delivered,3,
4608,cmd,0,3,194.368,194.416,delivered,2,
4609,thumb,1,0,194.432,195.196,delivered,4,
4610,hb,4,0,194.432,194.923,delivered,4,
4611,cmd,0,4,194.496,194.922,delivered,4,
4612,hb,5,0,194.56,194.639,delivered,1,
4613,cmd,0,5,194.56,194.641,delivered,1,
4614,ack,0,1,194.498,194.963,delivered,4,
4615,hb,1,0,194.624,194.944,delivered,4,
4616,ack,0,1,194.564,194.984,delivered,4,
4617,cmd,0,1,194.688,195.029,delivered,4,
4618,ack,0,1,194.637,195.048,delivered,4,
4619,hb,2,0,194.752,195.091,delivered,3,
4620,thumb,2,0,194.752,195.929,delivered,3,
4621,cmd,0,2,194.752,195.051,delivered,3,
4622,ack,0,1,194.707,195.073,delivered,4,
4623,hb,3,0,194.816,195.029,delivered,2,
4624,cmd,0,3,194.88,194.965,delivered,2,
4625,ack,0,1,194.836,195.163,delivered,4,
4626,hb,4,0,194.944,195.113,delivered,4,
4627,hb,5,0,195.008,195.05,delivered,1,
4628,cmd,0,4,195.008,195.181,delivered,4,
4629,data,1,0,195.072,199.755,delivered,4,1|P5|2
4630,data,1,0,195.072,199.891,delivered,4,1|P5|3
4631,data,1,0,195.072,200.089,delivered,4,1|P5|4
4632,data,1,0,195.072,200.18,delivered,4,1|P5|5
4633,cmd,0,5,195.072,195.093,delivered,1,
4634,hb,1,0,195.136,195.874,delivered,4,
4635,data,1,0,195.136,200.247,delivered,4,1|P5|6
4636,thumb,3,0,195.136,195.946,delivered,2,
4637,data,1,0,195.2,200.661,delivered,4,1|P5|7
4638,cmd,0,1,195.2,195.802,delivered,4,
4639,hb,2,0,195.264,195.894,delivered,3,
4640,cmd,0,2,195.264,195.532,delivered,3,
4641,hb,3,0,195.328,195.532,delivered,2,
4642,cmd,0,3,195.392,195.667,delivered,2,
4643,hb,4,0,195.456,195.896,delivered,4,
4644,cmd,0,4,195.456,196.371,delivered,4,
4645,thumb,4,0,195.52,196.547,delivered,4,
4646,hb,5,0,195.52,195.803,delivered,1,
4647,cmd,0,5,195.584,195.605,delivered,1,
4648,hb,1,0,195.648,196.371,delivered,4,
4649,hb,2,0,195.712,195.912,delivered,3,
4650,cmd,0,1,195.712,196.394,delivered,4,
4651,cmd,0,2,195.776,196.368,delivered,3,
4652,hb,3,0,195.84,195.895,delivered,2,
4653,hb,4,0,195.904,196.494,delivered,4,
4654,thumb,5,0,195.904,195.988,delivered,1,
4655,cmd,0,3,195.904,195.993,delivered,2,
4656,cmd,0,4,195.968,196.396,delivered,4,
4657,hb,5,0,196.032,196.078,delivered,1,
4658,cmd,0,5,196.096,196.145,delivered,1,
4659,ack,0,1,196.077,196.417,delivered,4,
4660,hb,1,0,196.16,196.493,delivered,4,
4661,cmd,0,1,196.16,196.454,delivered,4,
4662,ack,0,1,196.144,196.494,delivered,4,
4663,hb,2,0,196.224,196.421,delivered,3,
4664,ack,0,1,196.211,196.492,delivered,4,
4665,cmd,0,2,196.288,196.513,delivered,3,
4666,ack,0,1,196.277,196.514,delivered,4,
4667,hb,3,0,196.352,196.424,delivered,2,
4668,cmd,0,3,196.352,196.423,delivered,2,
4669,thumb,1,0,196.416,197.719,delivered,4,
4670,hb,4,0,196.416,196.773,delivered,4,
4671,cmd,0,4,196.48,196.637,delivered,4,
4672,hb,5,0,196.544,196.617,delivered,1,
4673,ack,0,1,196.491,196.965,delivered,4,
4674,hb,1,0,196.608,196.967,delivered,4,
4675,cmd,0,5,196.608,196.629,delivered,1,
4676,cmd,0,1,196.672,197.031,delivered,4,
4677,ack,0,1,196.615,197.012,delivered,4,
4678,hb,2,0,196.736,197.009,delivered,3,
4679,thumb,2,0,196.8,197.756,delivered,3,
4680,cmd,0,2,196.8,197.032,delivered,3,
4681,hb,3,0,196.864,197.033,delivered,2,
4682,cmd,0,3,196.864,197.012,delivered,2,
4683,hb,4,0,196.928,197.25,delivered,4,
4684,cmd,0,4,196.992,197.523,delivered,4,
4685,hb,5,0,197.056,197.183,delivered,1,
4686,cmd,0,5,197.056,197.077,delivered,1,
4687,hb,1,0,197.12,197.456,delivered,4,
4688,thumb,3,0,197.12,197.796,delivered,2,
4689,cmd,0,1,197.184,197.738,delivered,4,
4690,hb,2,0,197.248,197.701,delivered,3,
4691,hb,3,0,197.312,197.698,delivered,2,
4692,cmd,0,2,197.312,197.778,delivered,3,
4693,cmd,0,3,197.376,197.699,delivered,2,
4694,hb,4,0,197.44,197.703,delivered,4,
4695,thumb,4,0,197.504,197.984,delivered,4,
4696,hb,5,0,197.504,197.7,delivered,1,
4697,cmd,0,4,197.504,197.803,delivered,4,
4698,cmd,0,5,197.568,197.589,delivered,1,
4699,hb,1,0,197.632,197.779,delivered,4,
4700,cmd,0,1,197.696,197.818,delivered,4,
4701,hb,2,0,197.76,197.924,delivered,3,
4702,cmd,0,2,197.76,197.887,delivered,3,
4703,hb,3,0,197.824,197.906,delivered,2,
4704,data,4,0,197.824,200.978,delivered,4,4|P4|0
4705,data,4,0,197.824,201.045,delivered,4,4|P4|1
4706,data,4,0,197.824,201.16,delivered,4,4|P4|2
4707,data,4,0,197.824,201.302,delivered,4,4|P4|3
4708,thumb,5,0,197.888,197.947,delivered,1,
4709,cmd,0,3,197.888,197.951,delivered,2,
4710,ack,0,1,197.863,198.356,delivered,4,
4711,hb,4,0,197.952,198.358,delivered,4,
4712,cmd,0,4,197.952,198.558,delivered,4,
4713,hb,5,0,198.016,198.219,delivered,1,
4714,cmd,0,5,198.08,198.101,delivered,1,
4715,hb,1,0,198.144,198.612,delivered,4,
4716,hb,2,0,198.208,198.514,delivered,3,
4717,cmd,0,1,198.208,198.652,delivered,4,
4718,cmd,0,2,198.272,198.541,delivered,3,
4719,hb,3,0,198.336,198.54,delivered,2,
4720,ack,0,1,198.286,198.654,delivered,4,
4721,thumb,1,0,198.4,199.317,delivered,4,
4722,cmd,0,3,198.4,198.536,delivered,2,
4723,ack,0,1,198.355,198.696,delivered,4,
4724,hb,4,0,198.464,198.656,delivered,4,
4725,cmd,0,4,198.464,198.677,delivered,4,
4726,ack,0,1,198.444,198.697,delivered,4,
4727,hb,5,0,198.528,198.61,delivered,1,
4728,ack,0,1,198.511,198.698,delivered,4,
4729,cmd,0,5,198.592,198.613,delivered,1,
4730,hb,1,0,198.656,198.822,delivered,4,
4731,cmd,0,1,198.656,198.882,delivered,4,
4732,ack,0,1,198.609,198.905,delivered,4,
4733,hb,2,0,198.72,198.884,delivered,3,
4734,thumb,2,0,198.784,199.338,delivered,3,
4735,cmd,0,2,198.784,198.907,delivered,3,
4736,ack,0,1,198.741,198.948,delivered,4,
4737,hb,3,0,198.848,199.104,delivered,2,
4738,ack,0,1,198.808,198.97,delivered,4,
4739,hb,4,0,198.912,199.299,delivered,4,
4740,cmd,0,3,198.912,199.275,delivered,2,
4741,cmd,0,4,198.976,199.445,delivered,4,
4742,hb,5,0,199.04,199.276,delivered,1,
4743,hb,1,0,199.104,199.824,delivered,4,
4744,data,1,0,199.104,201.424,delivered,4,1|P5|4
4745,data,1,0,199.104,201.601,delivered,4,1|P5|5
4746,cmd,0,5,199.104,199.146,delivered,1,
4747,data,1,0,199.168,202.594,delivered,4,1|P5|6
4748,thumb,3,0,199.168,199.377,delivered,2,
4749,cmd,0,1,199.168,199.447,delivered,4,
4750,data,1,0,199.232,202.761,delivered,4,1|P5|7
4751,hb,2,0,199.232,199.894,delivered,3,
4752,cmd,0,2,199.296,199.36,delivered,3,
4753,hb,3,0,199.36,199.512,delivered,2,
4754,cmd,0,3,199.36,199.513,delivered,2,
4755,hb,4,0,199.424,199.916,delivered,4,
4756,thumb,4,0,199.488,200.467,delivered,4,
4757,cmd,0,4,199.488,199.915,delivered,4,
4758,ack,0,1,199.443,199.936,delivered,4,
4759,hb,5,0,199.552,199.601,delivered,1,
4760,cmd,0,5,199.552,199.6,delivered,1,
4761,ack,0,4,199.51,199.957,delivered,4,
4762,hb,1,0,199.616,199.961,delivered,4,
4763,ack,0,4,199.599,199.981,delivered,4,
4764,cmd,0,1,199.68,200.043,delivered,4,
4765,ack,0,4,199.668,200.044,delivered,4,
4766,hb,2,0,199.744,200.002,delivered,3,
4767,hb,3,0,199.808,199.981,delivered,2,
4768,cmd,0,2,199.808,200.004,delivered,3,
4769,ack,0,1,199.755,200.044,delivered,4,
4770,thumb,5,0,199.872,200.021,delivered,1,
4771,cmd,0,3,199.872,199.941,delivered,2,
4772,ack,0,4,199.822,200.151,delivered,4,
4773,hb,4,0,199.936,200.112,delivered,4,
4774,ack,0,1,199.891,200.217,delivered,4,
4775,cmd,0,4,200.0,200.4,delivered,4,
4776,data,4,0,200.064,202.829,delivered,4,4|P4|4
4777,data,4,0,200.064,202.898,delivered,4,4|P4|5
4778,hb,5,0,200.064,200.091,delivered,1,
4779,cmd,0,5,200.064,200.09,delivered,1,
4780,hb,1,0,200.128,200.448,delivered,4,
4781,data,4,0,200.128,203.155,delivered,4,4|P4|6
4782,ack,0,1,200.089,200.403,delivered,4,
4783,cmd,0,1,200.192,200.447,delivered,4,
4784,ack,0,1,200.18,200.468,delivered,4,
4785,hb,2,0,200.256,200.594,delivered,3,
4786,data,4,0,200.256,203.308,delivered,4,4|P4|7
4787,cmd,0,2,200.256,200.575,delivered,3,
4788,ack,0,1,200.247,200.706,delivered,4,
4789,hb,3,0,200.32,200.45,delivered,2,
4790,thumb,1,0,200.384,200.912,delivered,4,
4791,cmd,0,3,200.384,200.45,delivered,2,
4792,hb,4,0,200.448,200.708,delivered,4,
4793,data,1,0,200.512,203.452,delivered,4,1|P5|8
4794,hb,5,0,200.512,200.574,delivered,1,
4795,cmd,0,4,200.512,200.796,delivered,4,
4796,data,1,0,200.576,203.519,delivered,4,1|P5|9
4797,cmd,0,5,200.576,200.662,delivered,1,
4798,hb,1,0,200.64,200.895,delivered,4,
4799,hb,2,0,200.704,200.873,delivered,3,
4800,cmd,0,1,200.704,200.851,delivered,4,
4801,ack,0,1,200.661,201.07,delivered,4,
4802,thumb,2,0,200.768,201.214,delivered,3,
4803,cmd,0,2,200.768,201.071,delivered,3,
4804,data,1,0,200.832,203.714,delivered,4,1|P5|10
4805,hb,3,0,200.832,201.09,delivered,2,
4806,cmd,0,3,200.896,201.091,delivered,2,
4807,hb,4,0,200.96,201.428,delivered,4,
4808,cmd,0,4,200.96,201.491,delivered,4,
4809,hb,5,0,201.024,201.072,delivered,1,
4810,ack,0,4,200.978,201.493,delivered,4,
4811,cmd,0,5,201.088,201.161,delivered,1,
4812,ack,0,4,201.045,201.493,delivered,4,
4813,hb,1,0,201.152,201.535,delivered,4,
4814,data,1,0,201.152,203.781,delivered,4,1|P5|11
4815,thumb,3,0,201.152,201.834,delivered,2,
4816,cmd,0,1,201.152,201.656,delivered,4,
4817,hb,2,0,201.216,201.517,delivered,3,
4818,ack,0,4,201.16,201.633,delivered,4,
4819,cmd,0,2,201.28,201.657,delivered,3,
4820,hb,3,0,201.344,201.516,delivered,2,
4821,ack,0,4,201.302,201.678,delivered,4,
4822,hb,4,0,201.408,201.702,delivered,4,
4823,cmd,0,3,201.408,201.515,delivered,2,
4824,cmd,0,4,201.472,201.701,delivered,4,
4825,ack,0,1,201.424,201.723,delivered,4,
4826,thumb,4,0,201.536,201.945,delivered,4,
4827,hb,5,0,201.536,201.602,delivered,1,
4828,cmd,0,5,201.6,201.621,delivered,1,
4829,hb,1,0,201.664,201.748,delivered,4,
4830,cmd,0,1,201.664,201.816,delivered,4,
4831,ack,0,1,201.601,201.818,delivered,4,
4832,hb,2,0,201.728,201.861,delivered,3,
4833,cmd,0,2,201.792,201.86,delivered,3,
4834,hb,3,0,201.856,202.281,delivered,2,
4835,thumb,5,0,201.856,202.527,delivered,1,
4836,cmd,0,3,201.856,202.08,delivered,2,
4837,hb,4,0,201.92,202.438,delivered,4,
4838,cmd,0,4,201.984,202.505,delivered,4,
4839,hb,5,0,202.048,202.368,delivered,1,
4840,hb,1,0,202.112,202.506,delivered,4,
4841,cmd,0,5,202.112,202.154,delivered,1,
4842,cmd,0,1,202.176,202.549,delivered,4,
4843,hb,2,0,202.24,202.509,delivered,3,
4844,hb,3,0,202.304,202.508,delivered,2,
4845,cmd,0,2,202.304,202.595,delivered,3,
4846,cmd,0,3,202.368,202.51,delivered,2,
4847,thumb,1,0,202.432,202.693,delivered,4,
4848,hb,4,0,202.432,202.62,delivered,4,
4849,cmd,0,4,202.496,202.64,delivered,4,
4850,hb,5,0,202.56,202.596,delivered,1,
4851,cmd,0,5,202.56,202.595,delivered,1,
4852,hb,1,0,202.624,202.763,delivered,4,
4853,ack,0,1,202.594,202.782,delivered,4,
4854,cmd,0,1,202.688,202.963,delivered,4,
4855,hb,2,0,202.752,202.944,delivered,3,
4856,thumb,2,0,202.752,203.041,delivered,3,
4857,cmd,0,2,202.752,202.943,delivered,3,
4858,hb,3,0,202.816,203.002,delivered,2,
4859,ack,0,1,202.761,203.042,delivered,4,
4860,cmd,0,3,202.88,203.024,delivered,2,
4861,ack,0,4,202.829,203.065,delivered,4,
4862,hb,4,0,202.944,203.088,delivered,4,
4863,ack,0,4,202.898,203.107,delivered,4,
4864,hb,5,0,203.008,203.067,delivered,1,
4865,cmd,0,4,203.008,203.177,delivered,4,
4866,cmd,0,5,203.072,203.156,delivered,1,
4867,hb,1,0,203.136,203.352,delivered,3,
4868,thumb,3,0,203.136,203.386,delivered,2,
4869,data,4,0,203.136,204.964,delivered,4,4|P4|8
4870,data,4,0,203.2,205.363,delivered,4,4|P4|9
4871,cmd,0,1,203.2,203.551,delivered,3,
4872,ack,0,4,203.155,203.624,delivered,4,
4873,hb,2,0,203.264,203.627,delivered,3,
4874,cmd,0,2,203.264,203.625,delivered,3,
4875,hb,3,0,203.328,203.604,delivered,2,
4876,ack,0,4,203.308,203.647,delivered,4,
4877,cmd,0,3,203.392,203.53,delivered,2,
4878,hb,4,0,203.456,203.783,delivered,4,
4879,cmd,0,4,203.456,203.669,delivered,4,
4880,ack,0,1,203.452,203.782,delivered,3,
4881,thumb,4,0,203.52,203.968,delivered,4,
4882,hb,5,0,203.52,203.552,delivered,1,
4883,ack,0,1,203.519,203.784,delivered,3,
4884,cmd,0,5,203.584,203.605,delivered,1,
4885,hb,1,0,203.648,203.806,delivered,3,
4886,hb,2,0,203.712,203.807,delivered,3,
4887,data,4,0,203.712,205.451,delivered,4,4|P4|10
4888,data,4,0,203.712,206.073,delivered,4,4|P4|11
4889,cmd,0,1,203.712,203.892,delivered,3,
4890,cmd,0,2,203.776,203.894,delivered,3,
4891,ack,0,1,203.714,203.914,delivered,3,
4892,hb,3,0,203.84,203.915,delivered,2,
4893,ack,0,1,203.781,204.218,delivered,3,
4894,data,1,0,203.904,205.519,delivered,3,1|P5|12
4895,data,1,0,203.904,205.586,delivered,3,1|P5|13
4896,hb,4,0,203.904,204.327,delivered,4,
4897,thumb,5,0,203.904,203.948,delivered,1,
4898,cmd,0,3,203.904,203.949,delivered,2,
4899,cmd,0,4,203.968,204.375,delivered,4,
4900,data,1,0,204.032,205.83,delivered,3,1|P5|14
4901,hb,5,0,204.032,204.053,delivered,1,
4902,cmd,0,5,204.096,204.117,delivered,1,
4903,hb,1,0,204.16,204.329,delivered,3,
4904,cmd,0,1,204.16,204.307,delivered,3,
4905,hb,2,0,204.224,204.564,delivered,3,
4906,data,1,0,204.288,205.965,delivered,3,1|P5|15
4907,cmd,0,2,204.288,204.395,delivered,3,
4908,hb,3,0,204.352,204.397,delivered,2,
4909,cmd,0,3,204.352,204.394,delivered,2,
4910,thumb,1,0,204.416,204.897,delivered,3,
4911,hb,4,0,204.416,204.88,delivered,4,
4912,cmd,0,4,204.48,204.744,delivered,4,
4913,hb,5,0,204.544,204.7,delivered,1,
4914,hb,1,0,204.608,204.746,delivered,3,
4915,cmd,0,5,204.608,204.629,delivered,1,
4916,cmd,0,1,204.672,204.745,delivered,3,
4917,hb,2,0,204.736,204.992,delivered,3,
4918,thumb,2,0,204.8,205.274,delivered,3,
4919,cmd,0,2,204.8,204.971,delivered,3,
4920,hb,3,0,204.864,204.966,delivered,2,
4921,cmd,0,3,204.864,204.972,delivered,2,
4922,hb,4,0,204.928,205.012,delivered,4,
4923,cmd,0,4,204.992,205.255,delivered,4,
4924,ack,0,4,204.964,205.28,delivered,4,
4925,hb,5,0,205.056,205.162,delivered,1,
4926,cmd,0,5,205.056,205.077,delivered,1,
4927,hb,1,0,205.12,205.257,delivered,3,
4928,thumb,3,0,205.12,205.296,delivered,2,
4929,cmd,0,1,205.184,205.279,delivered,3,
4930,hb,2,0,205.248,205.365,delivered,3,
4931,hb,3,0,205.312,205.384,delivered,2,
4932,cmd,0,2,205.312,205.453,delivered,3,
4933,data,4,0,205.376,206.16,delivered,4,4|P4|12
4934,cmd,0,3,205.376,205.52,delivered,2,
4935,ack,0,4,205.363,205.737,delivered,4,
4936,hb,4,0,205.44,205.763,delivered,4,
4937,thumb,4,0,205.504,206.857,delivered,4,
4938,hb,5,0,205.504,205.653,delivered,1,
4939,cmd,0,4,205.504,205.759,delivered,4,
4940,ack,0,4,205.451,205.78,delivered,4,
4941,cmd,0,5,205.568,205.589,delivered,1,
4942,ack,0,1,205.519,205.83,delivered,3,
4943,hb,1,0,205.632,205.762,delivered,3,
4944,ack,0,1,205.586,206.16,delivered,3,
4945,cmd,0,1,205.696,206.162,delivered,3,
4946,hb,2,0,205.76,206.248,delivered,3,
4947,cmd,0,2,205.76,206.164,delivered,3,
4948,hb,3,0,205.824,205.988,delivered,2,
4949,data,4,0,205.824,207.574,delivered,4,4|P4|13
4950,data,4,0,205.888,207.82,delivered,4,4|P4|14
4951,thumb,5,0,205.888,205.984,delivered,1,
4952,cmd,0,3,205.888,205.989,delivered,2,
4953,ack,0,1,205.83,206.205,delivered,3,
4954,data,1,0,205.952,207.709,delivered,3,1|P5|16
4955,hb,4,0,205.952,206.251,delivered,4,
4956,cmd,0,4,205.952,206.228,delivered,4,
4957,hb,5,0,206.016,206.074,delivered,1,
4958,ack,0,1,205.965,206.249,delivered,3,
4959,cmd,0,5,206.08,206.161,delivered,1,
4960,ack,0,4,206.073,206.292,delivered,4,
4961,hb,1,0,206.144,206.273,delivered,3,
4962,hb,2,0,206.208,206.481,delivered,3,
4963,cmd,0,1,206.208,206.479,delivered,3,
4964,ack,0,4,206.16,206.654,delivered,4,
4965,data,1,0,206.272,207.887,delivered,3,1|P5|17
4966,data,1,0,206.272,207.955,delivered,3,1|P5|18
4967,cmd,0,2,206.272,206.655,delivered,3,
4968,data,1,0,206.336,208.062,delivered,3,1|P5|19
4969,hb,3,0,206.336,206.634,delivered,2,
4970,thumb,1,0,206.4,206.926,delivered,3,
4971,data,4,0,206.4,208.129,delivered,4,4|P4|15
4972,cmd,0,3,206.4,206.48,delivered,2,
4973,hb,4,0,206.464,206.722,delivered,4,
4974,cmd,0,4,206.464,206.677,delivered,4,
4975,hb,5,0,206.528,206.613,delivered,1,
4976,cmd,0,5,206.592,206.614,delivered,1,
4977,hb,1,0,206.656,206.739,delivered,3,
4978,cmd,0,1,206.656,206.721,delivered,3,
4979,hb,2,0,206.72,206.861,delivered,3,
4980,data,4,0,206.72,208.2,delivered,4,4|P4|16
4981,thumb,2,0,206.784,207.481,delivered,3,
4982,cmd,0,2,206.784,206.927,delivered,3,
4983,hb,3,0,206.848,206.931,delivered,2,
4984,hb,4,0,206.912,207.303,delivered,4,
4985,cmd,0,3,206.912,207.082,delivered,2,
4986,cmd,0,4,206.976,207.37,delivered,4,
4987,hb,5,0,207.04,207.217,delivered,1,
4988,hb,1,0,207.104,207.44,delivered,3,
4989,cmd,0,5,207.104,207.125,delivered,1,
4990,thumb,3,0,207.168,207.503,delivered,2,
4991,cmd,0,1,207.168,207.441,delivered,3,
4992,hb,2,0,207.232,207.443,delivered,3,
4993,cmd,0,2,207.296,207.464,delivered,3,
4994,hb,3,0,207.36,207.464,delivered,2,
4995,cmd,0,3,207.36,207.444,delivered,2,
4996,hb,4,0,207.424,207.508,delivered,4,
4997,thumb,4,0,207.488,207.638,delivered,4,
4998,cmd,0,4,207.488,207.664,delivered,4,
4999,hb,5,0,207.552,207.598,delivered,1,
5000,cmd,0,5,207.552,207.599,delivered,1,
5001,hb,1,0,207.616,207.732,delivered,3,
5002,ack,0,4,207.574,207.752,delivered,4,
5003,cmd,0,1,207.68,207.754,delivered,3,
5004,hb,2,0,207.744,207.961,delivered,3,
5005,ack,0,1,207.709,208.062,delivered,3,
5006,hb,3,0,207.808,207.958,delivered,2,
5007,cmd,0,2,207.808,208.13,delivered,3,
5008,data,4,0,207.872,208.426,delivered,4,4|P4|17
5009,thumb,5,0,207.872,207.996,delivered,1,
5010,cmd,0,3,207.872,207.978,delivered,2,
5011,ack,0,4,207.82,208.152,delivered,4,
5012,hb,4,0,207.936,208.268,delivered,4,
5013,ack,0,1,207.887,208.134,delivered,3,
5014,cmd,0,4,208.0,208.422,delivered,4,
5015,ack,0,1,207.955,208.271,delivered,3,
5016,hb,5,0,208.064,208.131,delivered,1,
5017,cmd,0,5,208.064,208.132,delivered,1,
5018,ack,0,1,208.062,208.272,delivered,3,
5019,hb,1,0,208.128,208.34,delivered,3,
5020,data,1,0,208.128,209.081,delivered,3,1|P5|20
5021,cmd,0,1,208.192,208.658,delivered,3,
5022,ack,0,4,208.129,208.679,delivered,4,
5023,data,1,0,208.256,209.301,delivered,3,1|P5|21
5024,hb,2,0,208.256,208.701,delivered,3,
5025,data,4,0,208.256,209.581,delivered,4,4|P4|18
5026,cmd,0,2,208.256,208.66,delivered,3,
5027,ack,0,4,208.2,208.681,delivered,4,
5028,hb,3,0,208.32,208.448,delivered,2,
5029,data,1,0,208.384,209.743,delivered,3,1|P5|22
5030,data,1,0,208.384,210.126,delivered,3,1|P5|23
5031,thumb,1,0,208.384,208.993,delivered,3,
5032,cmd,0,3,208.384,208.449,delivered,2,
5033,hb,4,0,208.448,208.768,delivered,4,
5034,ack,0,4,208.426,208.702,delivered,4,
5035,hb,5,0,208.512,208.534,delivered,1,
5036,cmd,0,4,208.512,208.724,delivered,4,
5037,cmd,0,5,208.576,208.597,delivered,1,
5038,hb,1,0,208.64,208.77,delivered,3,
5039,hb,2,0,208.704,208.872,delivered,3,
5040,cmd,0,1,208.704,208.771,delivered,3,
5041,thumb,2,0,208.768,209.01,delivered,3,
5042,data,4,0,208.768,210.194,delivered,4,4|P4|19
5043,data,4,0,208.768,210.261,delivered,4,4|P4|20
5044,data,4,0,208.768,210.438,delivered,4,4|P4|21
5045,cmd,0,2,208.768,209.107,delivered,3,
5046,hb,3,0,208.832,208.975,delivered,2,
5047,cmd,0,3,208.896,208.976,delivered,2,
5048,hb,4,0,208.96,209.422,delivered,4,
5049,cmd,0,4,208.96,209.195,delivered,4,
5050,hb,5,0,209.024,209.108,delivered,1,
5051,cmd,0,5,209.088,209.109,delivered,1,
5052,ack,0,1,209.081,209.351,delivered,3,
5053,hb,1,0,209.152,209.218,delivered,3,
5054,thumb,3,0,209.152,209.235,delivered,2,
5055,cmd,0,1,209.152,209.421,delivered,3,
5056,hb,2,0,209.216,209.424,delivered,3,
5057,cmd,0,2,209.28,209.425,delivered,3,
5058,hb,3,0,209.344,209.493,delivered,2,
5059,ack,0,1,209.301,209.492,delivered,3,
5060,hb,4,0,209.408,209.611,delivered,4,
5061,cmd,0,3,209.408,209.495,delivered,2,
5062,data,1,0,209.472,210.628,delivered,3,1|P5|24
5063,cmd,0,4,209.472,209.745,delivered,4,
5064,thumb,4,0,209.536,210.043,delivered,4,
5065,hb,5,0,209.536,209.583,delivered,1,
5066,data,1,0,209.6,210.962,delivered,3,1|P5|25
5067,cmd,0,5,209.6,209.621,delivered,1,
5068,ack,0,4,209.581,209.807,delivered,4,
5069,hb,1,0,209.664,209.787,delivered,3,
5070,cmd,0,1,209.664,209.808,delivered,3,
5071,hb,2,0,209.728,209.809,delivered,3,
5072,cmd,0,2,209.792,209.964,delivered,3,
5073,ack,0,1,209.743,210.195,delivered,3,
5074,hb,3,0,209.856,210.004,delivered,2,
5075,thumb,5,0,209.856,210.06,delivered,1,
5076,cmd,0,3,209.856,209.984,delivered,2,
5077,hb,4,0,209.92,210.024,delivered,4,
5078,data,4,0,209.92,211.03,delivered,4,4|P4|22
5079,cmd,0,4,209.984,210.149,delivered,4,
5080,hb,5,0,210.048,210.127,delivered,1,
5081,hb,1,0,210.112,210.283,delivered,3,
5082,cmd,0,5,210.112,210.195,delivered,1,
5083,cmd,0,1,210.176,210.44,delivered,3,
5084,ack,0,1,210.126,210.44,delivered,3,
5085,hb,2,0,210.24,210.352,delivered,3,
5086,ack,0,4,210.194,210.526,delivered,4,
5087,data,1,0,210.304,211.285,delivered,3,1|P5|26
5088,hb,3,0,210.304,210.509,delivered,2,
5089,cmd,0,2,210.304,210.442,delivered,3,
5090,ack,0,4,210.261,210.562,delivered,4,
5091,cmd,0,3,210.368,210.51,delivered,2,
5092,thumb,1,0,210.432,210.648,delivered,3,
5093,hb,4,0,210.432,210.67,delivered,4,
5094,cmd,0,4,210.496,210.758,delivered,4,
5095,ack,0,4,210.438,210.825,delivered,4,
5096,data,1,0,210.56,211.726,delivered,3,1|P5|27
5097,hb,5,0,210.56,210.629,delivered,1,
5098,cmd,0,5,210.56,210.63,delivered,1,
5099,hb,1,0,210.624,210.691,delivered,3,
5100,data,4,0,210.624,211.793,delivered,4,4|P4|23
5101,data,4,0,210.688,212.243,delivered,4,4|P4|24
5102,cmd,0,1,210.688,211.085,delivered,3,
5103,ack,0,1,210.628,211.087,delivered,3,
5104,hb,2,0,210.752,211.088,delivered,3,
5105,thumb,2,0,210.752,211.643,delivered,3,
5106,cmd,0,2,210.752,211.089,delivered,3,
5107,hb,3,0,210.816,210.964,delivered,2,
5108,cmd,0,3,210.88,211.065,delivered,2,
5109,hb,4,0,210.944,211.218,delivered,4,
5110,data,4,0,210.944,212.364,delivered,4,4|P4|25
5111,hb,5,0,211.008,211.043,delivered,1,
5112,cmd,0,4,211.008,211.238,delivered,4,
5113,ack,0,1,210.962,211.219,delivered,3,
5114,cmd,0,5,211.072,211.158,delivered,1,
5115,ack,0,4,211.03,211.349,delivered,4,
5116,hb,1,0,211.136,211.351,delivered,3,
5117,thumb,3,0,211.136,211.66,delivered,2,
5118,data,1,0,211.2,212.998,delivered,3,1|P5|28
5119,cmd,0,1,211.2,211.439,delivered,3,
5120,hb,2,0,211.264,211.347,delivered,3,
5121,cmd,0,2,211.264,211.458,delivered,3,
5122,data,1,0,211.328,213.065,delivered,3,1|P5|29
5123,hb,3,0,211.328,211.457,delivered,2,
5124,ack,0,1,211.285,211.459,delivered,3,
5125,cmd,0,3,211.392,211.437,delivered,2,
5126,hb,4,0,211.456,211.796,delivered,4,
5127,data,4,0,211.456,213.206,delivered,4,4|P4|26
5128,cmd,0,4,211.456,211.816,delivered,4,
5129,thumb,4,0,211.52,212.177,delivered,4,
5130,hb,5,0,211.52,211.626,delivered,1,
5131,data,1,0,211.584,213.134,delivered,3,1|P5|30
5132,cmd,0,5,211.584,211.605,delivered,1,
5133,hb,1,0,211.648,211.84,delivered,3,
5134,hb,2,0,211.712,211.927,delivered,3,
5135,cmd,0,1,211.712,211.839,delivered,3,
5136,cmd,0,2,211.776,211.926,delivered,3,
5137,ack,0,1,211.726,212.009,delivered,3,
5138,hb,3,0,211.84,211.984,delivered,2,
5139,ack,0,4,211.793,212.008,delivered,4,
5140,hb,4,0,211.904,212.01,delivered,4,
5141,thumb,5,0,211.904,212.16,delivered,1,
5142,cmd,0,3,211.904,211.989,delivered,2,
5143,cmd,0,4,211.968,212.299,delivered,4,
5144,hb,5,0,212.032,212.143,delivered,1,
5145,data,1,0,212.096,214.121,delivered,3,1|P5|31
5146,data,4,0,212.096,213.356,delivered,4,4|P4|27
5147,cmd,0,5,212.096,212.117,delivered,1,
5148,hb,1,0,212.16,212.366,delivered,3,
5149,cmd,0,1,212.16,212.365,delivered,3,
5150,hb,2,0,212.224,212.667,delivered,3,
5151,cmd,0,2,212.288,212.607,delivered,3,
5152,ack,0,4,212.243,212.649,delivered,4,
5153,hb,3,0,212.352,212.668,delivered,2,
5154,cmd,0,3,212.352,212.886,delivered,2,
5155,thumb,1,0,212.416,212.932,delivered,3,
5156,hb,4,0,212.416,212.89,delivered,4,
5157,ack,0,4,212.364,213.086,delivered,4,
5158,cmd,0,4,212.48,213.136,delivered,4,
5159,hb,5,0,212.544,212.888,delivered,1,
5160,hb,1,0,212.608,212.911,delivered,3,
5161,cmd,0,5,212.608,212.629,delivered,1,
5162,cmd,0,1,212.672,213.135,delivered,3,
5163,hb,2,0,212.736,212.915,delivered,3,
5164,data,4,0,212.736,214.275,delivered,4,4|P4|28
5165,thumb,2,0,212.8,213.432,delivered,3,
5166,cmd,0,2,212.8,213.207,delivered,3,
5167,hb,3,0,212.864,213.067,delivered,2,
5168,cmd,0,3,212.864,212.916,delivered,2,
5169,hb,4,0,212.928,213.209,delivered,4,
5170,cmd,0,4,212.992,213.273,delivered,4,
5171,hb,5,0,213.056,213.136,delivered,1,
5172,cmd,0,5,213.056,213.135,delivered,1,
5173,ack,0,1,212.998,213.248,delivered,3,
5174,hb,1,0,213.12,213.273,delivered,3,
5175,thumb,3,0,213.12,213.847,delivered,2,
5176,ack,0,1,213.065,213.268,delivered,3,
5177,data,4,0,213.184,214.552,delivered,4,4|P4|29
5178,cmd,0,1,213.184,213.272,delivered,3,
5179,ack,0,1,213.134,213.289,delivered,3,
5180,hb,2,0,213.248,213.397,delivered,3,
5181,ack,0,4,213.206,213.682,delivered,4,
5182,hb,3,0,213.312,213.379,delivered,2,
5183,cmd,0,2,213.312,213.683,delivered,3,
5184,data,1,0,213.376,214.634,delivered,3,1|P5|32
5185,data,1,0,213.376,214.701,delivered,3,1|P5|33
5186,data,1,0,213.376,215.038,delivered,3,1|P5|34
5187,cmd,0,3,213.376,213.434,delivered,2,
5188,ack,0,4,213.356,213.705,delivered,4,
5189,hb,4,0,213.44,213.778,delivered,4,
5190,thumb,4,0,213.504,213.886,delivered,4,
5191,hb,5,0,213.504,213.526,delivered,1,
5192,cmd,0,4,213.504,213.727,delivered,4,
5193,cmd,0,5,213.568,213.589,delivered,1,
5194,hb,1,0,213.632,213.76,delivered,3,
5195,cmd,0,1,213.696,213.759,delivered,3,
5196,hb,2,0,213.76,214.036,delivered,3,
5197,data,4,0,213.76,215.461,delivered,4,4|P4|30
5198,cmd,0,2,213.76,213.968,delivered,3,
5199,hb,3,0,213.824,213.969,delivered,2,
5200,data,4,0,213.824,215.553,delivered,4,4|P4|31
5201,thumb,5,0,213.888,213.964,delivered,1,
5202,cmd,0,3,213.888,213.966,delivered,2,
5203,hb,4,0,213.952,214.278,delivered,4,
5204,cmd,0,4,213.952,214.191,delivered,4,
5205,hb,5,0,214.016,214.038,delivered,1,
5206,cmd,0,5,214.08,214.122,delivered,1,
5207,hb,1,0,214.144,214.346,delivered,3,
5208,ack,0,1,214.121,214.345,delivered,3,
5209,hb,2,0,214.208,214.481,delivered,3,
5210,cmd,0,1,214.208,214.565,delivered,3,
5211,cmd,0,2,214.272,214.567,delivered,3,
5212,hb,3,0,214.336,214.484,delivered,2,
5213,ack,0,4,214.275,214.589,delivered,4,
5214,thumb,1,0,214.4,214.801,delivered,3,
5215,cmd,0,3,214.4,214.485,delivered,2,
5216,data,1,0,214.464,216.268,delivered,3,1|P5|35
5217,hb,4,0,214.464,214.703,delivered,4,
5218,cmd,0,4,214.464,214.745,delivered,4,
5219,hb,5,0,214.528,214.566,delivered,1,
5220,cmd,0,5,214.592,214.635,delivered,1,
5221,ack,0,4,214.552,214.764,delivered,4,
5222,hb,1,0,214.656,214.74,delivered,3,
5223,data,4,0,214.656,216.514,delivered,4,4|P4|32
5224,cmd,0,1,214.656,214.766,delivered,3,
5225,ack,0,1,214.634,214.849,delivered,3,
5226,hb,2,0,214.72,214.785,delivered,3,
5227,ack,0,1,214.701,214.849,delivered,3,
5228,thumb,2,0,214.784,214.972,delivered,3,
5229,cmd,0,2,214.784,214.919,delivered,3,
5230,hb,3,0,214.848,214.938,delivered,2,
5231,data,4,0,214.848,216.893,delivered,4,4|P4|33
5232,hb,4,0,214.912,215.33,delivered,4,
5233,cmd,0,3,214.912,214.954,delivered,2,
5234,data,1,0,214.976,216.652,delivered,3,1|P5|36
5235,data,1,0,214.976,216.96,delivered,3,1|P5|37
5236,cmd,0,4,214.976,215.176,delivered,4,
5237,hb,5,0,215.04,215.061,delivered,1,
5238,ack,0,1,215.038,215.177,delivered,3,
5239,hb,1,0,215.104,215.329,delivered,3,
5240,cmd,0,5,215.104,215.125,delivered,1,
5241,thumb,3,0,215.168,215.391,delivered,2,
5242,cmd,0,1,215.168,215.467,delivered,3,
5243,hb,2,0,215.232,215.468,delivered,3,
5244,data,1,0,215.296,217.029,delivered,3,1|P5|38
5245,cmd,0,2,215.296,215.469,delivered,3,
5246,hb,3,0,215.36,215.483,delivered,2,
5247,cmd,0,3,215.36,215.463,delivered,2,
5248,hb,4,0,215.424,215.72,delivered,4,
5249,thumb,4,0,215.488,215.958,delivered,4,
5250,cmd,0,4,215.488,215.892,delivered,4,
5251,ack,0,4,215.461,215.938,delivered,4,
5252,hb,5,0,215.552,215.724,delivered,1,
5253,cmd,0,5,215.552,215.573,delivered,1,
5254,hb,1,0,215.616,215.895,delivered,3,
5255,ack,0,4,215.553,215.98,delivered,4,
5256,cmd,0,1,215.68,215.941,delivered,3,
5257,hb,2,0,215.744,215.94,delivered,3,
5258,hb,3,0,215.808,215.917,delivered,2,
5259,cmd,0,2,215.808,215.961,delivered,3,
5260,thumb,5,0,215.872,215.977,delivered,1,
5261,cmd,0,3,215.872,215.919,delivered,2,
5262,hb,4,0,215.936,216.202,delivered,4,
5263,cmd,0,4,216.0,216.404,delivered,4,
5264,data,4,0,216.064,217.335,delivered,4,4|P4|34
5265,data,4,0,216.064,217.423,delivered,4,4|P4|35
5266,hb,5,0,216.064,216.134,delivered,1,
5267,cmd,0,5,216.064,216.085,delivered,1,
5268,hb,1,0,216.128,216.337,delivered,3,
5269,cmd,0,1,216.192,216.584,delivered,3,
5270,hb,2,0,216.256,216.656,delivered,3,
5271,cmd,0,2,216.256,216.586,delivered,3,
5272,hb,3,0,216.32,216.654,delivered,2,
5273,ack,0,1,216.268,216.652,delivered,3,
5274,thumb,1,0,216.384,216.827,delivered,3,
5275,cmd,0,3,216.384,216.448,delivered,2,
5276,hb,4,0,216.448,216.786,delivered,4,
5277,hb,5,0,216.512,216.583,delivered,1,
5278,cmd,0,4,216.512,216.855,delivered,4,
5279,cmd,0,5,216.576,216.653,delivered,1,
5280,ack,0,4,216.514,216.981,delivered,4,
5281,hb,1,0,216.64,216.809,delivered,3,
5282,hb,2,0,216.704,216.809,delivered,3,
5283,cmd,0,1,216.704,216.963,delivered,3,
5284,ack,0,1,216.652,217.03,delivered,3,
5285,data,1,0,216.768,217.49,delivered,3,1|P5|39
5286,thumb,2,0,216.768,217.18,delivered,3,
5287,cmd,0,2,216.768,217.032,delivered,3,
5288,hb,3,0,216.832,217.031,delivered,2,
5289,cmd,0,3,216.896,217.033,delivered,2,
5290,ack,0,4,216.893,217.175,delivered,4,
5291,hb,4,0,216.96,217.163,delivered,4,
5292,cmd,0,4,216.96,217.252,delivered,4,
5293,hb,5,0,217.024,217.052,delivered,1,
5294,ack,0,1,216.96,217.183,delivered,3,
5295,data,4,0,217.088,218.329,delivered,4,4|P4|36
5296,cmd,0,5,217.088,217.109,delivered,1,
5297,ack,0,1,217.029,217.251,delivered,3,
5298,hb,1,0,217.152,217.337,delivered,3,
5299,data,1,0,217.152,217.883,delivered,3,1|P5|40
5300,thumb,3,0,217.152,217.696,delivered,2,
5301,cmd,0,1,217.152,217.54,delivered,3,
5302,hb,2,0,217.216,217.542,delivered,3,
5303,data,1,0,217.28,218.397,delivered,3,1|P5|41
5304,data,4,0,217.28,219.053,delivered,4,4|P4|37
5305,cmd,0,2,217.28,217.544,delivered,3,
5306,data,1,0,217.344,218.985,delivered,3,1|P5|42
5307,hb,3,0,217.344,217.62,delivered,2,
5308,ack,0,4,217.335,217.565,delivered,4,
5309,hb,4,0,217.408,217.663,delivered,4,
5310,cmd,0,3,217.408,217.519,delivered,2,
5311,cmd,0,4,217.472,217.641,delivered,4,
5312,ack,0,4,217.423,217.662,delivered,4,
5313,thumb,4,0,217.536,217.816,delivered,4,
5314,hb,5,0,217.536,217.567,delivered,1,
5315,ack,0,1,217.49,217.662,delivered,3,
5316,cmd,0,5,217.6,217.621,delivered,1,
5317,hb,1,0,217.664,218.193,delivered,3,
5318,data,4,0,217.664,219.312,delivered,4,4|P4|38
5319,cmd,0,1,217.664,218.05,delivered,3,
5320,data,1,0,217.728,219.245,delivered,3,1|P5|43
5321,hb,2,0,217.728,218.261,delivered,3,
5322,data,4,0,217.728,219.455,delivered,4,4|P4|39
5323,cmd,0,2,217.792,218.054,delivered,3,
5324,hb,3,0,217.856,218.26,delivered,2,
5325,thumb,5,0,217.856,217.935,delivered,1,
5326,cmd,0,3,217.856,217.918,delivered,2,
5327,hb,4,0,217.92,218.262,delivered,4,
5328,ack,0,1,217.883,218.055,delivered,3,
5329,cmd,0,4,217.984,218.192,delivered,4,
5330,hb,5,0,218.048,218.124,delivered,1,
5331,hb,1,0,218.112,218.399,delivered,3,
5332,cmd,0,5,218.112,218.133,delivered,1,
5333,data,1,0,218.176,219.522,delivered,3,1|P5|44
5334,cmd,0,1,218.176,218.4,delivered,3,
5335,hb,2,0,218.24,218.615,delivered,3,
5336,hb,3,0,218.304,218.418,delivered,2,
5337,cmd,0,2,218.304,218.422,delivered,3,
5338,cmd,0,3,218.368,218.423,delivered,2,
5339,ack,0,4,218.329,218.635,delivered,4,
5340,thumb,1,0,218.432,218.903,delivered,3,
5341,hb,4,0,218.432,218.882,delivered,4,
5342,ack,0,1,218.397,218.859,delivered,3,
5343,cmd,0,4,218.496,218.941,delivered,4,
5344,hb,5,0,218.56,218.858,delivered,1,
5345,cmd,0,5,218.56,218.581,delivered,1,
5346,hb,1,0,218.624,218.885,delivered,3,
5347,cmd,0,1,218.688,219.075,delivered,3,
5348,hb,2,0,218.752,218.887,delivered,3,
5349,thumb,2,0,218.752,219.158,delivered,3,
5350,data,4,0,218.752,219.733,delivered,4,4|P4|40
5351,cmd,0,2,218.752,219.077,delivered,3,
5352,hb,3,0,218.816,218.886,delivered,2,
5353,cmd,0,3,218.88,218.987,delivered,2,
5354,data,1,0,218.944,219.846,delivered,3,1|P5|45
5355,hb,4,0,218.944,219.116,delivered,4,
5356,hb,5,0,219.008,219.076,delivered,1,
5357,cmd,0,4,219.008,219.12,delivered,4,
5358,ack,0,1,218.985,219.121,delivered,3,
5359,cmd,0,5,219.072,219.093,delivered,1,
5360,ack,0,4,219.053,219.162,delivered,4,
5361,hb,1,0,219.136,219.355,delivered,3,
5362,thumb,3,0,219.136,219.389,delivered,2,
5363,cmd,0,1,219.2,219.335,delivered,3,
5364,hb,2,0,219.264,219.356,delivered,3,
5365,data,4,0,219.264,220.177,delivered,4,4|P4|41
5366,cmd,0,2,219.264,219.524,delivered,3,
5367,ack,0,1,219.245,219.594,delivered,3,
5368,hb,3,0,219.328,219.524,delivered,2,
5369,ack,0,4,219.312,219.593,delivered,4,
5370,cmd,0,3,219.392,219.526,delivered,2,
5371,hb,4,0,219.456,219.667,delivered,4,
5372,cmd,0,4,219.456,219.8,delivered,4,
5373,ack,0,4,219.455,219.847,delivered,4,
5374,thumb,4,0,219.52,219.9,delivered,4,
5375,hb,5,0,219.52,219.664,delivered,1,
5376,cmd,0,5,219.584,219.665,delivered,1,
5377,ack,0,1,219.522,219.93,delivered,3,
5378,hb,1,0,219.648,219.777,delivered,3,
5379,hb,2,0,219.712,219.779,delivered,3,
5380,data,4,0,219.712,220.244,delivered,4,4|P4|42
5381,cmd,0,1,219.712,219.78,delivered,3,
5382,cmd,0,2,219.776,219.955,delivered,3,
5383,ack,0,4,219.733,220.041,delivered,4,
5384,hb,3,0,219.84,219.973,delivered,2,
5385,hb,4,0,219.904,220.042,delivered,4,
5386,thumb,5,0,219.904,219.947,delivered,1,
5387,cmd,0,3,219.904,219.954,delivered,2,
5388,ack,0,1,219.846,220.042,delivered,3,
5389,data,4,0,219.968,220.542,delivered,4,4|P4|43
5390,cmd,0,4,219.968,220.266,delivered,4,
5391,hb,5,0,220.032,220.109,delivered,1,
5392,cmd,0,5,220.096,220.178,delivered,1,
5393,hb,1,0,220.16,220.282,delivered,3,
5394,data,4,0,220.16,221.008,delivered,4,4|P4|44
5395,cmd,0,1,220.16,220.348,delivered,3,
5396,hb,2,0,220.224,220.302,delivered,3,
5397,ack,0,4,220.177,220.369,delivered,4,
5398,cmd,0,2,220.288,220.476,delivered,3,
5399,ack,0,4,220.244,220.585,delivered,4,
5400,hb,3,0,220.352,220.564,delivered,2,
5401,cmd,0,3,220.352,220.456,delivered,2,
5402,thumb,1,0,220.416,220.925,delivered,3,
5403,hb,4,0,220.416,220.607,delivered,4,
5404,data,4,0,220.48,221.074,delivered,4,4|P4|45
5405,cmd,0,4,220.48,220.675,delivered,4,
5406,hb,5,0,220.544,220.587,delivered,1,
5407,ack,0,4,220.542,220.696,delivered,4,
5408,hb,1,0,220.608,220.848,delivered,3,
5409,cmd,0,5,220.608,220.629,delivered,1,
5410,cmd,0,1,220.672,220.905,delivered,3,
5411,hb,2,0,220.736,220.887,delivered,3,
5412,thumb,2,0,220.8,220.942,delivered,3,
5413,cmd,0,2,220.8,220.907,delivered,3,
5414,hb,3,0,220.864,220.906,delivered,2,
5415,cmd,0,3,220.864,220.909,delivered,2,
5416,hb,4,0,220.928,221.095,delivered,4,
5417,cmd,0,4,220.992,221.139,delivered,4,
5418,hb,5,0,221.056,221.078,delivered,1,
5419,cmd,0,5,221.056,221.077,delivered,1,
5420,ack,0,4,221.008,221.18,delivered,4,
5421,hb,1,0,221.12,221.257,delivered,3,
5422,thumb,3,0,221.12,221.295,delivered,2,
5423,ack,0,4,221.074,221.223,delivered,4,
5424,cmd,0,1,221.184,221.279,delivered,3,
5425,hb,2,0,221.248,221.317,delivered,3,
5426,hb,3,0,221.312,221.354,delivered,2,
5427,cmd,0,2,221.312,221.376,delivered,3,
5428,cmd,0,3,221.376,221.418,delivered,2,
5429,hb,4,0,221.44,221.524,delivered,4,
5430,thumb,4,0,221.504,221.652,delivered,4,
5431,hb,5,0,221.504,221.547,delivered,1,
5432,cmd,0,4,221.504,221.599,delivered,4,
5433,cmd,0,5,221.568,221.61,delivered,1,
5434,hb,1,0,221.632,221.695,delivered,3,
5435,cmd,0,1,221.696,221.759,delivered,3,
5436,hb,2,0,221.76,221.825,delivered,3,
5437,cmd,0,2,221.76,221.824,delivered,3,
5438,hb,3,0,221.824,221.866,delivered,2,
5439,thumb,5,0,221.888,221.926,delivered,1,
5440,cmd,0,3,221.888,221.93,delivered,2,
5441,hb,4,0,221.952,222.036,delivered,4,
5442,cmd,0,4,221.952,222.037,delivered,4,
5443,hb,5,0,222.016,222.037,delivered,1,
5444,cmd,0,5,222.08,222.122,delivered,1,
5445,hb,1,0,222.144,222.207,delivered,3,
5446,hb,2,0,222.208,222.273,delivered,3,
5447,cmd,0,1,222.208,222.272,delivered,3,
5448,cmd,0,2,222.272,222.335,delivered,3,
5449,hb,3,0,222.336,222.378,delivered,2,
5450,thumb,1,0,222.4,222.509,delivered,3,
5451,cmd,0,3,222.4,222.474,delivered,2,
5452,hb,4,0,222.464,222.548,delivered,4,
5453,cmd,0,4,222.464,222.553,delivered,4,
5454,hb,5,0,222.528,222.549,delivered,1,
5455,cmd,0,5,222.592,222.613,delivered,1,
5456,hb,1,0,222.656,222.721,delivered,3,
5457,cmd,0,1,222.656,222.72,delivered,3,
5458,hb,2,0,222.72,222.783,delivered,3,
5459,thumb,2,0,222.784,222.893,delivered,3,
5460,cmd,0,2,222.784,222.895,delivered,3,
5461,hb,3,0,222.848,222.895,delivered,2,
5462,hb,4,0,222.912,222.996,delivered,4,
5463,cmd,0,3,222.912,222.954,delivered,2,
5464,cmd,0,4,222.976,223.081,delivered,4,
5465,hb,5,0,223.04,223.061,delivered,1,
5466,hb,1,0,223.104,223.167,delivered,3,
5467,cmd,0,5,223.104,223.125,delivered,1,
5468,thumb,3,0,223.168,223.248,delivered,2,
5469,cmd,0,1,223.168,223.231,delivered,3,
5470,hb,2,0,223.232,223.295,delivered,3,
5471,cmd,0,2,223.296,223.359,delivered,3,
5472,hb,3,0,223.36,223.402,delivered,2,
5473,cmd,0,3,223.36,223.403,delivered,2,
5474,hb,4,0,223.424,223.508,delivered,4,
5475,thumb,4,0,223.488,223.636,delivered,4,
5476,cmd,0,4,223.488,223.583,delivered,4,
5477,hb,5,0,223.552,223.601,delivered,1,
5478,cmd,0,5,223.552,223.573,delivered,1,
5479,hb,1,0,223.616,223.679,delivered,3,
5480,cmd,0,1,223.68,223.743,delivered,3,
5481,hb,2,0,223.744,223.807,delivered,3,
5482,hb,3,0,223.808,223.871,delivered,2,
5483,cmd,0,2,223.808,223.893,delivered,3,
5484,thumb,5,0,223.872,223.91,delivered,1,
5485,cmd,0,3,223.872,223.935,delivered,2,
5486,hb,4,0,223.936,224.02,delivered,4,
5487,cmd,0,4,224.0,224.105,delivered,4,
5488,hb,5,0,224.064,224.086,delivered,1,
5489,cmd,0,5,224.064,224.085,delivered,1,
5490,hb,1,0,224.128,224.191,delivered,3,
5491,cmd,0,1,224.192,224.255,delivered,3,
5492,hb,2,0,224.256,224.321,delivered,3,
5493,cmd,0,2,224.256,224.32,delivered,3,
5494,hb,3,0,224.32,224.362,delivered,2,
5495,thumb,1,0,224.384,224.493,delivered,3,
5496,cmd,0,3,224.384,224.458,delivered,2,
5497,hb,4,0,224.448,224.552,delivered,4,
5498,hb,5,0,224.512,224.534,delivered,1,
5499,cmd,0,4,224.512,224.596,delivered,4,
5500,cmd,0,5,224.576,224.597,delivered,1,
5501,hb,1,0,224.64,224.703,delivered,3,
5502,hb,2,0,224.704,224.769,delivered,3,
5503,cmd,0,1,224.704,224.768,delivered,3,
5504,thumb,2,0,224.768,224.877,delivered,3,
5505,cmd,0,2,224.768,224.879,delivered,3,
5506,hb,3,0,224.832,224.879,delivered,2,
5507,cmd,0,3,224.896,224.938,delivered,2,
5508,hb,4,0,224.96,225.044,delivered,4,
5509,cmd,0,4,224.96,225.045,delivered,4,
5510,hb,5,0,225.024,225.045,delivered,1,
5511,cmd,0,5,225.088,225.109,delivered,1,
5512,hb,1,0,225.152,225.217,delivered,3,
5513,thumb,3,0,225.152,225.233,delivered,2,
5514,cmd,0,1,225.152,225.216,delivered,3,
5515,hb,2,0,225.216,225.279,delivered,3,
5516,cmd,0,2,225.28,225.343,delivered,3,
5517,hb,3,0,225.344,225.386,delivered,2,
5518,hb,4,0,225.408,225.492,delivered,4,
5519,cmd,0,3,225.408,225.45,delivered,2,
5520,cmd,0,4,225.472,225.577,delivered,4,
5521,thumb,4,0,225.536,225.703,delivered,4,
5522,hb,5,0,225.536,225.557,delivered,1,
5523,cmd,0,5,225.6,225.642,delivered,1,
5524,hb,1,0,225.664,225.748,delivered,3,
5525,cmd,0,1,225.664,225.728,delivered,3,
5526,hb,2,0,225.728,225.791,delivered,3,
5527,cmd,0,2,225.792,225.876,delivered,3,
5528,hb,3,0,225.856,225.899,delivered,2,
5529,thumb,5,0,225.856,225.894,delivered,1,
5530,cmd,0,3,225.856,225.898,delivered,2,
5531,hb,4,0,225.92,226.004,delivered,4,
5532,cmd,0,4,225.984,226.068,delivered,4,
5533,hb,5,0,226.048,226.069,delivered,1,
5534,hb,1,0,226.112,226.175,delivered,3,
5535,cmd,0,5,226.112,226.133,delivered,1,
5536,cmd,0,1,226.176,226.239,delivered,3,
5537,hb,2,0,226.24,226.303,delivered,3,
5538,hb,3,0,226.304,226.346,delivered,2,
5539,cmd,0,2,226.304,226.389,delivered,3,
5540,cmd,0,3,226.368,226.431,delivered,2,
5541,thumb,1,0,226.432,226.543,delivered,3,
5542,hb,4,0,226.432,226.566,delivered,4,
5543,cmd,0,4,226.496,226.587,delivered,4,
5544,hb,5,0,226.56,226.582,delivered,1,
5545,cmd,0,5,226.56,226.581,delivered,1,
5546,hb,1,0,226.624,226.687,delivered,3,
5547,cmd,0,1,226.688,226.751,delivered,3,
5548,hb,2,0,226.752,226.839,delivered,3,
5549,thumb,2,0,226.752,226.928,delivered,3,
5550,cmd,0,2,226.752,226.837,delivered,3,
5551,hb,3,0,226.816,226.859,delivered,2,
5552,cmd,0,3,226.88,226.929,delivered,2,
5553,hb,4,0,226.944,227.028,delivered,4,
5554,hb,5,0,227.008,227.03,delivered,1,
5555,cmd,0,4,227.008,227.113,delivered,4,
5556,cmd,0,5,227.072,227.093,delivered,1,
5557,hb,1,0,227.136,227.211,delivered,3,
5558,thumb,3,0,227.136,227.21,delivered,2,
5559,cmd,0,1,227.2,227.263,delivered,3,
5560,hb,2,0,227.264,227.329,delivered,3,
5561,cmd,0,2,227.264,227.328,delivered,3,
5562,hb,3,0,227.328,227.37,delivered,2,
5563,cmd,0,3,227.392,227.434,delivered,2,
5564,hb,4,0,227.456,227.543,delivered,4,
5565,cmd,0,4,227.456,227.562,delivered,4,
5566,thumb,4,0,227.52,227.688,delivered,4,
5567,hb,5,0,227.52,227.542,delivered,1,
5568,cmd,0,5,227.584,227.605,delivered,1,
5569,hb,1,0,227.648,227.711,delivered,3,
5570,hb,2,0,227.712,227.777,delivered,3,
5571,cmd,0,1,227.712,227.776,delivered,3,
5572,cmd,0,2,227.776,227.839,delivered,3,
5573,hb,3,0,227.84,227.882,delivered,2,
5574,hb,4,0,227.904,227.988,delivered,4,
5575,thumb,5,0,227.904,227.942,delivered,1,
5576,cmd,0,3,227.904,227.946,delivered,2,
5577,cmd,0,4,227.968,228.052,delivered,4,
5578,hb,5,0,228.032,228.053,delivered,1,
5579,cmd,0,5,228.096,228.117,delivered,1,
5580,hb,1,0,228.16,228.225,delivered,3,
5581,cmd,0,1,228.16,228.224,delivered,3,
5582,hb,2,0,228.224,228.287,delivered,3,
5583,cmd,0,2,228.288,228.351,delivered,3,
5584,hb,3,0,228.352,228.394,delivered,2,
5585,cmd,0,3,228.352,228.416,delivered,2,
5586,thumb,1,0,228.416,228.56,delivered,3,
5587,hb,4,0,228.416,228.511,delivered,4,
5588,cmd,0,4,228.48,228.564,delivered,4,
5589,hb,5,0,228.544,228.565,delivered,1,
5590,hb,1,0,228.608,228.692,delivered,3,
5591,cmd,0,5,228.608,228.629,delivered,1,
5592,cmd,0,1,228.672,228.735,delivered,3,
5593,hb,2,0,228.736,228.799,delivered,3,
5594,thumb,2,0,228.8,228.909,delivered,3,
5595,cmd,0,2,228.8,228.911,delivered,3,
5596,hb,3,0,228.864,228.911,delivered,2,
5597,cmd,0,3,228.864,228.913,delivered,2,
5598,hb,4,0,228.928,229.012,delivered,4,
5599,cmd,0,4,228.992,229.076,delivered,4,
5600,hb,5,0,229.056,229.078,delivered,1,
5601,cmd,0,5,229.056,229.077,delivered,1,
5602,hb,1,0,229.12,229.195,delivered,3,
5603,thumb,3,0,229.12,229.194,delivered,2,
5604,cmd,0,1,229.184,229.247,delivered,3,
5605,hb,2,0,229.248,229.311,delivered,3,
5606,hb,3,0,229.312,229.354,delivered,2,
5607,cmd,0,2,229.312,229.376,delivered,3,
5608,cmd,0,3,229.376,229.418,delivered,2,
5609,hb,4,0,229.44,229.524,delivered,4,
5610,thumb,4,0,229.504,229.652,delivered,4,
5611,hb,5,0,229.504,229.526,delivered,1,
5612,cmd,0,4,229.504,229.599,delivered,4,
5613,cmd,0,5,229.568,229.589,delivered,1,
5614,hb,1,0,229.632,229.695,delivered,3,
5615,cmd,0,1,229.696,229.759,delivered,3,
5616,hb,2,0,229.76,229.825,delivered,3,
5617,cmd,0,2,229.76,229.824,delivered,3,
5618,hb,3,0,229.824,229.866,delivered,2,
5619,thumb,5,0,229.888,229.926,delivered,1,
5620,cmd,0,3,229.888,229.93,delivered,2,
5621,hb,4,0,229.952,230.036,delivered,4,
5622,cmd,0,4,229.952,230.037,delivered,4,
5623,hb,5,0,230.016,230.037,delivered,1,
5624,cmd,0,5,230.08,230.122,delivered,1,
5625,hb,1,0,230.144,230.207,delivered,3,
5626,hb,2,0,230.208,230.273,delivered,3,
5627,cmd,0,1,230.208,230.272,delivered,3,
5628,cmd,0,2,230.272,230.335,delivered,3,
5629,hb,3,0,230.336,230.378,delivered,2,
5630,thumb,1,0,230.4,230.509,delivered,3,
5631,cmd,0,3,230.4,230.474,delivered,2,
5632,hb,4,0,230.464,230.548,delivered,4,
5633,cmd,0,4,230.464,230.595,delivered,4,
5634,hb,5,0,230.528,230.554,delivered,1,
5635,cmd,0,5,230.592,230.613,delivered,1,
5636,hb,1,0,230.656,230.721,delivered,3,
5637,cmd,0,1,230.656,230.72,delivered,3,
5638,hb,2,0,230.72,230.783,delivered,3,
5639,thumb,2,0,230.784,230.966,delivered,3,
5640,cmd,0,2,230.784,230.858,delivered,3,
5641,hb,3,0,230.848,230.931,delivered,2,
5642,hb,4,0,230.912,231.016,delivered,4,
5643,cmd,0,3,230.912,230.968,delivered,2,
5644,cmd,0,4,230.976,231.06,delivered,4,
5645,hb,5,0,231.04,231.061,delivered,1,
5646,hb,1,0,231.104,231.167,delivered,3,
5647,cmd,0,5,231.104,231.125,delivered,1,
5648,thumb,3,0,231.168,231.248,delivered,2,
5649,cmd,0,1,231.168,231.231,delivered,3,
5650,hb,2,0,231.232,231.295,delivered,3,
5651,cmd,0,2,231.296,231.359,delivered,3,
5652,hb,3,0,231.36,231.402,delivered,2,
5653,cmd,0,3,231.36,231.403,delivered,2,
5654,hb,4,0,231.424,231.508,delivered,4,
5655,thumb,4,0,231.488,231.636,delivered,4,
5656,cmd,0,4,231.488,231.583,delivered,4,
5657,hb,5,0,231.552,231.601,delivered,1,
5658,cmd,0,5,231.552,231.573,delivered,1,
5659,hb,1,0,231.616,231.679,delivered,3,
5660,cmd,0,1,231.68,231.743,delivered,3,
5661,hb,2,0,231.744,231.807,delivered,3,
5662,hb,3,0,231.808,231.85,delivered,2,
5663,cmd,0,2,231.808,231.872,delivered,3,
5664,thumb,5,0,231.872,231.91,delivered,1,
5665,cmd,0,3,231.872,231.935,delivered,2,
5666,hb,4,0,231.936,232.04,delivered,4,
5667,cmd,0,4,232.0,232.105,delivered,4,
5668,hb,5,0,232.064,232.086,delivered,1,
5669,cmd,0,5,232.064,232.085,delivered,1,
5670,hb,1,0,232.128,232.212,delivered,3,
5671,cmd,0,1,232.192,232.255,delivered,3,
5672,hb,2,0,232.256,232.321,delivered,3,
5673,cmd,0,2,232.256,232.32,delivered,3,
5674,hb,3,0,232.32,232.362,delivered,2,
5675,thumb,1,0,232.384,232.493,delivered,3,
5676,cmd,0,3,232.384,232.458,delivered,2,
5677,hb,4,0,232.448,232.532,delivered,4,
5678,hb,5,0,232.512,232.534,delivered,1,
5679,cmd,0,4,232.512,232.596,delivered,4,
5680,cmd,0,5,232.576,232.597,delivered,1,
5681,hb,1,0,232.64,232.703,delivered,3,
5682,hb,2,0,232.704,232.769,delivered,3,
5683,cmd,0,1,232.704,232.768,delivered,3,
5684,thumb,2,0,232.768,232.877,delivered,3,
5685,cmd,0,2,232.768,232.879,delivered,3,
5686,hb,3,0,232.832,232.879,delivered,2,
5687,cmd,0,3,232.896,232.938,delivered,2,
5688,hb,4,0,232.96,233.044,delivered,4,
5689,cmd,0,4,232.96,233.045,delivered,4,
5690,hb,5,0,233.024,233.045,delivered,1,
5691,cmd,0,5,233.088,233.109,delivered,1,
5692,hb,1,0,233.152,233.217,delivered,3,
5693,thumb,3,0,233.152,233.233,delivered,2,
5694,cmd,0,1,233.152,233.216,delivered,3,
5695,hb,2,0,233.216,233.279,delivered,3,
5696,cmd,0,2,233.28,233.343,delivered,3,
5697,hb,3,0,233.344,233.386,delivered,2,
5698,hb,4,0,233.408,233.492,delivered,4,
5699,cmd,0,3,233.408,233.45,delivered,2,
5700,cmd,0,4,233.472,233.556,delivered,4,
5701,thumb,4,0,233.536,233.682,delivered,4,
5702,hb,5,0,233.536,233.557,delivered,1,
5703,cmd,0,5,233.6,233.621,delivered,1,
5704,hb,1,0,233.664,233.751,delivered,3,
5705,cmd,0,1,233.664,233.75,delivered,3,
5706,hb,2,0,233.728,233.791,delivered,3,
5707,cmd,0,2,233.792,233.855,delivered,3,
5708,hb,3,0,233.856,233.898,delivered,2,
5709,thumb,5,0,233.856,233.894,delivered,1,
5710,cmd,0,3,233.856,233.899,delivered,2,
5711,hb,4,0,233.92,234.004,delivered,4,
5712,cmd,0,4,233.984,234.068,delivered,4,
5713,hb,5,0,234.048,234.069,delivered,1,
5714,hb,1,0,234.112,234.175,delivered,3,
5715,cmd,0,5,234.112,234.133,delivered,1,
5716,cmd,0,1,234.176,234.239,delivered,3,
5717,hb,2,0,234.24,234.303,delivered,3,
5718,hb,3,0,234.304,234.346,delivered,2,
5719,cmd,0,2,234.304,234.368,delivered,3,
5720,cmd,0,3,234.368,234.41,delivered,2,
5721,thumb,1,0,234.432,234.576,delivered,3,
5722,hb,4,0,234.432,234.527,delivered,4,
5723,cmd,0,4,234.496,234.58,delivered,4,
5724,hb,5,0,234.56,234.603,delivered,1,
5725,cmd,0,5,234.56,234.581,delivered,1,
5726,hb,1,0,234.624,234.687,delivered,3,
5727,cmd,0,1,234.688,234.751,delivered,3,
5728,hb,2,0,234.752,234.817,delivered,3,
5729,thumb,2,0,234.752,234.87,delivered,3,
5730,cmd,0,2,234.752,234.816,delivered,3,
5731,hb,3,0,234.816,234.871,delivered,2,
5732,cmd,0,3,234.88,234.922,delivered,2,
5733,hb,4,0,234.944,235.028,delivered,4,
5734,hb,5,0,235.008,235.03,delivered,1,
5735,cmd,0,4,235.008,235.113,delivered,4,
5736,cmd,0,5,235.072,235.093,delivered,1,
5737,hb,1,0,235.136,235.211,delivered,3,
5738,thumb,3,0,235.136,235.21,delivered,2,
5739,cmd,0,1,235.2,235.263,delivered,3,
5740,hb,2,0,235.264,235.329,delivered,3,
5741,cmd,0,2,235.264,235.349,delivered,3,
5742,hb,3,0,235.328,235.371,delivered,2,
5743,cmd,0,3,235.392,235.434,delivered,2,
5744,hb,4,0,235.456,235.54,delivered,4,
5745,cmd,0,4,235.456,235.541,delivered,4,
5746,thumb,4,0,235.52,235.667,delivered,4,
5747,hb,5,0,235.52,235.541,delivered,1,
5748,cmd,0,5,235.584,235.605,delivered,1,
5749,hb,1,0,235.648,235.732,delivered,3,
5750,hb,2,0,235.712,235.777,delivered,3,
5751,cmd,0,1,235.712,235.776,delivered,3,
5752,cmd,0,2,235.776,235.839,delivered,3,
5753,hb,3,0,235.84,235.882,delivered,2,
5754,hb,4,0,235.904,235.988,delivered,4,
5755,thumb,5,0,235.904,235.942,delivered,1,
5756,cmd,0,3,235.904,235.946,delivered,2,
5757,cmd,0,4,235.968,236.052,delivered,4,
5758,hb,5,0,236.032,236.053,delivered,1,
5759,cmd,0,5,236.096,236.117,delivered,1,
5760,hb,1,0,236.16,236.225,delivered,3,
5761,cmd,0,1,236.16,236.246,delivered,3,
5762,hb,2,0,236.224,236.287,delivered,3,
5763,cmd,0,2,236.288,236.351,delivered,3,
5764,hb,3,0,236.352,236.394,delivered,2,
5765,cmd,0,3,236.352,236.395,delivered,2,
5766,thumb,1,0,236.416,236.56,delivered,3,
5767,hb,4,0,236.416,236.511,delivered,4,
5768,cmd,0,4,236.48,236.564,delivered,4,
5769,hb,5,0,236.544,236.565,delivered,1,
5770,hb,1,0,236.608,236.671,delivered,3,
5771,cmd,0,5,236.608,236.629,delivered,1,
5772,cmd,0,1,236.672,236.735,delivered,3,
5773,hb,2,0,236.736,236.799,delivered,3,
5774,thumb,2,0,236.8,236.98,delivered,3,
5775,cmd,0,2,236.8,236.908,delivered,3,
5776,hb,3,0,236.864,236.927,delivered,2,
5777,cmd,0,3,236.864,236.907,delivered,2,
5778,hb,4,0,236.928,237.012,delivered,4,
5779,cmd,0,4,236.992,237.076,delivered,4,
5780,hb,5,0,237.056,237.078,delivered,1,
5781,cmd,0,5,237.056,237.077,delivered,1,
5782,hb,1,0,237.12,237.195,delivered,3,
5783,thumb,3,0,237.12,237.194,delivered,2,
5784,cmd,0,1,237.184,237.247,delivered,3,
5785,hb,2,0,237.248,237.311,delivered,3,
5786,hb,3,0,237.312,237.354,delivered,2,
5787,cmd,0,2,237.312,237.376,delivered,3,
5788,cmd,0,3,237.376,237.418,delivered,2,
5789,hb,4,0,237.44,237.544,delivered,4,
5790,thumb,4,0,237.504,237.689,delivered,4,
5791,hb,5,0,237.504,237.526,delivered,1,
5792,cmd,0,4,237.504,237.599,delivered,4,
5793,cmd,0,5,237.568,237.589,delivered,1,
5794,hb,1,0,237.632,237.71,delivered,3,
5795,cmd,0,1,237.696,237.759,delivered,3,
5796,hb,2,0,237.76,237.825,delivered,3,
5797,cmd,0,2,237.76,237.824,delivered,3,
5798,hb,3,0,237.824,237.866,delivered,2,
5799,thumb,5,0,237.888,237.926,delivered,1,
5800,cmd,0,3,237.888,237.93,delivered,2,
5801,hb,4,0,237.952,238.056,delivered,4,
5802,cmd,0,4,237.952,238.058,delivered,4,
5803,hb,5,0,238.016,238.038,delivered,1,
5804,cmd,0,5,238.08,238.101,delivered,1,
5805,hb,1,0,238.144,238.207,delivered,3,
5806,hb,2,0,238.208,238.273,delivered,3,
5807,cmd,0,1,238.208,238.272,delivered,3,
5808,cmd,0,2,238.272,238.335,delivered,3,
5809,hb,3,0,238.336,238.378,delivered,2,
5810,thumb,1,0,238.4,238.548,delivered,3,
5811,cmd,0,3,238.4,238.474,delivered,2,
5812,hb,4,0,238.464,238.576,delivered,4,
5813,cmd,0,4,238.464,238.553,delivered,4,
5814,hb,5,0,238.528,238.575,delivered,1,
5815,cmd,0,5,238.592,238.634,delivered,1,
5816,hb,1,0,238.656,238.74,delivered,3,
5817,cmd,0,1,238.656,238.72,delivered,3,
5818,hb,2,0,238.72,238.783,delivered,3,
5819,thumb,2,0,238.784,238.893,delivered,3,
5820,cmd,0,2,238.784,238.895,delivered,3,
5821,hb,3,0,238.848,238.895,delivered,2,
5822,hb,4,0,238.912,238.996,delivered,4,
5823,cmd,0,3,238.912,238.954,delivered,2,
5824,cmd,0,4,238.976,239.06,delivered,4,
5825,hb,5,0,239.04,239.082,delivered,1,
5826,hb,1,0,239.104,239.167,delivered,3,
5827,cmd,0,5,239.104,239.146,delivered,1,
5828,thumb,3,0,239.168,239.248,delivered,2,
5829,cmd,0,1,239.168,239.273,delivered,3,
5830,hb,2,0,239.232,239.295,delivered,3,
5831,cmd,0,2,239.296,239.38,delivered,3,
5832,hb,3,0,239.36,239.403,delivered,2,
5833,cmd,0,3,239.36,239.402,delivered,2,
5834,hb,4,0,239.424,239.508,delivered,4,
5835,thumb,4,0,239.488,239.673,delivered,4,
5836,cmd,0,4,239.488,239.583,delivered,4,
5837,hb,5,0,239.552,239.574,delivered,1,
5838,cmd,0,5,239.552,239.573,delivered,1,
5839,hb,1,0,239.616,239.694,delivered,3,
5840,cmd,0,1,239.68,239.743,delivered,3,
5841,hb,2,0,239.744,239.848,delivered,3,
5842,hb,3,0,239.808,239.873,delivered,2,
5843,cmd,0,2,239.808,239.872,delivered,3,
5844,thumb,5,0,239.872,239.91,delivered,1,
5845,cmd,0,3,239.872,239.914,delivered,2,
5846,hb,4,0,239.936,240.02,delivered,4,
5847,cmd,0,4,240.0,240.084,delivered,4,
5848,hb,5,0,240.064,240.086,delivered,1,
5849,cmd,0,5,240.064,240.085,delivered,1,
5850,hb,1,0,240.128,240.191,delivered,3,
5851,cmd,0,1,240.192,240.255,delivered,3,
5852,hb,2,0,240.256,240.34,delivered,3,
5853,cmd,0,2,240.256,240.32,delivered,3,
5854,hb,3,0,240.32,240.362,delivered,2,
5855,thumb,1,0,240.384,240.493,delivered,3,
5856,cmd,0,3,240.384,240.458,delivered,2,
5857,hb,4,0,240.448,240.619,delivered,4,
5858,hb,5,0,240.512,240.553,delivered,1,
5859,cmd,0,4,240.512,240.597,delivered,4,
5860,cmd,0,5,240.576,240.597,delivered,1,
5861,hb,1,0,240.64,240.703,delivered,3,
5862,hb,2,0,240.704,240.769,delivered,3,
5863,cmd,0,1,240.704,240.768,delivered,3,
5864,thumb,2,0,240.768,240.877,delivered,3,
5865,cmd,0,2,240.768,240.879,delivered,3,
5866,hb,3,0,240.832,240.879,delivered,2,
5867,cmd,0,3,240.896,240.938,delivered,2,
5868,hb,4,0,240.96,241.044,delivered,4,
5869,cmd,0,4,240.96,241.045,delivered,4,
5870,hb,5,0,241.024,241.045,delivered,1,
5871,cmd,0,5,241.088,241.109,delivered,1,
5872,hb,1,0,241.152,241.217,delivered,3,
5873,thumb,3,0,241.152,241.233,delivered,2,
5874,cmd,0,1,241.152,241.216,delivered,3,
5875,hb,2,0,241.216,241.279,delivered,3,
5876,cmd,0,2,241.28,241.343,delivered,3,
5877,hb,3,0,241.344,241.386,delivered,2,
5878,hb,4,0,241.408,241.492,delivered,4,
5879,cmd,0,3,241.408,241.45,delivered,2,
5880,cmd,0,4,241.472,241.556,delivered,4,
5881,thumb,4,0,241.536,241.682,delivered,4,
5882,hb,5,0,241.536,241.557,delivered,1,
5883,cmd,0,5,241.6,241.621,delivered,1,
5884,hb,1,0,241.664,241.729,delivered,3,
5885,cmd,0,1,241.664,241.728,delivered,3,
5886,hb,2,0,241.728,241.791,delivered,3,
5887,cmd,0,2,241.792,241.876,delivered,3,
5888,hb,3,0,241.856,241.899,delivered,2,
5889,thumb,5,0,241.856,241.894,delivered,1,
5890,cmd,0,3,241.856,241.898,delivered,2,
5891,hb,4,0,241.92,242.024,delivered,4,
5892,cmd,0,4,241.984,242.089,delivered,4,
5893,hb,5,0,242.048,242.09,delivered,1,
5894,hb,1,0,242.112,242.175,delivered,3,
5895,cmd,0,5,242.112,242.154,delivered,1,
5896,cmd,0,1,242.176,242.239,delivered,3,
5897,hb,2,0,242.24,242.324,delivered,3,
5898,hb,3,0,242.304,242.346,delivered,2,
5899,cmd,0,2,242.304,242.389,delivered,3,
5900,cmd,0,3,242.368,242.41,delivered,2,
5901,thumb,1,0,242.432,242.576,delivered,3,
5902,hb,4,0,242.432,242.527,delivered,4,
5903,cmd,0,4,242.496,242.601,delivered,4,
5904,hb,5,0,242.56,242.582,delivered,1,
5905,cmd,0,5,242.56,242.581,delivered,1,
5906,hb,1,0,242.624,242.687,delivered,3,
5907,cmd,0,1,242.688,242.751,delivered,3,
5908,hb,2,0,242.752,242.817,delivered,3,
5909,thumb,2,0,242.752,242.87,delivered,3,
5910,cmd,0,2,242.752,242.871,delivered,3,
5911,hb,3,0,242.816,242.893,delivered,2,
5912,cmd,0,3,242.88,242.922,delivered,2,
5913,hb,4,0,242.944,243.028,delivered,4,
5914,hb,5,0,243.008,243.03,delivered,1,
5915,cmd,0,4,243.008,243.092,delivered,4,
5916,cmd,0,5,243.072,243.093,delivered,1,
5917,hb,1,0,243.136,243.232,delivered,3,
5918,thumb,3,0,243.136,243.21,delivered,2,
5919,cmd,0,1,243.2,243.263,delivered,3,
5920,hb,2,0,243.264,243.35,delivered,3,
5921,cmd,0,2,243.264,243.37,delivered,3,
5922,hb,3,0,243.328,243.392,delivered,2,
5923,cmd,0,3,243.392,243.434,delivered,2,
5924,hb,4,0,243.456,243.54,delivered,4,
5925,cmd,0,4,243.456,243.541,delivered,4,
5926,thumb,4,0,243.52,243.667,delivered,4,
5927,hb,5,0,243.52,243.541,delivered,1,
5928,cmd,0,5,243.584,243.605,delivered,1,
5929,hb,1,0,243.648,243.711,delivered,3,
5930,hb,2,0,243.712,243.777,delivered,3,
5931,cmd,0,1,243.712,243.776,delivered,3,
5932,cmd,0,2,243.776,243.839,delivered,3,
5933,hb,3,0,243.84,243.882,delivered,2,
5934,hb,4,0,243.904,243.988,delivered,4,
5935,thumb,5,0,243.904,243.942,delivered,1,
5936,cmd,0,3,243.904,243.946,delivered,2,
5937,cmd,0,4,243.968,244.052,delivered,4,
5938,hb,5,0,244.032,244.074,delivered,1,
5939,cmd,0,5,244.096,244.117,delivered,1,
5940,hb,1,0,244.16,244.223,delivered,3,
5941,cmd,0,1,244.16,244.245,delivered,3,
5942,hb,2,0,244.224,244.308,delivered,3,
5943,cmd,0,2,244.288,244.352,delivered,3,
5944,hb,3,0,244.352,244.394,delivered,2,
5945,cmd,0,3,244.352,244.395,delivered,2,
5946,thumb,1,0,244.416,244.56,delivered,3,
5947,hb,4,0,244.416,244.511,delivered,4,
5948,cmd,0,4,244.48,244.607,delivered,4,
5949,hb,5,0,244.544,244.565,delivered,1,
5950,hb,1,0,244.608,244.671,delivered,3,
5951,cmd,0,5,244.608,244.629,delivered,1,
5952,cmd,0,1,244.672,244.735,delivered,3,
5953,hb,2,0,244.736,244.799,delivered,3,
5954,thumb,2,0,244.8,244.909,delivered,3,
5955,cmd,0,2,244.8,244.911,delivered,3,
5956,hb,3,0,244.864,244.911,delivered,2,
5957,cmd,0,3,244.864,244.913,delivered,2,
5958,hb,4,0,244.928,245.012,delivered,4,
5959,cmd,0,4,244.992,245.097,delivered,4,
5960,hb,5,0,245.056,245.078,delivered,1,
5961,cmd,0,5,245.056,245.077,delivered,1,
5962,hb,1,0,245.12,245.195,delivered,3,
5963,thumb,3,0,245.12,245.23,delivered,2,
5964,cmd,0,1,245.184,245.274,delivered,3,
5965,hb,2,0,245.248,245.332,delivered,3,
5966,hb,3,0,245.312,245.396,delivered,2,
5967,cmd,0,2,245.312,245.376,delivered,3,
5968,cmd,0,3,245.376,245.418,delivered,2,
5969,hb,4,0,245.44,245.544,delivered,4,
5970,thumb,4,0,245.504,245.689,delivered,4,
5971,hb,5,0,245.504,245.526,delivered,1,
5972,cmd,0,4,245.504,245.599,delivered,4,
5973,cmd,0,5,245.568,245.589,delivered,1,
5974,hb,1,0,245.632,245.71,delivered,3,
5975,cmd,0,1,245.696,245.759,delivered,3,
5976,hb,2,0,245.76,245.825,delivered,3,
5977,cmd,0,2,245.76,245.824,delivered,3,
5978,hb,3,0,245.824,245.866,delivered,2,
5979,thumb,5,0,245.888,245.926,delivered,1,
5980,cmd,0,3,245.888,245.93,delivered,2,
5981,hb,4,0,245.952,,expired,0,
5982,cmd,0,4,245.952,,expired,0,
5983,hb,5,0,246.016,246.037,delivered,1,
5984,cmd,0,5,246.08,246.101,delivered,1,
5985,hb,1,0,246.144,246.207,delivered,3,
5986,hb,2,0,246.208,246.294,delivered,3,
5987,cmd,0,1,246.208,246.272,delivered,3,
5988,cmd,0,2,246.272,246.356,delivered,3,
5989,hb,3,0,246.336,246.399,delivered,2,
5990,thumb,1,0,246.4,246.509,delivered,3,
5991,cmd,0,3,246.4,246.474,delivered,2,
5992,hb,4,0,246.464,,expired,0,
5993,cmd,0,4,246.464,,expired,0,
5994,hb,5,0,246.528,246.549,delivered,1,
5995,cmd,0,5,246.592,246.613,delivered,1,
5996,hb,1,0,246.656,246.721,delivered,3,
5997,cmd,0,1,246.656,246.742,delivered,3,
5998,hb,2,0,246.72,246.783,delivered,3,
5999,thumb,2,0,246.784,246.893,delivered,3,
6000,cmd,0,2,246.784,246.895,delivered,3,
6001,hb,3,0,246.848,246.895,delivered,2,
6002,hb,4,0,246.912,,expired,0,
6003,cmd,0,3,246.912,246.954,delivered,2,
6004,cmd,0,4,246.976,,expired,0,
6005,hb,5,0,247.04,247.061,delivered,1,
6006,hb,1,0,247.104,247.188,delivered,3,
6007,cmd,0,5,247.104,247.125,delivered,1,
6008,thumb,3,0,247.168,247.28,delivered,2,
6009,cmd,0,1,247.168,247.263,delivered,3,
6010,hb,2,0,247.232,247.301,delivered,3,
6011,cmd,0,2,247.296,247.359,delivered,3,
6012,hb,3,0,247.36,247.403,delivered,2,
6013,cmd,0,3,247.36,247.423,delivered,2,
6014,hb,4,0,247.424,,expired,0,
6015,thumb,4,0,247.488,,expired,0,
6016,cmd,0,4,247.488,,expired,0,
6017,hb,5,0,247.552,247.574,delivered,1,
6018,cmd,0,5,247.552,247.594,delivered,1,
6019,hb,1,0,247.616,247.679,delivered,3,
6020,cmd,0,1,247.68,247.743,delivered,3,
6021,hb,2,0,247.744,247.807,delivered,3,
6022,hb,3,0,247.808,247.871,delivered,2,
6023,cmd,0,2,247.808,247.893,delivered,3,
6024,thumb,5,0,247.872,247.91,delivered,1,
6025,cmd,0,3,247.872,247.935,delivered,2,
6026,hb,4,0,247.936,,expired,0,
6027,cmd,0,4,248.0,,expired,0,
6028,hb,5,0,248.064,248.086,delivered,1,
6029,cmd,0,5,248.064,248.085,delivered,1,
6030,hb,1,0,248.128,248.191,delivered,3,
6031,cmd,0,1,248.192,248.255,delivered,3,
6032,hb,2,0,248.256,248.321,delivered,3,
6033,cmd,0,2,248.256,248.32,delivered,3,
6034,hb,3,0,248.32,248.383,delivered,2,
6035,thumb,1,0,248.384,248.493,delivered,3,
6036,cmd,0,3,248.384,248.458,delivered,2,
6037,hb,4,0,248.448,,expired,0,
6038,hb,5,0,248.512,248.533,delivered,1,
6039,cmd,0,4,248.512,,expired,0,
6040,cmd,0,5,248.576,248.597,delivered,1,
6041,hb,1,0,248.64,248.724,delivered,3,
6042,hb,2,0,248.704,248.79,delivered,3,
6043,cmd,0,1,248.704,248.789,delivered,3,
6044,thumb,2,0,248.768,248.878,delivered,3,
6045,cmd,0,2,248.768,248.901,delivered,3,
6046,hb,3,0,248.832,248.88,delivered,2,
6047,cmd,0,3,248.896,248.938,delivered,2,
6048,hb,4,0,248.96,,expired,0,
6049,cmd,0,4,248.96,,expired,0,
6050,hb,5,0,249.024,249.045,delivered,1,
6051,cmd,0,5,249.088,249.109,delivered,1,
6052,hb,1,0,249.152,249.217,delivered,3,
6053,thumb,3,0,249.152,249.233,delivered,2,
6054,cmd,0,1,249.152,249.216,delivered,3,
6055,hb,2,0,249.216,249.279,delivered,3,
6056,cmd,0,2,249.28,249.364,delivered,3,
6057,hb,3,0,249.344,249.407,delivered,2,
6058,hb,4,0,249.408,,expired,0,
6059,cmd,0,3,249.408,249.471,delivered,2,
6060,cmd,0,4,249.472,,expired,0,
6061,thumb,4,0,249.536,,expired,0,
6062,hb,5,0,249.536,249.557,delivered,1,
6063,cmd,0,5,249.6,249.621,delivered,1,
6064,hb,1,0,249.664,249.729,delivered,3,
6065,cmd,0,1,249.664,249.728,delivered,3,
6066,hb,2,0,249.728,249.812,delivered,4,
6067,cmd,0,2,249.792,249.876,delivered,4,
6068,hb,3,0,249.856,249.899,delivered,2,
6069,thumb,5,0,249.856,249.93,delivered,1,
6070,cmd,0,3,249.856,249.898,delivered,2,
6071,hb,4,0,249.92,,expired,0,
6072,cmd,0,4,249.984,,expired,0,
6073,hb,5,0,250.048,250.069,delivered,1,
6074,hb,1,0,250.112,250.175,delivered,3,
6075,cmd,0,5,250.112,250.133,delivered,1,
6076,cmd,0,1,250.176,250.239,delivered,3,
6077,hb,2,0,250.24,250.324,delivered,4,
6078,hb,3,0,250.304,250.367,delivered,2,
6079,cmd,0,2,250.304,250.41,delivered,4,
6080,cmd,0,3,250.368,250.431,delivered,2,
6081,thumb,1,0,250.432,250.541,delivered,3,
6082,hb,4,0,250.432,,expired,0,
6083,cmd,0,4,250.496,,expired,0,
6084,hb,5,0,250.56,250.582,delivered,1,
6085,cmd,0,5,250.56,250.581,delivered,1,
6086,hb,1,0,250.624,250.687,delivered,3,
6087,cmd,0,1,250.688,250.751,delivered,3,
6088,hb,2,0,250.752,250.908,delivered,4,
6089,thumb,2,0,250.752,250.944,delivered,4,
6090,cmd,0,2,250.752,250.891,delivered,4,
6091,hb,3,0,250.816,250.889,delivered,2,
6092,cmd,0,3,250.88,250.966,delivered,2,
6093,hb,4,0,250.944,,expired,0,
6094,hb,5,0,251.008,251.029,delivered,1,
6095,cmd,0,4,251.008,,expired,0,
6096,cmd,0,5,251.072,251.093,delivered,1,
6097,hb,1,0,251.136,251.211,delivered,3,
6098,thumb,3,0,251.136,251.21,delivered,2,
6099,cmd,0,1,251.2,251.263,delivered,3,
6100,hb,2,0,251.264,251.348,delivered,4,
6101,cmd,0,2,251.264,251.349,delivered,4,
6102,hb,3,0,251.328,251.371,delivered,2,
6103,cmd,0,3,251.392,251.434,delivered,2,
6104,hb,4,0,251.456,,expired,0,
6105,cmd,0,4,251.456,,expired,0,
6106,thumb,4,0,251.52,,expired,0,
6107,hb,5,0,251.52,251.541,delivered,1,
6108,cmd,0,5,251.584,251.605,delivered,1,
6109,hb,1,0,251.648,251.732,delivered,3,
6110,hb,2,0,251.712,251.796,delivered,4,
6111,cmd,0,1,251.712,251.776,delivered,3,
6112,cmd,0,2,251.776,251.86,delivered,4,
6113,hb,3,0,251.84,251.882,delivered,2,
6114,hb,4,0,251.904,,expired,0,
6115,thumb,5,0,251.904,251.942,delivered,1,
6116,cmd,0,3,251.904,251.946,delivered,2,
6117,cmd,0,4,251.968,,expired,0,
6118,hb,5,0,252.032,252.053,delivered,1,
6119,cmd,0,5,252.096,252.117,delivered,1,
6120,hb,1,0,252.16,252.225,delivered,3,
6121,cmd,0,1,252.16,252.224,delivered,3,
6122,hb,2,0,252.224,252.328,delivered,4,
6123,cmd,0,2,252.288,252.372,delivered,4,
6124,hb,3,0,252.352,252.395,delivered,2,
6125,cmd,0,3,252.352,252.394,delivered,2,
6126,thumb,1,0,252.416,252.525,delivered,3,
6127,hb,4,0,252.416,,expired,0,
6128,cmd,0,4,252.48,,expired,0,
6129,hb,5,0,252.544,252.565,delivered,1,
6130,hb,1,0,252.608,252.671,delivered,3,
6131,cmd,0,5,252.608,252.629,delivered,1,
6132,cmd,0,1,252.672,252.756,delivered,3,
6133,hb,2,0,252.736,252.84,delivered,4,
6134,thumb,2,0,252.8,252.949,delivered,4,
6135,cmd,0,2,252.8,252.895,delivered,4,
6136,hb,3,0,252.864,252.917,delivered,2,
6137,cmd,0,3,252.864,252.914,delivered,2,
6138,hb,4,0,252.928,,expired,0,
6139,cmd,0,4,252.992,,expired,0,
6140,hb,5,0,253.056,253.099,delivered,1,
6141,cmd,0,5,253.056,253.077,delivered,1,
6142,hb,1,0,253.12,253.195,delivered,3,
6143,thumb,3,0,253.12,253.194,delivered,2,
6144,cmd,0,1,253.184,253.247,delivered,3,
6145,hb,2,0,253.248,253.332,delivered,4,
6146,hb,3,0,253.312,253.354,delivered,2,
6147,cmd,0,2,253.312,253.397,delivered,4,
6148,cmd,0,3,253.376,253.418,delivered,2,
6149,hb,4,0,253.44,,expired,0,
6150,thumb,4,0,253.504,,expired,0,
6151,hb,5,0,253.504,253.525,delivered,1,
6152,cmd,0,4,253.504,,expired,0,
6153,cmd,0,5,253.568,253.589,delivered,1,
6154,hb,1,0,253.632,253.695,delivered,3,
6155,cmd,0,1,253.696,253.78,delivered,3,
6156,hb,2,0,253.76,253.844,delivered,4,
6157,cmd,0,2,253.76,253.845,delivered,4,
6158,hb,3,0,253.824,253.867,delivered,2,
6159,thumb,5,0,253.888,253.926,delivered,1,
6160,cmd,0,3,253.888,253.93,delivered,2,
6161,hb,4,0,253.952,,expired,0,
6162,cmd,0,4,253.952,,expired,0,
6163,hb,5,0,254.016,254.037,delivered,1,
6164,cmd,0,5,254.08,254.101,delivered,1,
6165,hb,1,0,254.144,254.207,delivered,3,
6166,hb,2,0,254.208,254.292,delivered,4,
6167,cmd,0,1,254.208,254.272,delivered,3,
6168,cmd,0,2,254.272,254.356,delivered,4,
6169,hb,3,0,254.336,254.378,delivered,2,
6170,thumb,1,0,254.4,254.509,delivered,3,
6171,cmd,0,3,254.4,254.474,delivered,2,
6172,hb,4,0,254.464,,expired,0,
6173,cmd,0,4,254.464,,expired,0,
6174,hb,5,0,254.528,254.549,delivered,1,
6175,cmd,0,5,254.592,254.613,delivered,1,
6176,hb,1,0,254.656,254.742,delivered,3,
6177,cmd,0,1,254.656,254.741,delivered,3,
6178,hb,2,0,254.72,254.804,delivered,4,
6179,thumb,2,0,254.784,255.003,delivered,4,
6180,cmd,0,2,254.784,254.868,delivered,4,
6181,hb,3,0,254.848,254.931,delivered,2,
6182,hb,4,0,254.912,,expired,0,
6183,cmd,0,3,254.912,254.968,delivered,2,
6184,cmd,0,4,254.976,,expired,0,
6185,hb,5,0,255.04,255.061,delivered,1,
6186,hb,1,0,255.104,255.167,delivered,3,
6187,cmd,0,5,255.104,255.125,delivered,1,
6188,thumb,3,0,255.168,255.248,delivered,2,
6189,cmd,0,1,255.168,255.231,delivered,3,
6190,hb,2,0,255.232,255.316,delivered,4,
6191,cmd,0,2,255.296,255.38,delivered,4,
6192,hb,3,0,255.36,255.403,delivered,2,
6193,cmd,0,3,255.36,255.402,delivered,2,
6194,hb,4,0,255.424,,expired,0,
6195,thumb,4,0,255.488,,expired,0,
6196,cmd,0,4,255.488,,expired,0,
6197,hb,5,0,255.552,255.574,delivered,1,
6198,cmd,0,5,255.552,255.573,delivered,1,
6199,hb,1,0,255.616,255.679,delivered,3,
6200,cmd,0,1,255.68,255.743,delivered,3,
6201,hb,2,0,255.744,255.828,delivered,4,
6202,hb,3,0,255.808,255.85,delivered,2,
6203,cmd,0,2,255.808,255.893,delivered,4,
6204,thumb,5,0,255.872,255.91,delivered,1,
6205,cmd,0,3,255.872,255.914,delivered,2,
6206,hb,4,0,255.936,,expired,0,
6207,cmd,0,4,256.0,,expired,0,
6208,hb,5,0,256.064,256.086,delivered,1,
6209,cmd,0,5,256.064,256.085,delivered,1,
6210,hb,1,0,256.128,256.191,delivered,3,
6211,cmd,0,1,256.192,256.276,delivered,3,
6212,hb,2,0,256.256,256.364,delivered,4,
6213,cmd,0,2,256.256,256.341,delivered,4,
6214,hb,3,0,256.32,256.363,delivered,2,
6215,thumb,1,0,256.384,256.493,delivered,3,
6216,cmd,0,3,256.384,256.458,delivered,2,
6217,hb,4,0,256.448,,expired,0,
6218,hb,5,0,256.512,256.533,delivered,1,
6219,cmd,0,4,256.512,,expired,0,
6220,cmd,0,5,256.576,256.597,delivered,1,
6221,hb,1,0,256.64,256.703,delivered,3,
6222,hb,2,0,256.704,256.788,delivered,4,
6223,cmd,0,1,256.704,256.768,delivered,3,
6224,thumb,2,0,256.768,256.974,delivered,4,
6225,cmd,0,2,256.768,256.863,delivered,4,
6226,hb,3,0,256.832,256.906,delivered,2,
6227,cmd,0,3,256.896,256.939,delivered,2,
6228,hb,4,0,256.96,,expired,0,
6229,cmd,0,4,256.96,,expired,0,
6230,hb,5,0,257.024,257.045,delivered,1,
6231,cmd,0,5,257.088,257.109,delivered,1,
6232,hb,1,0,257.152,257.217,delivered,3,
6233,thumb,3,0,257.152,257.233,delivered,2,
6234,cmd,0,1,257.152,257.216,delivered,3,
6235,hb,2,0,257.216,257.32,delivered,4,
6236,cmd,0,2,257.28,257.385,delivered,4,
6237,hb,3,0,257.344,257.407,delivered,2,
6238,hb,4,0,257.408,,expired,0,
6239,cmd,0,3,257.408,257.45,delivered,2,
6240,cmd,0,4,257.472,,expired,0,
6241,thumb,4,0,257.536,,expired,0,
6242,hb,5,0,257.536,257.557,delivered,1,
6243,cmd,0,5,257.6,257.621,delivered,1,
6244,hb,1,0,257.664,257.729,delivered,3,
6245,cmd,0,1,257.664,257.728,delivered,3,
6246,hb,2,0,257.728,257.812,delivered,4,
6247,cmd,0,2,257.792,257.94,delivered,4,
6248,hb,3,0,257.856,257.919,delivered,2,
6249,thumb,5,0,257.856,257.915,delivered,1,
6250,cmd,0,3,257.856,257.916,delivered,2,
6251,hb,4,0,257.92,,expired,0,
6252,cmd,0,4,257.984,,expired,0,
6253,hb,5,0,258.048,258.069,delivered,1,
6254,hb,1,0,258.112,258.175,delivered,3,
6255,cmd,0,5,258.112,258.133,delivered,1,
6256,cmd,0,1,258.176,258.239,delivered,3,
6257,hb,2,0,258.24,258.324,delivered,4,
6258,hb,3,0,258.304,258.346,delivered,2,
6259,cmd,0,2,258.304,258.389,delivered,4,
6260,cmd,0,3,258.368,258.41,delivered,2,
6261,thumb,1,0,258.432,258.578,delivered,3,
6262,hb,4,0,258.432,,expired,0,
6263,cmd,0,4,258.496,,expired,0,
6264,hb,5,0,258.56,258.582,delivered,1,
6265,cmd,0,5,258.56,258.581,delivered,1,
6266,hb,1,0,258.624,258.687,delivered,3,
6267,cmd,0,1,258.688,258.751,delivered,3,
6268,hb,2,0,258.752,258.871,delivered,4,
6269,thumb,2,0,258.752,258.944,delivered,4,
6270,cmd,0,2,258.752,258.891,delivered,4,
6271,hb,3,0,258.816,258.869,delivered,2,
6272,cmd,0,3,258.88,258.945,delivered,2,
6273,hb,4,0,258.944,,expired,0,
6274,hb,5,0,259.008,259.029,delivered,1,
6275,cmd,0,4,259.008,,expired,0,
6276,cmd,0,5,259.072,259.093,delivered,1,
6277,hb,1,0,259.136,259.211,delivered,3,
6278,thumb,3,0,259.136,259.21,delivered,2,
6279,cmd,0,1,259.2,259.263,delivered,3,
6280,hb,2,0,259.264,259.372,delivered,4,
6281,cmd,0,2,259.264,259.37,delivered,4,
6282,hb,3,0,259.328,259.392,delivered,2,
6283,cmd,0,3,259.392,259.434,delivered,2,
6284,hb,4,0,259.456,,expired,0,
6285,cmd,0,4,259.456,,expired,0,
6286,thumb,4,0,259.52,,expired,0,
6287,hb,5,0,259.52,259.541,delivered,1,
6288,cmd,0,5,259.584,259.605,delivered,1,
6289,hb,1,0,259.648,259.711,delivered,3,
6290,hb,2,0,259.712,259.796,delivered,4,
6291,cmd,0,1,259.712,259.776,delivered,3,
6292,cmd,0,2,259.776,259.86,delivered,4,
6293,hb,3,0,259.84,259.882,delivered,2,
6294,hb,4,0,259.904,,expired,0,
6295,thumb,5,0,259.904,259.942,delivered,1,
6296,cmd,0,3,259.904,259.946,delivered,2,
6297,cmd,0,4,259.968,,expired,0,
6298,data,4,0,260.032,290.511,delivered,4,4|P7|0
6299,data,4,0,260.032,290.645,delivered,4,4|P7|1
6300,data,4,0,260.032,290.841,delivered,4,4|P7|2
6301,data,4,0,260.032,290.773,delivered,4,4|P7|3
6302,hb,5,0,260.032,260.053,delivered,1,
6303,cmd,0,5,260.096,260.117,delivered,1,
6304,hb,1,0,260.16,260.225,delivered,3,
6305,cmd,0,1,260.16,260.224,delivered,3,
6306,hb,2,0,260.224,260.328,delivered,4,
6307,cmd,0,2,260.288,260.393,delivered,4,
6308,hb,3,0,260.352,260.415,delivered,2,
6309,cmd,0,3,260.352,260.395,delivered,2,
6310,thumb,1,0,260.416,260.525,delivered,3,
6311,hb,4,0,260.416,,expired,0,
6312,cmd,0,4,260.48,,expired,0,
6313,hb,5,0,260.544,260.565,delivered,1,
6314,hb,1,0,260.608,260.671,delivered,3,
6315,cmd,0,5,260.608,260.629,delivered,1,
6316,cmd,0,1,260.672,260.735,delivered,3,
6317,hb,2,0,260.736,260.82,delivered,4,
6318,thumb,2,0,260.8,260.949,delivered,4,
6319,cmd,0,2,260.8,260.895,delivered,4,
6320,hb,3,0,260.864,260.917,delivered,2,
6321,cmd,0,3,260.864,260.914,delivered,2,
6322,hb,4,0,260.928,,expired,0,
6323,cmd,0,4,260.992,,expired,0,
6324,hb,5,0,261.056,261.078,delivered,1,
6325,cmd,0,5,261.056,261.077,delivered,1,
6326,hb,1,0,261.12,261.195,delivered,3,
6327,thumb,3,0,261.12,261.23,delivered,2,
6328,cmd,0,1,261.184,261.274,delivered,3,
6329,hb,2,0,261.248,261.352,delivered,4,
6330,hb,3,0,261.312,261.377,delivered,2,
6331,cmd,0,2,261.312,261.397,delivered,4,
6332,cmd,0,3,261.376,261.418,delivered,2,
6333,hb,4,0,261.44,,expired,0,
6334,thumb,4,0,261.504,,expired,0,
6335,hb,5,0,261.504,261.546,delivered,1,
6336,cmd,0,4,261.504,,expired,0,
6337,cmd,0,5,261.568,261.589,delivered,1,
6338,hb,1,0,261.632,261.695,delivered,3,
6339,cmd,0,1,261.696,261.759,delivered,3,
6340,hb,2,0,261.76,261.844,delivered,4,
6341,cmd,0,2,261.76,261.845,delivered,4,
6342,hb,3,0,261.824,261.867,delivered,2,
6343,thumb,5,0,261.888,261.926,delivered,1,
6344,cmd,0,3,261.888,261.93,delivered,2,
6345,hb,4,0,261.952,,expired,0,
6346,cmd,0,4,261.952,,expired,0,
6347,hb,5,0,262.016,262.037,delivered,1,
6348,cmd,0,5,262.08,262.101,delivered,1,
6349,hb,1,0,262.144,262.207,delivered,3,
6350,hb,2,0,262.208,262.292,delivered,4,
6351,cmd,0,1,262.208,262.272,delivered,3,
6352,cmd,0,2,262.272,262.441,delivered,4,
6353,hb,3,0,262.336,262.399,delivered,2,
6354,thumb,1,0,262.4,262.53,delivered,3,
6355,cmd,0,3,262.4,262.442,delivered,2,
6356,hb,4,0,262.464,,expired,0,
6357,cmd,0,4,262.464,,expired,0,
6358,hb,5,0,262.528,262.549,delivered,1,
6359,cmd,0,5,262.592,262.655,delivered,1,
6360,hb,1,0,262.656,262.742,delivered,3,
6361,cmd,0,1,262.656,262.72,delivered,3,
6362,hb,2,0,262.72,262.804,delivered,4,
6363,thumb,2,0,262.784,263.013,delivered,4,
6364,cmd,0,2,262.784,262.9,delivered,4,
6365,hb,3,0,262.848,262.939,delivered,2,
6366,hb,4,0,262.912,,expired,0,
6367,cmd,0,3,262.912,262.996,delivered,2,
6368,cmd,0,4,262.976,,expired,0,
6369,hb,5,0,263.04,263.061,delivered,1,
6370,hb,1,0,263.104,263.188,delivered,3,
6371,cmd,0,5,263.104,263.125,delivered,1,
6372,thumb,3,0,263.168,263.28,delivered,2,
6373,cmd,0,1,263.168,263.263,delivered,3,
6374,hb,2,0,263.232,263.316,delivered,4,
6375,cmd,0,2,263.296,263.401,delivered,4,
6376,hb,3,0,263.36,263.423,delivered,2,
6377,cmd,0,3,263.36,263.403,delivered,2,
6378,hb,4,0,263.424,,expired,0,
6379,thumb,4,0,263.488,,expired,0,
6380,cmd,0,4,263.488,,expired,0,
6381,hb,5,0,263.552,263.574,delivered,1,
6382,cmd,0,5,263.552,263.573,delivered,1,
6383,hb,1,0,263.616,263.679,delivered,3,
6384,cmd,0,1,263.68,263.743,delivered,3,
6385,hb,2,0,263.744,263.828,delivered,4,
6386,hb,3,0,263.808,263.85,delivered,2,
6387,cmd,0,2,263.808,263.893,delivered,4,
6388,thumb,5,0,263.872,263.91,delivered,1,
6389,cmd,0,3,263.872,263.914,delivered,2,
6390,hb,4,0,263.936,,expired,0,
6391,cmd,0,4,264.0,,expired,0,
6392,data,4,0,264.064,292.148,delivered,4,4|P7|0
6393,data,4,0,264.064,292.215,delivered,4,4|P7|1
6394,data,4,0,264.064,292.282,delivered,4,4|P7|2
6395,data,4,0,264.064,292.371,delivered,4,4|P7|3
6396,hb,5,0,264.064,264.086,delivered,1,
6397,cmd,0,5,264.064,264.085,delivered,1,
6398,hb,1,0,264.128,264.191,delivered,3,
6399,cmd,0,1,264.192,264.255,delivered,3,
6400,hb,2,0,264.256,264.364,delivered,4,
6401,cmd,0,2,264.256,264.362,delivered,4,
6402,hb,3,0,264.32,264.384,delivered,2,
6403,thumb,1,0,264.384,264.493,delivered,3,
6404,cmd,0,3,264.384,264.458,delivered,2,
6405,hb,4,0,264.448,,expired,0,
6406,hb,5,0,264.512,264.533,delivered,1,
6407,cmd,0,4,264.512,,expired,0,
6408,cmd,0,5,264.576,264.597,delivered,1,
6409,hb,1,0,264.64,264.703,delivered,3,
6410,hb,2,0,264.704,264.788,delivered,4,
6411,cmd,0,1,264.704,264.768,delivered,3,
6412,thumb,2,0,264.768,264.917,delivered,4,
6413,cmd,0,2,264.768,264.863,delivered,4,
6414,hb,3,0,264.832,264.885,delivered,2,
6415,cmd,0,3,264.896,264.939,delivered,2,
6416,hb,4,0,264.96,,expired,0,
6417,cmd,0,4,264.96,,expired,0,
6418,hb,5,0,265.024,265.045,delivered,1,
6419,cmd,0,5,265.088,265.109,delivered,1,
6420,hb,1,0,265.152,265.217,delivered,3,
6421,thumb,3,0,265.152,265.233,delivered,2,
6422,cmd,0,1,265.152,265.216,delivered,3,
6423,hb,2,0,265.216,265.3,delivered,4,
6424,cmd,0,2,265.28,265.364,delivered,4,
6425,hb,3,0,265.344,265.386,delivered,2,
6426,hb,4,0,265.408,,expired,0,
6427,cmd,0,3,265.408,265.45,delivered,2,
6428,cmd,0,4,265.472,,expired,0,
6429,thumb,4,0,265.536,,expired,0,
6430,hb,5,0,265.536,265.557,delivered,1,
6431,cmd,0,5,265.6,265.621,delivered,1,
6432,hb,1,0,265.664,265.748,delivered,3,
6433,cmd,0,1,265.664,265.728,delivered,3,
6434,hb,2,0,265.728,265.832,delivered,4,
6435,cmd,0,2,265.792,265.897,delivered,4,
6436,hb,3,0,265.856,265.961,delivered,2,
6437,thumb,5,0,265.856,265.915,delivered,1,
6438,cmd,0,3,265.856,265.92,delivered,2,
6439,hb,4,0,265.92,,expired,0,
6440,cmd,0,4,265.984,,expired,0,
6441,hb,5,0,266.048,266.069,delivered,1,
6442,hb,1,0,266.112,266.175,delivered,3,
6443,cmd,0,5,266.112,266.133,delivered,1,
6444,cmd,0,1,266.176,266.239,delivered,3,
6445,hb,2,0,266.24,266.324,delivered,4,
6446,hb,3,0,266.304,266.346,delivered,2,
6447,cmd,0,2,266.304,266.389,delivered,4,
6448,cmd,0,3,266.368,266.41,delivered,2,
6449,thumb,1,0,266.432,266.541,delivered,3,
6450,hb,4,0,266.432,,expired,0,
6451,cmd,0,4,266.496,,expired,0,
6452,hb,5,0,266.56,266.582,delivered,1,
6453,cmd,0,5,266.56,266.581,delivered,1,
6454,hb,1,0,266.624,266.687,delivered,3,
6455,cmd,0,1,266.688,266.751,delivered,3,
6456,hb,2,0,266.752,266.901,delivered,4,
6457,thumb,2,0,266.752,266.969,delivered,4,
6458,cmd,0,2,266.752,266.879,delivered,4,
6459,hb,3,0,266.816,266.881,delivered,2,
6460,cmd,0,3,266.88,266.934,delivered,2,
6461,hb,4,0,266.944,,expired,0,
6462,hb,5,0,267.008,267.029,delivered,1,
6463,cmd,0,4,267.008,,expired,0,
6464,cmd,0,5,267.072,267.093,delivered,1,
6465,hb,1,0,267.136,267.211,delivered,3,
6466,thumb,3,0,267.136,267.21,delivered,2,
6467,cmd,0,1,267.2,267.263,delivered,3,
6468,hb,2,0,267.264,267.351,delivered,4,
6469,cmd,0,2,267.264,267.391,delivered,4,
6470,hb,3,0,267.328,267.371,delivered,2,
6471,cmd,0,3,267.392,267.434,delivered,2,
6472,hb,4,0,267.456,,expired,0,
6473,cmd,0,4,267.456,,expired,0,
6474,thumb,4,0,267.52,,expired,0,
6475,hb,5,0,267.52,267.541,delivered,1,
6476,cmd,0,5,267.584,267.605,delivered,1,
6477,hb,1,0,267.648,267.711,delivered,3,
6478,hb,2,0,267.712,267.796,delivered,4,
6479,cmd,0,1,267.712,267.776,delivered,3,
6480,cmd,0,2,267.776,267.86,delivered,4,
6481,hb,3,0,267.84,267.882,delivered,2,
6482,hb,4,0,267.904,,expired,0,
6483,thumb,5,0,267.904,267.942,delivered,1,
6484,cmd,0,3,267.904,267.946,delivered,2,
6485,cmd,0,4,267.968,,expired,0,
6486,hb,5,0,268.032,268.074,delivered,1,
6487,data,4,0,268.096,292.459,delivered,4,4|P7|0
6488,data,4,0,268.096,292.608,delivered,4,4|P7|1
6489,data,4,0,268.096,295.371,delivered,4,4|P7|2
6490,data,4,0,268.096,296.359,delivered,4,4|P7|3
6491,cmd,0,5,268.096,268.117,delivered,1,
6492,hb,1,0,268.16,268.225,delivered,3,
6493,cmd,0,1,268.16,268.224,delivered,3,
6494,hb,2,0,268.224,268.308,delivered,4,
6495,cmd,0,2,268.288,268.372,delivered,4,
6496,hb,3,0,268.352,268.395,delivered,2,
6497,cmd,0,3,268.352,268.394,delivered,2,
6498,thumb,1,0,268.416,268.525,delivered,3,
6499,hb,4,0,268.416,,expired,0,
6500,cmd,0,4,268.48,,expired,0,
6501,hb,5,0,268.544,268.565,delivered,1,
6502,hb,1,0,268.608,268.671,delivered,3,
6503,cmd,0,5,268.608,268.629,delivered,1,
6504,cmd,0,1,268.672,268.735,delivered,3,
6505,hb,2,0,268.736,268.84,delivered,4,
6506,thumb,2,0,268.8,268.969,delivered,4,
6507,cmd,0,2,268.8,268.916,delivered,4,
6508,hb,3,0,268.864,268.935,delivered,2,
6509,cmd,0,3,268.864,268.934,delivered,2,
6510,hb,4,0,268.928,,expired,0,
6511,cmd,0,4,268.992,,expired,0,
6512,hb,5,0,269.056,269.078,delivered,1,
6513,cmd,0,5,269.056,269.077,delivered,1,
6514,hb,1,0,269.12,269.195,delivered,3,
6515,thumb,3,0,269.12,269.194,delivered,2,
6516,cmd,0,1,269.184,269.247,delivered,3,
6517,hb,2,0,269.248,269.332,delivered,4,
6518,hb,3,0,269.312,269.354,delivered,2,
6519,cmd,0,2,269.312,269.397,delivered,4,
6520,cmd,0,3,269.376,269.418,delivered,2,
6521,hb,4,0,269.44,,expired,0,
6522,thumb,4,0,269.504,,expired,0,
6523,hb,5,0,269.504,269.525,delivered,1,
6524,cmd,0,4,269.504,,expired,0,
6525,cmd,0,5,269.568,269.589,delivered,1,
6526,hb,1,0,269.632,269.695,delivered,3,
6527,cmd,0,1,269.696,269.759,delivered,3,
6528,hb,2,0,269.76,269.844,delivered,4,
6529,cmd,0,2,269.76,269.845,delivered,4,
6530,hb,3,0,269.824,269.867,delivered,2,
6531,thumb,5,0,269.888,269.926,delivered,1,
6532,cmd,0,3,269.888,269.93,delivered,2,
6533,hb,4,0,269.952,,expired,0,
6534,cmd,0,4,269.952,,expired,0,
6535,hb,5,0,270.016,270.037,delivered,1,
6536,cmd,0,5,270.08,270.101,delivered,1,
6537,hb,1,0,270.144,270.207,delivered,3,
6538,hb,2,0,270.208,270.292,delivered,4,
6539,cmd,0,1,270.208,270.272,delivered,3,
6540,cmd,0,2,270.272,270.356,delivered,4,
6541,hb,3,0,270.336,270.378,delivered,2,
6542,thumb,1,0,270.4,270.509,delivered,3,
6543,cmd,0,3,270.4,270.474,delivered,2,
6544,hb,4,0,270.464,,expired,0,
6545,cmd,0,4,270.464,,expired,0,
6546,hb,5,0,270.528,270.549,delivered,1,
6547,cmd,0,5,270.592,270.613,delivered,1,
6548,hb,1,0,270.656,270.721,delivered,3,
6549,cmd,0,1,270.656,270.72,delivered,3,
6550,hb,2,0,270.72,270.804,delivered,4,
6551,thumb,2,0,270.784,271.003,delivered,4,
6552,cmd,0,2,270.784,270.868,delivered,4,
6553,hb,3,0,270.848,270.931,delivered,2,
6554,hb,4,0,270.912,,expired,0,
6555,cmd,0,3,270.912,270.968,delivered,2,
6556,cmd,0,4,270.976,,expired,0,
6557,hb,5,0,271.04,271.061,delivered,1,
6558,hb,1,0,271.104,271.167,delivered,3,
6559,cmd,0,5,271.104,271.125,delivered,1,
6560,thumb,3,0,271.168,271.248,delivered,2,
6561,cmd,0,1,271.168,271.231,delivered,3,
6562,hb,2,0,271.232,271.316,delivered,4,
6563,cmd,0,2,271.296,271.38,delivered,4,
6564,hb,3,0,271.36,271.403,delivered,2,
6565,cmd,0,3,271.36,271.402,delivered,2,
6566,hb,4,0,271.424,,expired,0,
6567,thumb,4,0,271.488,,expired,0,
6568,cmd,0,4,271.488,,expired,0,
6569,hb,5,0,271.552,271.574,delivered,1,
6570,cmd,0,5,271.552,271.573,delivered,1,
6571,hb,1,0,271.616,271.679,delivered,3,
6572,cmd,0,1,271.68,271.743,delivered,3,
6573,hb,2,0,271.744,271.828,delivered,4,
6574,hb,3,0,271.808,271.85,delivered,2,
6575,cmd,0,2,271.808,271.914,delivered,4,
6576,thumb,5,0,271.872,271.91,delivered,1,
6577,cmd,0,3,271.872,271.914,delivered,2,
6578,hb,4,0,271.936,,expired,0,
6579,cmd,0,4,272.0,,expired,0,
6580,hb,5,0,272.064,272.107,delivered,1,
6581,cmd,0,5,272.064,272.085,delivered,1,
6582,hb,1,0,272.128,272.191,delivered,3,
6583,data,4,0,272.128,296.427,delivered,4,4|P7|0
6584,data,4,0,272.128,296.494,delivered,4,4|P7|1
6585,data,4,0,272.128,296.581,delivered,4,4|P7|2
6586,data,4,0,272.128,296.651,delivered,4,4|P7|3
6587,cmd,0,1,272.192,272.255,delivered,3,
6588,hb,2,0,272.256,272.406,delivered,4,
6589,cmd,0,2,272.256,272.341,delivered,4,
6590,hb,3,0,272.32,272.383,delivered,2,
6591,thumb,1,0,272.384,272.493,delivered,3,
6592,cmd,0,3,272.384,272.458,delivered,2,
6593,hb,4,0,272.448,,expired,0,
6594,hb,5,0,272.512,272.533,delivered,1,
6595,cmd,0,4,272.512,,expired,0,
6596,cmd,0,5,272.576,272.597,delivered,1,
6597,hb,1,0,272.64,272.703,delivered,3,
6598,hb,2,0,272.704,272.788,delivered,4,
6599,cmd,0,1,272.704,272.768,delivered,3,
6600,thumb,2,0,272.768,272.917,delivered,4,
6601,cmd,0,2,272.768,272.863,delivered,4,
6602,hb,3,0,272.832,272.885,delivered,2,
6603,cmd,0,3,272.896,272.939,delivered,2,
6604,hb,4,0,272.96,,expired,0,
6605,cmd,0,4,272.96,,expired,0,
6606,hb,5,0,273.024,273.045,delivered,1,
6607,cmd,0,5,273.088,273.109,delivered,1,
6608,hb,1,0,273.152,273.217,delivered,3,
6609,thumb,3,0,273.152,273.27,delivered,2,
6610,cmd,0,1,273.152,273.216,delivered,3,
6611,hb,2,0,273.216,273.3,delivered,4,
6612,cmd,0,2,273.28,273.364,delivered,4,
6613,hb,3,0,273.344,273.386,delivered,2,
6614,hb,4,0,273.408,,expired,0,
6615,cmd,0,3,273.408,273.45,delivered,2,
6616,cmd,0,4,273.472,,expired,0,
6617,thumb,4,0,273.536,,expired,0,
6618,hb,5,0,273.536,273.557,delivered,1,
6619,cmd,0,5,273.6,273.621,delivered,1,
6620,hb,1,0,273.664,273.729,delivered,3,
6621,cmd,0,1,273.664,273.728,delivered,3,
6622,hb,2,0,273.728,273.832,delivered,4,
6623,cmd,0,2,273.792,273.876,delivered,4,
6624,hb,3,0,273.856,273.899,delivered,2,
6625,thumb,5,0,273.856,273.894,delivered,1,
6626,cmd,0,3,273.856,273.898,delivered,2,
6627,hb,4,0,273.92,,expired,0,
6628,cmd,0,4,273.984,,expired,0,
6629,hb,5,0,274.048,274.069,delivered,1,
6630,hb,1,0,274.112,274.175,delivered,3,
6631,cmd,0,5,274.112,274.133,delivered,1,
6632,cmd,0,1,274.176,274.239,delivered,3,
6633,hb,2,0,274.24,274.324,delivered,4,
6634,hb,3,0,274.304,274.367,delivered,2,
6635,cmd,0,2,274.304,274.41,delivered,4,
6636,cmd,0,3,274.368,274.452,delivered,2,
6637,thumb,1,0,274.432,274.541,delivered,3,
6638,hb,4,0,274.432,,expired,0,
6639,cmd,0,4,274.496,,expired,0,
6640,hb,5,0,274.56,274.582,delivered,1,
6641,cmd,0,5,274.56,274.581,delivered,1,
6642,hb,1,0,274.624,274.687,delivered,3,
6643,cmd,0,1,274.688,274.751,delivered,3,
6644,hb,2,0,274.752,274.871,delivered,4,
6645,thumb,2,0,274.752,274.98,delivered,4,
6646,cmd,0,2,274.752,274.891,delivered,4,
6647,hb,3,0,274.816,274.869,delivered,2,
6648,cmd,0,3,274.88,274.945,delivered,2,
6649,hb,4,0,274.944,,expired,0,
6650,hb,5,0,275.008,275.029,delivered,1,
6651,cmd,0,4,275.008,,expired,0,
6652,cmd,0,5,275.072,275.093,delivered,1,
6653,hb,1,0,275.136,275.211,delivered,3,
6654,thumb,3,0,275.136,275.21,delivered,2,
6655,cmd,0,1,275.2,275.263,delivered,3,
6656,hb,2,0,275.264,275.372,delivered,4,
6657,cmd,0,2,275.264,275.391,delivered,4,
6658,hb,3,0,275.328,275.372,delivered,2,
6659,cmd,0,3,275.392,275.455,delivered,2,
6660,hb,4,0,275.456,,expired,0,
6661,cmd,0,4,275.456,,expired,0,
6662,thumb,4,0,275.52,,expired,0,
6663,hb,5,0,275.52,275.541,delivered,1,
6664,cmd,0,5,275.584,275.605,delivered,1,
6665,hb,1,0,275.648,275.732,delivered,3,
6666,hb,2,0,275.712,275.819,delivered,4,
6667,cmd,0,1,275.712,275.818,delivered,3,
6668,cmd,0,2,275.776,275.883,delivered,4,
6669,hb,3,0,275.84,275.882,delivered,2,
6670,hb,4,0,275.904,,expired,0,
6671,thumb,5,0,275.904,275.942,delivered,1,
6672,cmd,0,3,275.904,275.946,delivered,2,
6673,cmd,0,4,275.968,,expired,0,
6674,hb,5,0,276.032,276.053,delivered,1,
6675,cmd,0,5,276.096,276.117,delivered,1,
6676,hb,1,0,276.16,276.225,delivered,3,
6677,data,4,0,276.16,296.72,delivered,4,4|P7|0
6678,data,4,0,276.16,296.789,delivered,4,4|P7|1
6679,data,4,0,276.16,296.905,delivered,4,4|P7|2
6680,data,4,0,276.16,296.973,delivered,4,4|P7|3
6681,cmd,0,1,276.16,276.224,delivered,3,
6682,hb,2,0,276.224,276.308,delivered,4,
6683,cmd,0,2,276.288,276.372,delivered,4,
6684,hb,3,0,276.352,276.415,delivered,2,
6685,cmd,0,3,276.352,276.395,delivered,2,
6686,thumb,1,0,276.416,276.525,delivered,3,
6687,hb,4,0,276.416,,expired,0,
6688,cmd,0,4,276.48,,expired,0,
6689,hb,5,0,276.544,276.565,delivered,1,
6690,hb,1,0,276.608,276.712,delivered,3,
6691,cmd,0,5,276.608,276.629,delivered,1,
6692,cmd,0,1,276.672,276.756,delivered,3,
6693,hb,2,0,276.736,276.82,delivered,4,
6694,thumb,2,0,276.8,276.985,delivered,4,
6695,cmd,0,2,276.8,276.884,delivered,4,
6696,hb,3,0,276.864,276.969,delivered,2,
6697,cmd,0,3,276.864,276.947,delivered,2,
6698,hb,4,0,276.928,,expired,0,
6699,cmd,0,4,276.992,,expired,0,
6700,hb,5,0,277.056,277.078,delivered,1,
6701,cmd,0,5,277.056,277.077,delivered,1,
6702,hb,1,0,277.12,277.195,delivered,3,
6703,thumb,3,0,277.12,277.194,delivered,2,
6704,cmd,0,1,277.184,277.247,delivered,3,
6705,hb,2,0,277.248,277.332,delivered,4,
6706,hb,3,0,277.312,277.354,delivered,2,
6707,cmd,0,2,277.312,277.397,delivered,4,
6708,cmd,0,3,277.376,277.418,delivered,2,
6709,hb,4,0,277.44,,expired,0,
6710,thumb,4,0,277.504,,expired,0,
6711,hb,5,0,277.504,277.525,delivered,1,
6712,cmd,0,4,277.504,,expired,0,
6713,cmd,0,5,277.568,277.589,delivered,1,
6714,hb,1,0,277.632,277.695,delivered,3,
6715,cmd,0,1,277.696,277.759,delivered,3,
6716,hb,2,0,277.76,277.864,delivered,4,
6717,cmd,0,2,277.76,277.845,delivered,4,
6718,hb,3,0,277.824,277.867,delivered,2,
6719,thumb,5,0,277.888,277.962,delivered,1,
6720,cmd,0,3,277.888,277.93,delivered,2,
6721,hb,4,0,277.952,,expired,0,
6722,cmd,0,4,277.952,,expired,0,
6723,hb,5,0,278.016,278.037,delivered,1,
6724,cmd,0,5,278.08,278.101,delivered,1,
6725,hb,1,0,278.144,278.228,delivered,3,
6726,hb,2,0,278.208,278.312,delivered,4,
6727,data,2,0,278.208,278.789,delivered,4,2|P6|0
6728,data,2,0,278.208,278.997,delivered,4,2|P6|1
6729,data,2,0,278.208,279.064,delivered,4,2|P6|2
6730,data,2,0,278.208,279.448,delivered,4,2|P6|3
6731,cmd,0,1,278.208,278.293,delivered,3,
6732,cmd,0,2,278.272,278.707,delivered,4,
6733,hb,3,0,278.336,278.424,delivered,2,
6734,thumb,1,0,278.4,278.722,delivered,3,
6735,cmd,0,3,278.4,278.442,delivered,2,
6736,hb,4,0,278.464,,expired,0,
6737,cmd,0,4,278.464,,expired,0,
6738,hb,5,0,278.528,278.556,delivered,1,
6739,cmd,0,5,278.592,278.613,delivered,1,
6740,hb,1,0,278.656,278.93,delivered,3,
6741,cmd,0,1,278.656,278.998,delivered,3,
6742,hb,2,0,278.72,279.153,delivered,4,
6743,thumb,2,0,278.784,279.281,delivered,4,
6744,cmd,0,2,278.784,279.151,delivered,4,
6745,hb,3,0,278.848,279.132,delivered,2,
6746,ack,0,2,278.789,279.22,delivered,4,
6747,hb,4,0,278.912,,expired,0,
6748,cmd,0,3,278.912,279.089,delivered,2,
6749,cmd,0,4,278.976,,expired,0,
6750,hb,5,0,279.04,279.087,delivered,1,
6751,ack,0,2,278.997,279.221,delivered,4,
6752,hb,1,0,279.104,279.265,delivered,3,
6753,cmd,0,5,279.104,279.125,delivered,1,
6754,ack,0,2,279.064,279.262,delivered,4,
6755,thumb,3,0,279.168,279.381,delivered,2,
6756,cmd,0,1,279.168,279.264,delivered,3,
6757,hb,2,0,279.232,279.326,delivered,4,
6758,data,2,0,279.296,279.642,delivered,4,2|P6|4
6759,data,2,0,279.296,280.092,delivered,4,2|P6|5
6760,cmd,0,2,279.296,279.557,delivered,4,
6761,data,2,0,279.36,280.269,delivered,4,2|P6|6
6762,hb,3,0,279.36,279.49,delivered,2,
6763,cmd,0,3,279.36,279.47,delivered,2,
6764,hb,4,0,279.424,,expired,0,
6765,thumb,4,0,279.488,,expired,0,
6766,cmd,0,4,279.488,,expired,0,
6767,ack,0,2,279.448,279.757,delivered,4,
6768,hb,5,0,279.552,279.574,delivered,1,
6769,cmd,0,5,279.552,279.573,delivered,1,
6770,hb,1,0,279.616,279.937,delivered,3,
6771,cmd,0,1,279.68,279.897,delivered,3,
6772,ack,0,2,279.642,280.006,delivered,4,
6773,hb,2,0,279.744,280.01,delivered,4,
6774,hb,3,0,279.808,280.008,delivered,2,
6775,cmd,0,2,279.808,280.074,delivered,4,
6776,data,2,0,279.872,280.336,delivered,4,2|P6|7
6777,thumb,5,0,279.872,280.026,delivered,1,
6778,cmd,0,3,279.872,280.009,delivered,2,
6779,hb,4,0,279.936,,expired,0,
6780,cmd,0,4,280.0,,expired,0,
6781,hb,5,0,280.064,280.16,delivered,1,
6782,cmd,0,5,280.064,280.093,delivered,1,
6783,hb,1,0,280.128,280.203,delivered,3,
6784,data,2,0,280.128,280.851,delivered,4,2|P6|8
6785,ack,0,2,280.092,280.226,delivered,4,
6786,data,4,0,280.192,297.043,delivered,4,4|P7|0
6787,data,4,0,280.192,297.161,delivered,4,4|P7|1
6788,data,4,0,280.192,297.231,delivered,4,4|P7|2
6789,data,4,0,280.192,297.3,delivered,4,4|P7|3
6790,cmd,0,1,280.192,280.467,delivered,3,
6791,hb,2,0,280.256,280.552,delivered,4,
6792,cmd,0,2,280.256,280.509,delivered,4,
6793,data,2,0,280.32,280.963,delivered,4,2|P6|9
6794,hb,3,0,280.32,280.468,delivered,2,
6795,ack,0,2,280.269,280.53,delivered,4,
6796,thumb,1,0,280.384,280.784,delivered,3,
6797,cmd,0,3,280.384,280.49,delivered,2,
6798,ack,0,2,280.336,280.618,delivered,4,
6799,hb,4,0,280.448,,expired,0,
6800,hb,5,0,280.512,280.533,delivered,1,
6801,cmd,0,4,280.512,,expired,0,
6802,cmd,0,5,280.576,280.597,delivered,1,
6803,hb,1,0,280.64,280.878,delivered,3,
6804,data,2,0,280.64,281.148,delivered,4,2|P6|10
6805,hb,2,0,280.704,281.065,delivered,4,
6806,data,2,0,280.704,281.345,delivered,4,2|P6|11
6807,cmd,0,1,280.704,280.964,delivered,3,
6808,thumb,2,0,280.768,281.082,delivered,4,
6809,cmd,0,2,280.768,281.063,delivered,4,
6810,hb,3,0,280.832,280.897,delivered,2,
6811,cmd,0,3,280.896,281.063,delivered,2,
6812,ack,0,2,280.851,281.169,delivered,4,
6813,hb,4,0,280.96,,expired,0,
6814,cmd,0,4,280.96,,expired,0,
6815,hb,5,0,281.024,281.062,delivered,1,
6816,ack,0,2,280.963,281.237,delivered,4,
6817,cmd,0,5,281.088,281.149,delivered,1,
6818,hb,1,0,281.152,281.278,delivered,3,
6819,thumb,3,0,281.152,281.399,delivered,2,
6820,cmd,0,1,281.152,281.26,delivered,3,
6821,ack,0,2,281.148,281.3,delivered,4,
6822,hb,2,0,281.216,281.367,delivered,4,
6823,data,2,0,281.28,281.624,delivered,4,2|P6|12
6824,cmd,0,2,281.28,281.539,delivered,4,
6825,data,2,0,281.344,282.003,delivered,4,2|P6|13
6826,hb,3,0,281.344,281.539,delivered,2,
6827,data,2,0,281.408,282.069,delivered,4,2|P6|14
6828,hb,4,0,281.408,,expired,0,
6829,cmd,0,3,281.408,281.455,delivered,2,
6830,ack,0,2,281.345,281.805,delivered,4,
6831,cmd,0,4,281.472,,expired,0,
6832,thumb,4,0,281.536,,expired,0,
6833,hb,5,0,281.536,281.557,delivered,1,
6834,cmd,0,5,281.6,281.625,delivered,1,
6835,hb,1,0,281.664,281.878,delivered,3,
6836,cmd,0,1,281.664,281.875,delivered,3,
6837,ack,0,2,281.624,281.918,delivered,4,
6838,hb,2,0,281.728,281.921,delivered,4,
6839,cmd,0,2,281.792,281.94,delivered,4,
6840,hb,3,0,281.856,281.898,delivered,2,
6841,thumb,5,0,281.856,281.937,delivered,1,
6842,cmd,0,3,281.856,281.92,delivered,2,
6843,data,2,0,281.92,282.314,delivered,4,2|P6|15
6844,hb,4,0,281.92,,expired,0,
6845,data,2,0,281.984,282.516,delivered,4,2|P6|16
6846,cmd,0,4,281.984,,expired,0,
6847,hb,5,0,282.048,282.179,delivered,1,
6848,ack,0,2,282.003,282.268,delivered,4,
6849,hb,1,0,282.112,282.316,delivered,3,
6850,cmd,0,5,282.112,282.133,delivered,1,
6851,ack,0,2,282.069,282.383,delivered,4,
6852,cmd,0,1,282.176,282.317,delivered,3,
6853,hb,2,0,282.24,282.41,delivered,4,
6854,hb,3,0,282.304,282.408,delivered,2,
6855,cmd,0,2,282.304,282.455,delivered,4,
6856,data,2,0,282.368,282.746,delivered,4,2|P6|17
6857,cmd,0,3,282.368,282.411,delivered,2,
6858,ack,0,2,282.314,282.491,delivered,4,
6859,thumb,1,0,282.432,282.678,delivered,3,
6860,hb,4,0,282.432,,expired,0,
6861,data,2,0,282.496,283.181,delivered,4,2|P6|18
6862,cmd,0,4,282.496,,expired,0,
6863,data,2,0,282.56,283.264,delivered,4,2|P6|19
6864,hb,5,0,282.56,282.661,delivered,1,
6865,cmd,0,5,282.56,282.581,delivered,1,
6866,ack,0,2,282.516,282.86,delivered,4,
6867,hb,1,0,282.624,282.882,delivered,3,
6868,cmd,0,1,282.688,282.915,delivered,3,
6869,hb,2,0,282.752,283.098,delivered,4,
6870,thumb,2,0,282.752,283.115,delivered,4,
6871,cmd,0,2,282.752,282.944,delivered,4,
6872,ack,0,2,282.746,283.031,delivered,4,
6873,hb,3,0,282.816,282.935,delivered,2,
6874,cmd,0,3,282.88,282.922,delivered,2,
6875,data,2,0,282.944,283.629,delivered,4,2|P6|20
6876,hb,4,0,282.944,,expired,0,
6877,hb,5,0,283.008,283.098,delivered,1,
6878,cmd,0,4,283.008,,expired,0,
6879,cmd,0,5,283.072,283.093,delivered,1,
6880,hb,1,0,283.136,283.541,delivered,3,
6881,data,2,0,283.136,283.696,delivered,4,2|P6|21
6882,thumb,3,0,283.136,283.281,delivered,2,
6883,cmd,0,1,283.2,283.405,delivered,3,
6884,ack,0,2,283.181,283.54,delivered,4,
6885,hb,2,0,283.264,283.563,delivered,4,
6886,cmd,0,2,283.264,283.542,delivered,4,
6887,ack,0,2,283.264,283.543,delivered,4,
6888,hb,3,0,283.328,283.543,delivered,2,
6889,cmd,0,3,283.392,283.544,delivered,2,
6890,hb,4,0,283.456,,expired,0,
6891,cmd,0,4,283.456,,expired,0,
6892,thumb,4,0,283.52,,expired,0,
6893,hb,5,0,283.52,283.545,delivered,1,
6894,cmd,0,5,283.584,283.63,delivered,1,
6895,hb,1,0,283.648,283.719,delivered,3,
6896,data,2,0,283.648,284.184,delivered,4,2|P6|22
6897,data,2,0,283.648,284.354,delivered,4,2|P6|23
6898,ack,0,2,283.629,283.842,delivered,4,
6899,hb,2,0,283.712,283.968,delivered,4,
6900,cmd,0,1,283.712,283.843,delivered,3,
6901,ack,0,2,283.696,283.913,delivered,4,
6902,cmd,0,2,283.776,283.936,delivered,4,
6903,hb,3,0,283.84,283.937,delivered,2,
6904,hb,4,0,283.904,,expired,0,
6905,thumb,5,0,283.904,283.985,delivered,1,
6906,cmd,0,3,283.904,283.967,delivered,2,
6907,data,2,0,283.968,284.422,delivered,4,2|P6|24
6908,cmd,0,4,283.968,,expired,0,
6909,data,2,0,284.032,284.58,delivered,4,2|P6|25
6910,hb,5,0,284.032,284.118,delivered,1,
6911,cmd,0,5,284.096,284.117,delivered,1,
6912,hb,1,0,284.16,284.426,delivered,3,
6913,cmd,0,1,284.16,284.495,delivered,3,
6914,hb,2,0,284.224,284.498,delivered,4,
6915,data,4,0,284.224,297.416,delivered,4,4|P7|0
6916,data,4,0,284.224,299.336,delivered,4,4|P7|1
6917,data,4,0,284.224,297.485,delivered,4,4|P7|2
6918,data,4,0,284.224,299.771,delivered,4,4|P7|3
6919,ack,0,2,284.184,284.494,delivered,4,
6920,cmd,0,2,284.288,284.534,delivered,4,
6921,hb,3,0,284.352,284.497,delivered,2,
6922,cmd,0,3,284.352,284.497,delivered,2,
6923,thumb,1,0,284.416,284.655,delivered,3,
6924,hb,4,0,284.416,,expired,1,
6925,ack,0,2,284.354,284.601,delivered,4,
6926,cmd,0,4,284.48,,expired,3,
6927,ack,0,2,284.422,284.696,delivered,4,
6928,hb,5,0,284.544,284.581,delivered,1,
6929,hb,1,0,284.608,284.677,delivered,3,
6930,data,2,0,284.608,285.141,delivered,4,2|P6|26
6931,cmd,0,5,284.608,284.629,delivered,1,
6932,ack,0,2,284.58,284.803,delivered,4,
6933,data,2,0,284.672,285.281,delivered,4,2|P6|27
6934,cmd,0,1,284.672,284.735,delivered,3,
6935,hb,2,0,284.736,285.075,delivered,4,
6936,data,2,0,284.8,285.668,delivered,4,2|P6|28
6937,thumb,2,0,284.8,285.532,delivered,4,
6938,cmd,0,2,284.8,285.007,delivered,4,
6939,hb,3,0,284.864,285.074,delivered,2,
6940,cmd,0,3,284.864,284.939,delivered,2,
6941,data,2,0,284.928,285.828,delivered,4,2|P6|29
6942,hb,4,0,284.928,286.592,delivered,4,
6943,cmd,0,4,284.992,286.791,delivered,4,
6944,hb,5,0,285.056,285.178,delivered,1,
6945,cmd,0,5,285.056,285.142,delivered,1,
6946,hb,1,0,285.12,285.4,delivered,3,
6947,thumb,3,0,285.12,285.213,delivered,2,
6948,cmd,0,1,285.184,285.401,delivered,3,
6949,ack,0,2,285.141,285.424,delivered,4,
6950,hb,2,0,285.248,285.449,delivered,4,
6951,hb,3,0,285.312,285.428,delivered,2,
6952,cmd,0,2,285.312,285.448,delivered,4,
6953,ack,0,2,285.281,285.516,delivered,4,
6954,cmd,0,3,285.376,285.426,delivered,2,
6955,hb,4,0,285.44,286.593,delivered,4,
6956,data,2,0,285.504,285.898,delivered,4,2|P6|30
6957,thumb,4,0,285.504,,expired,1,
6958,hb,5,0,285.504,285.602,delivered,1,
6959,cmd,0,4,285.504,286.926,delivered,4,
6960,cmd,0,5,285.568,285.589,delivered,1,
6961,hb,1,0,285.632,285.902,delivered,3,
6962,data,2,0,285.632,286.142,delivered,4,2|P6|31
6963,cmd,0,1,285.696,285.901,delivered,3,
6964,ack,0,2,285.668,285.991,delivered,4,
6965,hb,2,0,285.76,285.993,delivered,4,
6966,cmd,0,2,285.76,285.993,delivered,4,
6967,hb,3,0,285.824,285.971,delivered,2,
6968,thumb,5,0,285.888,286.051,delivered,1,
6969,cmd,0,3,285.888,285.995,delivered,2,
6970,ack,0,2,285.828,286.054,delivered,4,
6971,hb,4,0,285.952,286.748,delivered,4,
6972,cmd,0,4,285.952,286.993,delivered,4,
6973,ack,0,2,285.898,286.075,delivered,4,
6974,hb,5,0,286.016,286.076,delivered,1,
6975,data,2,0,286.08,286.659,delivered,4,2|P6|32
6976,cmd,0,5,286.08,286.165,delivered,1,
6977,hb,1,0,286.144,286.21,delivered,3,
6978,data,2,0,286.144,286.727,delivered,4,2|P6|33
6979,data,2,0,286.144,290.402,delivered,4,2|P6|34
6980,ack,0,2,286.142,286.386,delivered,4,
6981,hb,2,0,286.208,286.572,delivered,4,
6982,cmd,0,1,286.208,286.387,delivered,3,
6983,cmd,0,2,286.272,286.995,delivered,4,
6984,hb,3,0,286.336,286.409,delivered,2,
6985,thumb,1,0,286.4,288.272,delivered,3,
6986,cmd,0,3,286.4,286.549,delivered,2,
6987,data,2,0,286.464,290.578,delivered,4,2|P6|35
6988,hb,4,0,286.464,287.104,delivered,4,
6989,cmd,0,4,286.464,287.129,delivered,4,
6990,hb,5,0,286.528,286.551,delivered,1,
6991,cmd,0,5,286.592,286.661,delivered,1,
6992,hb,1,0,286.656,287.24,delivered,3,
6993,cmd,0,1,286.656,286.793,delivered,3,
6994,hb,2,0,286.72,287.305,delivered,4,
6995,ack,0,2,286.659,287.415,delivered,4,
6996,thumb,2,0,286.784,288.42,delivered,4,
6997,cmd,0,2,286.784,287.483,delivered,4,
6998,ack,0,2,286.727,287.484,delivered,4,
6999,hb,3,0,286.848,286.948,delivered,2,
7000,hb,4,0,286.912,287.616,delivered,4,
7001,cmd,0,3,286.912,286.954,delivered,2,
7002,cmd,0,4,286.976,287.572,delivered,4,
7003,hb,5,0,287.04,287.061,delivered,1,
7004,hb,1,0,287.104,287.638,delivered,3,
7005,cmd,0,5,287.104,287.125,delivered,1,
7006,thumb,3,0,287.168,287.256,delivered,2,
7007,cmd,0,1,287.168,287.239,delivered,3,
7008,hb,2,0,287.232,287.699,delivered,4,
7009,cmd,0,2,287.296,287.743,delivered,4,
7010,hb,3,0,287.36,287.437,delivered,2,
7011,cmd,0,3,287.36,287.417,delivered,2,
7012,hb,4,0,287.424,287.948,delivered,4,
7013,data,2,0,287.488,295.181,delivered,4,2|P6|36
7014,thumb,4,0,287.488,288.671,delivered,4,
7015,cmd,0,4,287.488,287.944,delivered,4,
7016,data,2,0,287.552,295.304,delivered,4,2|P6|37
7017,hb,5,0,287.552,287.575,delivered,1,
7018,cmd,0,5,287.552,287.573,delivered,1,
7019,hb,1,0,287.616,287.966,delivered,3,
7020,cmd,0,1,287.68,287.744,delivered,3,
7021,hb,2,0,287.744,288.185,delivered,4,
7022,hb,3,0,287.808,287.946,delivered,2,
7023,cmd,0,2,287.808,288.013,delivered,4,
7024,thumb,5,0,287.872,287.965,delivered,1,
7025,cmd,0,3,287.872,287.949,delivered,2,
7026,hb,4,0,287.936,288.187,delivered,4,
7027,cmd,0,4,288.0,288.23,delivered,4,
7028,hb,5,0,288.064,288.086,delivered,1,
7029,cmd,0,5,288.064,288.085,delivered,1,
7030,hb,1,0,288.128,288.229,delivered,3,
7031,cmd,0,1,288.192,288.255,delivered,3,
7032,hb,2,0,288.256,288.422,delivered,4,
7033,data,4,0,288.256,299.839,delivered,4,4|P7|0
7034,data,4,0,288.256,300.18,delivered,4,4|P7|1
7035,data,4,0,288.256,300.26,delivered,4,4|P7|2
7036,data,4,0,288.256,300.347,delivered,4,4|P7|3
7037,cmd,0,2,288.256,288.447,delivered,4,
7038,hb,3,0,288.32,288.402,delivered,2,
7039,thumb,1,0,288.384,288.804,delivered,3,
7040,cmd,0,3,288.384,288.442,delivered,2,
7041,hb,4,0,288.448,288.655,delivered,4,
7042,hb,5,0,288.512,288.534,delivered,1,
7043,cmd,0,4,288.512,288.787,delivered,4,
7044,cmd,0,5,288.576,288.597,delivered,1,
7045,hb,1,0,288.64,288.85,delivered,3,
7046,hb,2,0,288.704,288.918,delivered,4,
7047,cmd,0,1,288.704,288.849,delivered,3,
7048,thumb,2,0,288.768,289.395,delivered,4,
7049,cmd,0,2,288.768,288.921,delivered,4,
7050,hb,3,0,288.832,288.876,delivered,2,
7051,cmd,0,3,288.896,288.938,delivered,2,
7052,hb,4,0,288.96,289.378,delivered,4,
7053,cmd,0,4,288.96,289.292,delivered,4,
7054,hb,5,0,289.024,289.045,delivered,1,
7055,cmd,0,5,289.088,289.109,delivered,1,
7056,hb,1,0,289.152,289.377,delivered,3,
7057,thumb,3,0,289.152,289.412,delivered,2,
7058,cmd,0,1,289.152,289.295,delivered,3,
7059,hb,2,0,289.216,289.814,delivered,4,
7060,cmd,0,2,289.28,289.942,delivered,4,
7061,hb,3,0,289.344,289.714,delivered,2,
7062,hb,4,0,289.408,289.856,delivered,4,
7063,cmd,0,3,289.408,289.471,delivered,2,
7064,cmd,0,4,289.472,290.045,delivered,4,
7065,thumb,4,0,289.536,290.334,delivered,4,
7066,hb,5,0,289.536,289.557,delivered,1,
7067,cmd,0,5,289.6,289.621,delivered,1,
7068,hb,1,0,289.664,289.836,delivered,3,
7069,cmd,0,1,289.664,289.837,delivered,3,
7070,hb,2,0,289.728,290.248,delivered,4,
7071,cmd,0,2,289.792,290.112,delivered,4,
7072,hb,3,0,289.856,289.978,delivered,2,
7073,thumb,5,0,289.856,289.956,delivered,1,
7074,cmd,0,3,289.856,289.958,delivered,2,
7075,hb,4,0,289.92,290.318,delivered,4,
7076,cmd,0,4,289.984,290.751,delivered,4,
7077,hb,5,0,290.048,290.315,delivered,1,
7078,hb,1,0,290.112,290.705,delivered,3,
7079,cmd,0,5,290.112,290.133,delivered,1,
7080,data,2,0,290.176,300.414,delivered,4,2|P6|34
7081,cmd,0,1,290.176,291.285,delivered,3,
7082,hb,2,0,290.24,291.331,delivered,4,
7083,hb,3,0,290.304,290.687,delivered,2,
7084,cmd,0,2,290.304,290.752,delivered,4,
7085,cmd,0,3,290.368,290.445,delivered,2,
7086,thumb,1,0,290.432,292.027,delivered,3,
7087,hb,4,0,290.432,291.375,delivered,4,
7088,ack,0,2,290.402,290.753,delivered,4,
7089,data,2,0,290.496,300.502,delivered,4,2|P6|35
7090,cmd,0,4,290.496,291.375,delivered,4,
7091,hb,5,0,290.56,290.663,delivered,1,
7092,cmd,0,5,290.56,290.646,delivered,1,
7093,ack,0,4,290.511,291.377,delivered,4,
7094,hb,1,0,290.624,291.307,delivered,3,
7095,ack,0,2,290.578,291.395,delivered,4,
7096,cmd,0,1,290.688,291.334,delivered,3,
7097,ack,0,4,290.645,291.413,delivered,4,
7098,hb,2,0,290.752,291.413,delivered,4,
7099,thumb,2,0,290.752,,expired,2,
7100,cmd,0,2,290.752,291.414,delivered,4,
7101,hb,3,0,290.816,291.377,delivered,2,
7102,ack,0,4,290.773,291.48,delivered,4,
7103,data,2,0,290.88,300.682,delivered,4,2|P6|38
7104,cmd,0,3,290.88,290.922,delivered,2,
7105,ack,0,4,290.841,291.701,delivered,4,
7106,hb,4,0,290.944,291.857,delivered,4,
7107,hb,5,0,291.008,291.03,delivered,1,
7108,cmd,0,4,291.008,291.548,delivered,4,
7109,cmd,0,5,291.072,291.093,delivered,1,
7110,hb,1,0,291.136,291.395,delivered,3,
7111,thumb,3,0,291.136,292.044,delivered,2,
7112,cmd,0,1,291.2,291.342,delivered,3,
7113,hb,2,0,291.264,291.943,delivered,4,
7114,cmd,0,2,291.264,291.632,delivered,4,
7115,hb,3,0,291.328,291.924,delivered,2,
7116,cmd,0,3,291.392,291.965,delivered,2,
7117,hb,4,0,291.456,291.989,delivered,4,
7118,data,4,0,291.456,300.752,delivered,4,4|P7|4
7119,cmd,0,4,291.456,292.613,delivered,4,
7120,data,2,0,291.52,300.821,delivered,4,2|P6|36
7121,data,2,0,291.52,301.428,delivered,4,2|P6|39
7122,data,4,0,291.52,300.945,delivered,4,4|P7|5
7123,thumb,4,0,291.52,,expired,2,
7124,hb,5,0,291.52,291.985,delivered,1,
7125,data,2,0,291.584,301.646,delivered,4,2|P6|37
7126,data,4,0,291.584,301.503,delivered,4,4|P7|6
7127,cmd,0,5,291.584,291.605,delivered,1,
7128,hb,1,0,291.648,291.992,delivered,3,
7129,hb,2,0,291.712,292.005,delivered,4,
7130,cmd,0,1,291.712,292.609,delivered,3,
7131,data,4,0,291.776,301.715,delivered,4,4|P7|7
7132,cmd,0,2,291.776,292.683,delivered,4,
7133,hb,3,0,291.84,291.993,delivered,2,
7134,hb,4,0,291.904,292.284,delivered,4,
7135,thumb,5,0,291.904,292.06,delivered,1,
7136,cmd,0,3,291.904,291.994,delivered,2,
7137,cmd,0,4,291.968,292.685,delivered,4,
7138,hb,5,0,292.032,292.082,delivered,1,
7139,cmd,0,5,292.096,292.149,delivered,1,
7140,hb,1,0,292.16,292.702,delivered,3,
7141,cmd,0,1,292.16,292.684,delivered,3,
7142,ack,0,4,292.148,293.17,delivered,4,
7143,hb,2,0,292.224,293.303,delivered,4,
7144,ack,0,4,292.215,293.191,delivered,4,
7145,cmd,0,2,292.288,293.281,delivered,4,
7146,ack,0,4,292.282,293.26,delivered,4,
7147,hb,3,0,292.352,292.707,delivered,2,
7148,cmd,0,3,292.352,292.521,delivered,2,
7149,thumb,1,0,292.416,294.135,delivered,3,
7150,hb,4,0,292.416,293.305,delivered,4,
7151,ack,0,4,292.371,293.262,delivered,4,
7152,cmd,0,4,292.48,293.283,delivered,4,
7153,ack,0,4,292.459,293.284,delivered,4,
7154,hb,5,0,292.544,292.61,delivered,1,
7155,hb,1,0,292.608,293.345,delivered,3,
7156,cmd,0,5,292.608,292.629,delivered,1,
7157,cmd,0,1,292.672,293.306,delivered,3,
7158,ack,0,4,292.608,293.77,delivered,4,
7159,hb,2,0,292.736,293.812,delivered,4,
7160,thumb,2,0,292.8,,expired,3,
7161,cmd,0,2,292.8,293.799,delivered,4,
7162,hb,3,0,292.864,293.799,delivered,2,
7163,cmd,0,3,292.864,292.906,delivered,2,
7164,hb,4,0,292.928,293.823,delivered,4,
7165,cmd,0,4,292.992,293.821,delivered,4,
7166,hb,5,0,293.056,293.078,delivered,1,
7167,cmd,0,5,293.056,293.077,delivered,1,
7168,hb,1,0,293.12,293.801,delivered,3,
7169,thumb,3,0,293.12,294.285,delivered,2,
7170,cmd,0,1,293.184,293.779,delivered,3,
7171,hb,2,0,293.248,293.834,delivered,4,
7172,hb,3,0,293.312,293.864,delivered,2,
7173,cmd,0,2,293.312,293.832,delivered,4,
7174,cmd,0,3,293.376,293.418,delivered,2,
7175,hb,4,0,293.44,294.064,delivered,4,
7176,thumb,4,0,293.504,294.946,delivered,4,
7177,hb,5,0,293.504,293.526,delivered,1,
7178,cmd,0,4,293.504,293.844,delivered,4,
7179,cmd,0,5,293.568,293.589,delivered,1,
7180,hb,1,0,293.632,293.883,delivered,3,
7181,cmd,0,1,293.696,293.845,delivered,3,
7182,hb,2,0,293.76,294.046,delivered,4,
7183,cmd,0,2,293.76,294.042,delivered,4,
7184,hb,3,0,293.824,294.02,delivered,2,
7185,thumb,5,0,293.888,293.926,delivered,1,
7186,cmd,0,3,293.888,293.93,delivered,2,
7187,hb,4,0,293.952,294.085,delivered,4,
7188,cmd,0,4,293.952,294.068,delivered,4,
7189,hb,5,0,294.016,294.044,delivered,1,
7190,cmd,0,5,294.08,294.101,delivered,1,
7191,hb,1,0,294.144,294.439,delivered,3,
7192,hb,2,0,294.208,294.542,delivered,4,
7193,cmd,0,1,294.208,294.438,delivered,3,
7194,cmd,0,2,294.272,294.609,delivered,4,
7195,hb,3,0,294.336,294.611,delivered,2,
7196,thumb,1,0,294.4,294.993,delivered,3,
7197,cmd,0,3,294.4,294.746,delivered,2,
7198,hb,4,0,294.464,294.925,delivered,4,
7199,cmd,0,4,294.464,295.045,delivered,4,
7200,hb,5,0,294.528,294.83,delivered,1,
7201,cmd,0,5,294.592,294.613,delivered,1,
7202,hb,1,0,294.656,294.927,delivered,3,
7203,cmd,0,1,294.656,294.997,delivered,3,
7204,hb,2,0,294.72,294.929,delivered,4,
7205,thumb,2,0,294.784,295.236,delivered,4,
7206,cmd,0,2,294.784,295.133,delivered,4,
7207,hb,3,0,294.848,295.045,delivered,2,
7208,data,2,0,294.912,302.038,delivered,4,2|P6|38
7209,hb,4,0,294.912,295.183,delivered,4,
7210,cmd,0,3,294.912,294.996,delivered,2,
7211,cmd,0,4,294.976,295.203,delivered,4,
7212,hb,5,0,295.04,295.114,delivered,1,
7213,hb,1,0,295.104,295.238,delivered,3,
7214,cmd,0,5,295.104,295.182,delivered,1,
7215,thumb,3,0,295.168,295.874,delivered,2,
7216,cmd,0,1,295.168,295.305,delivered,3,
7217,hb,2,0,295.232,295.393,delivered,4,
7218,ack,0,2,295.181,295.414,delivered,4,
7219,cmd,0,2,295.296,295.505,delivered,4,
7220,hb,3,0,295.36,295.438,delivered,2,
7221,cmd,0,3,295.36,295.417,delivered,2,
7222,ack,0,2,295.304,295.766,delivered,4,
7223,hb,4,0,295.424,295.615,delivered,4,
7224,ack,0,4,295.371,295.857,delivered,4,
7225,data,2,0,295.488,302.221,delivered,4,2|P6|40
7226,data,4,0,295.488,302.154,delivered,4,4|P7|4
7227,thumb,4,0,295.488,,expired,3,
7228,cmd,0,4,295.488,296.011,delivered,4,
7229,data,2,0,295.552,302.288,delivered,4,2|P6|39
7230,data,4,0,295.552,302.476,delivered,4,4|P7|5
7231,hb,5,0,295.552,295.593,delivered,1,
7232,cmd,0,5,295.552,295.573,delivered,1,
7233,hb,1,0,295.616,295.79,delivered,3,
7234,data,2,0,295.616,302.357,delivered,4,2|P6|37
7235,data,4,0,295.616,302.93,delivered,4,4|P7|6
7236,cmd,0,1,295.68,295.789,delivered,3,
7237,hb,2,0,295.744,296.258,delivered,4,
7238,hb,3,0,295.808,296.216,delivered,2,
7239,data,4,0,295.808,302.996,delivered,4,4|P7|7
7240,cmd,0,2,295.808,296.254,delivered,4,
7241,data,2,0,295.872,302.543,delivered,4,2|P6|41
7242,thumb,5,0,295.872,296.292,delivered,1,
7243,cmd,0,3,295.872,296.234,delivered,2,
7244,hb,4,0,295.936,296.26,delivered,4,
7245,cmd,0,4,296.0,296.791,delivered,4,
7246,hb,5,0,296.064,296.256,delivered,1,
7247,cmd,0,5,296.064,296.085,delivered,1,
7248,hb,1,0,296.128,296.276,delivered,3,
7249,cmd,0,1,296.192,296.792,delivered,3,
7250,hb,2,0,296.256,297.091,delivered,4,
7251,cmd,0,2,296.256,296.835,delivered,4,
7252,hb,3,0,296.32,296.815,delivered,2,
7253,thumb,1,0,296.384,297.628,delivered,3,
7254,cmd,0,3,296.384,296.495,delivered,2,
7255,ack,0,4,296.359,296.907,delivered,4,
7256,hb,4,0,296.448,297.093,delivered,4,
7257,ack,0,4,296.427,297.043,delivered,4,
7258,hb,5,0,296.512,296.582,delivered,1,
7259,cmd,0,4,296.512,296.974,delivered,4,
7260,ack,0,4,296.494,296.976,delivered,4,
7261,cmd,0,5,296.576,296.652,delivered,1,
7262,hb,1,0,296.64,297.163,delivered,3,
7263,ack,0,4,296.581,297.108,delivered,4,
7264,hb,2,0,296.704,297.164,delivered,4,
7265,cmd,0,1,296.704,297.162,delivered,3,
7266,ack,0,4,296.651,297.232,delivered,4,
7267,thumb,2,0,296.768,297.649,delivered,4,
7268,cmd,0,2,296.768,297.235,delivered,4,
7269,ack,0,4,296.72,297.252,delivered,4,
7270,hb,3,0,296.832,297.094,delivered,2,
7271,ack,0,4,296.789,297.301,delivered,4,
7272,cmd,0,3,296.896,297.068,delivered,2,
7273,hb,4,0,296.96,297.326,delivered,4,
7274,cmd,0,4,296.96,297.323,delivered,4,
7275,ack,0,4,296.905,297.324,delivered,4,
7276,hb,5,0,297.024,297.067,delivered,1,
7277,ack,0,4,296.973,297.344,delivered,4,
7278,cmd,0,5,297.088,297.162,delivered,1,
7279,ack,0,4,297.043,297.366,delivered,4,
7280,hb,1,0,297.152,297.35,delivered,3,
7281,thumb,3,0,297.152,297.686,delivered,2,
7282,cmd,0,1,297.152,297.349,delivered,3,
7283,hb,2,0,297.216,297.418,delivered,4,
7284,ack,0,4,297.161,297.486,delivered,4,
7285,cmd,0,2,297.28,297.504,delivered,4,
7286,ack,0,4,297.231,297.525,delivered,4,
7287,hb,3,0,297.344,297.508,delivered,2,
7288,ack,0,4,297.3,297.53,delivered,4,
7289,hb,4,0,297.408,297.611,delivered,4,
7290,cmd,0,3,297.408,297.526,delivered,2,
7291,cmd,0,4,297.472,297.572,delivered,4,
7292,ack,0,4,297.416,297.594,delivered,4,
7293,thumb,4,0,297.536,297.807,delivered,4,
7294,hb,5,0,297.536,297.574,delivered,1,
7295,ack,0,4,297.485,297.673,delivered,4,
7296,cmd,0,5,297.6,297.629,delivered,1,
7297,hb,1,0,297.664,297.776,delivered,3,
7298,cmd,0,1,297.664,297.775,delivered,3,
7299,hb,2,0,297.728,298.075,delivered,4,
7300,cmd,0,2,297.792,298.319,delivered,4,
7301,hb,3,0,297.856,298.388,delivered,2,
7302,thumb,5,0,297.856,299.164,delivered,1,
7303,cmd,0,3,297.856,298.232,delivered,2,
7304,hb,4,0,297.92,298.689,delivered,4,
7305,cmd,0,4,297.984,298.687,delivered,4,
7306,hb,5,0,298.048,298.577,delivered,1,
7307,hb,1,0,298.112,298.774,delivered,3,
7308,cmd,0,5,298.112,298.133,delivered,1,
7309,cmd,0,1,298.176,298.773,delivered,3,
7310,hb,2,0,298.24,298.938,delivered,4,
7311,hb,3,0,298.304,298.88,delivered,2,
7312,cmd,0,2,298.304,298.921,delivered,4,
7313,cmd,0,3,298.368,298.901,delivered,2,
7314,thumb,1,0,298.432,299.225,delivered,3,
7315,hb,4,0,298.432,299.208,delivered,4,
7316,cmd,0,4,298.496,299.228,delivered,4,
7317,hb,5,0,298.56,299.138,delivered,1,
7318,cmd,0,5,298.56,298.646,delivered,1,
7319,hb,1,0,298.624,299.141,delivered,3,
7320,cmd,0,1,298.688,299.23,delivered,3,
7321,hb,2,0,298.752,299.145,delivered,4,
7322,thumb,2,0,298.752,299.264,delivered,4,
7323,cmd,0,2,298.752,299.253,delivered,4,
7324,hb,3,0,298.816,299.144,delivered,2,
7325,cmd,0,3,298.88,299.206,delivered,2,
7326,data,2,0,298.944,303.1,delivered,4,2|P6|38
7327,hb,4,0,298.944,299.231,delivered,4,
7328,hb,5,0,299.008,299.147,delivered,1,
7329,cmd,0,4,299.008,299.286,delivered,4,
7330,cmd,0,5,299.072,299.093,delivered,1,
7331,hb,1,0,299.136,299.338,delivered,3,
7332,thumb,3,0,299.136,299.7,delivered,2,
7333,cmd,0,1,299.2,299.337,delivered,3,
7334,hb,2,0,299.264,299.38,delivered,4,
7335,cmd,0,2,299.264,299.4,delivered,4,
7336,hb,3,0,299.328,299.376,delivered,2,
7337,cmd,0,3,299.392,299.666,delivered,2,
7338,ack,0,4,299.336,299.816,delivered,4,
7339,hb,4,0,299.456,299.704,delivered,4,
7340,cmd,0,4,299.456,299.923,delivered,4,
7341,data,2,0,299.52,303.239,delivered,4,2|P6|40
7342,data,4,0,299.52,304.782,delivered,4,4|P7|4
7343,thumb,4,0,299.52,300.114,delivered,4,
7344,hb,5,0,299.52,299.668,delivered,1,
7345,data,2,0,299.584,303.308,delivered,4,2|P6|39
7346,data,4,0,299.584,303.572,delivered,4,4|P7|5
7347,cmd,0,5,299.584,299.605,delivered,1,
7348,hb,1,0,299.648,299.856,delivered,3,
7349,data,4,0,299.648,304.91,delivered,4,4|P7|6
7350,hb,2,0,299.712,300.081,delivered,4,
7351,cmd,0,1,299.712,300.565,delivered,3,
7352,cmd,0,2,299.776,300.608,delivered,4,
7353,ack,0,4,299.771,300.705,delivered,4,
7354,hb,3,0,299.84,300.064,delivered,2,
7355,data,4,0,299.84,305.172,delivered,4,4|P7|7
7356,ack,0,4,299.839,300.687,delivered,4,
7357,data,2,0,299.904,304.977,delivered,4,2|P6|41
7358,hb,4,0,299.904,300.262,delivered,4,
7359,thumb,5,0,299.904,300.097,delivered,1,
7360,cmd,0,3,299.904,300.065,delivered,2,
7361,cmd,0,4,299.968,300.688,delivered,4,
7362,hb,5,0,300.032,300.066,delivered,1,
7363,cmd,0,5,300.096,300.181,delivered,1,
7364,hb,1,0,300.16,300.685,delivered,3,
7365,cmd,0,1,300.16,300.616,delivered,3,
7366,hb,2,0,300.224,300.948,delivered,4,
7367,ack,0,4,300.18,300.754,delivered,4,
7368,cmd,0,2,300.288,300.775,delivered,4,
7369,ack,0,4,300.26,300.776,delivered,4,
7370,hb,3,0,300.352,300.754,delivered,2,
7371,cmd,0,3,300.352,300.567,delivered,2,
7372,ack,0,4,300.347,300.896,delivered,4,
7373,thumb,1,0,300.416,301.21,delivered,3,
7374,hb,4,0,300.416,300.876,delivered,4,
7375,ack,0,2,300.414,300.993,delivered,4,
7376,cmd,0,4,300.48,300.992,delivered,4,
7377,hb,5,0,300.544,300.61,delivered,1,
7378,ack,0,2,300.502,300.969,delivered,4,
7379,hb,1,0,300.608,301.019,delivered,3,
7380,cmd,0,5,300.608,300.683,delivered,1,
7381,cmd,0,1,300.672,300.993,delivered,3,
7382,hb,2,0,300.736,300.997,delivered,4,
7383,ack,0,2,300.682,301.041,delivered,4,
7384,thumb,2,0,300.8,301.34,delivered,4,
7385,cmd,0,2,300.8,301.017,delivered,4,
7386,ack,0,4,300.752,301.039,delivered,4,
7387,hb,3,0,300.864,301.02,delivered,2,
7388,cmd,0,3,300.864,300.999,delivered,2,
7389,ack,0,2,300.821,301.083,delivered,4,
7390,hb,4,0,300.928,301.19,delivered,4,
7391,cmd,0,4,300.992,301.085,delivered,4,
7392,ack,0,4,300.945,301.219,delivered,4,
7393,hb,5,0,301.056,301.085,delivered,1,
7394,cmd,0,5,301.056,301.077,delivered,1,
7395,hb,1,0,301.12,301.286,delivered,3,
7396,data,2,0,301.12,305.24,delivered,4,2|P6|42
7397,thumb,3,0,301.12,301.357,delivered,2,
7398,data,4,0,301.12,305.307,delivered,4,4|P7|8
7399,cmd,0,1,301.184,301.505,delivered,3,
7400,hb,2,0,301.248,301.719,delivered,4,
7401,hb,3,0,301.312,301.577,delivered,2,
7402,data,4,0,301.312,305.473,delivered,3,4|P7|9
7403,cmd,0,2,301.312,301.575,delivered,4,
7404,cmd,0,3,301.376,301.506,delivered,2,
7405,hb,4,0,301.44,301.757,delivered,3,
7406,ack,0,2,301.428,301.717,delivered,4,
7407,thumb,4,0,301.504,301.955,delivered,3,
7408,hb,5,0,301.504,301.579,delivered,1,
7409,cmd,0,4,301.504,301.716,delivered,3,
7410,ack,0,4,301.503,301.756,delivered,3,
7411,cmd,0,5,301.568,301.649,delivered,1,
7412,hb,1,0,301.632,301.935,delivered,3,
7413,cmd,0,1,301.696,302.047,delivered,3,
7414,ack,0,2,301.646,302.223,delivered,4,
7415,hb,2,0,301.76,302.068,delivered,4,
7416,cmd,0,2,301.76,302.243,delivered,4,
7417,ack,0,4,301.715,302.357,delivered,3,
7418,data,2,0,301.824,305.609,delivered,4,2|P6|43
7419,hb,3,0,301.824,301.939,delivered,2,
7420,data,4,0,301.824,305.54,delivered,3,4|P7|10
7421,thumb,5,0,301.888,301.972,delivered,1,
7422,cmd,0,3,301.888,301.938,delivered,2,
7423,hb,4,0,301.952,302.382,delivered,3,
7424,cmd,0,4,301.952,302.291,delivered,3,
7425,hb,5,0,302.016,302.046,delivered,1,
7426,cmd,0,5,302.08,302.155,delivered,1,
7427,ack,0,2,302.038,302.404,delivered,4,
7428,hb,1,0,302.144,302.406,delivered,3,
7429,hb,2,0,302.208,302.409,delivered,4,
7430,cmd,0,1,302.208,302.405,delivered,3,
7431,ack,0,4,302.154,302.406,delivered,3,
7432,cmd,0,2,302.272,302.429,delivered,4,
7433,ack,0,2,302.221,302.477,delivered,4,
7434,hb,3,0,302.336,302.407,delivered,2,
7435,ack,0,2,302.288,302.497,delivered,4,
7436,thumb,1,0,302.4,302.864,delivered,3,
7437,cmd,0,3,302.4,302.829,delivered,2,
7438,ack,0,2,302.357,303.127,delivered,4,
7439,hb,4,0,302.464,303.127,delivered,3,
7440,data,4,0,302.464,305.746,delivered,3,4|P7|11
7441,cmd,0,4,302.464,303.106,delivered,3,
7442,hb,5,0,302.528,302.828,delivered,1,
7443,ack,0,4,302.476,303.122,delivered,3,
7444,data,2,0,302.592,305.678,delivered,4,2|P6|44
7445,cmd,0,5,302.592,302.613,delivered,1,
7446,ack,0,2,302.543,303.145,delivered,4,
7447,hb,1,0,302.656,302.848,delivered,3,
7448,cmd,0,1,302.656,303.126,delivered,3,
7449,hb,2,0,302.72,303.122,delivered,4,
7450,thumb,2,0,302.784,303.393,delivered,4,
7451,cmd,0,2,302.784,303.17,delivered,4,
7452,hb,3,0,302.848,303.105,delivered,2,
7453,hb,4,0,302.912,303.241,delivered,3,
7454,cmd,0,3,302.912,303.104,delivered,2,
7455,cmd,0,4,302.976,303.173,delivered,3,
7456,ack,0,4,302.93,303.239,delivered,3,
7457,hb,5,0,303.04,303.102,delivered,1,
7458,ack,0,4,302.996,303.308,delivered,3,
7459,hb,1,0,303.104,303.311,delivered,3,
7460,cmd,0,5,303.104,303.126,delivered,1,
7461,ack,0,2,303.1,303.376,delivered,4,
7462,thumb,3,0,303.168,304.66,delivered,2,
7463,cmd,0,1,303.168,303.506,delivered,3,
7464,hb,2,0,303.232,303.398,delivered,4,
7465,data,2,0,303.232,305.876,delivered,4,2|P6|45
7466,cmd,0,2,303.296,303.594,delivered,4,
7467,ack,0,2,303.239,303.615,delivered,4,
7468,hb,3,0,303.36,303.673,delivered,2,
7469,cmd,0,3,303.36,303.436,delivered,2,
7470,ack,0,2,303.308,303.671,delivered,4,
7471,hb,4,0,303.424,303.759,delivered,3,
7472,thumb,4,0,303.488,304.676,delivered,3,
7473,cmd,0,4,303.488,303.758,delivered,3,
7474,hb,5,0,303.552,303.652,delivered,1,
7475,cmd,0,5,303.552,303.574,delivered,1,
7476,hb,1,0,303.616,303.935,delivered,3,
7477,ack,0,4,303.572,303.934,delivered,3,
7478,cmd,0,1,303.68,304.337,delivered,3,
7479,hb,2,0,303.744,304.425,delivered,4,
7480,hb,3,0,303.808,304.338,delivered,2,
7481,cmd,0,2,303.808,304.445,delivered,4,
7482,thumb,5,0,303.872,304.694,delivered,1,
7483,cmd,0,3,303.872,304.423,delivered,2,
7484,hb,4,0,303.936,304.552,delivered,3,
7485,cmd,0,4,304.0,304.553,delivered,3,
7486,hb,5,0,304.064,304.463,delivered,1,
7487,cmd,0,5,304.064,304.085,delivered,1,
7488,hb,1,0,304.128,304.532,delivered,3,
7489,cmd,0,1,304.192,304.555,delivered,3,
7490,hb,2,0,304.256,304.599,delivered,4,
7491,cmd,0,2,304.256,304.618,delivered,4,
7492,hb,3,0,304.32,304.574,delivered,2,
7493,thumb,1,0,304.384,304.799,delivered,3,
7494,cmd,0,3,304.384,304.598,delivered,2,
7495,hb,4,0,304.448,304.623,delivered,3,
7496,hb,5,0,304.512,304.6,delivered,1,
7497,cmd,0,4,304.512,304.677,delivered,3,
7498,cmd,0,5,304.576,304.597,delivered,1,
7499,hb,1,0,304.64,304.716,delivered,3,
7500,hb,2,0,304.704,304.843,delivered,4,
7501,cmd,0,1,304.704,304.842,delivered,3,
7502,thumb,2,0,304.768,305.106,delivered,4,
7503,cmd,0,2,304.768,304.999,delivered,4,
7504,hb,3,0,304.832,305.001,delivered,2,
7505,ack,0,4,304.782,305.0,delivered,3,
7506,cmd,0,3,304.896,305.023,delivered,2,
7507,hb,4,0,304.96,305.089,delivered,3,
7508,cmd,0,4,304.96,305.066,delivered,3,
7509,ack,0,4,304.91,305.088,delivered,3,
7510,hb,5,0,305.024,305.067,delivered,1,
7511,ack,0,2,304.977,305.24,delivered,4,
7512,cmd,0,5,305.088,305.173,delivered,1,
7513,hb,1,0,305.152,305.352,delivered,3,
7514,data,2,0,305.152,306.813,delivered,4,2|P6|42
7515,thumb,3,0,305.152,305.407,delivered,2,
7516,data,4,0,305.152,306.746,delivered,3,4|P7|8
7517,cmd,0,1,305.152,305.351,delivered,3,
7518,hb,2,0,305.216,305.371,delivered,4,
7519,ack,0,4,305.172,305.541,delivered,3,
7520,cmd,0,2,305.28,305.564,delivered,4,
7521,ack,0,2,305.24,305.63,delivered,4,
7522,hb,3,0,305.344,305.39,delivered,2,
7523,data,4,0,305.344,307.763,delivered,3,4|P7|9
7524,ack,0,4,305.307,305.678,delivered,3,
7525,hb,4,0,305.408,305.768,delivered,3,
7526,cmd,0,3,305.408,305.542,delivered,2,
7527,cmd,0,4,305.472,305.786,delivered,3,
7528,thumb,4,0,305.536,306.68,delivered,3,
7529,hb,5,0,305.536,305.611,delivered,1,
7530,ack,0,4,305.473,305.787,delivered,3,
7531,cmd,0,5,305.6,305.679,delivered,1,
7532,ack,0,4,305.54,305.876,delivered,3,
7533,hb,1,0,305.664,305.878,delivered,3,
7534,cmd,0,1,305.664,306.115,delivered,3,
7535,ack,0,2,305.609,306.251,delivered,4,
7536,hb,2,0,305.728,305.899,delivered,4,
7537,ack,0,2,305.678,306.339,delivered,4,
7538,data,4,0,305.792,307.852,delivered,3,4|P7|12
7539,cmd,0,2,305.792,306.348,delivered,4,
7540,ack,0,4,305.746,306.321,delivered,3,
7541,data,2,0,305.856,307.985,delivered,4,2|P6|43
7542,hb,3,0,305.856,306.32,delivered,2,
7543,data,4,0,305.856,308.171,delivered,3,4|P7|10
7544,data,4,0,305.856,308.238,delivered,3,4|P7|13
7545,thumb,5,0,305.856,305.917,delivered,1,
7546,cmd,0,3,305.856,305.901,delivered,2,
7547,hb,4,0,305.92,306.346,delivered,3,
7548,ack,0,2,305.876,306.35,delivered,4,
7549,data,4,0,305.984,308.305,delivered,3,4|P7|14
7550,cmd,0,4,305.984,306.323,delivered,3,
7551,hb,5,0,306.048,306.116,delivered,1,
7552,hb,1,0,306.112,306.366,delivered,3,
7553,cmd,0,5,306.112,306.133,delivered,1,
7554,cmd,0,1,306.176,306.349,delivered,3,
7555,hb,2,0,306.24,306.388,delivered,4,
7556,hb,3,0,306.304,306.368,delivered,2,
7557,cmd,0,2,306.304,306.406,delivered,4,
7558,cmd,0,3,306.368,306.575,delivered,2,
7559,thumb,1,0,306.432,307.019,delivered,3,
7560,hb,4,0,306.432,306.663,delivered,3,
7561,data,4,0,306.432,308.49,delivered,3,4|P7|15
7562,cmd,0,4,306.496,306.747,delivered,3,
7563,hb,5,0,306.56,306.643,delivered,1,
7564,cmd,0,5,306.56,306.581,delivered,1,
7565,hb,1,0,306.624,306.869,delivered,3,
7566,cmd,0,1,306.688,306.836,delivered,3,
7567,hb,2,0,306.752,306.982,delivered,4,
7568,thumb,2,0,306.752,307.677,delivered,4,
7569,cmd,0,2,306.752,306.927,delivered,4,
7570,ack,0,4,306.746,306.928,delivered,3,
7571,hb,3,0,306.816,306.893,delivered,2,
7572,ack,0,2,306.813,306.964,delivered,4,
7573,cmd,0,3,306.88,306.943,delivered,2,
7574,hb,4,0,306.944,307.191,delivered,3,
7575,hb,5,0,307.008,307.186,delivered,1,
7576,cmd,0,4,307.008,307.48,delivered,3,
7577,cmd,0,5,307.072,307.093,delivered,1,
7578,hb,1,0,307.136,307.479,delivered,3,
7579,thumb,3,0,307.136,307.696,delivered,2,
7580,cmd,0,1,307.2,307.503,delivered,3,
7581,hb,2,0,307.264,307.66,delivered,4,
7582,cmd,0,2,307.264,307.591,delivered,4,
7583,hb,3,0,307.328,307.504,delivered,2,
7584,cmd,0,3,307.392,307.524,delivered,2,
7585,hb,4,0,307.456,307.661,delivered,3,
7586,cmd,0,4,307.456,307.68,delivered,3,
7587,thumb,4,0,307.52,307.869,delivered,3,
7588,hb,5,0,307.52,307.658,delivered,1,
7589,cmd,0,5,307.584,307.605,delivered,1,
7590,hb,1,0,307.648,307.781,delivered,3,
7591,hb,2,0,307.712,307.873,delivered,4,
7592,cmd,0,1,307.712,307.874,delivered,3,
7593,cmd,0,2,307.776,307.939,delivered,4,
7594,ack,0,4,307.763,307.918,delivered,3,
7595,hb,3,0,307.84,307.919,delivered,2,
7596,hb,4,0,307.904,308.045,delivered,3,
7597,thumb,5,0,307.904,308.063,delivered,1,
7598,cmd,0,3,307.904,308.007,delivered,2,
7599,ack,0,4,307.852,308.045,delivered,3,
7600,cmd,0,4,307.968,308.068,delivered,3,
7601,hb,5,0,308.032,308.069,delivered,1,
7602,ack,0,2,307.985,308.125,delivered,4,
7603,cmd,0,5,308.096,308.172,delivered,1,
7604,hb,1,0,308.16,308.376,delivered,3,
7605,data,4,0,308.16,308.81,delivered,3,4|P7|16
7606,cmd,0,1,308.16,308.378,delivered,3,
7607,hb,2,0,308.224,308.424,delivered,4,
7608,ack,0,4,308.171,308.395,delivered,3,
7609,cmd,0,2,308.288,308.421,delivered,4,
7610,ack,0,4,308.238,308.421,delivered,3,
7611,hb,3,0,308.352,308.422,delivered,2,
7612,cmd,0,3,308.352,308.401,delivered,2,
7613,ack,0,4,308.305,308.49,delivered,3,
7614,thumb,1,0,308.416,308.61,delivered,3,
7615,hb,4,0,308.416,308.578,delivered,3,
7616,cmd,0,4,308.48,308.677,delivered,3,
7617,data,4,0,308.544,309.056,delivered,3,4|P7|17
7618,hb,5,0,308.544,308.575,delivered,1,
7619,ack,0,4,308.49,308.744,delivered,3,
7620,hb,1,0,308.608,308.88,delivered,3,
7621,data,4,0,308.608,309.408,delivered,3,4|P7|18
7622,cmd,0,5,308.608,308.677,delivered,1,
7623,cmd,0,1,308.672,308.879,delivered,3,
7624,hb,2,0,308.736,308.99,delivered,4,
7625,thumb,2,0,308.8,309.325,delivered,4,
7626,cmd,0,2,308.8,309.144,delivered,4,
7627,hb,3,0,308.864,308.984,delivered,2,
7628,data,4,0,308.864,309.497,delivered,3,4|P7|19
7629,cmd,0,3,308.864,308.949,delivered,2,
7630,ack,0,4,308.81,309.059,delivered,3,
7631,hb,4,0,308.928,309.203,delivered,3,
7632,cmd,0,4,308.992,309.185,delivered,3,
7633,hb,5,0,309.056,309.144,delivered,1,
7634,cmd,0,5,309.056,309.079,delivered,1,
7635,hb,1,0,309.12,309.271,delivered,3,
7636,thumb,3,0,309.12,309.341,delivered,2,
7637,ack,0,4,309.056,309.27,delivered,3,
7638,data,4,0,309.184,309.933,delivered,3,4|P7|20
7639,cmd,0,1,309.184,309.41,delivered,3,
7640,hb,2,0,309.248,309.522,delivered,4,
7641,hb,3,0,309.312,309.41,delivered,2,
7642,cmd,0,2,309.312,309.521,delivered,4,
7643,data,4,0,309.376,310.156,delivered,3,4|P7|21
7644,cmd,0,3,309.376,309.431,delivered,2,
7645,hb,4,0,309.44,309.643,delivered,3,
7646,ack,0,4,309.408,309.589,delivered,3,
7647,thumb,4,0,309.504,309.727,delivered,3,
7648,hb,5,0,309.504,309.59,delivered,1,
7649,cmd,0,4,309.504,309.798,delivered,3,
7650,ack,0,4,309.497,309.802,delivered,3,
7651,cmd,0,5,309.568,309.589,delivered,1,
7652,hb,1,0,309.632,309.799,delivered,3,
7653,data,4,0,309.696,310.288,delivered,3,4|P7|22
7654,cmd,0,1,309.696,309.84,delivered,3,
7655,hb,2,0,309.76,309.844,delivered,4,
7656,cmd,0,2,309.76,309.866,delivered,4,
7657,hb,3,0,309.824,310.0,delivered,2,
7658,data,4,0,309.888,310.356,delivered,3,4|P7|23
7659,thumb,5,0,309.888,310.04,delivered,1,
7660,cmd,0,3,309.888,310.022,delivered,2,
7661,hb,4,0,309.952,310.09,delivered,3,
7662,cmd,0,4,309.952,310.088,delivered,3,
7663,ack,0,4,309.933,310.089,delivered,3,
7664,hb,5,0,310.016,310.089,delivered,1,
7665,cmd,0,5,310.08,310.157,delivered,1,
7666,hb,1,0,310.144,310.358,delivered,3,
7667,hb,2,0,310.208,310.544,delivered,4,
7668,data,4,0,310.208,310.632,delivered,3,4|P7|24
7669,cmd,0,1,310.208,310.399,delivered,3,
7670,ack,0,4,310.156,310.42,delivered,3,
7671,cmd,0,2,310.272,310.653,delivered,4,
7672,hb,3,0,310.336,310.52,delivered,2,
7673,ack,0,4,310.288,310.653,delivered,3,
7674,thumb,1,0,310.4,310.563,delivered,3,
7675,cmd,0,3,310.4,310.545,delivered,2,
7676,ack,0,4,310.356,310.654,delivered,3,
7677,hb,4,0,310.464,310.566,delivered,3,
7678,cmd,0,4,310.464,310.655,delivered,3,
7679,data,4,0,310.528,310.809,delivered,3,4|P7|25
7680,hb,5,0,310.528,310.565,delivered,1,
7681,cmd,0,5,310.592,310.654,delivered,1,
7682,hb,1,0,310.656,310.812,delivered,3,
7683,cmd,0,1,310.656,310.811,delivered,3,
7684,ack,0,4,310.632,310.894,delivered,3,
7685,hb,2,0,310.72,310.918,delivered,4,
7686,data,4,0,310.72,311.174,delivered,3,4|P7|26
7687,data,4,0,310.72,311.241,delivered,3,4|P7|27
7688,thumb,2,0,310.784,310.971,delivered,4,
7689,cmd,0,2,310.784,310.938,delivered,4,
7690,hb,3,0,310.848,310.916,delivered,2,
7691,ack,0,4,310.809,310.939,delivered,3,
7692,hb,4,0,310.912,311.106,delivered,3,
7693,cmd,0,3,310.912,310.973,delivered,2,
7694,data,4,0,310.976,311.692,delivered,3,4|P7|28
7695,cmd,0,4,310.976,311.175,delivered,3,
7696,data,4,0,311.04,311.758,delivered,3,4|P7|29
7697,hb,5,0,311.04,311.107,delivered,1,
7698,hb,1,0,311.104,311.395,delivered,3,
7699,cmd,0,5,311.104,311.175,delivered,1,
7700,thumb,3,0,311.168,311.544,delivered,2,
7701,cmd,0,1,311.168,311.436,delivered,3,
7702,hb,2,0,311.232,311.509,delivered,4,
7703,ack,0,4,311.174,311.504,delivered,3,
7704,cmd,0,2,311.296,311.527,delivered,4,
7705,ack,0,4,311.241,311.528,delivered,3,
7706,hb,3,0,311.36,311.508,delivered,2,
7707,cmd,0,3,311.36,311.507,delivered,2,
7708,hb,4,0,311.424,311.568,delivered,3,
7709,thumb,4,0,311.488,311.626,delivered,3,
7710,cmd,0,4,311.488,311.609,delivered,3,
7711,hb,5,0,311.552,311.589,delivered,1,
7712,cmd,0,5,311.552,311.573,delivered,1,
7713,hb,1,0,311.616,311.914,delivered,3,
7714,data,4,0,311.616,312.139,delivered,3,4|P7|30
7715,data,4,0,311.616,312.207,delivered,3,4|P7|31
7716,cmd,0,1,311.68,312.003,delivered,3,
7717,hb,2,0,311.744,312.007,delivered,4,
7718,ack,0,4,311.692,312.025,delivered,3,
7719,hb,3,0,311.808,312.006,delivered,2,
7720,cmd,0,2,311.808,312.072,delivered,4,
7721,ack,0,4,311.758,312.073,delivered,3,
7722,thumb,5,0,311.872,312.024,delivered,1,
7723,cmd,0,3,311.872,312.029,delivered,2,
7724,hb,4,0,311.936,312.031,delivered,3,
7725,cmd,0,4,312.0,312.14,delivered,3,
7726,hb,5,0,312.064,312.141,delivered,1,
7727,cmd,0,5,312.064,312.14,delivered,1,
7728,hb,1,0,312.128,312.237,delivered,3,
7729,data,4,0,312.128,312.579,delivered,3,4|P7|32
7730,data,4,0,312.192,313.171,delivered,3,4|P7|33
7731,cmd,0,1,312.192,312.283,delivered,3,
7732,ack,0,4,312.139,312.369,delivered,3,
7733,hb,2,0,312.256,312.461,delivered,4,
7734,cmd,0,2,312.256,312.392,delivered,4,
7735,ack,0,4,312.207,312.393,delivered,3,
7736,hb,3,0,312.32,312.391,delivered,2,
7737,thumb,1,0,312.384,312.909,delivered,3,
7738,cmd,0,3,312.384,312.462,delivered,2,
7739,hb,4,0,312.448,312.851,delivered,3,
7740,data,4,0,312.448,313.301,delivered,3,4|P7|34
7741,data,4,0,312.512,313.476,delivered,3,4|P7|35
7742,hb,5,0,312.512,312.782,delivered,1,
7743,cmd,0,4,312.512,312.871,delivered,3,
7744,cmd,0,5,312.576,312.599,delivered,1,
7745,hb,1,0,312.64,312.867,delivered,3,
7746,ack,0,4,312.579,312.872,delivered,3,
7747,hb,2,0,312.704,312.873,delivered,4,
7748,cmd,0,1,312.704,312.874,delivered,3,
7749,thumb,2,0,312.768,313.053,delivered,4,
7750,cmd,0,2,312.768,312.914,delivered,4,
7751,hb,3,0,312.832,312.887,delivered,2,
7752,cmd,0,3,312.896,313.035,delivered,2,
7753,hb,4,0,312.96,313.194,delivered,3,
7754,data,4,0,312.96,313.543,delivered,3,4|P7|36
7755,cmd,0,4,312.96,313.193,delivered,3,
7756,hb,5,0,313.024,313.104,delivered,1,
7757,cmd,0,5,313.088,313.172,delivered,1,
7758,hb,1,0,313.152,313.218,delivered,3,
7759,thumb,3,0,313.152,313.318,delivered,2,
7760,cmd,0,1,313.152,313.217,delivered,3,
7761,hb,2,0,313.216,313.407,delivered,4,
7762,ack,0,4,313.171,313.406,delivered,3,
7763,cmd,0,2,313.28,313.498,delivered,4,
7764,hb,3,0,313.344,313.41,delivered,2,
7765,ack,0,4,313.301,313.544,delivered,3,
7766,hb,4,0,313.408,313.655,delivered,3,
7767,cmd,0,3,313.408,313.545,delivered,2,
7768,data,4,0,313.472,313.865,delivered,3,4|P7|37
7769,cmd,0,4,313.472,313.634,delivered,3,
7770,thumb,4,0,313.536,313.799,delivered,3,
7771,hb,5,0,313.536,313.611,delivered,1,
7772,ack,0,4,313.476,313.656,delivered,3,
7773,cmd,0,5,313.6,313.621,delivered,1,
7774,ack,0,4,313.543,313.677,delivered,3,
7775,hb,1,0,313.664,313.782,delivered,3,
7776,data,4,0,313.664,314.316,delivered,3,4|P7|38
7777,cmd,0,1,313.664,313.866,delivered,3,
7778,hb,2,0,313.728,314.113,delivered,4,
7779,data,4,0,313.728,314.385,delivered,3,4|P7|39
7780,data,4,0,313.792,314.452,delivered,3,4|P7|40
7781,cmd,0,2,313.792,314.07,delivered,4,
7782,hb,3,0,313.856,314.001,delivered,2,
7783,thumb,5,0,313.856,313.952,delivered,1,
7784,cmd,0,3,313.856,313.935,delivered,2,
7785,hb,4,0,313.92,314.249,delivered,3,
7786,ack,0,4,313.865,314.093,delivered,3,
7787,cmd,0,4,313.984,314.317,delivered,3,
7788,hb,5,0,314.048,314.071,delivered,1,
7789,hb,1,0,314.112,314.318,delivered,3,
7790,cmd,0,5,314.112,314.133,delivered,1,
7791,data,4,0,314.176,314.722,delivered,3,4|P7|41
7792,cmd,0,1,314.176,314.319,delivered,3,
7793,hb,2,0,314.24,314.568,delivered,4,
7794,hb,3,0,314.304,314.47,delivered,2,
7795,cmd,0,2,314.304,314.534,delivered,4,
7796,cmd,0,3,314.368,314.514,delivered,2,
7797,ack,0,4,314.316,314.656,delivered,3,
7798,thumb,1,0,314.432,314.656,delivered,3,
7799,hb,4,0,314.432,314.636,delivered,3,
7800,ack,0,4,314.385,314.723,delivered,3,
7801,cmd,0,4,314.496,314.724,delivered,3,
7802,ack,0,4,314.452,314.745,delivered,3,
7803,hb,5,0,314.56,314.637,delivered,1,
7804,cmd,0,5,314.56,314.581,delivered,1,
7805,hb,1,0,314.624,314.767,delivered,3,
7806,cmd,0,1,314.688,314.765,delivered,3,
7807,hb,2,0,314.752,315.193,delivered,4,
7808,thumb,2,0,314.752,315.213,delivered,4,
7809,data,4,0,314.752,315.431,delivered,3,4|P7|42
7810,cmd,0,2,314.752,315.086,delivered,4,
7811,ack,0,4,314.722,315.086,delivered,3,
7812,hb,3,0,314.816,315.028,delivered,2,
7813,data,4,0,314.816,315.498,delivered,3,4|P7|43
7814,data,4,0,314.816,315.662,delivered,3,4|P7|44
7815,cmd,0,3,314.88,314.924,delivered,2,
7816,hb,4,0,314.944,315.109,delivered,3,
7817,hb,5,0,315.008,315.044,delivered,1,
7818,cmd,0,4,315.008,315.089,delivered,3,
7819,cmd,0,5,315.072,315.093,delivered,1,
7820,hb,1,0,315.136,315.346,delivered,3,
7821,thumb,3,0,315.136,315.365,delivered,2,
7822,data,4,0,315.2,315.783,delivered,3,4|P7|45
7823,cmd,0,1,315.2,315.499,delivered,3,
7824,hb,2,0,315.264,315.595,delivered,4,
7825,cmd,0,2,315.264,315.522,delivered,4,
7826,hb,3,0,315.328,315.5,delivered,2,
7827,cmd,0,3,315.392,315.502,delivered,2,
7828,hb,4,0,315.456,315.596,delivered,3,
7829,cmd,0,4,315.456,315.593,delivered,3,
7830,ack,0,4,315.431,315.663,delivered,3,
7831,thumb,4,0,315.52,315.717,delivered,3,
7832,hb,5,0,315.52,315.594,delivered,1,
7833,ack,0,4,315.498,315.684,delivered,3,
7834,cmd,0,5,315.584,315.663,delivered,1,
7835,hb,1,0,315.648,315.827,delivered,3,
7836,hb,2,0,315.712,315.852,delivered,4,
7837,cmd,0,1,315.712,315.85,delivered,3,
7838,ack,0,4,315.662,315.871,delivered,3,
7839,cmd,0,2,315.776,315.904,delivered,4,
7840,hb,3,0,315.84,315.882,delivered,2,
7841,ack,0,4,315.783,315.922,delivered,3,
7842,hb,4,0,315.904,315.967,delivered,3,
7843,thumb,5,0,315.904,315.942,delivered,1,
7844,cmd,0,3,315.904,315.947,delivered,2,
7845,cmd,0,4,315.968,316.031,delivered,3,
7846,hb,5,0,316.032,316.053,delivered,1,
7847,cmd,0,5,316.096,316.117,delivered,1,
7848,hb,1,0,316.16,316.223,delivered,3,
7849,cmd,0,1,316.16,316.245,delivered,3,
7850,hb,2,0,316.224,316.308,delivered,4,
7851,cmd,0,2,316.288,316.372,delivered,4,
7852,hb,3,0,316.352,316.395,delivered,2,
7853,cmd,0,3,316.352,316.394,delivered,2,
7854,thumb,1,0,316.416,316.527,delivered,3,
7855,hb,4,0,316.416,316.495,delivered,3,
7856,cmd,0,4,316.48,316.549,delivered,3,
7857,hb,5,0,316.544,316.565,delivered,1,
7858,hb,1,0,316.608,316.671,delivered,3,
7859,cmd,0,5,316.608,316.629,delivered,1,
7860,cmd,0,1,316.672,316.756,delivered,3,
7861,hb,2,0,316.736,316.82,delivered,4,
7862,thumb,2,0,316.8,316.949,delivered,4,
7863,cmd,0,2,316.8,316.895,delivered,4,
7864,hb,3,0,316.864,316.917,delivered,2,
7865,cmd,0,3,316.864,316.914,delivered,2,
7866,hb,4,0,316.928,317.012,delivered,3,
7867,cmd,0,4,316.992,317.055,delivered,3,
7868,hb,5,0,317.056,317.078,delivered,1,
7869,cmd,0,5,317.056,317.077,delivered,1,
7870,hb,1,0,317.12,317.216,delivered,3,
7871,thumb,3,0,317.12,317.194,delivered,2,
7872,cmd,0,1,317.184,317.247,delivered,3,
7873,hb,2,0,317.248,317.332,delivered,4,
7874,hb,3,0,317.312,317.354,delivered,2,
7875,cmd,0,2,317.312,317.418,delivered,4,
7876,cmd,0,3,317.376,317.418,delivered,2,
7877,hb,4,0,317.44,317.503,delivered,3,
7878,thumb,4,0,317.504,317.652,delivered,3,
7879,hb,5,0,317.504,317.578,delivered,1,
7880,cmd,0,4,317.504,317.636,delivered,3,
7881,cmd,0,5,317.568,317.616,delivered,1,
7882,hb,1,0,317.632,317.695,delivered,3,
7883,cmd,0,1,317.696,317.801,delivered,3,
7884,hb,2,0,317.76,317.844,delivered,4,
7885,cmd,0,2,317.76,317.845,delivered,4,
7886,hb,3,0,317.824,317.867,delivered,2,
7887,thumb,5,0,317.888,317.926,delivered,1,
7888,cmd,0,3,317.888,317.93,delivered,2,
7889,hb,4,0,317.952,318.039,delivered,3,
7890,cmd,0,4,317.952,318.037,delivered,3,
7891,hb,5,0,318.016,318.038,delivered,1,
7892,cmd,0,5,318.08,318.101,delivered,1,
7893,hb,1,0,318.144,318.207,delivered,3,
7894,hb,2,0,318.208,318.292,delivered,4,
7895,cmd,0,1,318.208,318.272,delivered,3,
7896,cmd,0,2,318.272,318.356,delivered,4,
7897,hb,3,0,318.336,318.378,delivered,2,
7898,thumb,1,0,318.4,318.509,delivered,3,
7899,cmd,0,3,318.4,318.474,delivered,2,
7900,hb,4,0,318.464,318.533,delivered,3,
7901,cmd,0,4,318.464,318.533,delivered,3,
7902,hb,5,0,318.528,318.549,delivered,1,
7903,cmd,0,5,318.592,318.613,delivered,1,
7904,hb,1,0,318.656,318.721,delivered,3,
7905,cmd,0,1,318.656,318.72,delivered,3,
7906,hb,2,0,318.72,318.804,delivered,4,
7907,thumb,2,0,318.784,319.009,delivered,4,
7908,cmd,0,2,318.784,318.879,delivered,4,
7909,hb,3,0,318.848,318.901,delivered,2,
7910,hb,4,0,318.912,319.033,delivered,3,
7911,cmd,0,3,318.912,318.992,delivered,2,
7912,cmd,0,4,318.976,319.076,delivered,3,
7913,hb,5,0,319.04,319.077,delivered,1,
7914,hb,1,0,319.104,319.167,delivered,3,
7915,cmd,0,5,319.104,319.125,delivered,1,
7916,thumb,3,0,319.168,319.248,delivered,2,
7917,cmd,0,1,319.168,319.231,delivered,3,
7918,hb,2,0,319.232,319.316,delivered,4,
7919,cmd,0,2,319.296,319.38,delivered,4,
7920,hb,3,0,319.36,319.403,delivered,2,
7921,cmd,0,3,319.36,319.402,delivered,2,
7922,hb,4,0,319.424,319.487,delivered,3,
7923,thumb,4,0,319.488,319.601,delivered,3,
7924,cmd,0,4,319.488,319.583,delivered,3,
7925,hb,5,0,319.552,319.584,delivered,1,
7926,cmd,0,5,319.552,319.573,delivered,1,
7927,hb,1,0,319.616,319.679,delivered,3,
7928,cmd,0,1,319.68,319.743,delivered,3,
7929,hb,2,0,319.744,319.828,delivered,4,
7930,hb,3,0,319.808,319.873,delivered,2,
7931,cmd,0,2,319.808,319.893,delivered,4,
7932,thumb,5,0,319.872,319.91,delivered,1,
7933,cmd,0,3,319.872,319.914,delivered,2,
7934,hb,4,0,319.936,319.999,delivered,3,
7935,hb,5,0,320.0,320.022,delivered,1,
7936,cmd,0,4,320.0,320.063,delivered,3,
7937,cmd,0,5,320.064,320.085,delivered,1,
7938,hb,1,0,320.128,320.191,delivered,3,
7939,cmd,0,1,320.192,320.255,delivered,3,
7940,hb,2,0,320.256,320.34,delivered,4,
7941,cmd,0,2,320.256,320.383,delivered,4,
7942,hb,3,0,320.32,320.405,delivered,2,
7943,thumb,1,0,320.384,320.494,delivered,3,
7944,cmd,0,3,320.384,320.458,delivered,2,
7945,hb,4,0,320.448,320.515,delivered,3,
7946,hb,5,0,320.512,320.555,delivered,1,
7947,cmd,0,4,320.512,320.577,delivered,3,
7948,cmd,0,5,320.576,320.597,delivered,1,
7949,hb,1,0,320.64,320.703,delivered,3,
7950,hb,2,0,320.704,320.811,delivered,4,
7951,cmd,0,1,320.704,320.842,delivered,3,
7952,thumb,2,0,320.768,320.954,delivered,4,
7953,cmd,0,2,320.768,320.901,delivered,4,
7954,hb,3,0,320.832,320.899,delivered,2,
7955,cmd,0,3,320.896,320.955,delivered,2,
7956,hb,4,0,320.96,321.025,delivered,3,
7957,cmd,0,4,320.96,321.024,delivered,3,
7958,hb,5,0,321.024,321.045,delivered,1,
7959,cmd,0,5,321.088,321.109,delivered,1,
7960,hb,1,0,321.152,321.217,delivered,3,
7961,thumb,3,0,321.152,321.233,delivered,2,
7962,cmd,0,1,321.152,321.216,delivered,3,
7963,hb,2,0,321.216,321.3,delivered,4,
7964,cmd,0,2,321.28,321.364,delivered,4,
7965,hb,3,0,321.344,321.386,delivered,2,
7966,hb,4,0,321.408,321.471,delivered,3,
7967,cmd,0,3,321.408,321.451,delivered,2,
7968,cmd,0,4,321.472,321.535,delivered,3,
7969,thumb,4,0,321.536,321.646,delivered,3,
7970,hb,5,0,321.536,321.557,delivered,1,
7971,hb,1,0,321.6,321.667,delivered,3,
7972,cmd,0,5,321.6,321.621,delivered,1,
7973,cmd,0,1,321.664,321.727,delivered,3,
7974,hb,2,0,321.728,321.833,delivered,4,
7975,cmd,0,2,321.792,321.898,delivered,4,
7976,hb,3,0,321.856,321.919,delivered,2,
7977,thumb,5,0,321.856,321.915,delivered,1,
7978,cmd,0,3,321.856,321.916,delivered,2,
7979,hb,4,0,321.92,321.983,delivered,3,
7980,cmd,0,4,321.984,322.047,delivered,3,
7981,hb,5,0,322.048,322.069,delivered,1,
7982,hb,1,0,322.112,322.175,delivered,3,
7983,cmd,0,5,322.112,322.154,delivered,1,
7984,cmd,0,1,322.176,322.239,delivered,3,
7985,hb,2,0,322.24,322.324,delivered,4,
7986,hb,3,0,322.304,322.346,delivered,2,
7987,cmd,0,2,322.304,322.41,delivered,4,
7988,cmd,0,3,322.368,322.41,delivered,2,
7989,thumb,1,0,322.432,322.543,delivered,3,
7990,hb,4,0,322.432,322.511,delivered,3,
7991,cmd,0,4,322.496,322.566,delivered,3,
7992,hb,5,0,322.56,322.582,delivered,1,
7993,cmd,0,5,322.56,322.602,delivered,1,
7994,hb,1,0,322.624,322.687,delivered,3,
7995,cmd,0,1,322.688,322.751,delivered,3,
7996,hb,2,0,322.752,322.926,delivered,4,
7997,thumb,2,0,322.752,322.96,delivered,4,
7998,cmd,0,2,322.752,322.907,delivered,4,
7999,hb,3,0,322.816,322.925,delivered,2,
8000,cmd,0,3,322.88,322.927,delivered,2,
8001,hb,4,0,322.944,323.007,delivered,3,
8002,hb,5,0,323.008,323.03,delivered,1,
8003,cmd,0,4,323.008,323.071,delivered,3,
8004,cmd,0,5,323.072,323.093,delivered,1,
8005,hb,1,0,323.136,323.232,delivered,3,
8006,thumb,3,0,323.136,323.21,delivered,2,
8007,hb,2,0,323.2,323.284,delivered,4,
8008,cmd,0,1,323.2,323.264,delivered,3,
8009,cmd,0,2,323.264,323.348,delivered,4,
8010,hb,3,0,323.328,323.37,delivered,2,
8011,cmd,0,3,323.392,323.434,delivered,2,
8012,hb,4,0,323.456,323.521,delivered,3,
8013,cmd,0,4,323.456,323.52,delivered,3,
8014,thumb,4,0,323.52,323.63,delivered,3,
8015,hb,5,0,323.52,323.541,delivered,1,
8016,cmd,0,5,323.584,323.605,delivered,1,
8017,hb,1,0,323.648,323.711,delivered,3,
8018,hb,2,0,323.712,323.796,delivered,4,
8019,cmd,0,1,323.712,323.776,delivered,3,
8020,cmd,0,2,323.776,323.86,delivered,4,
8021,hb,3,0,323.84,323.882,delivered,2,
8022,hb,4,0,323.904,323.967,delivered,3,
8023,thumb,5,0,323.904,323.942,delivered,1,
8024,cmd,0,3,323.904,323.947,delivered,2,
8025,cmd,0,4,323.968,324.031,delivered,3,
8026,hb,5,0,324.032,324.074,delivered,1,
8027,cmd,0,5,324.096,324.117,delivered,1,
8028,hb,1,0,324.16,324.225,delivered,3,
8029,cmd,0,1,324.16,324.224,delivered,3,
8030,hb,2,0,324.224,324.373,delivered,4,
8031,cmd,0,2,324.288,324.393,delivered,4,
8032,hb,3,0,324.352,324.415,delivered,2,
8033,cmd,0,3,324.352,324.395,delivered,2,
8034,thumb,1,0,324.416,324.527,delivered,3,
8035,hb,4,0,324.416,324.495,delivered,3,
8036,cmd,0,4,324.48,324.55,delivered,3,
8037,hb,5,0,324.544,324.565,delivered,1,
8038,hb,1,0,324.608,324.671,delivered,3,
8039,cmd,0,5,324.608,324.629,delivered,1,
8040,cmd,0,1,324.672,324.735,delivered,3,
8041,hb,2,0,324.736,324.876,delivered,4,
8042,thumb,2,0,324.8,324.97,delivered,4,
8043,hb,3,0,324.8,324.897,delivered,2,
8044,cmd,0,2,324.8,324.917,delivered,4,
8045,cmd,0,3,324.864,324.935,delivered,2,
8046,hb,4,0,324.928,324.992,delivered,3,
8047,cmd,0,4,324.992,325.055,delivered,3,
8048,hb,5,0,325.056,325.078,delivered,1,
8049,cmd,0,5,325.056,325.077,delivered,1,
8050,hb,1,0,325.12,325.216,delivered,3,
8051,thumb,3,0,325.12,325.194,delivered,2,
8052,cmd,0,1,325.184,325.247,delivered,3,
8053,hb,2,0,325.248,325.332,delivered,4,
8054,hb,3,0,325.312,325.354,delivered,2,
8055,cmd,0,2,325.312,325.397,delivered,4,
8056,cmd,0,3,325.376,325.418,delivered,2,
8057,hb,4,0,325.44,325.503,delivered,3,
8058,thumb,4,0,325.504,325.616,delivered,3,
8059,hb,5,0,325.504,325.526,delivered,1,
8060,cmd,0,4,325.504,325.599,delivered,3,
8061,cmd,0,5,325.568,325.589,delivered,1,
8062,hb,1,0,325.632,325.716,delivered,3,
8063,cmd,0,1,325.696,325.78,delivered,3,
8064,hb,2,0,325.76,325.844,delivered,4,
8065,cmd,0,2,325.76,325.845,delivered,4,
8066,hb,3,0,325.824,325.867,delivered,2,
8067,thumb,5,0,325.888,325.926,delivered,1,
8068,cmd,0,3,325.888,325.93,delivered,2,
8069,hb,4,0,325.952,326.017,delivered,3,
8070,cmd,0,4,325.952,326.016,delivered,3,
8071,hb,5,0,326.016,326.037,delivered,1,
8072,cmd,0,5,326.08,326.101,delivered,1,
8073,hb,1,0,326.144,326.207,delivered,3,
8074,hb,2,0,326.208,326.292,delivered,4,
8075,cmd,0,1,326.208,326.272,delivered,3,
8076,cmd,0,2,326.272,326.356,delivered,4,
8077,hb,3,0,326.336,326.378,delivered,2,
8078,thumb,1,0,326.4,326.512,delivered,3,
8079,hb,4,0,326.4,326.479,delivered,3,
8080,cmd,0,3,326.4,326.459,delivered,2,
8081,cmd,0,4,326.464,326.535,delivered,3,
8082,hb,5,0,326.528,326.549,delivered,1,
8083,cmd,0,5,326.592,326.613,delivered,1,
8084,hb,1,0,326.656,326.721,delivered,3,
8085,cmd,0,1,326.656,326.72,delivered,3,
8086,hb,2,0,326.72,326.804,delivered,4,
8087,thumb,2,0,326.784,326.998,delivered,4,
8088,cmd,0,2,326.784,326.921,delivered,4,
8089,hb,3,0,326.848,326.943,delivered,2,
8090,hb,4,0,326.912,326.982,delivered,3,
8091,cmd,0,3,326.912,326.962,delivered,2,
8092,cmd,0,4,326.976,327.062,delivered,3,
8093,hb,5,0,327.04,327.063,delivered,1,
8094,hb,1,0,327.104,327.188,delivered,3,
8095,cmd,0,5,327.104,327.125,delivered,1,
8096,thumb,3,0,327.168,327.248,delivered,2,
8097,cmd,0,1,327.168,327.231,delivered,3,
8098,hb,2,0,327.232,327.316,delivered,4,
8099,cmd,0,2,327.296,327.38,delivered,4,
8100,hb,3,0,327.36,327.403,delivered,2,
8101,cmd,0,3,327.36,327.402,delivered,2,
8102,hb,4,0,327.424,327.487,delivered,3,
8103,thumb,4,0,327.488,327.601,delivered,3,
8104,cmd,0,4,327.488,327.583,delivered,3,
8105,hb,5,0,327.552,327.584,delivered,1,
8106,cmd,0,5,327.552,327.573,delivered,1,
8107,hb,1,0,327.616,327.7,delivered,3,
8108,cmd,0,1,327.68,327.743,delivered,3,
8109,hb,2,0,327.744,327.828,delivered,4,
8110,hb,3,0,327.808,327.85,delivered,2,
8111,cmd,0,2,327.808,327.914,delivered,4,
8112,thumb,5,0,327.872,327.91,delivered,1,
8113,cmd,0,3,327.872,327.914,delivered,2,
8114,hb,4,0,327.936,327.999,delivered,3,
8115,hb,5,0,328.0,328.022,delivered,1,
8116,cmd,0,4,328.0,328.063,delivered,3,
8117,cmd,0,5,328.064,328.085,delivered,1,
8118,hb,1,0,328.128,328.233,delivered,3,
8119,cmd,0,1,328.192,328.255,delivered,3,
8120,hb,2,0,328.256,328.34,delivered,4,
8121,cmd,0,2,328.256,328.341,delivered,4,
8122,hb,3,0,328.32,328.363,delivered,2,
8123,thumb,1,0,328.384,328.494,delivered,3,
8124,cmd,0,3,328.384,328.458,delivered,2,
8125,hb,4,0,328.448,328.515,delivered,3,
8126,hb,5,0,328.512,328.534,delivered,1,
8127,cmd,0,4,328.512,328.575,delivered,3,
8128,cmd,0,5,328.576,328.597,delivered,1,
8129,hb,1,0,328.64,328.703,delivered,3,
8130,hb,2,0,328.704,328.788,delivered,4,
8131,cmd,0,1,328.704,328.768,delivered,3,
8132,thumb,2,0,328.768,328.917,delivered,4,
8133,cmd,0,2,328.768,328.863,delivered,4,
8134,hb,3,0,328.832,328.885,delivered,2,
8135,cmd,0,3,328.896,328.939,delivered,2,
8136,hb,4,0,328.96,329.025,delivered,3,
8137,cmd,0,4,328.96,329.024,delivered,3,
8138,hb,5,0,329.024,329.045,delivered,1,
8139,cmd,0,5,329.088,329.109,delivered,1,
8140,hb,1,0,329.152,329.238,delivered,3,
8141,thumb,3,0,329.152,329.255,delivered,2,
8142,cmd,0,1,329.152,329.237,delivered,3,
8143,hb,2,0,329.216,329.3,delivered,4,
8144,cmd,0,2,329.28,329.364,delivered,4,
8145,hb,3,0,329.344,329.386,delivered,2,
8146,hb,4,0,329.408,329.471,delivered,3,
8147,cmd,0,3,329.408,329.451,delivered,2,
8148,cmd,0,4,329.472,329.535,delivered,3,
8149,thumb,4,0,329.536,329.646,delivered,3,
8150,hb,5,0,329.536,329.557,delivered,1,
8151,hb,1,0,329.6,329.667,delivered,3,
8152,cmd,0,5,329.6,329.621,delivered,1,
8153,cmd,0,1,329.664,329.727,delivered,3,
8154,hb,2,0,329.728,329.812,delivered,4,
8155,cmd,0,2,329.792,329.898,delivered,4,
8156,hb,3,0,329.856,329.919,delivered,2,
8157,thumb,5,0,329.856,329.915,delivered,1,
8158,cmd,0,3,329.856,329.916,delivered,2,
8159,hb,4,0,329.92,329.983,delivered,3,
8160,cmd,0,4,329.984,330.047,delivered,3,
8161,hb,5,0,330.048,330.069,delivered,1,
8162,hb,1,0,330.112,330.175,delivered,3,
8163,cmd,0,5,330.112,330.133,delivered,1,
8164,cmd,0,1,330.176,330.26,delivered,3,
8165,hb,2,0,330.24,330.324,delivered,4,
8166,hb,3,0,330.304,330.346,delivered,2,
8167,cmd,0,2,330.304,330.389,delivered,4,
8168,cmd,0,3,330.368,330.41,delivered,2,
8169,thumb,1,0,330.432,330.543,delivered,3,
8170,hb,4,0,330.432,330.511,delivered,3,
8171,cmd,0,4,330.496,330.566,delivered,3,
8172,hb,5,0,330.56,330.582,delivered,1,
8173,cmd,0,5,330.56,330.581,delivered,1,
8174,hb,1,0,330.624,330.708,delivered,3,
8175,cmd,0,1,330.688,330.751,delivered,3,
8176,hb,2,0,330.752,330.871,delivered,4,
8177,thumb,2,0,330.752,330.944,delivered,4,
8178,cmd,0,2,330.752,330.912,delivered,4,
8179,hb,3,0,330.816,330.869,delivered,2,
8180,cmd,0,3,330.88,330.945,delivered,2,
8181,hb,4,0,330.944,331.007,delivered,3,
8182,hb,5,0,331.008,331.03,delivered,1,
8183,cmd,0,4,331.008,331.071,delivered,3,
8184,cmd,0,5,331.072,331.093,delivered,1,
8185,hb,1,0,331.136,331.178,delivered,2,
8186,thumb,3,0,331.136,331.173,delivered,1,
8187,hb,2,0,331.2,331.263,delivered,3,
8188,cmd,0,1,331.2,331.243,delivered,2,
8189,cmd,0,2,331.264,331.327,delivered,3,
8190,hb,3,0,331.328,331.349,delivered,1,
8191,cmd,0,3,331.392,331.413,delivered,1,
8192,hb,4,0,331.456,331.498,delivered,2,
8193,cmd,0,4,331.456,331.499,delivered,2,
8194,thumb,4,0,331.52,331.593,delivered,2,
8195,hb,5,0,331.52,331.541,delivered,1,
8196,cmd,0,5,331.584,331.605,delivered,1,
8197,hb,1,0,331.648,331.732,delivered,2,
8198,hb,2,0,331.712,331.796,delivered,3,
8199,cmd,0,1,331.712,331.797,delivered,2,
8200,cmd,0,2,331.776,331.84,delivered,3,
8201,hb,3,0,331.84,331.861,delivered,1,
8202,hb,4,0,331.904,331.947,delivered,2,
8203,thumb,5,0,331.904,331.942,delivered,1,
8204,cmd,0,3,331.904,331.946,delivered,1,
8205,cmd,0,4,331.968,332.01,delivered,2,
8206,hb,5,0,332.032,332.053,delivered,1,
8207,cmd,0,5,332.096,332.117,delivered,1,
8208,hb,1,0,332.16,332.224,delivered,2,
8209,cmd,0,1,332.16,332.225,delivered,2,
8210,hb,2,0,332.224,332.287,delivered,3,
8211,cmd,0,2,332.288,332.351,delivered,3,
8212,hb,3,0,332.352,332.374,delivered,1,
8213,cmd,0,3,332.352,332.394,delivered,1,
8214,thumb,1,0,332.416,332.491,delivered,2,
8215,hb,4,0,332.416,332.474,delivered,2,
8216,cmd,0,4,332.48,332.522,delivered,2,
8217,hb,5,0,332.544,332.565,delivered,1,
8218,hb,1,0,332.608,332.65,delivered,2,
8219,cmd,0,5,332.608,332.629,delivered,1,
8220,cmd,0,1,332.672,332.714,delivered,2,
8221,hb,2,0,332.736,332.799,delivered,3,
8222,thumb,2,0,332.8,332.912,delivered,3,
8223,hb,3,0,332.8,332.822,delivered,1,
8224,cmd,0,2,332.8,332.895,delivered,3,
8225,cmd,0,3,332.864,332.885,delivered,1,
8226,hb,4,0,332.928,332.97,delivered,2,
8227,cmd,0,4,332.992,333.034,delivered,2,
8228,hb,5,0,333.056,333.078,delivered,1,
8229,cmd,0,5,333.056,333.077,delivered,1,
8230,hb,1,0,333.12,333.162,delivered,2,
8231,thumb,3,0,333.12,333.157,delivered,1,
8232,cmd,0,1,333.184,333.226,delivered,2,
8233,hb,2,0,333.248,333.332,delivered,3,
8234,hb,3,0,333.312,333.334,delivered,1,
8235,cmd,0,2,333.312,333.375,delivered,3,
8236,cmd,0,3,333.376,333.397,delivered,1,
8237,hb,4,0,333.44,333.482,delivered,2,
8238,thumb,4,0,333.504,333.577,delivered,2,
8239,hb,5,0,333.504,333.526,delivered,1,
8240,cmd,0,4,333.504,333.546,delivered,2,
8241,cmd,0,5,333.568,333.589,delivered,1,
8242,hb,1,0,333.632,333.695,delivered,2,
8243,cmd,0,1,333.696,333.738,delivered,2,
8244,hb,2,0,333.76,333.844,delivered,3,
8245,cmd,0,2,333.76,333.866,delivered,3,
8246,hb,3,0,333.824,333.867,delivered,1,
8247,thumb,5,0,333.888,333.926,delivered,1,
8248,cmd,0,3,333.888,333.909,delivered,1,
8249,hb,4,0,333.952,333.994,delivered,2,
8250,cmd,0,4,333.952,333.995,delivered,2,
8251,hb,5,0,334.016,334.037,delivered,1,
8252,cmd,0,5,334.08,334.101,delivered,1,
8253,hb,1,0,334.144,334.186,delivered,2,
8254,hb,2,0,334.208,334.271,delivered,3,
8255,cmd,0,1,334.208,334.251,delivered,2,
8256,cmd,0,2,334.272,334.378,delivered,3,
8257,hb,3,0,334.336,334.378,delivered,1,
8258,thumb,1,0,334.4,334.475,delivered,2,
8259,hb,4,0,334.4,334.458,delivered,2,
8260,cmd,0,3,334.4,334.442,delivered,1,
8261,cmd,0,4,334.464,334.506,delivered,2,
8262,hb,5,0,334.528,334.549,delivered,1,
8263,cmd,0,5,334.592,334.613,delivered,1,
8264,hb,1,0,334.656,334.698,delivered,2,
8265,cmd,0,1,334.656,334.699,delivered,2,
8266,hb,2,0,334.72,334.804,delivered,3,
8267,thumb,2,0,334.784,334.897,delivered,3,
8268,cmd,0,2,334.784,334.879,delivered,3,
8269,hb,3,0,334.848,334.88,delivered,1,
8270,hb,4,0,334.912,334.954,delivered,2,
8271,cmd,0,3,334.912,334.933,delivered,1,
8272,cmd,0,4,334.976,335.018,delivered,2,
8273,hb,5,0,335.04,335.061,delivered,1,
8274,hb,1,0,335.104,335.146,delivered,2,
8275,cmd,0,5,335.104,335.125,delivered,1,
8276,thumb,3,0,335.168,335.206,delivered,1,
8277,cmd,0,1,335.168,335.21,delivered,2,
8278,hb,2,0,335.232,335.295,delivered,3,
8279,cmd,0,2,335.296,335.359,delivered,3,
8280,hb,3,0,335.36,335.382,delivered,1,
8281,cmd,0,3,335.36,335.381,delivered,1,
8282,hb,4,0,335.424,335.466,delivered,2,
8283,thumb,4,0,335.488,335.561,delivered,2,
8284,cmd,0,4,335.488,335.53,delivered,2,
8285,hb,5,0,335.552,335.574,delivered,1,
8286,cmd,0,5,335.552,335.573,delivered,1,
8287,hb,1,0,335.616,335.658,delivered,2,
8288,cmd,0,1,335.68,335.743,delivered,2,
8289,hb,2,0,335.744,335.807,delivered,3,
8290,hb,3,0,335.808,335.83,delivered,1,
8291,cmd,0,2,335.808,335.892,delivered,3,
8292,thumb,5,0,335.872,335.91,delivered,1,
8293,cmd,0,3,335.872,335.893,delivered,1,
8294,hb,4,0,335.936,335.999,delivered,2,
8295,hb,5,0,336.0,336.022,delivered,1,
8296,cmd,0,4,336.0,336.042,delivered,2,
8297,cmd,0,5,336.064,336.085,delivered,1,
8298,hb,1,0,336.128,336.17,delivered,2,
8299,cmd,0,1,336.192,336.255,delivered,2,
8300,hb,2,0,336.256,336.321,delivered,3,
8301,cmd,0,2,336.256,336.341,delivered,3,
8302,hb,3,0,336.32,336.342,delivered,1,
8303,thumb,1,0,336.384,336.457,delivered,2,
8304,cmd,0,3,336.384,336.405,delivered,1,
8305,hb,4,0,336.448,336.49,delivered,2,
8306,hb,5,0,336.512,336.534,delivered,1,
8307,cmd,0,4,336.512,336.554,delivered,2,
8308,cmd,0,5,336.576,336.597,delivered,1,
8309,hb,1,0,336.64,336.682,delivered,2,
8310,hb,2,0,336.704,336.767,delivered,3,
8311,cmd,0,1,336.704,336.747,delivered,2,
8312,thumb,2,0,336.768,336.881,delivered,3,
8313,cmd,0,2,336.768,336.863,delivered,3,
8314,hb,3,0,336.832,336.864,delivered,1,
8315,cmd,0,3,336.896,336.917,delivered,1,
8316,hb,4,0,336.96,337.002,delivered,2,
8317,cmd,0,4,336.96,337.003,delivered,2,
8318,hb,5,0,337.024,337.045,delivered,1,
8319,cmd,0,5,337.088,337.109,delivered,1,
8320,hb,1,0,337.152,337.194,delivered,2,
8321,thumb,3,0,337.152,337.19,delivered,1,
8322,cmd,0,1,337.152,337.237,delivered,2,
8323,hb,2,0,337.216,337.3,delivered,3,
8324,cmd,0,2,337.28,337.343,delivered,3,
8325,hb,3,0,337.344,337.386,delivered,1,
8326,hb,4,0,337.408,337.45,delivered,2,
8327,cmd,0,3,337.408,337.429,delivered,1,
8328,cmd,0,4,337.472,337.514,delivered,2,
8329,thumb,4,0,337.536,337.609,delivered,2,
8330,hb,5,0,337.536,337.557,delivered,1,
8331,hb,1,0,337.6,337.642,delivered,2,
8332,cmd,0,5,337.6,337.621,delivered,1,
8333,cmd,0,1,337.664,337.706,delivered,2,
8334,hb,2,0,337.728,337.853,delivered,3,
8335,cmd,0,2,337.792,337.876,delivered,3,
8336,hb,3,0,337.856,337.899,delivered,1,
8337,thumb,5,0,337.856,337.895,delivered,1,
8338,cmd,0,3,337.856,337.877,delivered,1,
8339,hb,4,0,337.92,337.962,delivered,2,
8340,cmd,0,4,337.984,338.026,delivered,2,
8341,hb,5,0,338.048,338.069,delivered,1,
8342,hb,1,0,338.112,338.154,delivered,2,
8343,cmd,0,5,338.112,338.133,delivered,1,
8344,cmd,0,1,338.176,338.218,delivered,2,
8345,hb,2,0,338.24,338.303,delivered,3,
8346,hb,3,0,338.304,338.326,delivered,1,
8347,cmd,0,2,338.304,338.367,delivered,3,
8348,cmd,0,3,338.368,338.389,delivered,1,
8349,thumb,1,0,338.432,338.507,delivered,2,
8350,hb,4,0,338.432,338.49,delivered,2,
8351,cmd,0,4,338.496,338.538,delivered,2,
8352,hb,5,0,338.56,338.582,delivered,1,
8353,cmd,0,5,338.56,338.581,delivered,1,
8354,hb,1,0,338.624,338.666,delivered,2,
8355,cmd,0,1,338.688,338.73,delivered,2,
8356,hb,2,0,338.752,338.817,delivered,3,
8357,thumb,2,0,338.752,338.89,delivered,3,
8358,cmd,0,2,338.752,338.837,delivered,3,
8359,hb,3,0,338.816,338.855,delivered,1,
8360,cmd,0,3,338.88,338.901,delivered,1,
8361,hb,4,0,338.944,338.986,delivered,2,
8362,hb,5,0,339.008,339.03,delivered,1,
8363,cmd,0,4,339.008,339.05,delivered,2,
8364,cmd,0,5,339.072,339.093,delivered,1,
8365,hb,1,0,339.136,339.178,delivered,2,
8366,thumb,3,0,339.136,339.173,delivered,1,
8367,hb,2,0,339.2,339.287,delivered,3,
8368,cmd,0,1,339.2,339.285,delivered,2,
8369,cmd,0,2,339.264,339.328,delivered,3,
8370,hb,3,0,339.328,339.349,delivered,1,
8371,cmd,0,3,339.392,339.434,delivered,1,
8372,hb,4,0,339.456,339.498,delivered,2,
8373,cmd,0,4,339.456,339.499,delivered,2,
8374,thumb,4,0,339.52,339.593,delivered,2,
8375,hb,5,0,339.52,339.541,delivered,1,
8376,cmd,0,5,339.584,339.605,delivered,1,
8377,hb,1,0,339.648,339.69,delivered,2,
8378,hb,2,0,339.712,339.775,delivered,3,
8379,cmd,0,1,339.712,339.755,delivered,2,
8380,cmd,0,2,339.776,339.839,delivered,3,
8381,hb,3,0,339.84,339.861,delivered,1,
8382,hb,4,0,339.904,339.946,delivered,2,
8383,thumb,5,0,339.904,339.942,delivered,1,
8384,cmd,0,3,339.904,339.925,delivered,1,
8385,cmd,0,4,339.968,340.01,delivered,2,
8386,hb,5,0,340.032,340.053,delivered,1,
8387,cmd,0,5,340.096,340.117,delivered,1,
8388,hb,1,0,340.16,340.202,delivered,2,
8389,cmd,0,1,340.16,340.203,delivered,2,
8390,hb,2,0,340.224,340.287,delivered,3,
8391,cmd,0,2,340.288,340.394,delivered,3,
8392,hb,3,0,340.352,340.415,delivered,1,
8393,cmd,0,3,340.352,340.374,delivered,1,
8394,thumb,1,0,340.416,340.491,delivered,2,
8395,hb,4,0,340.416,340.474,delivered,2,
8396,cmd,0,4,340.48,340.543,delivered,2,
8397,hb,5,0,340.544,340.565,delivered,1,
8398,hb,1,0,340.608,340.65,delivered,2,
8399,cmd,0,5,340.608,340.629,delivered,1,
8400,cmd,0,1,340.672,340.714,delivered,2,
8401,hb,2,0,340.736,340.799,delivered,3,
8402,thumb,2,0,340.8,340.946,delivered,3,
8403,hb,3,0,340.8,340.822,delivered,1,
8404,cmd,0,2,340.8,340.874,delivered,3,
8405,cmd,0,3,340.864,340.906,delivered,1,
8406,hb,4,0,340.928,340.97,delivered,2,
8407,cmd,0,4,340.992,341.034,delivered,2,
8408,hb,5,0,341.056,341.078,delivered,1,
8409,cmd,0,5,341.056,341.077,delivered,1,
8410,hb,1,0,341.12,341.162,delivered,2,
8411,thumb,3,0,341.12,341.157,delivered,1,
8412,cmd,0,1,341.184,341.226,delivered,2,
8413,hb,2,0,341.248,341.311,delivered,3,
8414,hb,3,0,341.312,341.334,delivered,1,
8415,cmd,0,2,341.312,341.375,delivered,3,
8416,cmd,0,3,341.376,341.397,delivered,1,
8417,hb,4,0,341.44,341.482,delivered,2,
8418,thumb,4,0,341.504,341.577,delivered,2,
8419,hb,5,0,341.504,341.526,delivered,1,
8420,cmd,0,4,341.504,341.546,delivered,2,
8421,cmd,0,5,341.568,341.589,delivered,1,
8422,hb,1,0,341.632,341.674,delivered,2,
8423,cmd,0,1,341.696,341.738,delivered,2,
8424,hb,2,0,341.76,341.825,delivered,3,
8425,cmd,0,2,341.76,341.824,delivered,3,
8426,hb,3,0,341.824,341.845,delivered,1,
8427,thumb,5,0,341.888,341.926,delivered,1,
8428,cmd,0,3,341.888,341.909,delivered,1,
8429,hb,4,0,341.952,342.015,delivered,2,
8430,cmd,0,4,341.952,342.016,delivered,2,
8431,hb,5,0,342.016,342.037,delivered,1,
8432,cmd,0,5,342.08,342.101,delivered,1,
8433,hb,1,0,342.144,342.186,delivered,2,
8434,hb,2,0,342.208,342.271,delivered,3,
8435,cmd,0,1,342.208,342.272,delivered,2,
8436,cmd,0,2,342.272,342.335,delivered,3,
8437,hb,3,0,342.336,342.357,delivered,1,
8438,thumb,1,0,342.4,342.475,delivered,2,
8439,hb,4,0,342.4,342.458,delivered,2,
8440,cmd,0,3,342.4,342.442,delivered,1,
8441,cmd,0,4,342.464,342.506,delivered,2,
8442,hb,5,0,342.528,342.549,delivered,1,
8443,cmd,0,5,342.592,342.613,delivered,1,
8444,hb,1,0,342.656,342.698,delivered,2,
8445,cmd,0,1,342.656,342.699,delivered,2,
8446,hb,2,0,342.72,342.783,delivered,3,
8447,thumb,2,0,342.784,342.897,delivered,3,
8448,cmd,0,2,342.784,342.879,delivered,3,
8449,hb,3,0,342.848,342.88,delivered,1,
8450,hb,4,0,342.912,342.976,delivered,2,
8451,cmd,0,3,342.912,342.954,delivered,1,
8452,cmd,0,4,342.976,343.018,delivered,2,
8453,hb,5,0,343.04,343.061,delivered,1,
8454,hb,1,0,343.104,343.146,delivered,2,
8455,cmd,0,5,343.104,343.125,delivered,1,
8456,thumb,3,0,343.168,343.206,delivered,1,
8457,cmd,0,1,343.168,343.231,delivered,2,
8458,hb,2,0,343.232,343.295,delivered,3,
8459,cmd,0,2,343.296,343.359,delivered,3,
8460,hb,3,0,343.36,343.382,delivered,1,
8461,cmd,0,3,343.36,343.381,delivered,1,
8462,hb,4,0,343.424,343.487,delivered,2,
8463,thumb,4,0,343.488,343.561,delivered,2,
8464,cmd,0,4,343.488,343.53,delivered,2,
8465,hb,5,0,343.552,343.574,delivered,1,
8466,cmd,0,5,343.552,343.573,delivered,1,
8467,hb,1,0,343.616,343.658,delivered,2,
8468,cmd,0,1,343.68,343.722,delivered,2,
8469,hb,2,0,343.744,343.828,delivered,3,
8470,hb,3,0,343.808,343.83,delivered,1,
8471,cmd,0,2,343.808,343.871,delivered,3,
8472,thumb,5,0,343.872,343.91,delivered,1,
8473,cmd,0,3,343.872,343.893,delivered,1,
8474,hb,4,0,343.936,343.978,delivered,2,
8475,hb,5,0,344.0,344.022,delivered,1,
8476,cmd,0,4,344.0,344.042,delivered,2,
8477,cmd,0,5,344.064,344.085,delivered,1,
8478,hb,1,0,344.128,344.17,delivered,2,
8479,cmd,0,1,344.192,344.234,delivered,2,
8480,hb,2,0,344.256,344.321,delivered,3,
8481,cmd,0,2,344.256,344.32,delivered,3,
8482,hb,3,0,344.32,344.341,delivered,1,
8483,thumb,1,0,344.384,344.457,delivered,2,
8484,cmd,0,3,344.384,344.405,delivered,1,
8485,hb,4,0,344.448,344.49,delivered,2,
8486,hb,5,0,344.512,344.534,delivered,1,
8487,cmd,0,4,344.512,344.554,delivered,2,
8488,cmd,0,5,344.576,344.597,delivered,1,
8489,hb,1,0,344.64,344.682,delivered,2,
8490,hb,2,0,344.704,344.767,delivered,3,
8491,cmd,0,1,344.704,344.747,delivered,2,
8492,thumb,2,0,344.768,344.902,delivered,3,
8493,cmd,0,2,344.768,344.884,delivered,3,
8494,hb,3,0,344.832,344.885,delivered,1,
8495,cmd,0,3,344.896,344.917,delivered,1,
8496,hb,4,0,344.96,345.002,delivered,2,
8497,cmd,0,4,344.96,345.003,delivered,2,
8498,hb,5,0,345.024,345.045,delivered,1,
8499,cmd,0,5,345.088,345.109,delivered,1,
8500,hb,1,0,345.152,345.194,delivered,2,
8501,thumb,3,0,345.152,345.19,delivered,1,
8502,cmd,0,1,345.152,345.195,delivered,2,
8503,hb,2,0,345.216,345.279,delivered,3,
8504,cmd,0,2,345.28,345.343,delivered,3,
8505,hb,3,0,345.344,345.365,delivered,1,
8506,hb,4,0,345.408,345.45,delivered,2,
8507,cmd,0,3,345.408,345.429,delivered,1,
8508,cmd,0,4,345.472,345.514,delivered,2,
8509,thumb,4,0,345.536,345.609,delivered,2,
8510,hb,5,0,345.536,345.557,delivered,1,
8511,hb,1,0,345.6,345.642,delivered,2,
8512,cmd,0,5,345.6,345.621,delivered,1,
8513,cmd,0,1,345.664,345.706,delivered,2,
8514,hb,2,0,345.728,345.812,delivered,3,
8515,cmd,0,2,345.792,345.855,delivered,3,
8516,hb,3,0,345.856,345.878,delivered,1,
8517,thumb,5,0,345.856,345.895,delivered,1,
8518,cmd,0,3,345.856,345.877,delivered,1,
8519,hb,4,0,345.92,345.962,delivered,2,
8520,cmd,0,4,345.984,346.026,delivered,2,
8521,hb,5,0,346.048,346.069,delivered,1,
8522,hb,1,0,346.112,346.154,delivered,2,
8523,cmd,0,5,346.112,346.133,delivered,1,
8524,cmd,0,1,346.176,346.218,delivered,2,
8525,hb,2,0,346.24,346.303,delivered,3,
8526,hb,3,0,346.304,346.326,delivered,1,
8527,cmd,0,2,346.304,346.367,delivered,3,
8528,cmd,0,3,346.368,346.389,delivered,1,
8529,thumb,1,0,346.432,346.542,delivered,2,
8530,hb,4,0,346.432,346.506,delivered,2,
8531,cmd,0,4,346.496,346.543,delivered,2,
8532,hb,5,0,346.56,346.582,delivered,1,
8533,cmd,0,5,346.56,346.581,delivered,1,
8534,hb,1,0,346.624,346.666,delivered,2,
8535,cmd,0,1,346.688,346.73,delivered,2,
8536,hb,2,0,346.752,346.817,delivered,3,
8537,thumb,2,0,346.752,346.883,delivered,3,
8538,cmd,0,2,346.752,346.816,delivered,3,
8539,hb,3,0,346.816,346.848,delivered,1,
8540,cmd,0,3,346.88,346.901,delivered,1,
8541,hb,4,0,346.944,346.986,delivered,2,
8542,hb,5,0,347.008,347.03,delivered,1,
8543,cmd,0,4,347.008,347.05,delivered,2,
8544,cmd,0,5,347.072,347.093,delivered,1,
8545,hb,1,0,347.136,347.178,delivered,2,
8546,thumb,3,0,347.136,347.173,delivered,1,
8547,hb,2,0,347.2,347.263,delivered,3,
8548,cmd,0,1,347.2,347.243,delivered,2,
8549,cmd,0,2,347.264,347.327,delivered,3,
8550,hb,3,0,347.328,347.349,delivered,1,
8551,cmd,0,3,347.392,347.413,delivered,1,
8552,hb,4,0,347.456,347.498,delivered,2,
8553,cmd,0,4,347.456,347.499,delivered,2,
8554,thumb,4,0,347.52,347.593,delivered,2,
8555,hb,5,0,347.52,347.557,delivered,1,
8556,cmd,0,5,347.584,347.605,delivered,1,
8557,hb,1,0,347.648,347.69,delivered,2,
8558,hb,2,0,347.712,347.775,delivered,3,
8559,cmd,0,1,347.712,347.755,delivered,2,
8560,cmd,0,2,347.776,347.839,delivered,3,
8561,hb,3,0,347.84,347.861,delivered,1,
8562,hb,4,0,347.904,347.946,delivered,2,
8563,thumb,5,0,347.904,347.942,delivered,1,
8564,cmd,0,3,347.904,347.925,delivered,1,
8565,cmd,0,4,347.968,348.01,delivered,2,
8566,hb,5,0,348.032,348.053,delivered,1,
8567,cmd,0,5,348.096,348.117,delivered,1,
8568,hb,1,0,348.16,348.202,delivered,2,
8569,cmd,0,1,348.16,348.203,delivered,2,
8570,hb,2,0,348.224,348.287,delivered,3,
8571,cmd,0,2,348.288,348.351,delivered,3,
8572,hb,3,0,348.352,348.374,delivered,1,
8573,cmd,0,3,348.352,348.373,delivered,1,
8574,thumb,1,0,348.416,348.491,delivered,2,
8575,hb,4,0,348.416,348.474,delivered,2,
8576,cmd,0,4,348.48,348.522,delivered,2,
8577,hb,5,0,348.544,348.565,delivered,1,
8578,hb,1,0,348.608,348.65,delivered,2,
8579,cmd,0,5,348.608,348.629,delivered,1,
8580,cmd,0,1,348.672,348.714,delivered,2,
8581,hb,2,0,348.736,348.799,delivered,3,
8582,thumb,2,0,348.8,348.912,delivered,3,
8583,hb,3,0,348.8,348.822,delivered,1,
8584,cmd,0,2,348.8,348.895,delivered,3,
8585,cmd,0,3,348.864,348.885,delivered,1,
8586,hb,4,0,348.928,348.97,delivered,2,
8587,cmd,0,4,348.992,349.034,delivered,2,
8588,hb,5,0,349.056,349.078,delivered,1,
8589,cmd,0,5,349.056,349.077,delivered,1,
8590,hb,1,0,349.12,349.162,delivered,2,
8591,thumb,3,0,349.12,349.157,delivered,1,
8592,cmd,0,1,349.184,349.247,delivered,2,
8593,hb,2,0,349.248,349.311,delivered,3,
8594,hb,3,0,349.312,349.334,delivered,1,
8595,cmd,0,2,349.312,349.375,delivered,3,
8596,cmd,0,3,349.376,349.397,delivered,1,
8597,hb,4,0,349.44,349.461,delivered,1,
8598,thumb,4,0,349.504,349.542,delivered,1,
8599,hb,5,0,349.504,349.543,delivered,1,
8600,cmd,0,4,349.504,349.525,delivered,1,
8601,cmd,0,5,349.568,349.589,delivered,1,
8602,hb,1,0,349.632,349.674,delivered,2,
8603,cmd,0,1,349.696,349.759,delivered,2,
8604,hb,2,0,349.76,349.825,delivered,3,
8605,cmd,0,2,349.76,349.824,delivered,3,
8606,hb,3,0,349.824,349.845,delivered,1,
8607,thumb,5,0,349.888,349.926,delivered,1,
8608,cmd,0,3,349.888,349.909,delivered,1,
8609,hb,4,0,349.952,349.974,delivered,1,
8610,cmd,0,4,349.952,349.973,delivered,1,
8611,hb,5,0,350.016,350.037,delivered,1,
8612,cmd,0,5,350.08,350.101,delivered,1,
8613,hb,1,0,350.144,350.207,delivered,2,
8614,hb,2,0,350.208,350.295,delivered,3,
8615,cmd,0,1,350.208,350.293,delivered,2,
8616,cmd,0,2,350.272,350.336,delivered,3,
8617,hb,3,0,350.336,350.357,delivered,1,
8618,thumb,1,0,350.4,350.473,delivered,2,
8619,hb,4,0,350.4,350.437,delivered,1,
8620,cmd,0,3,350.4,350.421,delivered,1,
8621,cmd,0,4,350.464,350.485,delivered,1,
8622,hb,5,0,350.528,350.549,delivered,1,
8623,cmd,0,5,350.592,350.613,delivered,1,
8624,hb,1,0,350.656,350.698,delivered,2,
8625,cmd,0,1,350.656,350.699,delivered,2,
8626,hb,2,0,350.72,350.783,delivered,3,
8627,thumb,2,0,350.784,350.897,delivered,3,
8628,cmd,0,2,350.784,350.879,delivered,3,
8629,hb,3,0,350.848,350.88,delivered,1,
8630,hb,4,0,350.912,350.934,delivered,1,
8631,cmd,0,3,350.912,350.933,delivered,1,
8632,cmd,0,4,350.976,350.997,delivered,1,
8633,hb,5,0,351.04,351.061,delivered,1,
8634,hb,1,0,351.104,351.146,delivered,2,
8635,cmd,0,5,351.104,351.125,delivered,1,
8636,thumb,3,0,351.168,351.206,delivered,1,
8637,cmd,0,1,351.168,351.21,delivered,2,
8638,hb,2,0,351.232,351.316,delivered,3,
8639,cmd,0,2,351.296,351.359,delivered,3,
8640,hb,3,0,351.36,351.382,delivered,1,
8641,cmd,0,3,351.36,351.381,delivered,1,
8642,hb,4,0,351.424,351.445,delivered,1,
8643,thumb,4,0,351.488,351.526,delivered,1,
8644,cmd,0,4,351.488,351.53,delivered,1,
8645,hb,5,0,351.552,351.574,delivered,1,
8646,cmd,0,5,351.552,351.573,delivered,1,
8647,hb,1,0,351.616,351.658,delivered,2,
8648,cmd,0,1,351.68,351.722,delivered,2,
8649,hb,2,0,351.744,351.828,delivered,3,
8650,hb,3,0,351.808,351.83,delivered,1,
8651,cmd,0,2,351.808,351.871,delivered,3,
8652,thumb,5,0,351.872,351.91,delivered,1,
8653,cmd,0,3,351.872,351.893,delivered,1,
8654,hb,4,0,351.936,351.957,delivered,1,
8655,hb,5,0,352.0,352.022,delivered,1,
8656,cmd,0,4,352.0,352.021,delivered,1,
8657,cmd,0,5,352.064,352.085,delivered,1,
8658,hb,1,0,352.128,352.17,delivered,2,
8659,cmd,0,1,352.192,352.255,delivered,2,
8660,hb,2,0,352.256,352.343,delivered,3,
8661,cmd,0,2,352.256,352.341,delivered,3,
8662,hb,3,0,352.32,352.342,delivered,1,
8663,thumb,1,0,352.384,352.457,delivered,2,
8664,cmd,0,3,352.384,352.405,delivered,1,
8665,hb,4,0,352.448,352.49,delivered,1,
8666,hb,5,0,352.512,352.534,delivered,1,
8667,cmd,0,4,352.512,352.533,delivered,1,
8668,cmd,0,5,352.576,352.597,delivered,1,
8669,hb,1,0,352.64,352.682,delivered,2,
8670,hb,2,0,352.704,352.767,delivered,3,
8671,cmd,0,1,352.704,352.747,delivered,2,
8672,thumb,2,0,352.768,352.902,delivered,3,
8673,cmd,0,2,352.768,352.884,delivered,3,
8674,hb,3,0,352.832,352.885,delivered,1,
8675,cmd,0,3,352.896,352.917,delivered,1,
8676,hb,4,0,352.96,352.982,delivered,1,
8677,cmd,0,4,352.96,352.981,delivered,1,
8678,hb,5,0,353.024,353.045,delivered,1,
8679,cmd,0,5,353.088,353.109,delivered,1,
8680,hb,1,0,353.152,353.194,delivered,2,
8681,thumb,3,0,353.152,353.19,delivered,1,
8682,cmd,0,1,353.152,353.216,delivered,2,
8683,hb,2,0,353.216,353.279,delivered,3,
8684,cmd,0,2,353.28,353.343,delivered,3,
8685,hb,3,0,353.344,353.365,delivered,1,
8686,hb,4,0,353.408,353.43,delivered,1,
8687,cmd,0,3,353.408,353.429,delivered,1,
8688,cmd,0,4,353.472,353.493,delivered,1,
8689,thumb,4,0,353.536,353.573,delivered,1,
8690,hb,5,0,353.536,353.573,delivered,1,
8691,hb,1,0,353.6,353.642,delivered,2,
8692,cmd,0,5,353.6,353.621,delivered,1,
8693,cmd,0,1,353.664,353.706,delivered,2,
8694,hb,2,0,353.728,353.791,delivered,3,
8695,cmd,0,2,353.792,353.855,delivered,3,
8696,hb,3,0,353.856,353.878,delivered,1,
8697,thumb,5,0,353.856,353.895,delivered,1,
8698,cmd,0,3,353.856,353.877,delivered,1,
8699,hb,4,0,353.92,353.941,delivered,1,
8700,cmd,0,4,353.984,354.005,delivered,1,
8701,hb,5,0,354.048,354.069,delivered,1,
8702,hb,1,0,354.112,354.154,delivered,2,
8703,cmd,0,5,354.112,354.133,delivered,1,
8704,cmd,0,1,354.176,354.218,delivered,2,
8705,hb,2,0,354.24,354.303,delivered,3,
8706,hb,3,0,354.304,354.326,delivered,1,
8707,cmd,0,2,354.304,354.367,delivered,3,
8708,cmd,0,3,354.368,354.389,delivered,1,
8709,thumb,1,0,354.432,354.505,delivered,2,
8710,hb,4,0,354.432,354.469,delivered,1,
8711,cmd,0,4,354.496,354.517,delivered,1,
8712,hb,5,0,354.56,354.582,delivered,1,
8713,cmd,0,5,354.56,354.581,delivered,1,
8714,hb,1,0,354.624,354.666,delivered,2,
8715,cmd,0,1,354.688,354.73,delivered,2,
8716,hb,2,0,354.752,354.817,delivered,3,
8717,thumb,2,0,354.752,354.883,delivered,3,
8718,cmd,0,2,354.752,354.816,delivered,3,
8719,hb,3,0,354.816,354.848,delivered,1,
8720,cmd,0,3,354.88,354.901,delivered,1,
8721,hb,4,0,354.944,354.965,delivered,1,
8722,hb,5,0,355.008,355.03,delivered,1,
8723,cmd,0,4,355.008,355.071,delivered,1,
8724,cmd,0,5,355.072,355.093,delivered,1,
8725,hb,1,0,355.136,355.199,delivered,2,
8726,thumb,3,0,355.136,355.173,delivered,1,
8727,hb,2,0,355.2,355.263,delivered,3,
8728,cmd,0,1,355.2,355.243,delivered,2,
8729,cmd,0,2,355.264,355.327,delivered,3,
8730,hb,3,0,355.328,355.349,delivered,1,
8731,cmd,0,3,355.392,355.413,delivered,1,
8732,hb,4,0,355.456,355.478,delivered,1,
8733,cmd,0,4,355.456,355.477,delivered,1,
8734,thumb,4,0,355.52,355.557,delivered,1,
8735,hb,5,0,355.52,355.557,delivered,1,
8736,cmd,0,5,355.584,355.605,delivered,1,
8737,hb,1,0,355.648,355.69,delivered,2,
8738,hb,2,0,355.712,355.775,delivered,3,
8739,cmd,0,1,355.712,355.755,delivered,2,
8740,cmd,0,2,355.776,355.839,delivered,3,
8741,hb,3,0,355.84,355.861,delivered,1,
8742,hb,4,0,355.904,355.926,delivered,1,
8743,thumb,5,0,355.904,355.943,delivered,1,
8744,cmd,0,3,355.904,355.925,delivered,1,
8745,cmd,0,4,355.968,356.01,delivered,1,
8746,hb,5,0,356.032,356.053,delivered,1,
8747,cmd,0,5,356.096,356.117,delivered,1,
8748,hb,1,0,356.16,356.202,delivered,2,
8749,cmd,0,1,356.16,356.203,delivered,2,
8750,hb,2,0,356.224,356.287,delivered,3,
8751,cmd,0,2,356.288,356.351,delivered,3,
8752,hb,3,0,356.352,356.374,delivered,1,
8753,cmd,0,3,356.352,356.373,delivered,1,
8754,thumb,1,0,356.416,356.489,delivered,2,
8755,hb,4,0,356.416,356.453,delivered,1,
8756,cmd,0,4,356.48,356.501,delivered,1,
8757,hb,5,0,356.544,356.565,delivered,1,
8758,hb,1,0,356.608,356.65,delivered,2,
8759,cmd,0,5,356.608,356.629,delivered,1,
8760,cmd,0,1,356.672,356.714,delivered,2,
8761,hb,2,0,356.736,356.799,delivered,3,
8762,thumb,2,0,356.8,356.912,delivered,3,
8763,hb,3,0,356.8,356.822,delivered,1,
8764,cmd,0,2,356.8,356.895,delivered,3,
8765,cmd,0,3,356.864,356.885,delivered,1,
8766,hb,4,0,356.928,356.949,delivered,1,
8767,cmd,0,4,356.992,357.013,delivered,1,
8768,hb,5,0,357.056,357.078,delivered,1,
8769,cmd,0,5,357.056,357.077,delivered,1,
8770,hb,1,0,357.12,357.162,delivered,2,
8771,thumb,3,0,357.12,357.157,delivered,1,
8772,cmd,0,1,357.184,357.226,delivered,2,
8773,hb,2,0,357.248,357.311,delivered,3,
8774,hb,3,0,357.312,357.334,delivered,1,
8775,cmd,0,2,357.312,357.375,delivered,3,
8776,cmd,0,3,357.376,357.397,delivered,1,
8777,hb,4,0,357.44,357.524,delivered,1,
8778,thumb,4,0,357.504,357.542,delivered,1,
8779,hb,5,0,357.504,357.543,delivered,1,
8780,cmd,0,4,357.504,357.525,delivered,1,
8781,cmd,0,5,357.568,357.589,delivered,1,
8782,hb,1,0,357.632,357.674,delivered,2,
8783,cmd,0,1,357.696,357.738,delivered,2,
8784,hb,2,0,357.76,357.825,delivered,3,
8785,cmd,0,2,357.76,357.824,delivered,3,
8786,hb,3,0,357.824,357.845,delivered,1,
8787,thumb,5,0,357.888,357.926,delivered,1,
8788,cmd,0,3,357.888,357.909,delivered,1,
8789,hb,4,0,357.952,357.974,delivered,1,
8790,cmd,0,4,357.952,357.973,delivered,1,
8791,hb,5,0,358.016,358.037,delivered,1,
8792,cmd,0,5,358.08,358.101,delivered,1,
8793,hb,1,0,358.144,358.186,delivered,2,
8794,hb,2,0,358.208,358.292,delivered,3,
8795,cmd,0,1,358.208,358.251,delivered,2,
8796,cmd,0,2,358.272,358.335,delivered,3,
8797,hb,3,0,358.336,358.357,delivered,1,
8798,thumb,1,0,358.4,358.473,delivered,2,
8799,hb,4,0,358.4,358.437,delivered,1,
8800,cmd,0,3,358.4,358.421,delivered,1,
8801,cmd,0,4,358.464,358.485,delivered,1,
8802,hb,5,0,358.528,358.549,delivered,1,
8803,cmd,0,5,358.592,358.613,delivered,1,
8804,hb,1,0,358.656,358.698,delivered,2,
8805,cmd,0,1,358.656,358.699,delivered,2,
8806,hb,2,0,358.72,358.783,delivered,3,
8807,thumb,2,0,358.784,358.897,delivered,3,
8808,cmd,0,2,358.784,358.879,delivered,3,
8809,hb,3,0,358.848,358.88,delivered,1,
8810,hb,4,0,358.912,358.934,delivered,1,
8811,cmd,0,3,358.912,358.933,delivered,1,
8812,cmd,0,4,358.976,358.997,delivered,1,
8813,hb,5,0,359.04,359.061,delivered,1,
8814,hb,1,0,359.104,359.146,delivered,2,
8815,cmd,0,5,359.104,359.125,delivered,1,
8816,thumb,3,0,359.168,359.206,delivered,1,
8817,cmd,0,1,359.168,359.21,delivered,2,
8818,hb,2,0,359.232,359.295,delivered,3,
8819,cmd,0,2,359.296,359.359,delivered,3,
8820,hb,3,0,359.36,359.382,delivered,1,
8821,cmd,0,3,359.36,359.381,delivered,1,
8822,hb,4,0,359.424,359.445,delivered,1,
8823,thumb,4,0,359.488,359.526,delivered,1,
8824,cmd,0,4,359.488,359.509,delivered,1,
8825,hb,5,0,359.552,359.574,delivered,1,
8826,cmd,0,5,359.552,359.573,delivered,1,
8827,hb,1,0,359.616,359.658,delivered,2,
8828,cmd,0,1,359.68,359.722,delivered,2,
8829,hb,2,0,359.744,359.807,delivered,3,
8830,hb,3,0,359.808,359.83,delivered,1,
8831,cmd,0,2,359.808,359.871,delivered,3,
8832,cmd,0,3,359.872,359.893,delivered,1,
8833,hb,4,0,359.936,359.957,delivered,1,
8834,hb,5,0,360.0,360.022,delivered,1,
8835,cmd,0,4,360.0,360.021,delivered,1,
8836,cmd,0,5,360.064,360.085,delivered,1,
8837,hb,1,0,360.128,360.17,delivered,2,
8838,cmd,0,1,360.192,360.234,delivered,2,
8839,hb,2,0,360.256,360.321,delivered,3,
8840,cmd,0,2,360.256,360.32,delivered,3,
8841,hb,3,0,360.32,360.341,delivered,1,
8842,thumb,1,0,360.384,360.457,delivered,2,
8843,cmd,0,3,360.384,360.405,delivered,1,
8844,hb,4,0,360.448,360.469,delivered,1,
8845,hb,5,0,360.512,360.534,delivered,1,
8846,cmd,0,4,360.512,360.533,delivered,1,
8847,cmd,0,5,360.576,360.597,delivered,1,
8848,hb,1,0,360.64,360.682,delivered,2,
8849,hb,2,0,360.704,360.767,delivered,3,
8850,cmd,0,1,360.704,360.747,delivered,2,
8851,thumb,2,0,360.768,360.881,delivered,3,
8852,cmd,0,2,360.768,360.863,delivered,3,
8853,hb,3,0,360.832,360.864,delivered,1,
8854,cmd,0,3,360.896,360.917,delivered,1,
8855,hb,4,0,360.96,360.982,delivered,1,
8856,cmd,0,4,360.96,360.981,delivered,1,
8857,hb,5,0,361.024,361.045,delivered,1,
8858,cmd,0,5,361.088,361.109,delivered,1,
8859,hb,1,0,361.152,361.194,delivered,2,
8860,thumb,3,0,361.152,361.19,delivered,1,
8861,cmd,0,1,361.152,361.195,delivered,2,
8862,hb,2,0,361.216,361.279,delivered,3,
8863,cmd,0,2,361.28,361.343,delivered,3,
8864,hb,3,0,361.344,361.365,delivered,1,
8865,hb,4,0,361.408,361.43,delivered,1,
8866,cmd,0,3,361.408,361.429,delivered,1,
8867,cmd,0,4,361.472,361.493,delivered,1,
8868,thumb,4,0,361.536,361.573,delivered,1,
8869,hb,5,0,361.536,361.573,delivered,1,
8870,hb,1,0,361.6,361.642,delivered,2,
8871,cmd,0,5,361.6,361.621,delivered,1,
8872,cmd,0,1,361.664,361.706,delivered,2,
8873,hb,2,0,361.728,361.791,delivered,3,
8874,cmd,0,2,361.792,361.855,delivered,3,
8875,hb,3,0,361.856,361.878,delivered,1,
8876,cmd,0,3,361.856,361.877,delivered,1,
8877,hb,4,0,361.92,361.941,delivered,1,
8878,cmd,0,4,361.984,362.005,delivered,1,
8879,hb,5,0,362.048,362.069,delivered,1,
8880,hb,1,0,362.112,362.154,delivered,2,
8881,cmd,0,5,362.112,362.133,delivered,1,
8882,cmd,0,1,362.176,362.218,delivered,2,
8883,hb,2,0,362.24,362.303,delivered,3,
8884,hb,3,0,362.304,362.326,delivered,1,
8885,cmd,0,2,362.304,362.367,delivered,3,
8886,cmd,0,3,362.368,362.389,delivered,1,
8887,thumb,1,0,362.432,362.505,delivered,2,
8888,hb,4,0,362.432,362.469,delivered,1,
8889,cmd,0,4,362.496,362.517,delivered,1,
8890,hb,5,0,362.56,362.582,delivered,1,
8891,cmd,0,5,362.56,362.581,delivered,1,
8892,hb,1,0,362.624,362.666,delivered,2,
8893,cmd,0,1,362.688,362.73,delivered,2,
8894,hb,2,0,362.752,362.817,delivered,3,
8895,thumb,2,0,362.752,362.92,delivered,3,
8896,cmd,0,2,362.752,362.816,delivered,3,
8897,hb,3,0,362.816,362.848,delivered,1,
8898,cmd,0,3,362.88,362.901,delivered,1,
8899,hb,4,0,362.944,362.965,delivered,1,
8900,hb,5,0,363.008,363.03,delivered,1,
8901,cmd,0,4,363.008,363.029,delivered,1,
8902,cmd,0,5,363.072,363.093,delivered,1,
8903,hb,1,0,363.136,363.178,delivered,2,
8904,thumb,3,0,363.136,363.173,delivered,1,
8905,hb,2,0,363.2,363.263,delivered,3,
8906,cmd,0,1,363.2,363.243,delivered,2,
8907,cmd,0,2,363.264,363.327,delivered,3,
8908,hb,3,0,363.328,363.349,delivered,1,
8909,cmd,0,3,363.392,363.413,delivered,1,
8910,hb,4,0,363.456,363.478,delivered,1,
8911,cmd,0,4,363.456,363.477,delivered,1,
8912,thumb,4,0,363.52,363.557,delivered,1,
8913,hb,5,0,363.52,363.557,delivered,1,
8914,cmd,0,5,363.584,363.605,delivered,1,
8915,hb,1,0,363.648,363.69,delivered,2,
8916,hb,2,0,363.712,363.775,delivered,3,
8917,cmd,0,1,363.712,363.776,delivered,2,
8918,cmd,0,2,363.776,363.839,delivered,3,
8919,hb,3,0,363.84,363.861,delivered,1,
8920,hb,4,0,363.904,363.926,delivered,1,
8921,cmd,0,3,363.904,363.925,delivered,1,
8922,cmd,0,4,363.968,363.989,delivered,1,
8923,hb,5,0,364.032,364.053,delivered,1,
8924,cmd,0,5,364.096,364.117,delivered,1,
8925,hb,1,0,364.16,364.202,delivered,2,
8926,cmd,0,1,364.16,364.203,delivered,2,
8927,hb,2,0,364.224,364.287,delivered,3,
8928,cmd,0,2,364.288,364.351,delivered,3,
8929,hb,3,0,364.352,364.374,delivered,1,
8930,cmd,0,3,364.352,364.373,delivered,1,
8931,thumb,1,0,364.416,364.489,delivered,2,
8932,hb,4,0,364.416,364.453,delivered,1,
8933,cmd,0,4,364.48,364.501,delivered,1,
8934,hb,5,0,364.544,364.565,delivered,1,
8935,hb,1,0,364.608,364.65,delivered,2,
8936,cmd,0,5,364.608,364.629,delivered,1,
8937,cmd,0,1,364.672,364.714,delivered,2,
8938,hb,2,0,364.736,364.799,delivered,3,
8939,thumb,2,0,364.8,364.912,delivered,3,
8940,hb,3,0,364.8,364.822,delivered,1,
8941,cmd,0,2,364.8,364.895,delivered,3,
8942,cmd,0,3,364.864,364.885,delivered,1,
8943,hb,4,0,364.928,364.949,delivered,1,
8944,cmd,0,4,364.992,365.013,delivered,1,
8945,hb,5,0,365.056,365.078,delivered,1,
8946,cmd,0,5,365.056,365.077,delivered,1,
8947,hb,1,0,365.12,365.162,delivered,2,
8948,thumb,3,0,365.12,365.157,delivered,1,
8949,cmd,0,1,365.184,365.226,delivered,2,
8950,hb,2,0,365.248,365.311,delivered,3,
8951,hb,3,0,365.312,365.334,delivered,1,
8952,cmd,0,2,365.312,365.375,delivered,3,
8953,cmd,0,3,365.376,365.397,delivered,1,
8954,hb,4,0,365.44,365.461,delivered,1,
8955,thumb,4,0,365.504,365.542,delivered,1,
8956,hb,5,0,365.504,365.543,delivered,1,
8957,cmd,0,4,365.504,365.525,delivered,1,
8958,cmd,0,5,365.568,365.589,delivered,1,
8959,hb,1,0,365.632,365.674,delivered,2,
8960,cmd,0,1,365.696,365.738,delivered,2,
8961,hb,2,0,365.76,365.825,delivered,3,
8962,cmd,0,2,365.76,365.824,delivered,3,
8963,hb,3,0,365.824,365.845,delivered,1,
8964,cmd,0,3,365.888,365.909,delivered,1,
8965,hb,4,0,365.952,365.974,delivered,1,
8966,cmd,0,4,365.952,365.973,delivered,1,
8967,hb,5,0,366.016,366.037,delivered,1,
8968,cmd,0,5,366.08,366.101,delivered,1,
8969,hb,1,0,366.144,366.186,delivered,2,
8970,hb,2,0,366.208,366.271,delivered,3,
8971,cmd,0,1,366.208,366.251,delivered,2,
8972,cmd,0,2,366.272,366.335,delivered,3,
8973,hb,3,0,366.336,366.357,delivered,1,
8974,thumb,1,0,366.4,366.51,delivered,2,
8975,hb,4,0,366.4,366.437,delivered,1,
8976,cmd,0,3,366.4,366.421,delivered,1,
8977,cmd,0,4,366.464,366.485,delivered,1,
8978,hb,5,0,366.528,366.549,delivered,1,
8979,cmd,0,5,366.592,366.613,delivered,1,
8980,hb,1,0,366.656,366.678,delivered,1,
8981,cmd,0,1,366.656,366.677,delivered,1,
8982,hb,2,0,366.72,366.762,delivered,2,
8983,thumb,2,0,366.784,366.857,delivered,2,
8984,cmd,0,2,366.784,366.858,delivered,2,
8985,hb,3,0,366.848,366.869,delivered,1,
8986,hb,4,0,366.912,366.934,delivered,1,
8987,cmd,0,3,366.912,366.933,delivered,1,
8988,cmd,0,4,366.976,366.997,delivered,1,
8989,hb,5,0,367.04,367.061,delivered,1,
8990,hb,1,0,367.104,367.126,delivered,1,
8991,cmd,0,5,367.104,367.125,delivered,1,
8992,thumb,3,0,367.168,367.206,delivered,1,
8993,cmd,0,1,367.168,367.189,delivered,1,
8994,hb,2,0,367.232,367.295,delivered,2,
8995,cmd,0,2,367.296,367.338,delivered,2,
8996,hb,3,0,367.36,367.382,delivered,1,
8997,cmd,0,3,367.36,367.381,delivered,1,
8998,hb,4,0,367.424,367.445,delivered,1,
8999,thumb,4,0,367.488,367.526,delivered,1,
9000,cmd,0,4,367.488,367.509,delivered,1,
9001,hb,5,0,367.552,367.574,delivered,1,
9002,cmd,0,5,367.552,367.573,delivered,1,
9003,hb,1,0,367.616,367.637,delivered,1,
9004,cmd,0,1,367.68,367.701,delivered,1,
9005,hb,2,0,367.744,367.807,delivered,2,
9006,hb,3,0,367.808,367.83,delivered,1,
9007,cmd,0,2,367.808,367.85,delivered,2,
9008,cmd,0,3,367.872,367.893,delivered,1,
9009,hb,4,0,367.936,367.957,delivered,1,
9010,hb,5,0,368.0,368.022,delivered,1,
9011,cmd,0,4,368.0,368.021,delivered,1,
9012,cmd,0,5,368.064,368.085,delivered,1,
9013,hb,1,0,368.128,368.149,delivered,1,
9014,cmd,0,1,368.192,368.213,delivered,1,
9015,hb,2,0,368.256,368.298,delivered,2,
9016,cmd,0,2,368.256,368.299,delivered,2,
9017,hb,3,0,368.32,368.341,delivered,1,
9018,thumb,1,0,368.384,368.458,delivered,1,
9019,cmd,0,3,368.384,368.405,delivered,1,
9020,hb,4,0,368.448,368.469,delivered,1,
9021,hb,5,0,368.512,368.534,delivered,1,
9022,cmd,0,4,368.512,368.533,delivered,1,
9023,cmd,0,5,368.576,368.597,delivered,1,
9024,hb,1,0,368.64,368.682,delivered,1,
9025,hb,2,0,368.704,368.746,delivered,2,
9026,cmd,0,1,368.704,368.725,delivered,1,
9027,thumb,2,0,368.768,368.841,delivered,2,
9028,cmd,0,2,368.768,368.81,delivered,2,
9029,hb,3,0,368.832,368.853,delivered,1,
9030,cmd,0,3,368.896,368.917,delivered,1,
9031,hb,4,0,368.96,368.982,delivered,1,
9032,cmd,0,4,368.96,368.981,delivered,1,
9033,hb,5,0,369.024,369.045,delivered,1,
9034,cmd,0,5,369.088,369.109,delivered,1,
9035,hb,1,0,369.152,369.195,delivered,1,
9036,thumb,3,0,369.152,369.191,delivered,1,
9037,cmd,0,1,369.152,369.173,delivered,1,
9038,hb,2,0,369.216,369.279,delivered,2,
9039,cmd,0,2,369.28,369.322,delivered,2,
9040,hb,3,0,369.344,369.365,delivered,1,
9041,hb,4,0,369.408,369.43,delivered,1,
9042,cmd,0,3,369.408,369.429,delivered,1,
9043,cmd,0,4,369.472,369.493,delivered,1,
9044,thumb,4,0,369.536,369.573,delivered,1,
9045,hb,5,0,369.536,369.573,delivered,1,
9046,hb,1,0,369.6,369.622,delivered,1,
9047,cmd,0,5,369.6,369.621,delivered,1,
9048,cmd,0,1,369.664,369.685,delivered,1,
9049,hb,2,0,369.728,369.77,delivered,2,
9050,cmd,0,2,369.792,369.834,delivered,2,
9051,hb,3,0,369.856,369.878,delivered,1,
9052,cmd,0,3,369.856,369.877,delivered,1,
9053,hb,4,0,369.92,369.941,delivered,1,
9054,cmd,0,4,369.984,370.005,delivered,1,
9055,hb,5,0,370.048,370.069,delivered,1,
9056,hb,1,0,370.112,370.134,delivered,1,
9057,cmd,0,5,370.112,370.133,delivered,1,
9058,cmd,0,1,370.176,370.197,delivered,1,
9059,hb,2,0,370.24,370.282,delivered,2,
9060,hb,3,0,370.304,370.326,delivered,1,
9061,cmd,0,2,370.304,370.346,delivered,2,
9062,cmd,0,3,370.368,370.389,delivered,1,
9063,thumb,1,0,370.432,370.469,delivered,1,
9064,hb,4,0,370.432,370.469,delivered,1,
9065,cmd,0,4,370.496,370.517,delivered,1,
9066,hb,5,0,370.56,370.582,delivered,1,
9067,cmd,0,5,370.56,370.581,delivered,1,
9068,hb,1,0,370.624,370.645,delivered,1,
9069,cmd,0,1,370.688,370.709,delivered,1,
9070,hb,2,0,370.752,370.794,delivered,2,
9071,thumb,2,0,370.752,370.883,delivered,2,
9072,cmd,0,2,370.752,370.811,delivered,2,
9073,hb,3,0,370.816,370.884,delivered,1,
9074,cmd,0,3,370.88,370.901,delivered,1,
9075,hb,4,0,370.944,370.965,delivered,1,
9076,hb,5,0,371.008,371.03,delivered,1,
9077,cmd,0,4,371.008,371.029,delivered,1,
9078,cmd,0,5,371.072,371.093,delivered,1,
9079,hb,1,0,371.136,371.157,delivered,1,
9080,thumb,3,0,371.136,371.173,delivered,1,
9081,hb,2,0,371.2,371.242,delivered,2,
9082,cmd,0,1,371.2,371.221,delivered,1,
9083,cmd,0,2,371.264,371.306,delivered,2,
9084,hb,3,0,371.328,371.349,delivered,1,
9085,cmd,0,3,371.392,371.413,delivered,1,
9086,hb,4,0,371.456,371.478,delivered,1,
9087,cmd,0,4,371.456,371.477,delivered,1,
9088,thumb,4,0,371.52,371.557,delivered,1,
9089,hb,5,0,371.52,371.557,delivered,1,
9090,cmd,0,5,371.584,371.605,delivered,1,
9091,hb,1,0,371.648,371.669,delivered,1,
9092,hb,2,0,371.712,371.754,delivered,2,
9093,cmd,0,1,371.712,371.733,delivered,1,
9094,cmd,0,2,371.776,371.818,delivered,2,
9095,hb,3,0,371.84,371.861,delivered,1,
9096,hb,4,0,371.904,371.926,delivered,1,
9097,cmd,0,3,371.904,371.925,delivered,1,
9098,cmd,0,4,371.968,371.989,delivered,1,
9099,hb,5,0,372.032,372.053,delivered,1,
9100,cmd,0,5,372.096,372.117,delivered,1,
9101,hb,1,0,372.16,372.182,delivered,1,
9102,cmd,0,1,372.16,372.181,delivered,1,
9103,hb,2,0,372.224,372.266,delivered,2,
9104,cmd,0,2,372.288,372.33,delivered,2,
9105,hb,3,0,372.352,372.374,delivered,1,
9106,cmd,0,3,372.352,372.373,delivered,1,
9107,thumb,1,0,372.416,372.453,delivered,1,
9108,hb,4,0,372.416,372.453,delivered,1,
9109,cmd,0,4,372.48,372.501,delivered,1,
9110,hb,5,0,372.544,372.565,delivered,1,
9111,hb,1,0,372.608,372.63,delivered,1,
9112,cmd,0,5,372.608,372.629,delivered,1,
9113,cmd,0,1,372.672,372.693,delivered,1,
9114,hb,2,0,372.736,372.778,delivered,2,
9115,thumb,2,0,372.8,372.873,delivered,2,
9116,hb,3,0,372.8,372.822,delivered,1,
9117,cmd,0,2,372.8,372.874,delivered,2,
9118,cmd,0,3,372.864,372.885,delivered,1,
9119,hb,4,0,372.928,372.949,delivered,1,
9120,cmd,0,4,372.992,373.013,delivered,1,
9121,hb,5,0,373.056,373.078,delivered,1,
9122,cmd,0,5,373.056,373.077,delivered,1,
9123,hb,1,0,373.12,373.141,delivered,1,
9124,thumb,3,0,373.12,373.157,delivered,1,
9125,cmd,0,1,373.184,373.247,delivered,1,
9126,hb,2,0,373.248,373.29,delivered,2,
9127,hb,3,0,373.312,373.334,delivered,1,
9128,cmd,0,2,373.312,373.354,delivered,2,
9129,cmd,0,3,373.376,373.397,delivered,1,
9130,hb,4,0,373.44,373.461,delivered,1,
9131,thumb,4,0,373.504,373.542,delivered,1,
9132,hb,5,0,373.504,373.543,delivered,1,
9133,cmd,0,4,373.504,373.525,delivered,1,
9134,cmd,0,5,373.568,373.589,delivered,1,
9135,hb,1,0,373.632,373.653,delivered,1,
9136,cmd,0,1,373.696,373.738,delivered,1,
9137,hb,2,0,373.76,373.802,delivered,2,
9138,cmd,0,2,373.76,373.803,delivered,2,
9139,hb,3,0,373.824,373.845,delivered,1,
9140,cmd,0,3,373.888,373.909,delivered,1,
9141,hb,4,0,373.952,373.974,delivered,1,
9142,cmd,0,4,373.952,373.973,delivered,1,
9143,hb,5,0,374.016,374.037,delivered,1,
9144,cmd,0,5,374.08,374.101,delivered,1,
9145,hb,1,0,374.144,374.165,delivered,1,
9146,hb,2,0,374.208,374.25,delivered,2,
9147,cmd,0,1,374.208,374.229,delivered,1,
9148,cmd,0,2,374.272,374.314,delivered,2,
9149,hb,3,0,374.336,374.357,delivered,1,
9150,thumb,1,0,374.4,374.438,delivered,1,
9151,hb,4,0,374.4,374.439,delivered,1,
9152,cmd,0,3,374.4,374.421,delivered,1,
9153,cmd,0,4,374.464,374.485,delivered,1,
9154,hb,5,0,374.528,374.549,delivered,1,
9155,cmd,0,5,374.592,374.613,delivered,1,
9156,hb,1,0,374.656,374.678,delivered,1,
9157,cmd,0,1,374.656,374.677,delivered,1,
9158,hb,2,0,374.72,374.762,delivered,2,
9159,thumb,2,0,374.784,374.857,delivered,2,
9160,cmd,0,2,374.784,374.826,delivered,2,
9161,hb,3,0,374.848,374.869,delivered,1,
9162,hb,4,0,374.912,374.934,delivered,1,
9163,cmd,0,3,374.912,374.933,delivered,1,
9164,cmd,0,4,374.976,374.997,delivered,1,
9165,hb,5,0,375.04,375.061,delivered,1,
9166,hb,1,0,375.104,375.126,delivered,1,
9167,cmd,0,5,375.104,375.125,delivered,1,
9168,thumb,3,0,375.168,375.206,delivered,1,
9169,cmd,0,1,375.168,375.189,delivered,1,
9170,hb,2,0,375.232,375.274,delivered,2,
9171,cmd,0,2,375.296,375.338,delivered,2,
9172,hb,3,0,375.36,375.382,delivered,1,
9173,cmd,0,3,375.36,375.381,delivered,1,
9174,hb,4,0,375.424,375.445,delivered,1,
9175,thumb,4,0,375.488,375.526,delivered,1,
9176,cmd,0,4,375.488,375.509,delivered,1,
9177,hb,5,0,375.552,375.574,delivered,1,
9178,cmd,0,5,375.552,375.573,delivered,1,
9179,hb,1,0,375.616,375.637,delivered,1,
9180,cmd,0,1,375.68,375.722,delivered,1,
9181,hb,2,0,375.744,375.786,delivered,2,
9182,hb,3,0,375.808,375.83,delivered,1,
9183,cmd,0,2,375.808,375.85,delivered,2,
9184,cmd,0,3,375.872,375.893,delivered,1,
9185,hb,4,0,375.936,375.957,delivered,1,
9186,hb,5,0,376.0,376.022,delivered,1,
9187,cmd,0,4,376.0,376.021,delivered,1,
9188,cmd,0,5,376.064,376.085,delivered,1,
9189,hb,1,0,376.128,376.149,delivered,1,
9190,cmd,0,1,376.192,376.213,delivered,1,
9191,hb,2,0,376.256,376.319,delivered,2,
9192,cmd,0,2,376.256,376.341,delivered,2,
9193,hb,3,0,376.32,376.342,delivered,1,
9194,thumb,1,0,376.384,376.422,delivered,1,
9195,cmd,0,3,376.384,376.405,delivered,1,
9196,hb,4,0,376.448,376.469,delivered,1,
9197,hb,5,0,376.512,376.534,delivered,1,
9198,cmd,0,4,376.512,376.533,delivered,1,
9199,cmd,0,5,376.576,376.597,delivered,1,
9200,hb,1,0,376.64,376.661,delivered,1,
9201,hb,2,0,376.704,376.746,delivered,2,
9202,cmd,0,1,376.704,376.725,delivered,1,
9203,thumb,2,0,376.768,376.848,delivered,2,
9204,cmd,0,2,376.768,376.831,delivered,2,
9205,hb,3,0,376.832,376.853,delivered,1,
9206,cmd,0,3,376.896,376.917,delivered,1,
9207,hb,4,0,376.96,376.982,delivered,1,
9208,cmd,0,4,376.96,376.981,delivered,1,
9209,hb,5,0,377.024,377.045,delivered,1,
9210,cmd,0,5,377.088,377.109,delivered,1,
9211,hb,1,0,377.152,377.174,delivered,1,
9212,thumb,3,0,377.152,377.191,delivered,1,
9213,cmd,0,1,377.152,377.173,delivered,1,
9214,hb,2,0,377.216,377.258,delivered,2,
9215,cmd,0,2,377.28,377.322,delivered,2,
9216,hb,3,0,377.344,377.365,delivered,1,
9217,hb,4,0,377.408,377.43,delivered,1,
9218,cmd,0,3,377.408,377.429,delivered,1,
9219,cmd,0,4,377.472,377.493,delivered,1,
9220,thumb,4,0,377.536,377.573,delivered,1,
9221,hb,5,0,377.536,377.573,delivered,1,
9222,hb,1,0,377.6,377.622,delivered,1,
9223,cmd,0,5,377.6,377.621,delivered,1,
9224,cmd,0,1,377.664,377.685,delivered,1,
9225,hb,2,0,377.728,377.77,delivered,2,
9226,cmd,0,2,377.792,377.834,delivered,2,
9227,hb,3,0,377.856,377.878,delivered,1,
9228,cmd,0,3,377.856,377.877,delivered,1,
9229,hb,4,0,377.92,377.941,delivered,1,
9230,cmd,0,4,377.984,378.005,delivered,1,
9231,hb,5,0,378.048,378.069,delivered,1,
9232,hb,1,0,378.112,378.134,delivered,1,
9233,cmd,0,5,378.112,378.133,delivered,1,
9234,cmd,0,1,378.176,378.197,delivered,1,
9235,hb,2,0,378.24,378.282,delivered,2,
9236,hb,3,0,378.304,378.326,delivered,1,
9237,cmd,0,2,378.304,378.346,delivered,2,
9238,cmd,0,3,378.368,378.389,delivered,1,
9239,thumb,1,0,378.432,378.469,delivered,1,
9240,hb,4,0,378.432,378.469,delivered,1,
9241,cmd,0,4,378.496,378.517,delivered,1,
9242,hb,5,0,378.56,378.582,delivered,1,
9243,cmd,0,5,378.56,378.581,delivered,1,
9244,hb,1,0,378.624,378.645,delivered,1,
9245,cmd,0,1,378.688,378.709,delivered,1,
9246,hb,2,0,378.752,378.794,delivered,2,
9247,thumb,2,0,378.752,378.847,delivered,2,
9248,cmd,0,2,378.752,378.811,delivered,2,
9249,hb,3,0,378.816,378.848,delivered,1,
9250,cmd,0,3,378.88,378.901,delivered,1,
9251,hb,4,0,378.944,378.965,delivered,1,
9252,hb,5,0,379.008,379.03,delivered,1,
9253,cmd,0,4,379.008,379.029,delivered,1,
9254,cmd,0,5,379.072,379.093,delivered,1,
9255,hb,1,0,379.136,379.157,delivered,1,
9256,thumb,3,0,379.136,379.173,delivered,1,
9257,hb,2,0,379.2,379.242,delivered,2,
9258,cmd,0,1,379.2,379.221,delivered,1,
9259,cmd,0,2,379.264,379.306,delivered,2,
9260,hb,3,0,379.328,379.349,delivered,1,
9261,cmd,0,3,379.392,379.413,delivered,1,
9262,hb,4,0,379.456,379.478,delivered,1,
9263,cmd,0,4,379.456,379.477,delivered,1,
9264,thumb,4,0,379.52,379.557,delivered,1,
9265,hb,5,0,379.52,379.557,delivered,1,
9266,cmd,0,5,379.584,379.605,delivered,1,
9267,hb,1,0,379.648,379.669,delivered,1,
9268,hb,2,0,379.712,379.754,delivered,2,
9269,cmd,0,1,379.712,379.733,delivered,1,
9270,cmd,0,2,379.776,379.818,delivered,2,
9271,hb,3,0,379.84,379.861,delivered,1,
9272,hb,4,0,379.904,379.926,delivered,1,
9273,cmd,0,3,379.904,379.925,delivered,1,
9274,cmd,0,4,379.968,379.989,delivered,1,
9275,hb,5,0,380.032,380.053,delivered,1,
9276,cmd,0,5,380.096,380.117,delivered,1,
9277,hb,1,0,380.16,380.182,delivered,1,
9278,cmd,0,1,380.16,380.181,delivered,1,
9279,hb,2,0,380.224,380.266,delivered,2,
9280,cmd,0,2,380.288,380.33,delivered,2,
9281,hb,3,0,380.352,380.374,delivered,1,
9282,cmd,0,3,380.352,380.373,delivered,1,
9283,thumb,1,0,380.416,380.453,delivered,1,
9284,hb,4,0,380.416,380.453,delivered,1,
9285,cmd,0,4,380.48,380.501,delivered,1,
9286,hb,5,0,380.544,380.565,delivered,1,
9287,hb,1,0,380.608,380.63,delivered,1,
9288,cmd,0,5,380.608,380.629,delivered,1,
9289,cmd,0,1,380.672,380.693,delivered,1,
9290,hb,2,0,380.736,380.778,delivered,2,
9291,thumb,2,0,380.8,380.873,delivered,2,
9292,hb,3,0,380.8,380.822,delivered,1,
9293,cmd,0,2,380.8,380.842,delivered,2,
9294,cmd,0,3,380.864,380.885,delivered,1,
9295,hb,4,0,380.928,380.949,delivered,1,
9296,cmd,0,4,380.992,381.013,delivered,1,
9297,hb,5,0,381.056,381.078,delivered,1,
9298,cmd,0,5,381.056,381.077,delivered,1,
9299,hb,1,0,381.12,381.141,delivered,1,
9300,thumb,3,0,381.12,381.157,delivered,1,
9301,cmd,0,1,381.184,381.205,delivered,1,
9302,hb,2,0,381.248,381.29,delivered,2,
9303,hb,3,0,381.312,381.334,delivered,1,
9304,cmd,0,2,381.312,381.354,delivered,2,
9305,cmd,0,3,381.376,381.397,delivered,1,
9306,hb,4,0,381.44,381.461,delivered,1,
9307,thumb,4,0,381.504,381.542,delivered,1,
9308,hb,5,0,381.504,381.543,delivered,1,
9309,cmd,0,4,381.504,381.525,delivered,1,
9310,cmd,0,5,381.568,381.589,delivered,1,
9311,hb,1,0,381.632,381.653,delivered,1,
9312,cmd,0,1,381.696,381.717,delivered,1,
9313,hb,2,0,381.76,381.802,delivered,2,
9314,cmd,0,2,381.76,381.803,delivered,2,
9315,hb,3,0,381.824,381.845,delivered,1,
9316,cmd,0,3,381.888,381.909,delivered,1,
9317,hb,4,0,381.952,381.974,delivered,1,
9318,cmd,0,4,381.952,381.973,delivered,1,
9319,hb,5,0,382.016,382.037,delivered,1,
9320,cmd,0,5,382.08,382.101,delivered,1,
9321,hb,1,0,382.144,382.165,delivered,1,
9322,hb,2,0,382.208,382.25,delivered,2,
9323,cmd,0,1,382.208,382.229,delivered,1,
9324,cmd,0,2,382.272,382.314,delivered,2,
9325,hb,3,0,382.336,382.357,delivered,1,
9326,thumb,1,0,382.4,382.438,delivered,1,
9327,hb,4,0,382.4,382.439,delivered,1,
9328,cmd,0,3,382.4,382.421,delivered,1,
9329,cmd,0,4,382.464,382.485,delivered,1,
9330,hb,5,0,382.528,382.549,delivered,1,
9331,cmd,0,5,382.592,382.613,delivered,1,
9332,hb,1,0,382.656,382.678,delivered,1,
9333,cmd,0,1,382.656,382.677,delivered,1,
9334,hb,2,0,382.72,382.762,delivered,2,
9335,thumb,2,0,382.784,382.857,delivered,2,
9336,cmd,0,2,382.784,382.826,delivered,2,
9337,hb,3,0,382.848,382.869,delivered,1,
9338,hb,4,0,382.912,382.934,delivered,1,
9339,cmd,0,3,382.912,382.933,delivered,1,
9340,cmd,0,4,382.976,382.997,delivered,1,
9341,hb,5,0,383.04,383.061,delivered,1,
9342,hb,1,0,383.104,383.126,delivered,1,
9343,cmd,0,5,383.104,383.125,delivered,1,
9344,thumb,3,0,383.168,383.206,delivered,1,
9345,cmd,0,1,383.168,383.189,delivered,1,
9346,hb,2,0,383.232,383.274,delivered,2,
9347,cmd,0,2,383.296,383.338,delivered,2,
9348,hb,3,0,383.36,383.382,delivered,1,
9349,cmd,0,3,383.36,383.381,delivered,1,
9350,hb,4,0,383.424,383.445,delivered,1,
9351,thumb,4,0,383.488,383.526,delivered,1,
9352,cmd,0,4,383.488,383.509,delivered,1,
9353,hb,5,0,383.552,383.574,delivered,1,
9354,cmd,0,5,383.552,383.573,delivered,1,
9355,hb,1,0,383.616,383.637,delivered,1,
9356,cmd,0,1,383.68,383.701,delivered,1,
9357,hb,2,0,383.744,383.786,delivered,2,
9358,hb,3,0,383.808,383.83,delivered,1,
9359,cmd,0,2,383.808,383.85,delivered,2,
9360,cmd,0,3,383.872,383.893,delivered,1,
9361,hb,4,0,383.936,383.957,delivered,1,
9362,hb,5,0,384.0,384.022,delivered,1,
9363,cmd,0,4,384.0,384.021,delivered,1,
9364,cmd,0,5,384.064,384.085,delivered,1,
9365,hb,1,0,384.128,384.149,delivered,1,
9366,cmd,0,1,384.192,384.213,delivered,1,
9367,hb,2,0,384.256,384.298,delivered,2,
9368,cmd,0,2,384.256,384.299,delivered,2,
9369,hb,3,0,384.32,384.341,delivered,1,
9370,thumb,1,0,384.384,384.422,delivered,1,
9371,cmd,0,3,384.384,384.405,delivered,1,
9372,hb,4,0,384.448,384.469,delivered,1,
9373,hb,5,0,384.512,384.534,delivered,1,
9374,cmd,0,4,384.512,384.533,delivered,1,
9375,cmd,0,5,384.576,384.597,delivered,1,
9376,hb,1,0,384.64,384.661,delivered,1,
9377,hb,2,0,384.704,384.746,delivered,2,
9378,cmd,0,1,384.704,384.725,delivered,1,
9379,thumb,2,0,384.768,384.841,delivered,2,
9380,cmd,0,2,384.768,384.81,delivered,2,
9381,hb,3,0,384.832,384.853,delivered,1,
9382,cmd,0,3,384.896,384.917,delivered,1,
9383,hb,4,0,384.96,384.982,delivered,1,
9384,cmd,0,4,384.96,384.981,delivered,1,
9385,hb,5,0,385.024,385.045,delivered,1,
9386,cmd,0,5,385.088,385.109,delivered,1,
9387,hb,1,0,385.152,385.174,delivered,1,
9388,cmd,0,1,385.152,385.173,delivered,1,
9389,hb,2,0,385.216,385.258,delivered,2,
9390,cmd,0,2,385.28,385.322,delivered,2,
9391,hb,3,0,385.344,385.365,delivered,1,
9392,hb,4,0,385.408,385.43,delivered,1,
9393,cmd,0,3,385.408,385.429,delivered,1,
9394,cmd,0,4,385.472,385.493,delivered,1,
9395,thumb,4,0,385.536,385.573,delivered,1,
9396,hb,5,0,385.536,385.573,delivered,1,
9397,hb,1,0,385.6,385.622,delivered,1,
9398,cmd,0,5,385.6,385.621,delivered,1,
9399,cmd,0,1,385.664,385.685,delivered,1,
9400,hb,2,0,385.728,385.77,delivered,2,
9401,cmd,0,2,385.792,385.855,delivered,2,
9402,hb,3,0,385.856,385.878,delivered,1,
9403,cmd,0,3,385.856,385.877,delivered,1,
9404,hb,4,0,385.92,385.941,delivered,1,
9405,cmd,0,4,385.984,386.005,delivered,1,
9406,hb,5,0,386.048,386.069,delivered,1,
9407,hb,1,0,386.112,386.134,delivered,1,
9408,cmd,0,5,386.112,386.133,delivered,1,
9409,cmd,0,1,386.176,386.197,delivered,1,
9410,hb,2,0,386.24,386.282,delivered,2,
9411,hb,3,0,386.304,386.326,delivered,1,
9412,cmd,0,2,386.304,386.346,delivered,2,
9413,cmd,0,3,386.368,386.389,delivered,1,
9414,thumb,1,0,386.432,386.469,delivered,1,
9415,hb,4,0,386.432,386.469,delivered,1,
9416,cmd,0,4,386.496,386.517,delivered,1,
9417,hb,5,0,386.56,386.582,delivered,1,
9418,cmd,0,5,386.56,386.581,delivered,1,
9419,hb,1,0,386.624,386.645,delivered,1,
9420,cmd,0,1,386.688,386.709,delivered,1,
9421,hb,2,0,386.752,386.816,delivered,2,
9422,thumb,2,0,386.752,386.869,delivered,2,
9423,cmd,0,2,386.752,386.794,delivered,2,
9424,hb,3,0,386.816,386.87,delivered,1,
9425,cmd,0,3,386.88,386.901,delivered,1,
9426,hb,4,0,386.944,386.965,delivered,1,
9427,hb,5,0,387.008,387.03,delivered,1,
9428,cmd,0,4,387.008,387.05,delivered,1,
9429,cmd,0,5,387.072,387.093,delivered,1,
9430,hb,1,0,387.136,387.157,delivered,1,
9431,hb,2,0,387.2,387.242,delivered,2,
9432,cmd,0,1,387.2,387.221,delivered,1,
9433,cmd,0,2,387.264,387.306,delivered,2,
9434,hb,3,0,387.328,387.349,delivered,1,
9435,cmd,0,3,387.392,387.413,delivered,1,
9436,hb,4,0,387.456,387.478,delivered,1,
9437,cmd,0,4,387.456,387.477,delivered,1,
9438,thumb,4,0,387.52,387.557,delivered,1,
9439,hb,5,0,387.52,387.578,delivered,1,
9440,cmd,0,5,387.584,387.605,delivered,1,
9441,hb,1,0,387.648,387.669,delivered,1,
9442,hb,2,0,387.712,387.775,delivered,2,
9443,cmd,0,1,387.712,387.733,delivered,1,
9444,cmd,0,2,387.776,387.818,delivered,2,
9445,hb,3,0,387.84,387.861,delivered,1,
9446,hb,4,0,387.904,387.926,delivered,1,
9447,cmd,0,3,387.904,387.925,delivered,1,
9448,cmd,0,4,387.968,387.989,delivered,1,
9449,hb,5,0,388.032,388.053,delivered,1,
9450,cmd,0,5,388.096,388.117,delivered,1,
9451,hb,1,0,388.16,388.203,delivered,1,
9452,cmd,0,1,388.16,388.181,delivered,1,
9453,hb,2,0,388.224,388.266,delivered,2,
9454,cmd,0,2,388.288,388.33,delivered,2,
9455,hb,3,0,388.352,388.374,delivered,1,
9456,cmd,0,3,388.352,388.373,delivered,1,
9457,thumb,1,0,388.416,388.453,delivered,1,
9458,hb,4,0,388.416,388.453,delivered,1,
9459,cmd,0,4,388.48,388.501,delivered,1,
9460,hb,5,0,388.544,388.565,delivered,1,
9461,hb,1,0,388.608,388.63,delivered,1,
9462,cmd,0,5,388.608,388.629,delivered,1,
9463,cmd,0,1,388.672,388.693,delivered,1,
9464,hb,2,0,388.736,388.778,delivered,2,
9465,thumb,2,0,388.8,388.873,delivered,2,
9466,hb,3,0,388.8,388.837,delivered,1,
9467,cmd,0,2,388.8,388.842,delivered,2,
9468,cmd,0,3,388.864,388.885,delivered,1,
9469,hb,4,0,388.928,388.949,delivered,1,
9470,cmd,0,4,388.992,389.013,delivered,1,
9471,hb,5,0,389.056,389.078,delivered,1,
9472,cmd,0,5,389.056,389.077,delivered,1,
9473,hb,1,0,389.12,389.141,delivered,1,
9474,cmd,0,1,389.184,389.205,delivered,1,
9475,hb,2,0,389.248,389.29,delivered,2,
9476,hb,3,0,389.312,389.334,delivered,1,
9477,cmd,0,2,389.312,389.354,delivered,2,
9478,cmd,0,3,389.376,389.397,delivered,1,
9479,hb,4,0,389.44,389.461,delivered,1,
9480,thumb,4,0,389.504,389.542,delivered,1,
9481,hb,5,0,389.504,389.543,delivered,1,
9482,cmd,0,4,389.504,389.525,delivered,1,
9483,cmd,0,5,389.568,389.589,delivered,1,
9484,hb,1,0,389.632,389.653,delivered,1,
9485,cmd,0,1,389.696,389.717,delivered,1,
9486,hb,2,0,389.76,389.802,delivered,2,
9487,cmd,0,2,389.76,389.803,delivered,2,
9488,hb,3,0,389.824,389.845,delivered,1,
9489,cmd,0,3,389.888,389.909,delivered,1,
9490,hb,4,0,389.952,389.974,delivered,1,
9491,cmd,0,4,389.952,389.973,delivered,1,
9492,hb,5,0,390.016,390.037,delivered,1,
9493,cmd,0,5,390.08,390.101,delivered,1,
9494,hb,1,0,390.144,390.165,delivered,1,
9495,hb,2,0,390.208,390.251,delivered,1,
9496,cmd,0,1,390.208,390.229,delivered,1,
9497,cmd,0,2,390.272,390.293,delivered,1,
9498,hb,3,0,390.336,390.357,delivered,1,
9499,thumb,1,0,390.4,390.438,delivered,1,
9500,hb,4,0,390.4,390.439,delivered,1,
9501,cmd,0,3,390.4,390.421,delivered,1,
9502,cmd,0,4,390.464,390.485,delivered,1,
9503,hb,5,0,390.528,390.549,delivered,1,
9504,cmd,0,5,390.592,390.613,delivered,1,
9505,hb,1,0,390.656,390.678,delivered,1,
9506,cmd,0,1,390.656,390.677,delivered,1,
9507,hb,2,0,390.72,390.762,delivered,1,
9508,thumb,2,0,390.784,390.822,delivered,1,
9509,cmd,0,2,390.784,390.805,delivered,1,
9510,hb,3,0,390.848,390.869,delivered,1,
9511,hb,4,0,390.912,390.934,delivered,1,
9512,cmd,0,3,390.912,390.933,delivered,1,
9513,cmd,0,4,390.976,390.997,delivered,1,
9514,hb,5,0,391.04,391.061,delivered,1,
9515,hb,1,0,391.104,391.126,delivered,1,
9516,cmd,0,5,391.104,391.125,delivered,1,
9517,cmd,0,1,391.168,391.189,delivered,1,
9518,hb,2,0,391.232,391.253,delivered,1,
9519,cmd,0,2,391.296,391.317,delivered,1,
9520,hb,3,0,391.36,391.382,delivered,1,
9521,cmd,0,3,391.36,391.381,delivered,1,
9522,hb,4,0,391.424,391.445,delivered,1,
9523,thumb,4,0,391.488,391.526,delivered,1,
9524,cmd,0,4,391.488,391.509,delivered,1,
9525,hb,5,0,391.552,391.574,delivered,1,
9526,cmd,0,5,391.552,391.573,delivered,1,
9527,hb,1,0,391.616,391.637,delivered,1,
9528,cmd,0,1,391.68,391.701,delivered,1,
9529,hb,2,0,391.744,391.765,delivered,1,
9530,hb,3,0,391.808,391.83,delivered,1,
9531,cmd,0,2,391.808,391.85,delivered,1,
9532,cmd,0,3,391.872,391.893,delivered,1,
9533,hb,4,0,391.936,391.957,delivered,1,
9534,hb,5,0,392.0,392.022,delivered,1,
9535,cmd,0,4,392.0,392.021,delivered,1,
9536,cmd,0,5,392.064,392.085,delivered,1,
9537,hb,1,0,392.128,392.149,delivered,1,
9538,cmd,0,1,392.192,392.213,delivered,1,
9539,hb,2,0,392.256,392.278,delivered,1,
9540,cmd,0,2,392.256,392.277,delivered,1,
9541,hb,3,0,392.32,392.341,delivered,1,
9542,thumb,1,0,392.384,392.422,delivered,1,
9543,cmd,0,3,392.384,392.405,delivered,1,
9544,hb,4,0,392.448,392.469,delivered,1,
9545,hb,5,0,392.512,392.534,delivered,1,
9546,cmd,0,4,392.512,392.533,delivered,1,
9547,cmd,0,5,392.576,392.597,delivered,1,
9548,hb,1,0,392.64,392.661,delivered,1,
9549,hb,2,0,392.704,392.726,delivered,1,
9550,cmd,0,1,392.704,392.725,delivered,1,
9551,thumb,2,0,392.768,392.806,delivered,1,
9552,cmd,0,2,392.768,392.789,delivered,1,
9553,hb,3,0,392.832,392.853,delivered,1,
9554,cmd,0,3,392.896,392.917,delivered,1,
9555,hb,4,0,392.96,392.982,delivered,1,
9556,cmd,0,4,392.96,392.981,delivered,1,
9557,hb,5,0,393.024,393.045,delivered,1,
9558,cmd,0,5,393.088,393.109,delivered,1,
9559,hb,1,0,393.152,393.174,delivered,1,
9560,cmd,0,1,393.152,393.173,delivered,1,
9561,hb,2,0,393.216,393.237,delivered,1,
9562,cmd,0,2,393.28,393.301,delivered,1,
9563,hb,3,0,393.344,393.365,delivered,1,
9564,hb,4,0,393.408,393.43,delivered,1,
9565,cmd,0,3,393.408,393.429,delivered,1,
9566,cmd,0,4,393.472,393.493,delivered,1,
9567,thumb,4,0,393.536,393.573,delivered,1,
9568,hb,5,0,393.536,393.573,delivered,1,
9569,hb,1,0,393.6,393.622,delivered,1,
9570,cmd,0,5,393.6,393.621,delivered,1,
9571,cmd,0,1,393.664,393.685,delivered,1,
9572,hb,2,0,393.728,393.749,delivered,1,
9573,cmd,0,2,393.792,393.813,delivered,1,
9574,hb,3,0,393.856,393.878,delivered,1,
9575,cmd,0,3,393.856,393.877,delivered,1,
9576,hb,4,0,393.92,393.941,delivered,1,
9577,cmd,0,4,393.984,394.005,delivered,1,
9578,hb,5,0,394.048,394.069,delivered,1,
9579,hb,1,0,394.112,394.134,delivered,1,
9580,cmd,0,5,394.112,394.133,delivered,1,
9581,cmd,0,1,394.176,394.218,delivered,1,
9582,hb,2,0,394.24,394.261,delivered,1,
9583,hb,3,0,394.304,394.326,delivered,1,
9584,cmd,0,2,394.304,394.367,delivered,1,
9585,cmd,0,3,394.368,394.389,delivered,1,
9586,thumb,1,0,394.432,394.469,delivered,1,
9587,hb,4,0,394.432,394.469,delivered,1,
9588,cmd,0,4,394.496,394.517,delivered,1,
9589,hb,5,0,394.56,394.582,delivered,1,
9590,cmd,0,5,394.56,394.581,delivered,1,
9591,hb,1,0,394.624,394.645,delivered,1,
9592,cmd,0,1,394.688,394.709,delivered,1,
9593,hb,2,0,394.752,394.774,delivered,1,
9594,thumb,2,0,394.752,394.791,delivered,1,
9595,cmd,0,2,394.752,394.773,delivered,1,
9596,hb,3,0,394.816,394.837,delivered,1,
9597,cmd,0,3,394.88,394.901,delivered,1,
9598,hb,4,0,394.944,394.965,delivered,1,
9599,hb,5,0,395.008,395.03,delivered,1,
9600,cmd,0,4,395.008,395.029,delivered,1,
9601,cmd,0,5,395.072,395.093,delivered,1,
9602,hb,1,0,395.136,395.157,delivered,1,
9603,hb,2,0,395.2,395.222,delivered,1,
9604,cmd,0,1,395.2,395.221,delivered,1,
9605,cmd,0,2,395.264,395.285,delivered,1,
9606,hb,3,0,395.328,395.349,delivered,1,
9607,cmd,0,3,395.392,395.413,delivered,1,
9608,hb,4,0,395.456,395.478,delivered,1,
9609,cmd,0,4,395.456,395.477,delivered,1,
9610,thumb,4,0,395.52,395.557,delivered,1,
9611,hb,5,0,395.52,395.557,delivered,1,
9612,cmd,0,5,395.584,395.605,delivered,1,
9613,hb,1,0,395.648,395.669,delivered,1,
9614,hb,2,0,395.712,395.734,delivered,1,
9615,cmd,0,1,395.712,395.733,delivered,1,
9616,cmd,0,2,395.776,395.797,delivered,1,
9617,hb,3,0,395.84,395.861,delivered,1,
9618,hb,4,0,395.904,395.926,delivered,1,
9619,cmd,0,3,395.904,395.925,delivered,1,
9620,cmd,0,4,395.968,395.989,delivered,1,
9621,hb,5,0,396.032,396.053,delivered,1,
9622,cmd,0,5,396.096,396.117,delivered,1,
9623,hb,1,0,396.16,396.182,delivered,1,
9624,cmd,0,1,396.16,396.181,delivered,1,
9625,hb,2,0,396.224,396.245,delivered,1,
9626,cmd,0,2,396.288,396.309,delivered,1,
9627,hb,3,0,396.352,396.374,delivered,1,
9628,cmd,0,3,396.352,396.373,delivered,1,
9629,thumb,1,0,396.416,396.453,delivered,1,
9630,hb,4,0,396.416,396.453,delivered,1,
9631,cmd,0,4,396.48,396.501,delivered,1,
9632,hb,5,0,396.544,396.565,delivered,1,
9633,hb,1,0,396.608,396.63,delivered,1,
9634,cmd,0,5,396.608,396.629,delivered,1,
9635,cmd,0,1,396.672,396.693,delivered,1,
9636,hb,2,0,396.736,396.757,delivered,1,
9637,thumb,2,0,396.8,396.838,delivered,1,
9638,hb,3,0,396.8,396.839,delivered,1,
9639,cmd,0,2,396.8,396.821,delivered,1,
9640,cmd,0,3,396.864,396.885,delivered,1,
9641,hb,4,0,396.928,396.949,delivered,1,
9642,cmd,0,4,396.992,397.013,delivered,1,
9643,hb,5,0,397.056,397.078,delivered,1,
9644,cmd,0,5,397.056,397.077,delivered,1,
9645,hb,1,0,397.12,397.141,delivered,1,
9646,cmd,0,1,397.184,397.205,delivered,1,
9647,hb,2,0,397.248,397.269,delivered,1,
9648,hb,3,0,397.312,397.334,delivered,1,
9649,cmd,0,2,397.312,397.333,delivered,1,
9650,cmd,0,3,397.376,397.397,delivered,1,
9651,hb,4,0,397.44,397.461,delivered,1,
9652,thumb,4,0,397.504,397.542,delivered,1,
9653,hb,5,0,397.504,397.543,delivered,1,
9654,cmd,0,4,397.504,397.525,delivered,1,
9655,cmd,0,5,397.568,397.589,delivered,1,
9656,hb,1,0,397.632,397.653,delivered,1,
9657,cmd,0,1,397.696,397.717,delivered,1,
9658,hb,2,0,397.76,397.782,delivered,1,
9659,cmd,0,2,397.76,397.781,delivered,1,
9660,hb,3,0,397.824,397.845,delivered,1,
9661,cmd,0,3,397.888,397.909,delivered,1,
9662,hb,4,0,397.952,397.974,delivered,1,
9663,cmd,0,4,397.952,397.973,delivered,1,
9664,hb,5,0,398.016,398.037,delivered,1,
9665,cmd,0,5,398.08,398.101,delivered,1,
9666,hb,1,0,398.144,398.165,delivered,1,
9667,hb,2,0,398.208,398.23,delivered,1,
9668,cmd,0,1,398.208,398.229,delivered,1,
9669,cmd,0,2,398.272,398.293,delivered,1,
9670,hb,3,0,398.336,398.357,delivered,1,
9671,thumb,1,0,398.4,398.438,delivered,1,
9672,hb,4,0,398.4,398.439,delivered,1,
9673,cmd,0,3,398.4,398.421,delivered,1,
9674,cmd,0,4,398.464,398.485,delivered,1,
9675,hb,5,0,398.528,398.549,delivered,1,
9676,cmd,0,5,398.592,398.634,delivered,1,
9677,hb,1,0,398.656,398.678,delivered,1,
9678,cmd,0,1,398.656,398.677,delivered,1,
9679,hb,2,0,398.72,398.741,delivered,1,
9680,thumb,2,0,398.784,398.822,delivered,1,
9681,cmd,0,2,398.784,398.805,delivered,1,
9682,hb,3,0,398.848,398.869,delivered,1,
9683,hb,4,0,398.912,398.934,delivered,1,
9684,cmd,0,3,398.912,398.933,delivered,1,
9685,cmd,0,4,398.976,398.997,delivered,1,
9686,hb,5,0,399.04,399.061,delivered,1,
9687,hb,1,0,399.104,399.126,delivered,1,
9688,cmd,0,5,399.104,399.125,delivered,1,
9689,cmd,0,1,399.168,399.189,delivered,1,
9690,hb,2,0,399.232,399.253,delivered,1,
9691,cmd,0,2,399.296,399.317,delivered,1,
9692,hb,3,0,399.36,399.382,delivered,1,
9693,cmd,0,3,399.36,399.381,delivered,1,
9694,hb,4,0,399.424,399.445,delivered,1,
9695,thumb,4,0,399.488,399.526,delivered,1,
9696,cmd,0,4,399.488,399.53,delivered,1,
9697,hb,5,0,399.552,399.574,delivered,1,
9698,cmd,0,5,399.552,399.573,delivered,1,
9699,hb,1,0,399.616,399.637,delivered,1,
9700,cmd,0,1,399.68,399.701,delivered,1,
9701,hb,2,0,399.744,399.765,delivered,1,
9702,hb,3,0,399.808,399.83,delivered,1,
9703,cmd,0,2,399.808,399.829,delivered,1,
9704,cmd,0,3,399.872,399.893,delivered,1,
9705,hb,4,0,399.936,399.957,delivered,1,
9706,hb,5,0,400.0,400.022,delivered,1,
9707,cmd,0,4,400.0,400.021,delivered,1,
9708,cmd,0,5,400.064,400.085,delivered,1,
9709,hb,1,0,400.128,400.149,delivered,1,
9710,cmd,0,1,400.192,400.213,delivered,1,
9711,hb,2,0,400.256,400.278,delivered,1,
9712,cmd,0,2,400.256,400.277,delivered,1,
9713,hb,3,0,400.32,400.341,delivered,1,
9714,thumb,1,0,400.384,400.422,delivered,1,
9715,cmd,0,3,400.384,400.405,delivered,1,
9716,hb,4,0,400.448,400.469,delivered,1,
9717,hb,5,0,400.512,400.534,delivered,1,
9718,cmd,0,4,400.512,400.533,delivered,1,
9719,cmd,0,5,400.576,400.597,delivered,1,
9720,hb,1,0,400.64,400.661,delivered,1,
9721,hb,2,0,400.704,400.726,delivered,1,
9722,cmd,0,1,400.704,400.725,delivered,1,
9723,thumb,2,0,400.768,400.806,delivered,1,
9724,cmd,0,2,400.768,400.789,delivered,1,
9725,hb,3,0,400.832,400.853,delivered,1,
9726,cmd,0,3,400.896,400.917,delivered,1,
9727,hb,4,0,400.96,400.982,delivered,1,
9728,cmd,0,4,400.96,400.981,delivered,1,
9729,hb,5,0,401.024,401.045,delivered,1,
9730,cmd,0,5,401.088,401.109,delivered,1,
9731,hb,1,0,401.152,401.195,delivered,1,
9732,cmd,0,1,401.152,401.173,delivered,1,
9733,hb,2,0,401.216,401.237,delivered,1,
9734,cmd,0,2,401.28,401.301,delivered,1,
9735,hb,3,0,401.344,401.365,delivered,1,
9736,hb,4,0,401.408,401.43,delivered,1,
9737,cmd,0,3,401.408,401.429,delivered,1,
9738,cmd,0,4,401.472,401.493,delivered,1,
9739,thumb,4,0,401.536,401.573,delivered,1,
9740,hb,5,0,401.536,401.573,delivered,1,
9741,hb,1,0,401.6,401.622,delivered,1,
9742,cmd,0,5,401.6,401.621,delivered,1,
9743,cmd,0,1,401.664,401.685,delivered,1,
9744,hb,2,0,401.728,401.749,delivered,1,
9745,cmd,0,2,401.792,401.813,delivered,1,
9746,hb,3,0,401.856,401.878,delivered,1,
9747,cmd,0,3,401.856,401.877,delivered,1,
9748,hb,4,0,401.92,401.941,delivered,1,
9749,cmd,0,4,401.984,402.005,delivered,1,
9750,hb,5,0,402.048,402.069,delivered,1,
9751,hb,1,0,402.112,402.134,delivered,1,
9752,cmd,0,5,402.112,402.133,delivered,1,
9753,cmd,0,1,402.176,402.197,delivered,1,
9754,hb,2,0,402.24,402.261,delivered,1,
9755,hb,3,0,402.304,402.326,delivered,1,
9756,cmd,0,2,402.304,402.325,delivered,1,
9757,cmd,0,3,402.368,402.389,delivered,1,
9758,thumb,1,0,402.432,402.469,delivered,1,
9759,hb,4,0,402.432,402.469,delivered,1,
9760,cmd,0,4,402.496,402.517,delivered,1,
9761,hb,5,0,402.56,402.582,delivered,1,
9762,cmd,0,5,402.56,402.581,delivered,1,
9763,hb,1,0,402.624,402.645,delivered,1,
9764,cmd,0,1,402.688,402.709,delivered,1,
9765,hb,2,0,402.752,402.774,delivered,1,
9766,thumb,2,0,402.752,402.791,delivered,1,
9767,cmd,0,2,402.752,402.773,delivered,1,
9768,hb,3,0,402.816,402.837,delivered,1,
9769,cmd,0,3,402.88,402.901,delivered,1,
9770,hb,4,0,402.944,402.965,delivered,1,
9771,hb,5,0,403.008,403.03,delivered,1,
9772,cmd,0,4,403.008,403.029,delivered,1,
9773,cmd,0,5,403.072,403.093,delivered,1,
9774,hb,1,0,403.136,403.157,delivered,1,
9775,hb,2,0,403.2,403.222,delivered,1,
9776,cmd,0,1,403.2,403.221,delivered,1,
9777,cmd,0,2,403.264,403.306,delivered,1,
9778,hb,3,0,403.328,403.349,delivered,1,
9779,cmd,0,3,403.392,403.413,delivered,1,
9780,hb,4,0,403.456,403.478,delivered,1,
9781,cmd,0,4,403.456,403.477,delivered,1,
9782,thumb,4,0,403.52,403.557,delivered,1,
9783,hb,5,0,403.52,403.557,delivered,1,
9784,cmd,0,5,403.584,403.605,delivered,1,
9785,hb,1,0,403.648,403.669,delivered,1,
9786,hb,2,0,403.712,403.734,delivered,1,
9787,cmd,0,1,403.712,403.733,delivered,1,
9788,cmd,0,2,403.776,403.797,delivered,1,
9789,hb,3,0,403.84,403.861,delivered,1,
9790,hb,4,0,403.904,403.926,delivered,1,
9791,cmd,0,3,403.904,403.925,delivered,1,
9792,cmd,0,4,403.968,403.989,delivered,1,
9793,hb,5,0,404.032,404.053,delivered,1,
9794,cmd,0,5,404.096,404.117,delivered,1,
9795,hb,1,0,404.16,404.182,delivered,1,
9796,cmd,0,1,404.16,404.181,delivered,1,
9797,hb,2,0,404.224,404.245,delivered,1,
9798,cmd,0,2,404.288,404.309,delivered,1,
9799,hb,3,0,404.352,404.374,delivered,1,
9800,cmd,0,3,404.352,404.373,delivered,1,
9801,thumb,1,0,404.416,404.453,delivered,1,
9802,hb,4,0,404.416,404.453,delivered,1,
9803,cmd,0,4,404.48,404.501,delivered,1,
9804,hb,5,0,404.544,404.565,delivered,1,
9805,hb,1,0,404.608,404.63,delivered,1,
9806,cmd,0,5,404.608,404.629,delivered,1,
9807,cmd,0,1,404.672,404.693,delivered,1,
9808,hb,2,0,404.736,404.757,delivered,1,
9809,thumb,2,0,404.8,404.838,delivered,1,
9810,hb,3,0,404.8,404.839,delivered,1,
9811,cmd,0,2,404.8,404.821,delivered,1,
9812,cmd,0,3,404.864,404.885,delivered,1,
9813,hb,4,0,404.928,404.949,delivered,1,
9814,cmd,0,4,404.992,405.013,delivered,1,
9815,hb,5,0,405.056,405.078,delivered,1,
9816,cmd,0,5,405.056,405.077,delivered,1,
9817,hb,1,0,405.12,405.141,delivered,1,
9818,cmd,0,1,405.184,405.205,delivered,1,
9819,hb,2,0,405.248,405.269,delivered,1,
9820,hb,3,0,405.312,405.334,delivered,1,
9821,cmd,0,2,405.312,405.333,delivered,1,
9822,cmd,0,3,405.376,405.397,delivered,1,
9823,hb,4,0,405.44,405.461,delivered,1,
9824,hb,5,0,405.504,405.526,delivered,1,
9825,cmd,0,4,405.504,405.525,delivered,1,
9826,cmd,0,5,405.568,405.589,delivered,1,
9827,hb,1,0,405.632,405.653,delivered,1,
9828,cmd,0,1,405.696,405.717,delivered,1,
9829,hb,2,0,405.76,405.782,delivered,1,
9830,cmd,0,2,405.76,405.781,delivered,1,
9831,hb,3,0,405.824,405.845,delivered,1,
9832,cmd,0,3,405.888,405.909,delivered,1,
9833,hb,4,0,405.952,405.974,delivered,1,
9834,cmd,0,4,405.952,405.973,delivered,1,
9835,hb,5,0,406.016,406.037,delivered,1,
9836,cmd,0,5,406.08,406.101,delivered,1,
9837,hb,1,0,406.144,406.165,delivered,1,
9838,hb,2,0,406.208,406.23,delivered,1,
9839,cmd,0,1,406.208,406.229,delivered,1,
9840,cmd,0,2,406.272,406.293,delivered,1,
9841,hb,3,0,406.336,406.357,delivered,1,
9842,thumb,1,0,406.4,406.438,delivered,1,
9843,hb,4,0,406.4,406.439,delivered,1,
9844,cmd,0,3,406.4,406.421,delivered,1,
9845,cmd,0,4,406.464,406.485,delivered,1,
9846,hb,5,0,406.528,406.549,delivered,1,
9847,cmd,0,5,406.592,406.613,delivered,1,
9848,hb,1,0,406.656,406.678,delivered,1,
9849,cmd,0,1,406.656,406.677,delivered,1,
9850,hb,2,0,406.72,406.741,delivered,1,
9851,thumb,2,0,406.784,406.822,delivered,1,
9852,cmd,0,2,406.784,406.805,delivered,1,
9853,hb,3,0,406.848,406.869,delivered,1,
9854,hb,4,0,406.912,406.934,delivered,1,
9855,cmd,0,3,406.912,406.933,delivered,1,
9856,cmd,0,4,406.976,406.997,delivered,1,
9857,hb,5,0,407.04,407.061,delivered,1,
9858,hb,1,0,407.104,407.126,delivered,1,
9859,cmd,0,5,407.104,407.125,delivered,1,
9860,cmd,0,1,407.168,407.189,delivered,1,
9861,hb,2,0,407.232,407.253,delivered,1,
9862,cmd,0,2,407.296,407.317,delivered,1,
9863,hb,3,0,407.36,407.382,delivered,1,
9864,cmd,0,3,407.36,407.381,delivered,1,
9865,hb,4,0,407.424,407.445,delivered,1,
9866,cmd,0,4,407.488,407.509,delivered,1,
9867,hb,5,0,407.552,407.574,delivered,1,
9868,cmd,0,5,407.552,407.573,delivered,1,
9869,hb,1,0,407.616,407.637,delivered,1,
9870,cmd,0,1,407.68,407.701,delivered,1,
9871,hb,2,0,407.744,407.765,delivered,1,
9872,hb,3,0,407.808,407.83,delivered,1,
9873,cmd,0,2,407.808,407.829,delivered,1,
9874,cmd,0,3,407.872,407.893,delivered,1,
9875,hb,4,0,407.936,407.957,delivered,1,
9876,hb,5,0,408.0,408.022,delivered,1,
9877,cmd,0,4,408.0,408.021,delivered,1,
9878,cmd,0,5,408.064,408.085,delivered,1,
9879,hb,1,0,408.128,408.149,delivered,1,
9880,cmd,0,1,408.192,408.213,delivered,1,
9881,hb,2,0,408.256,408.299,delivered,1,
9882,cmd,0,2,408.256,408.277,delivered,1,
9883,hb,3,0,408.32,408.341,delivered,1,
9884,thumb,1,0,408.384,408.422,delivered,1,
9885,cmd,0,3,408.384,408.405,delivered,1,
9886,hb,4,0,408.448,408.469,delivered,1,
9887,hb,5,0,408.512,408.534,delivered,1,
9888,cmd,0,4,408.512,408.533,delivered,1,
9889,cmd,0,5,408.576,408.597,delivered,1,
9890,hb,1,0,408.64,408.661,delivered,1,
9891,hb,2,0,408.704,408.726,delivered,1,
9892,cmd,0,1,408.704,408.725,delivered,1,
9893,thumb,2,0,408.768,408.806,delivered,1,
9894,cmd,0,2,408.768,408.789,delivered,1,
9895,hb,3,0,408.832,408.853,delivered,1,
9896,cmd,0,3,408.896,408.917,delivered,1,
9897,hb,4,0,408.96,408.982,delivered,1,
9898,cmd,0,4,408.96,408.981,delivered,1,
9899,hb,5,0,409.024,409.045,delivered,1,
9900,cmd,0,5,409.088,409.109,delivered,1,
9901,hb,1,0,409.152,409.174,delivered,1,
9902,cmd,0,1,409.152,409.173,delivered,1,
9903,hb,2,0,409.216,409.237,delivered,1,
9904,cmd,0,2,409.28,409.301,delivered,1,
9905,hb,3,0,409.344,409.365,delivered,1,
9906,hb,4,0,409.408,409.43,delivered,1,
9907,cmd,0,3,409.408,409.429,delivered,1,
9908,cmd,0,4,409.472,409.493,delivered,1,
9909,hb,5,0,409.536,409.557,delivered,1,
9910,hb,1,0,409.6,409.622,delivered,1,
9911,cmd,0,5,409.6,409.621,delivered,1,
9912,cmd,0,1,409.664,409.685,delivered,1,
9913,hb,2,0,409.728,409.749,delivered,1,
9914,cmd,0,2,409.792,409.813,delivered,1,
9915,hb,3,0,409.856,409.878,delivered,1,
9916,cmd,0,3,409.856,409.877,delivered,1,
9917,hb,4,0,409.92,409.941,delivered,1,
9918,cmd,0,4,409.984,410.005,delivered,1,
9919,hb,5,0,410.048,410.069,delivered,1,
9920,hb,1,0,410.112,410.134,delivered,1,
9921,cmd,0,5,410.112,410.133,delivered,1,
9922,cmd,0,1,410.176,410.197,delivered,1,
9923,hb,2,0,410.24,410.261,delivered,1,
9924,hb,3,0,410.304,410.326,delivered,1,
9925,cmd,0,2,410.304,410.325,delivered,1,
9926,cmd,0,3,410.368,410.389,delivered,1,
9927,thumb,1,0,410.432,410.469,delivered,1,
9928,hb,4,0,410.432,410.469,delivered,1,
9929,cmd,0,4,410.496,410.517,delivered,1,
9930,hb,5,0,410.56,410.582,delivered,1,
9931,cmd,0,5,410.56,410.581,delivered,1,
9932,hb,1,0,410.624,410.645,delivered,1,
9933,cmd,0,1,410.688,410.709,delivered,1,
9934,hb,2,0,410.752,410.774,delivered,1,
9935,thumb,2,0,410.752,410.791,delivered,1,
9936,cmd,0,2,410.752,410.773,delivered,1,
9937,hb,3,0,410.816,410.837,delivered,1,
9938,cmd,0,3,410.88,410.901,delivered,1,
9939,hb,4,0,410.944,410.965,delivered,1,
9940,hb,5,0,411.008,411.03,delivered,1,
9941,cmd,0,4,411.008,411.029,delivered,1,
9942,cmd,0,5,411.072,411.093,delivered,1,
9943,hb,1,0,411.136,411.157,delivered,1,
9944,hb,2,0,411.2,411.222,delivered,1,
9945,cmd,0,1,411.2,411.221,delivered,1,
9946,cmd,0,2,411.264,411.285,delivered,1,
9947,hb,3,0,411.328,411.349,delivered,1,
9948,cmd,0,3,411.392,411.413,delivered,1,
9949,hb,4,0,411.456,411.478,delivered,1,
9950,cmd,0,4,411.456,411.477,delivered,1,
9951,hb,5,0,411.52,411.541,delivered,1,
9952,cmd,0,5,411.584,411.605,delivered,1,
9953,hb,1,0,411.648,411.669,delivered,1,
9954,hb,2,0,411.712,411.734,delivered,1,
9955,cmd,0,1,411.712,411.733,delivered,1,
9956,cmd,0,2,411.776,411.797,delivered,1,
9957,hb,3,0,411.84,411.861,delivered,1,
9958,hb,4,0,411.904,411.926,delivered,1,
9959,cmd,0,3,411.904,411.925,delivered,1,
9960,cmd,0,4,411.968,411.989,delivered,1,
9961,hb,5,0,412.032,412.053,delivered,1,
9962,cmd,0,5,412.096,412.117,delivered,1,
9963,hb,1,0,412.16,412.182,delivered,1,
9964,cmd,0,1,412.16,412.181,delivered,1,
9965,hb,2,0,412.224,412.245,delivered,1,
9966,cmd,0,2,412.288,412.309,delivered,1,
9967,hb,3,0,412.352,412.374,delivered,1,
9968,cmd,0,3,412.352,412.373,delivered,1,
9969,thumb,1,0,412.416,412.453,delivered,1,
9970,hb,4,0,412.416,412.453,delivered,1,
9971,cmd,0,4,412.48,412.501,delivered,1,
9972,hb,5,0,412.544,412.565,delivered,1,
9973,hb,1,0,412.608,412.63,delivered,1,
9974,cmd,0,5,412.608,412.629,delivered,1,
9975,cmd,0,1,412.672,412.693,delivered,1,
9976,hb,2,0,412.736,412.757,delivered,1,
9977,thumb,2,0,412.8,412.838,delivered,1,
9978,hb,3,0,412.8,412.839,delivered,1,
9979,cmd,0,2,412.8,412.821,delivered,1,
9980,cmd,0,3,412.864,412.885,delivered,1,
9981,hb,4,0,412.928,412.949,delivered,1,
9982,cmd,0,4,412.992,413.013,delivered,1,
9983,hb,5,0,413.056,413.078,delivered,1,
9984,cmd,0,5,413.056,413.077,delivered,1,
9985,hb,1,0,413.12,413.141,delivered,1,
9986,cmd,0,1,413.184,413.205,delivered,1,
9987,hb,2,0,413.248,413.269,delivered,1,
9988,hb,3,0,413.312,413.334,delivered,1,
9989,cmd,0,2,413.312,413.333,delivered,1,
9990,cmd,0,3,413.376,413.397,delivered,1,
9991,hb,4,0,413.44,413.461,delivered,1,
9992,hb,5,0,413.504,413.526,delivered,1,
9993,cmd,0,4,413.504,413.525,delivered,1,
9994,cmd,0,5,413.568,413.589,delivered,1,
9995,hb,1,0,413.632,413.653,delivered,1,
9996,cmd,0,1,413.696,413.717,delivered,1,
9997,hb,2,0,413.76,413.782,delivered,1,
9998,cmd,0,2,413.76,413.781,delivered,1,
9999,hb,3,0,413.824,413.845,delivered,1,
10000,cmd,0,3,413.888,413.909,delivered,1,
10001,hb,4,0,413.952,413.974,delivered,1,
10002,cmd,0,4,413.952,413.973,delivered,1,
10003,hb,5,0,414.016,414.037,delivered,1,
10004,cmd,0,5,414.08,414.101,delivered,1,
10005,hb,1,0,414.144,414.165,delivered,1,
10006,hb,2,0,414.208,414.23,delivered,1,
10007,cmd,0,1,414.208,414.229,delivered,1,
10008,cmd,0,2,414.272,414.293,delivered,1,
10009,hb,3,0,414.336,414.357,delivered,1,
10010,thumb,1,0,414.4,414.438,delivered,1,
10011,hb,4,0,414.4,414.439,delivered,1,
10012,cmd,0,3,414.4,414.421,delivered,1,
10013,cmd,0,4,414.464,414.485,delivered,1,
10014,hb,5,0,414.528,414.549,delivered,1,
10015,cmd,0,5,414.592,414.613,delivered,1,
10016,hb,1,0,414.656,414.678,delivered,1,
10017,cmd,0,1,414.656,414.677,delivered,1,
10018,hb,2,0,414.72,414.741,delivered,1,
10019,thumb,2,0,414.784,414.822,delivered,1,
10020,cmd,0,2,414.784,414.805,delivered,1,
10021,hb,3,0,414.848,414.869,delivered,1,
10022,hb,4,0,414.912,414.934,delivered,1,
10023,cmd,0,3,414.912,414.933,delivered,1,
10024,cmd,0,4,414.976,415.018,delivered,1,
10025,hb,5,0,415.04,415.061,delivered,1,
10026,hb,1,0,415.104,415.126,delivered,1,
10027,cmd,0,5,415.104,415.125,delivered,1,
10028,cmd,0,1,415.168,415.189,delivered,1,
10029,hb,2,0,415.232,415.253,delivered,1,
10030,cmd,0,2,415.296,415.317,delivered,1,
10031,hb,3,0,415.36,415.382,delivered,1,
10032,cmd,0,3,415.36,415.381,delivered,1,
10033,hb,4,0,415.424,415.445,delivered,1,
10034,cmd,0,4,415.488,415.509,delivered,1,
10035,hb,5,0,415.552,415.574,delivered,1,
10036,cmd,0,5,415.552,415.573,delivered,1,
10037,hb,1,0,415.616,415.637,delivered,1,
10038,cmd,0,1,415.68,415.701,delivered,1,
10039,hb,2,0,415.744,415.765,delivered,1,
10040,hb,3,0,415.808,415.83,delivered,1,
10041,cmd,0,2,415.808,415.829,delivered,1,
10042,cmd,0,3,415.872,415.893,delivered,1,
10043,hb,4,0,415.936,415.957,delivered,1,
10044,hb,5,0,416.0,416.043,delivered,1,
10045,cmd,0,4,416.0,416.021,delivered,1,
10046,cmd,0,5,416.064,416.085,delivered,1,
10047,hb,1,0,416.128,416.149,delivered,1,
10048,cmd,0,1,416.192,416.213,delivered,1,
10049,hb,2,0,416.256,416.278,delivered,1,
10050,cmd,0,2,416.256,416.277,delivered,1,
10051,hb,3,0,416.32,416.341,delivered,1,
10052,thumb,1,0,416.384,416.422,delivered,1,
10053,cmd,0,3,416.384,416.405,delivered,1,
10054,hb,4,0,416.448,416.469,delivered,1,
10055,hb,5,0,416.512,416.534,delivered,1,
10056,cmd,0,4,416.512,416.533,delivered,1,
10057,cmd,0,5,416.576,416.597,delivered,1,
10058,hb,1,0,416.64,416.661,delivered,1,
10059,hb,2,0,416.704,416.726,delivered,1,
10060,cmd,0,1,416.704,416.725,delivered,1,
10061,thumb,2,0,416.768,416.806,delivered,1,
10062,cmd,0,2,416.768,416.789,delivered,1,
10063,hb,3,0,416.832,416.853,delivered,1,
10064,cmd,0,3,416.896,416.917,delivered,1,
10065,hb,4,0,416.96,416.982,delivered,1,
10066,cmd,0,4,416.96,416.981,delivered,1,
10067,hb,5,0,417.024,417.045,delivered,1,
10068,cmd,0,5,417.088,417.109,delivered,1,
10069,hb,1,0,417.152,417.174,delivered,1,
10070,cmd,0,1,417.152,417.173,delivered,1,
10071,hb,2,0,417.216,417.237,delivered,1,
10072,cmd,0,2,417.28,417.301,delivered,1,
10073,hb,3,0,417.344,417.365,delivered,1,
10074,hb,4,0,417.408,417.43,delivered,1,
10075,cmd,0,3,417.408,417.429,delivered,1,
10076,cmd,0,4,417.472,417.493,delivered,1,
10077,hb,5,0,417.536,417.557,delivered,1,
10078,hb,1,0,417.6,417.622,delivered,1,
10079,cmd,0,5,417.6,417.621,delivered,1,
10080,cmd,0,1,417.664,417.685,delivered,1,
10081,hb,2,0,417.728,417.77,delivered,1,
10082,cmd,0,2,417.792,417.813,delivered,1,
10083,hb,3,0,417.856,417.878,delivered,1,
10084,cmd,0,3,417.856,417.877,delivered,1,
10085,hb,4,0,417.92,417.941,delivered,1,
10086,cmd,0,4,417.984,418.005,delivered,1,
10087,hb,5,0,418.048,418.069,delivered,1,
10088,hb,1,0,418.112,418.155,delivered,1,
10089,cmd,0,5,418.112,418.133,delivered,1,
10090,cmd,0,1,418.176,418.197,delivered,1,
10091,hb,2,0,418.24,418.261,delivered,1,
10092,hb,3,0,418.304,418.326,delivered,1,
10093,cmd,0,2,418.304,418.325,delivered,1,
10094,cmd,0,3,418.368,418.389,delivered,1,
10095,hb,4,0,418.432,418.453,delivered,1,
10096,cmd,0,4,418.496,418.517,delivered,1,
10097,hb,5,0,418.56,418.582,delivered,1,
10098,cmd,0,5,418.56,418.581,delivered,1,
10099,hb,1,0,418.624,418.645,delivered,1,
10100,cmd,0,1,418.688,418.709,delivered,1,
10101,hb,2,0,418.752,418.774,delivered,1,
10102,thumb,2,0,418.752,418.791,delivered,1,
10103,cmd,0,2,418.752,418.773,delivered,1,
10104,hb,3,0,418.816,418.837,delivered,1,
10105,cmd,0,3,418.88,418.901,delivered,1,
10106,hb,4,0,418.944,418.965,delivered,1,
10107,hb,5,0,419.008,419.03,delivered,1,
10108,cmd,0,4,419.008,419.029,delivered,1,
10109,cmd,0,5,419.072,419.093,delivered,1,
10110,hb,1,0,419.136,419.157,delivered,1,
10111,hb,2,0,419.2,419.222,delivered,1,
10112,cmd,0,1,419.2,419.221,delivered,1,
10113,cmd,0,2,419.264,419.285,delivered,1,
10114,hb,3,0,419.328,419.349,delivered,1,
10115,cmd,0,3,419.392,419.413,delivered,1,
10116,hb,4,0,419.456,419.478,delivered,1,
10117,cmd,0,4,419.456,419.477,delivered,1,
10118,hb,5,0,419.52,419.541,delivered,1,
10119,cmd,0,5,419.584,419.605,delivered,1,
10120,hb,1,0,419.648,419.669,delivered,1,
10121,hb,2,0,419.712,419.734,delivered,1,
10122,cmd,0,1,419.712,419.733,delivered,1,
10123,cmd,0,2,419.776,419.797,delivered,1,
10124,hb,3,0,419.84,419.861,delivered,1,
10125,hb,4,0,419.904,419.926,delivered,1,
10126,cmd,0,3,419.904,419.925,delivered,1,
10127,cmd,0,4,419.968,419.989,delivered,1,
10128,hb,5,0,420.032,420.053,delivered,1,
10129,cmd,0,5,420.096,420.117,delivered,1,
10130,hb,1,0,420.16,420.182,delivered,1,
10131,cmd,0,1,420.16,420.181,delivered,1,
10132,hb,2,0,420.224,420.245,delivered,1,
10133,cmd,0,2,420.288,420.309,delivered,1,
10134,hb,3,0,420.352,420.374,delivered,1,
10135,cmd,0,3,420.352,420.373,delivered,1,
10136,hb,4,0,420.416,420.437,delivered,1,
10137,cmd,0,4,420.48,420.501,delivered,1,
10138,hb,5,0,420.544,420.565,delivered,1,
10139,hb,1,0,420.608,420.63,delivered,1,
10140,cmd,0,5,420.608,420.629,delivered,1,
10141,cmd,0,1,420.672,420.693,delivered,1,
10142,hb,2,0,420.736,420.757,delivered,1,
10143,thumb,2,0,420.8,420.838,delivered,1,
10144,hb,3,0,420.8,420.839,delivered,1,
10145,cmd,0,2,420.8,420.821,delivered,1,
10146,cmd,0,3,420.864,420.885,delivered,1,
10147,hb,4,0,420.928,420.949,delivered,1,
10148,cmd,0,4,420.992,421.013,delivered,1,
10149,hb,5,0,421.056,421.078,delivered,1,
10150,cmd,0,5,421.056,421.077,delivered,1,
10151,hb,1,0,421.12,421.141,delivered,1,
10152,cmd,0,1,421.184,421.205,delivered,1,
10153,hb,2,0,421.248,421.269,delivered,1,
10154,hb,3,0,421.312,421.334,delivered,1,
10155,cmd,0,2,421.312,421.333,delivered,1,
10156,cmd,0,3,421.376,421.397,delivered,1,
10157,hb,4,0,421.44,421.461,delivered,1,
10158,hb,5,0,421.504,421.526,delivered,1,
10159,cmd,0,4,421.504,421.525,delivered,1,
10160,cmd,0,5,421.568,421.589,delivered,1,
10161,hb,1,0,421.632,421.653,delivered,1,
10162,cmd,0,1,421.696,421.717,delivered,1,
10163,hb,2,0,421.76,421.782,delivered,1,
10164,cmd,0,2,421.76,421.781,delivered,1,
10165,hb,3,0,421.824,421.845,delivered,1,
10166,cmd,0,3,421.888,421.909,delivered,1,
10167,hb,4,0,421.952,421.974,delivered,1,
10168,cmd,0,4,421.952,421.973,delivered,1,
10169,hb,5,0,422.016,422.037,delivered,1,
10170,cmd,0,5,422.08,422.101,delivered,1,
10171,hb,1,0,422.144,422.165,delivered,1,
10172,hb,2,0,422.208,422.23,delivered,1,
10173,cmd,0,1,422.208,422.229,delivered,1,
10174,cmd,0,2,422.272,422.293,delivered,1,
10175,hb,3,0,422.336,422.357,delivered,1,
10176,hb,4,0,422.4,422.422,delivered,1,
10177,cmd,0,3,422.4,422.421,delivered,1,
10178,cmd,0,4,422.464,422.485,delivered,1,
10179,hb,5,0,422.528,422.549,delivered,1,
10180,cmd,0,5,422.592,422.613,delivered,1,
10181,hb,1,0,422.656,422.678,delivered,1,
10182,cmd,0,1,422.656,422.677,delivered,1,
10183,hb,2,0,422.72,422.741,delivered,1,
10184,thumb,2,0,422.784,422.822,delivered,1,
10185,cmd,0,2,422.784,422.805,delivered,1,
10186,hb,3,0,422.848,422.869,delivered,1,
10187,hb,4,0,422.912,422.934,delivered,1,
10188,cmd,0,3,422.912,422.933,delivered,1,
10189,cmd,0,4,422.976,422.997,delivered,1,
10190,hb,5,0,423.04,423.061,delivered,1,
10191,hb,1,0,423.104,423.126,delivered,1,
10192,cmd,0,5,423.104,423.125,delivered,1,
10193,cmd,0,1,423.168,423.189,delivered,1,
10194,hb,2,0,423.232,423.253,delivered,1,
10195,cmd,0,2,423.296,423.317,delivered,1,
10196,hb,3,0,423.36,423.382,delivered,1,
10197,cmd,0,3,423.36,423.381,delivered,1,
10198,hb,4,0,423.424,423.445,delivered,1,
10199,cmd,0,4,423.488,423.509,delivered,1,
10200,hb,5,0,423.552,423.574,delivered,1,
10201,cmd,0,5,423.552,423.573,delivered,1,
10202,hb,1,0,423.616,423.637,delivered,1,
10203,cmd,0,1,423.68,423.701,delivered,1,
10204,hb,2,0,423.744,423.765,delivered,1,
10205,hb,3,0,423.808,423.83,delivered,1,
10206,cmd,0,2,423.808,423.829,delivered,1,
10207,cmd,0,3,423.872,423.893,delivered,1,
10208,hb,4,0,423.936,423.957,delivered,1,
10209,hb,5,0,424.0,424.022,delivered,1,
10210,cmd,0,4,424.0,424.021,delivered,1,
10211,cmd,0,5,424.064,424.085,delivered,1,
10212,hb,1,0,424.128,424.149,delivered,1,
10213,cmd,0,1,424.192,424.213,delivered,1,
10214,hb,2,0,424.256,424.278,delivered,1,
10215,cmd,0,2,424.256,424.277,delivered,1,
10216,hb,3,0,424.32,424.341,delivered,1,
10217,cmd,0,3,424.384,424.405,delivered,1,
10218,hb,4,0,424.448,424.469,delivered,1,
10219,hb,5,0,424.512,424.534,delivered,1,
10220,cmd,0,4,424.512,424.533,delivered,1,
10221,cmd,0,5,424.576,424.597,delivered,1,
10222,hb,1,0,424.64,424.661,delivered,1,
10223,hb,2,0,424.704,424.726,delivered,1,
10224,cmd,0,1,424.704,424.725,delivered,1,
10225,thumb,2,0,424.768,424.806,delivered,1,
10226,cmd,0,2,424.768,424.789,delivered,1,
10227,hb,3,0,424.832,424.853,delivered,1,
10228,cmd,0,3,424.896,424.917,delivered,1,
10229,hb,4,0,424.96,424.982,delivered,1,
10230,cmd,0,4,424.96,424.981,delivered,1,
10231,hb,5,0,425.024,425.045,delivered,1,
10232,cmd,0,5,425.088,425.109,delivered,1,
10233,hb,1,0,425.152,425.174,delivered,1,
10234,cmd,0,1,425.152,425.173,delivered,1,
10235,hb,2,0,425.216,425.237,delivered,1,
10236,cmd,0,2,425.28,425.301,delivered,1,
10237,hb,3,0,425.344,425.365,delivered,1,
10238,hb,4,0,425.408,425.43,delivered,1,
10239,cmd,0,3,425.408,425.429,delivered,1,
10240,cmd,0,4,425.472,425.493,delivered,1,
10241,hb,5,0,425.536,425.557,delivered,1,
10242,hb,1,0,425.6,425.622,delivered,1,
10243,cmd,0,5,425.6,425.621,delivered,1,
10244,cmd,0,1,425.664,425.685,delivered,1,
10245,hb,2,0,425.728,425.749,delivered,1,
10246,cmd,0,2,425.792,425.813,delivered,1,
10247,hb,3,0,425.856,425.878,delivered,1,
10248,cmd,0,3,425.856,425.877,delivered,1,
10249,hb,4,0,425.92,425.941,delivered,1,
10250,cmd,0,4,425.984,426.005,delivered,1,
10251,hb,5,0,426.048,426.069,delivered,1,
10252,hb,1,0,426.112,426.134,delivered,1,
10253,cmd,0,5,426.112,426.133,delivered,1,
10254,cmd,0,1,426.176,426.197,delivered,1,
10255,hb,2,0,426.24,426.261,delivered,1,
10256,hb,3,0,426.304,426.326,delivered,1,
10257,cmd,0,2,426.304,426.325,delivered,1,
10258,cmd,0,3,426.368,426.389,delivered,1,
10259,hb,4,0,426.432,426.453,delivered,1,
10260,cmd,0,4,426.496,426.517,delivered,1,
10261,hb,5,0,426.56,426.582,delivered,1,
10262,cmd,0,5,426.56,426.581,delivered,1,
10263,hb,1,0,426.624,426.645,delivered,1,
10264,cmd,0,1,426.688,426.709,delivered,1,
10265,hb,2,0,426.752,426.774,delivered,1,
10266,thumb,2,0,426.752,426.791,delivered,1,
10267,cmd,0,2,426.752,426.773,delivered,1,
10268,hb,3,0,426.816,426.837,delivered,1,
10269,cmd,0,3,426.88,426.901,delivered,1,
10270,hb,4,0,426.944,426.965,delivered,1,
10271,hb,5,0,427.008,427.03,delivered,1,
10272,cmd,0,4,427.008,427.029,delivered,1,
10273,cmd,0,5,427.072,427.093,delivered,1,
10274,hb,1,0,427.136,427.157,delivered,1,
10275,hb,2,0,427.2,427.222,delivered,1,
10276,cmd,0,1,427.2,427.221,delivered,1,
10277,cmd,0,2,427.264,427.285,delivered,1,
10278,hb,3,0,427.328,427.349,delivered,1,
10279,cmd,0,3,427.392,427.413,delivered,1,
10280,hb,4,0,427.456,427.478,delivered,1,
10281,cmd,0,4,427.456,427.477,delivered,1,
10282,hb,5,0,427.52,427.541,delivered,1,
10283,cmd,0,5,427.584,427.605,delivered,1,
10284,hb,1,0,427.648,427.669,delivered,1,
10285,hb,2,0,427.712,427.734,delivered,1,
10286,cmd,0,1,427.712,427.733,delivered,1,
10287,cmd,0,2,427.776,427.797,delivered,1,
10288,hb,3,0,427.84,427.861,delivered,1,
10289,hb,4,0,427.904,427.926,delivered,1,
10290,cmd,0,3,427.904,427.925,delivered,1,
10291,cmd,0,4,427.968,427.989,delivered,1,
10292,hb,5,0,428.032,428.053,delivered,1,
10293,cmd,0,5,428.096,428.117,delivered,1,
10294,hb,1,0,428.16,428.182,delivered,1,
10295,cmd,0,1,428.16,428.181,delivered,1,
10296,hb,2,0,428.224,428.245,delivered,1,
10297,cmd,0,2,428.288,428.309,delivered,1,
10298,hb,3,0,428.352,428.374,delivered,1,
10299,cmd,0,3,428.352,428.373,delivered,1,
10300,hb,4,0,428.416,428.437,delivered,1,
10301,cmd,0,4,428.48,428.501,delivered,1,
10302,hb,5,0,428.544,428.565,delivered,1,
10303,hb,1,0,428.608,428.63,delivered,1,
10304,cmd,0,5,428.608,428.65,delivered,1,
10305,cmd,0,1,428.672,428.693,delivered,1,
10306,hb,2,0,428.736,428.757,delivered,1,
10307,thumb,2,0,428.8,428.838,delivered,1,
10308,hb,3,0,428.8,428.839,delivered,1,
10309,cmd,0,2,428.8,428.821,delivered,1,
10310,cmd,0,3,428.864,428.885,delivered,1,
10311,hb,4,0,428.928,428.949,delivered,1,
10312,cmd,0,4,428.992,429.013,delivered,1,
10313,hb,5,0,429.056,429.078,delivered,1,
10314,cmd,0,5,429.056,429.077,delivered,1,
10315,hb,1,0,429.12,429.141,delivered,1,
10316,cmd,0,1,429.184,429.205,delivered,1,
10317,hb,2,0,429.248,429.269,delivered,1,
10318,hb,3,0,429.312,429.334,delivered,1,
10319,cmd,0,2,429.312,429.333,delivered,1,
10320,cmd,0,3,429.376,429.397,delivered,1,
10321,hb,4,0,429.44,429.461,delivered,1,
10322,hb,5,0,429.504,429.526,delivered,1,
10323,cmd,0,4,429.504,429.525,delivered,1,
10324,cmd,0,5,429.568,429.589,delivered,1,
10325,hb,1,0,429.632,429.653,delivered,1,
10326,cmd,0,1,429.696,429.717,delivered,1,
10327,hb,2,0,429.76,429.782,delivered,1,
10328,cmd,0,2,429.76,429.781,delivered,1,
10329,hb,3,0,429.824,429.845,delivered,1,
10330,cmd,0,3,429.888,429.909,delivered,1,
10331,hb,4,0,429.952,429.974,delivered,1,
10332,cmd,0,4,429.952,429.973,delivered,1,
10333,hb,5,0,430.016,430.037,delivered,1,
10334,cmd,0,5,430.08,430.101,delivered,1,
10335,hb,1,0,430.144,430.165,delivered,1,
10336,hb,2,0,430.208,430.23,delivered,1,
10337,cmd,0,1,430.208,430.229,delivered,1,
10338,cmd,0,2,430.272,430.293,delivered,1,
10339,hb,3,0,430.336,430.357,delivered,1,
10340,hb,4,0,430.4,430.422,delivered,1,
10341,cmd,0,3,430.4,430.421,delivered,1,
10342,cmd,0,4,430.464,430.485,delivered,1,
10343,hb,5,0,430.528,430.549,delivered,1,
10344,cmd,0,5,430.592,430.613,delivered,1,
10345,hb,1,0,430.656,430.678,delivered,1,
10346,cmd,0,1,430.656,430.677,delivered,1,
10347,hb,2,0,430.72,430.741,delivered,1,
10348,thumb,2,0,430.784,430.822,delivered,1,
10349,cmd,0,2,430.784,430.805,delivered,1,
10350,hb,3,0,430.848,430.869,delivered,1,
10351,hb,4,0,430.912,430.934,delivered,1,
10352,cmd,0,3,430.912,430.933,delivered,1,
10353,cmd,0,4,430.976,430.997,delivered,1,
10354,hb,5,0,431.04,431.061,delivered,1,
10355,hb,1,0,431.104,431.126,delivered,1,
10356,cmd,0,5,431.104,431.125,delivered,1,
10357,cmd,0,1,431.168,431.189,delivered,1,
10358,hb,2,0,431.232,431.253,delivered,1,
10359,cmd,0,2,431.296,431.317,delivered,1,
10360,hb,3,0,431.36,431.382,delivered,1,
10361,cmd,0,3,431.36,431.381,delivered,1,
10362,hb,4,0,431.424,431.445,delivered,1,
10363,cmd,0,4,431.488,431.509,delivered,1,
10364,hb,5,0,431.552,431.574,delivered,1,
10365,cmd,0,5,431.552,431.573,delivered,1,
10366,hb,1,0,431.616,431.637,delivered,1,
10367,cmd,0,1,431.68,431.701,delivered,1,
10368,hb,2,0,431.744,431.765,delivered,1,
10369,hb,3,0,431.808,431.83,delivered,1,
10370,cmd,0,2,431.808,431.829,delivered,1,
10371,cmd,0,3,431.872,431.893,delivered,1,
10372,hb,4,0,431.936,431.957,delivered,1,
10373,hb,5,0,432.0,432.022,delivered,1,
10374,cmd,0,4,432.0,432.021,delivered,1,
10375,cmd,0,5,432.064,432.085,delivered,1,
10376,hb,1,0,432.128,432.149,delivered,1,
10377,cmd,0,1,432.192,432.213,delivered,1,
10378,hb,2,0,432.256,432.278,delivered,1,
10379,cmd,0,2,432.256,432.277,delivered,1,
10380,hb,3,0,432.32,432.341,delivered,1,
10381,cmd,0,3,432.384,432.405,delivered,1,
10382,hb,4,0,432.448,432.469,delivered,1,
10383,hb,5,0,432.512,432.534,delivered,1,
10384,cmd,0,4,432.512,432.533,delivered,1,
10385,cmd,0,5,432.576,432.597,delivered,1,
10386,hb,1,0,432.64,432.661,delivered,1,
10387,hb,2,0,432.704,432.726,delivered,1,
10388,cmd,0,1,432.704,432.725,delivered,1,
10389,thumb,2,0,432.768,432.806,delivered,1,
10390,cmd,0,2,432.768,432.789,delivered,1,
10391,hb,3,0,432.832,432.853,delivered,1,
10392,cmd,0,3,432.896,432.917,delivered,1,
10393,hb,4,0,432.96,432.982,delivered,1,
10394,cmd,0,4,432.96,432.981,delivered,1,
10395,hb,5,0,433.024,433.045,delivered,1,
10396,cmd,0,5,433.088,433.109,delivered,1,
10397,hb,1,0,433.152,433.174,delivered,1,
10398,cmd,0,1,433.152,433.173,delivered,1,
10399,hb,2,0,433.216,433.237,delivered,1,
10400,cmd,0,2,433.28,433.301,delivered,1,
10401,hb,3,0,433.344,433.365,delivered,1,
10402,hb,4,0,433.408,433.43,delivered,1,
10403,cmd,0,3,433.408,433.429,delivered,1,
10404,cmd,0,4,433.472,433.493,delivered,1,
10405,hb,5,0,433.536,433.557,delivered,1,
10406,hb,1,0,433.6,433.622,delivered,1,
10407,cmd,0,5,433.6,433.621,delivered,1,
10408,cmd,0,1,433.664,433.685,delivered,1,
10409,hb,2,0,433.728,433.749,delivered,1,
10410,cmd,0,2,433.792,433.813,delivered,1,
10411,hb,3,0,433.856,433.878,delivered,1,
10412,cmd,0,3,433.856,433.877,delivered,1,
10413,hb,4,0,433.92,433.941,delivered,1,
10414,cmd,0,4,433.984,434.005,delivered,1,
10415,hb,5,0,434.048,434.069,delivered,1,
10416,hb,1,0,434.112,434.134,delivered,1,
10417,cmd,0,5,434.112,434.133,delivered,1,
10418,cmd,0,1,434.176,434.197,delivered,1,
10419,hb,2,0,434.24,434.261,delivered,1,
10420,hb,3,0,434.304,434.326,delivered,1,
10421,cmd,0,2,434.304,434.325,delivered,1,
10422,cmd,0,3,434.368,434.389,delivered,1,
10423,hb,4,0,434.432,434.453,delivered,1,
10424,cmd,0,4,434.496,434.517,delivered,1,
10425,hb,5,0,434.56,434.582,delivered,1,
10426,cmd,0,5,434.56,434.581,delivered,1,
10427,hb,1,0,434.624,434.645,delivered,1,
10428,cmd,0,1,434.688,434.709,delivered,1,
10429,hb,2,0,434.752,434.774,delivered,1,
10430,thumb,2,0,434.752,434.791,delivered,1,
10431,cmd,0,2,434.752,434.773,delivered,1,
10432,hb,3,0,434.816,434.837,delivered,1,
10433,cmd,0,3,434.88,434.901,delivered,1,
10434,hb,4,0,434.944,434.965,delivered,1,
10435,hb,5,0,435.008,435.03,delivered,1,
10436,cmd,0,4,435.008,435.029,delivered,1,
10437,cmd,0,5,435.072,435.093,delivered,1,
10438,hb,1,0,435.136,435.157,delivered,1,
10439,hb,2,0,435.2,435.222,delivered,1,
10440,cmd,0,1,435.2,435.221,delivered,1,
10441,cmd,0,2,435.264,435.285,delivered,1,
10442,hb,3,0,435.328,435.349,delivered,1,
10443,cmd,0,3,435.392,435.413,delivered,1,
10444,hb,4,0,435.456,435.478,delivered,1,
10445,cmd,0,4,435.456,435.477,delivered,1,
10446,hb,5,0,435.52,435.541,delivered,1,
10447,cmd,0,5,435.584,435.605,delivered,1,
10448,hb,1,0,435.648,435.669,delivered,1,
10449,hb,2,0,435.712,435.734,delivered,1,
10450,cmd,0,1,435.712,435.733,delivered,1,
10451,cmd,0,2,435.776,435.797,delivered,1,
10452,hb,3,0,435.84,435.861,delivered,1,
10453,hb,4,0,435.904,435.926,delivered,1,
10454,cmd,0,3,435.904,435.925,delivered,1,
10455,cmd,0,4,435.968,435.989,delivered,1,
10456,hb,5,0,436.032,436.053,delivered,1,
10457,cmd,0,5,436.096,436.117,delivered,1,
10458,hb,1,0,436.16,436.182,delivered,1,
10459,cmd,0,1,436.16,436.181,delivered,1,
10460,hb,2,0,436.224,436.245,delivered,1,
10461,cmd,0,2,436.288,436.309,delivered,1,
10462,hb,3,0,436.352,436.374,delivered,1,
10463,cmd,0,3,436.352,436.373,delivered,1,
10464,hb,4,0,436.416,436.437,delivered,1,
10465,cmd,0,4,436.48,436.501,delivered,1,
10466,hb,5,0,436.544,436.565,delivered,1,
10467,hb,1,0,436.608,436.63,delivered,1,
10468,cmd,0,5,436.608,436.629,delivered,1,
10469,cmd,0,1,436.672,436.693,delivered,1,
10470,hb,2,0,436.736,436.757,delivered,1,
10471,thumb,2,0,436.8,436.838,delivered,1,
10472,hb,3,0,436.8,436.839,delivered,1,
10473,cmd,0,2,436.8,436.821,delivered,1,
10474,cmd,0,3,436.864,436.885,delivered,1,
10475,hb,4,0,436.928,436.949,delivered,1,
10476,cmd,0,4,436.992,437.013,delivered,1,
10477,hb,5,0,437.056,437.078,delivered,1,
10478,cmd,0,5,437.056,437.077,delivered,1,
10479,hb,1,0,437.12,437.141,delivered,1,
10480,cmd,0,1,437.184,437.205,delivered,1,
10481,hb,2,0,437.248,437.29,delivered,1,
10482,hb,3,0,437.312,437.334,delivered,1,
10483,cmd,0,2,437.312,437.333,delivered,1,
10484,cmd,0,3,437.376,437.397,delivered,1,
10485,hb,4,0,437.44,437.461,delivered,1,
10486,hb,5,0,437.504,437.526,delivered,1,
10487,cmd,0,4,437.504,437.525,delivered,1,
10488,cmd,0,5,437.568,437.589,delivered,1,
10489,hb,1,0,437.632,437.653,delivered,1,
10490,cmd,0,1,437.696,437.717,delivered,1,
10491,hb,2,0,437.76,437.782,delivered,1,
10492,cmd,0,2,437.76,437.781,delivered,1,
10493,hb,3,0,437.824,437.845,delivered,1,
10494,cmd,0,3,437.888,437.909,delivered,1,
10495,hb,4,0,437.952,437.974,delivered,1,
10496,cmd,0,4,437.952,437.973,delivered,1,
10497,hb,5,0,438.016,438.037,delivered,1,
10498,cmd,0,5,438.08,438.101,delivered,1,
10499,hb,1,0,438.144,438.165,delivered,1,
10500,hb,2,0,438.208,438.23,delivered,1,
10501,cmd,0,1,438.208,438.229,delivered,1,
10502,cmd,0,2,438.272,438.293,delivered,1,
10503,hb,3,0,438.336,438.357,delivered,1,
10504,hb,4,0,438.4,438.422,delivered,1,
10505,cmd,0,3,438.4,438.421,delivered,1,
10506,cmd,0,4,438.464,438.485,delivered,1,
10507,hb,5,0,438.528,438.549,delivered,1,
10508,cmd,0,5,438.592,438.613,delivered,1,
10509,hb,1,0,438.656,438.678,delivered,1,
10510,cmd,0,1,438.656,438.698,delivered,1,
10511,hb,2,0,438.72,438.741,delivered,1,
10512,thumb,2,0,438.784,438.822,delivered,1,
10513,cmd,0,2,438.784,438.805,delivered,1,
10514,hb,3,0,438.848,438.869,delivered,1,
10515,hb,4,0,438.912,438.934,delivered,1,
10516,cmd,0,3,438.912,438.933,delivered,1,
10517,cmd,0,4,438.976,438.997,delivered,1,
10518,hb,5,0,439.04,439.061,delivered,1,
10519,hb,1,0,439.104,439.126,delivered,1,
10520,cmd,0,5,439.104,439.125,delivered,1,
10521,cmd,0,1,439.168,439.189,delivered,1,
10522,hb,2,0,439.232,439.253,delivered,1,
10523,cmd,0,2,439.296,439.317,delivered,1,
10524,hb,3,0,439.36,439.382,delivered,1,
10525,cmd,0,3,439.36,439.381,delivered,1,
10526,hb,4,0,439.424,439.445,delivered,1,
10527,cmd,0,4,439.488,439.509,delivered,1,
10528,hb,5,0,439.552,439.574,delivered,1,
10529,cmd,0,5,439.552,439.573,delivered,1,
10530,hb,1,0,439.616,439.637,delivered,1,
10531,cmd,0,1,439.68,439.701,delivered,1,
10532,hb,2,0,439.744,439.765,delivered,1,
10533,hb,3,0,439.808,439.83,delivered,1,
10534,cmd,0,2,439.808,439.829,delivered,1,
10535,cmd,0,3,439.872,439.893,delivered,1,
10536,hb,4,0,439.936,439.957,delivered,1,
10537,hb,5,0,440.0,440.022,delivered,1,
10538,cmd,0,4,440.0,440.021,delivered,1,
10539,cmd,0,5,440.064,440.085,delivered,1,
10540,hb,1,0,440.128,440.149,delivered,1,
10541,cmd,0,1,440.192,440.213,delivered,1,
10542,hb,2,0,440.256,440.278,delivered,1,
10543,cmd,0,2,440.256,440.277,delivered,1,
10544,hb,3,0,440.32,440.341,delivered,1,
10545,cmd,0,3,440.384,440.405,delivered,1,
10546,hb,4,0,440.448,440.469,delivered,1,
10547,hb,5,0,440.512,440.534,delivered,1,
10548,cmd,0,4,440.512,440.533,delivered,1,
10549,cmd,0,5,440.576,440.597,delivered,1,
10550,hb,1,0,440.64,440.661,delivered,1,
10551,hb,2,0,440.704,440.726,delivered,1,
10552,cmd,0,1,440.704,440.725,delivered,1,
10553,thumb,2,0,440.768,440.806,delivered,1,
10554,cmd,0,2,440.768,440.789,delivered,1,
10555,hb,3,0,440.832,440.853,delivered,1,
10556,cmd,0,3,440.896,440.917,delivered,1,
10557,hb,4,0,440.96,440.982,delivered,1,
10558,cmd,0,4,440.96,440.981,delivered,1,
10559,hb,5,0,441.024,441.045,delivered,1,
10560,cmd,0,5,441.088,441.109,delivered,1,
10561,hb,1,0,441.152,441.174,delivered,1,
10562,cmd,0,1,441.152,441.173,delivered,1,
10563,hb,2,0,441.216,441.237,delivered,1,
10564,cmd,0,2,441.28,441.301,delivered,1,
10565,hb,3,0,441.344,441.365,delivered,1,
10566,hb,4,0,441.408,441.43,delivered,1,
10567,cmd,0,3,441.408,441.429,delivered,1,
10568,cmd,0,4,441.472,441.493,delivered,1,
10569,hb,5,0,441.536,441.557,delivered,1,
10570,hb,1,0,441.6,441.622,delivered,1,
10571,cmd,0,5,441.6,441.621,delivered,1,
10572,cmd,0,1,441.664,441.685,delivered,1,
10573,hb,2,0,441.728,441.749,delivered,1,
10574,cmd,0,2,441.792,441.813,delivered,1,
10575,hb,3,0,441.856,441.878,delivered,1,
10576,cmd,0,3,441.856,441.877,delivered,1,
10577,hb,4,0,441.92,441.941,delivered,1,
10578,cmd,0,4,441.984,442.005,delivered,1,
10579,hb,5,0,442.048,442.069,delivered,1,
10580,hb,1,0,442.112,442.134,delivered,1,
10581,cmd,0,5,442.112,442.133,delivered,1,
10582,cmd,0,1,442.176,442.197,delivered,1,
10583,hb,2,0,442.24,442.261,delivered,1,
10584,hb,3,0,442.304,442.326,delivered,1,
10585,cmd,0,2,442.304,442.325,delivered,1,
10586,cmd,0,3,442.368,442.389,delivered,1,
10587,hb,4,0,442.432,442.453,delivered,1,
10588,cmd,0,4,442.496,442.517,delivered,1,
10589,hb,5,0,442.56,442.582,delivered,1,
10590,cmd,0,5,442.56,442.581,delivered,1,
10591,hb,1,0,442.624,442.645,delivered,1,
10592,cmd,0,1,442.688,442.709,delivered,1,
10593,hb,2,0,442.752,442.774,delivered,1,
10594,cmd,0,2,442.752,442.773,delivered,1,
10595,hb,3,0,442.816,442.837,delivered,1,
10596,cmd,0,3,442.88,442.901,delivered,1,
10597,hb,4,0,442.944,442.965,delivered,1,
10598,hb,5,0,443.008,443.03,delivered,1,
10599,cmd,0,4,443.008,443.029,delivered,1,
10600,cmd,0,5,443.072,443.093,delivered,1,
10601,hb,1,0,443.136,,pending,0,
