uid,class,src,dst,t_gen,t_delivered,outcome,hops,chunk_key
1,hb,1,0,0.128,0.149,delivered,1,
2,cmd,0,1,0.192,0.213,delivered,1,
3,hb,2,0,0.256,0.278,delivered,1,
4,cmd,0,2,0.256,0.277,delivered,1,
5,hb,3,0,0.32,0.341,delivered,1,
6,cmd,0,3,0.384,0.405,delivered,1,
7,hb,4,0,0.448,0.469,delivered,1,
8,hb,5,0,0.512,0.534,delivered,1,
9,cmd,0,4,0.512,0.533,delivered,1,
10,cmd,0,5,0.576,0.597,delivered,1,
11,hb,1,0,0.64,0.661,delivered,1,
12,hb,2,0,0.704,0.726,delivered,1,
13,cmd,0,1,0.704,0.725,delivered,1,
14,cmd,0,2,0.768,0.789,delivered,1,
15,hb,3,0,0.832,0.853,delivered,1,
16,cmd,0,3,0.896,0.917,delivered,1,
17,hb,4,0,0.96,0.982,delivered,1,
18,cmd,0,4,0.96,0.981,delivered,1,
19,hb,5,0,1.024,1.045,delivered,1,
20,cmd,0,5,1.088,1.109,delivered,1,
21,hb,1,0,1.152,1.174,delivered,1,
22,cmd,0,1,1.152,1.173,delivered,1,
23,hb,2,0,1.216,1.237,delivered,1,
24,cmd,0,2,1.28,1.301,delivered,1,
25,hb,3,0,1.344,1.365,delivered,1,
26,hb,4,0,1.408,1.43,delivered,1,
27,cmd,0,3,1.408,1.429,delivered,1,
28,cmd,0,4,1.472,1.493,delivered,1,
29,hb,5,0,1.536,1.557,delivered,1,
30,hb,1,0,1.6,1.622,delivered,1,
31,cmd,0,5,1.6,1.621,delivered,1,
32,cmd,0,1,1.664,1.685,delivered,1,
33,hb,2,0,1.728,1.749,delivered,1,
34,cmd,0,2,1.792,1.813,delivered,1,
35,hb,3,0,1.856,1.878,delivered,1,
36,cmd,0,3,1.856,1.877,delivered,1,
37,hb,4,0,1.92,1.941,delivered,1,
38,cmd,0,4,1.984,2.005,delivered,1,
39,hb,5,0,2.048,2.069,delivered,1,
40,hb,1,0,2.112,2.134,delivered,1,
41,cmd,0,5,2.112,2.133,delivered,1,
42,cmd,0,1,2.176,2.197,delivered,1,
43,hb,2,0,2.24,2.261,delivered,1,
44,hb,3,0,2.304,2.326,delivered,1,
45,cmd,0,2,2.304,2.325,delivered,1,
46,cmd,0,3,2.368,2.389,delivered,1,
47,thumb,1,0,2.432,2.469,delivered,1,
48,hb,4,0,2.432,2.469,delivered,1,
49,cmd,0,4,2.496,2.517,delivered,1,
50,hb,5,0,2.56,2.582,delivered,1,
51,cmd,0,5,2.56,2.581,delivered,1,
52,hb,1,0,2.624,2.645,delivered,1,
53,cmd,0,1,2.688,2.709,delivered,1,
54,hb,2,0,2.752,2.774,delivered,1,
55,thumb,2,0,2.752,2.791,delivered,1,
56,cmd,0,2,2.752,2.773,delivered,1,
57,hb,3,0,2.816,2.837,delivered,1,
58,cmd,0,3,2.88,2.901,delivered,1,
59,hb,4,0,2.944,2.965,delivered,1,
60,hb,5,0,3.008,3.03,delivered,1,
61,cmd,0,4,3.008,3.029,delivered,1,
62,cmd,0,5,3.072,3.093,delivered,1,
63,hb,1,0,3.136,3.157,delivered,1,
64,hb,2,0,3.2,3.222,delivered,1,
65,cmd,0,1,3.2,3.221,delivered,1,
66,cmd,0,2,3.264,3.285,delivered,1,
67,hb,3,0,3.328,3.349,delivered,1,
68,cmd,0,3,3.392,3.413,delivered,1,
69,hb,4,0,3.456,3.478,delivered,1,
70,cmd,0,4,3.456,3.477,delivered,1,
71,thumb,4,0,3.52,3.557,delivered,1,
72,hb,5,0,3.52,3.557,delivered,1,
73,cmd,0,5,3.584,3.605,delivered,1,
74,hb,1,0,3.648,3.669,delivered,1,
75,hb,2,0,3.712,3.734,delivered,1,
76,cmd,0,1,3.712,3.733,delivered,1,
77,cmd,0,2,3.776,3.797,delivered,1,
78,hb,3,0,3.84,3.861,delivered,1,
79,hb,4,0,3.904,3.926,delivered,1,
80,cmd,0,3,3.904,3.925,delivered,1,
81,cmd,0,4,3.968,3.989,delivered,1,
82,hb,5,0,4.032,4.053,delivered,1,
83,cmd,0,5,4.096,4.117,delivered,1,
84,hb,1,0,4.16,4.182,delivered,1,
85,cmd,0,1,4.16,4.181,delivered,1,
86,hb,2,0,4.224,4.245,delivered,1,
87,cmd,0,2,4.288,4.309,delivered,1,
88,hb,3,0,4.352,4.374,delivered,1,
89,cmd,0,3,4.352,4.373,delivered,1,
90,thumb,1,0,4.416,4.453,delivered,1,
91,hb,4,0,4.416,4.453,delivered,1,
92,cmd,0,4,4.48,4.501,delivered,1,
93,hb,5,0,4.544,4.565,delivered,1,
94,hb,1,0,4.608,4.63,delivered,1,
95,cmd,0,5,4.608,4.629,delivered,1,
96,cmd,0,1,4.672,4.693,delivered,1,
97,hb,2,0,4.736,4.757,delivered,1,
98,thumb,2,0,4.8,4.838,delivered,1,
99,hb,3,0,4.8,4.839,delivered,1,
100,cmd,0,2,4.8,4.842,delivered,1,
101,cmd,0,3,4.864,4.885,delivered,1,
102,hb,4,0,4.928,4.949,delivered,1,
103,cmd,0,4,4.992,5.013,delivered,1,
104,hb,5,0,5.056,5.078,delivered,1,
105,cmd,0,5,5.056,5.077,delivered,1,
106,hb,1,0,5.12,5.141,delivered,1,
107,cmd,0,1,5.184,5.205,delivered,1,
108,hb,2,0,5.248,5.269,delivered,1,
109,hb,3,0,5.312,5.334,delivered,1,
110,cmd,0,2,5.312,5.333,delivered,1,
111,cmd,0,3,5.376,5.397,delivered,1,
112,hb,4,0,5.44,5.461,delivered,1,
113,thumb,4,0,5.504,5.542,delivered,1,
114,hb,5,0,5.504,5.543,delivered,1,
115,cmd,0,4,5.504,5.525,delivered,1,
116,cmd,0,5,5.568,5.589,delivered,1,
117,hb,1,0,5.632,5.653,delivered,1,
118,cmd,0,1,5.696,5.717,delivered,1,
119,hb,2,0,5.76,5.782,delivered,1,
120,cmd,0,2,5.76,5.781,delivered,1,
121,hb,3,0,5.824,5.845,delivered,1,
122,cmd,0,3,5.888,5.909,delivered,1,
123,hb,4,0,5.952,5.974,delivered,1,
124,cmd,0,4,5.952,5.973,delivered,1,
125,hb,5,0,6.016,6.037,delivered,1,
126,cmd,0,5,6.08,6.101,delivered,1,
127,hb,1,0,6.144,6.165,delivered,1,
128,hb,2,0,6.208,6.23,delivered,1,
129,cmd,0,1,6.208,6.229,delivered,1,
130,cmd,0,2,6.272,6.293,delivered,1,
131,hb,3,0,6.336,6.357,delivered,1,
132,thumb,1,0,6.4,6.438,delivered,1,
133,hb,4,0,6.4,6.439,delivered,1,
134,cmd,0,3,6.4,6.421,delivered,1,
135,cmd,0,4,6.464,6.485,delivered,1,
136,hb,5,0,6.528,6.549,delivered,1,
137,cmd,0,5,6.592,6.613,delivered,1,
138,hb,1,0,6.656,6.678,delivered,1,
139,cmd,0,1,6.656,6.677,delivered,1,
140,hb,2,0,6.72,6.741,delivered,1,
141,thumb,2,0,6.784,6.822,delivered,1,
142,cmd,0,2,6.784,6.805,delivered,1,
143,hb,3,0,6.848,6.869,delivered,1,
144,hb,4,0,6.912,6.934,delivered,1,
145,cmd,0,3,6.912,6.933,delivered,1,
146,cmd,0,4,6.976,6.997,delivered,1,
147,hb,5,0,7.04,7.061,delivered,1,
148,hb,1,0,7.104,7.126,delivered,1,
149,cmd,0,5,7.104,7.125,delivered,1,
150,cmd,0,1,7.168,7.189,delivered,1,
151,hb,2,0,7.232,7.253,delivered,1,
152,cmd,0,2,7.296,7.317,delivered,1,
153,hb,3,0,7.36,7.382,delivered,1,
154,cmd,0,3,7.36,7.381,delivered,1,
155,hb,4,0,7.424,7.445,delivered,1,
156,thumb,4,0,7.488,7.526,delivered,1,
157,cmd,0,4,7.488,7.509,delivered,1,
158,hb,5,0,7.552,7.574,delivered,1,
159,cmd,0,5,7.552,7.573,delivered,1,
160,hb,1,0,7.616,7.637,delivered,1,
161,cmd,0,1,7.68,7.701,delivered,1,
162,hb,2,0,7.744,7.765,delivered,1,
163,hb,3,0,7.808,7.83,delivered,1,
164,cmd,0,2,7.808,7.829,delivered,1,
165,cmd,0,3,7.872,7.893,delivered,1,
166,hb,4,0,7.936,7.957,delivered,1,
167,hb,5,0,8.0,8.022,delivered,1,
168,cmd,0,4,8.0,8.021,delivered,1,
169,cmd,0,5,8.064,8.085,delivered,1,
170,hb,1,0,8.128,8.149,delivered,1,
171,cmd,0,1,8.192,8.213,delivered,1,
172,hb,2,0,8.256,8.278,delivered,1,
173,cmd,0,2,8.256,8.277,delivered,1,
174,hb,3,0,8.32,8.341,delivered,1,
175,thumb,1,0,8.384,8.422,delivered,1,
176,cmd,0,3,8.384,8.405,delivered,1,
177,hb,4,0,8.448,8.469,delivered,1,
178,hb,5,0,8.512,8.534,delivered,1,
179,cmd,0,4,8.512,8.533,delivered,1,
180,cmd,0,5,8.576,8.597,delivered,1,
181,hb,1,0,8.64,8.661,delivered,1,
182,hb,2,0,8.704,8.726,delivered,1,
183,cmd,0,1,8.704,8.725,delivered,1,
184,thumb,2,0,8.768,8.806,delivered,1,
185,cmd,0,2,8.768,8.789,delivered,1,
186,hb,3,0,8.832,8.874,delivered,1,
187,cmd,0,3,8.896,8.917,delivered,1,
188,hb,4,0,8.96,8.982,delivered,1,
189,cmd,0,4,8.96,8.981,delivered,1,
190,hb,5,0,9.024,9.045,delivered,1,
191,cmd,0,5,9.088,9.109,delivered,1,
192,hb,1,0,9.152,9.174,delivered,1,
193,cmd,0,1,9.152,9.173,delivered,1,
194,hb,2,0,9.216,9.237,delivered,1,
195,cmd,0,2,9.28,9.301,delivered,1,
196,hb,3,0,9.344,9.365,delivered,1,
197,hb,4,0,9.408,9.43,delivered,1,
198,cmd,0,3,9.408,9.429,delivered,1,
199,cmd,0,4,9.472,9.493,delivered,1,
200,thumb,4,0,9.536,9.573,delivered,1,
201,hb,5,0,9.536,9.573,delivered,1,
202,hb,1,0,9.6,9.622,delivered,1,
203,cmd,0,5,9.6,9.621,delivered,1,
204,cmd,0,1,9.664,9.685,delivered,1,
205,hb,2,0,9.728,9.749,delivered,1,
206,cmd,0,2,9.792,9.813,delivered,1,
207,hb,3,0,9.856,9.878,delivered,1,
208,cmd,0,3,9.856,9.877,delivered,1,
209,hb,4,0,9.92,9.941,delivered,1,
210,cmd,0,4,9.984,10.005,delivered,1,
211,hb,5,0,10.048,10.069,delivered,1,
212,hb,1,0,10.112,10.134,delivered,1,
213,cmd,0,5,10.112,10.133,delivered,1,
214,cmd,0,1,10.176,10.197,delivered,1,
215,hb,2,0,10.24,10.261,delivered,1,
216,hb,3,0,10.304,10.326,delivered,1,
217,cmd,0,2,10.304,10.325,delivered,1,
218,cmd,0,3,10.368,10.389,delivered,1,
219,thumb,1,0,10.432,10.469,delivered,1,
220,hb,4,0,10.432,10.469,delivered,1,
221,cmd,0,4,10.496,10.517,delivered,1,
222,hb,5,0,10.56,10.582,delivered,1,
223,cmd,0,5,10.56,10.581,delivered,1,
224,hb,1,0,10.624,10.645,delivered,1,
225,cmd,0,1,10.688,10.709,delivered,1,
226,hb,2,0,10.752,10.774,delivered,1,
227,thumb,2,0,10.752,10.791,delivered,1,
228,cmd,0,2,10.752,10.773,delivered,1,
229,hb,3,0,10.816,10.837,delivered,1,
230,cmd,0,3,10.88,10.901,delivered,1,
231,hb,4,0,10.944,10.965,delivered,1,
232,hb,5,0,11.008,11.03,delivered,1,
233,cmd,0,4,11.008,11.029,delivered,1,
234,cmd,0,5,11.072,11.093,delivered,1,
235,hb,1,0,11.136,11.157,delivered,1,
236,hb,2,0,11.2,11.222,delivered,1,
237,cmd,0,1,11.2,11.221,delivered,1,
238,cmd,0,2,11.264,11.285,delivered,1,
239,hb,3,0,11.328,11.349,delivered,1,
240,cmd,0,3,11.392,11.413,delivered,1,
241,hb,4,0,11.456,11.478,delivered,1,
242,cmd,0,4,11.456,11.477,delivered,1,
243,thumb,4,0,11.52,11.557,delivered,1,
244,hb,5,0,11.52,11.557,delivered,1,
245,cmd,0,5,11.584,11.605,delivered,1,
246,hb,1,0,11.648,11.669,delivered,1,
247,hb,2,0,11.712,11.734,delivered,1,
248,cmd,0,1,11.712,11.733,delivered,1,
249,cmd,0,2,11.776,11.797,delivered,1,
250,hb,3,0,11.84,11.861,delivered,1,
251,hb,4,0,11.904,11.926,delivered,1,
252,cmd,0,3,11.904,11.925,delivered,1,
253,cmd,0,4,11.968,11.989,delivered,1,
254,hb,5,0,12.032,12.053,delivered,1,
255,cmd,0,5,12.096,12.117,delivered,1,
256,hb,1,0,12.16,12.182,delivered,1,
257,cmd,0,1,12.16,12.181,delivered,1,
258,hb,2,0,12.224,12.245,delivered,1,
259,cmd,0,2,12.288,12.309,delivered,1,
260,hb,3,0,12.352,12.374,delivered,1,
261,cmd,0,3,12.352,12.373,delivered,1,
262,thumb,1,0,12.416,12.453,delivered,1,
263,hb,4,0,12.416,12.453,delivered,1,
264,cmd,0,4,12.48,12.501,delivered,1,
265,hb,5,0,12.544,12.565,delivered,1,
266,hb,1,0,12.608,12.63,delivered,1,
267,cmd,0,5,12.608,12.629,delivered,1,
268,cmd,0,1,12.672,12.693,delivered,1,
269,hb,2,0,12.736,12.757,delivered,1,
270,thumb,2,0,12.8,12.838,delivered,1,
271,hb,3,0,12.8,12.839,delivered,1,
272,cmd,0,2,12.8,12.821,delivered,1,
273,cmd,0,3,12.864,12.885,delivered,1,
274,hb,4,0,12.928,12.949,delivered,1,
275,cmd,0,4,12.992,13.013,delivered,1,
276,hb,5,0,13.056,13.078,delivered,1,
277,cmd,0,5,13.056,13.077,delivered,1,
278,hb,1,0,13.12,13.141,delivered,1,
279,cmd,0,1,13.184,13.205,delivered,1,
280,hb,2,0,13.248,13.269,delivered,1,
281,hb,3,0,13.312,13.334,delivered,1,
282,cmd,0,2,13.312,13.333,delivered,1,
283,cmd,0,3,13.376,13.397,delivered,1,
284,hb,4,0,13.44,13.461,delivered,1,
285,thumb,4,0,13.504,13.542,delivered,1,
286,hb,5,0,13.504,13.543,delivered,1,
287,cmd,0,4,13.504,13.525,delivered,1,
288,cmd,0,5,13.568,13.589,delivered,1,
289,hb,1,0,13.632,13.653,delivered,1,
290,cmd,0,1,13.696,13.717,delivered,1,
291,hb,2,0,13.76,13.782,delivered,1,
292,cmd,0,2,13.76,13.781,delivered,1,
293,hb,3,0,13.824,13.845,delivered,1,
294,cmd,0,3,13.888,13.909,delivered,1,
295,hb,4,0,13.952,13.974,delivered,1,
296,cmd,0,4,13.952,13.973,delivered,1,
297,hb,5,0,14.016,14.037,delivered,1,
298,cmd,0,5,14.08,14.101,delivered,1,
299,hb,1,0,14.144,14.165,delivered,1,
300,hb,2,0,14.208,14.23,delivered,1,
301,cmd,0,1,14.208,14.229,delivered,1,
302,cmd,0,2,14.272,14.293,delivered,1,
303,hb,3,0,14.336,14.357,delivered,1,
304,thumb,1,0,14.4,14.438,delivered,1,
305,hb,4,0,14.4,14.439,delivered,1,
306,cmd,0,3,14.4,14.421,delivered,1,
307,cmd,0,4,14.464,14.485,delivered,1,
308,hb,5,0,14.528,14.549,delivered,1,
309,cmd,0,5,14.592,14.613,delivered,1,
310,hb,1,0,14.656,14.678,delivered,1,
311,cmd,0,1,14.656,14.677,delivered,1,
312,hb,2,0,14.72,14.741,delivered,1,
313,thumb,2,0,14.784,14.822,delivered,1,
314,cmd,0,2,14.784,14.805,delivered,1,
315,hb,3,0,14.848,14.869,delivered,1,
316,hb,4,0,14.912,14.934,delivered,1,
317,cmd,0,3,14.912,14.933,delivered,1,
318,cmd,0,4,14.976,15.018,delivered,1,
319,hb,5,0,15.04,15.061,delivered,1,
320,hb,1,0,15.104,15.126,delivered,1,
321,cmd,0,5,15.104,15.125,delivered,1,
322,cmd,0,1,15.168,15.189,delivered,1,
323,hb,2,0,15.232,15.253,delivered,1,
324,cmd,0,2,15.296,15.317,delivered,1,
325,hb,3,0,15.36,15.382,delivered,1,
326,cmd,0,3,15.36,15.381,delivered,1,
327,hb,4,0,15.424,15.445,delivered,1,
328,thumb,4,0,15.488,15.526,delivered,1,
329,cmd,0,4,15.488,15.509,delivered,1,
330,hb,5,0,15.552,15.574,delivered,1,
331,cmd,0,5,15.552,15.573,delivered,1,
332,hb,1,0,15.616,15.637,delivered,1,
333,cmd,0,1,15.68,15.701,delivered,1,
334,hb,2,0,15.744,15.765,delivered,1,
335,hb,3,0,15.808,15.83,delivered,1,
336,cmd,0,2,15.808,15.829,delivered,1,
337,cmd,0,3,15.872,15.893,delivered,1,
338,hb,4,0,15.936,15.957,delivered,1,
339,hb,5,0,16.0,16.022,delivered,1,
340,cmd,0,4,16.0,16.021,delivered,1,
341,cmd,0,5,16.064,16.085,delivered,1,
342,hb,1,0,16.128,16.149,delivered,1,
343,cmd,0,1,16.192,16.213,delivered,1,
344,hb,2,0,16.256,16.278,delivered,1,
345,cmd,0,2,16.256,16.277,delivered,1,
346,hb,3,0,16.32,16.341,delivered,1,
347,thumb,1,0,16.384,16.422,delivered,1,
348,cmd,0,3,16.384,16.405,delivered,1,
349,hb,4,0,16.448,16.469,delivered,1,
350,hb,5,0,16.512,16.534,delivered,1,
351,cmd,0,4,16.512,16.533,delivered,1,
352,cmd,0,5,16.576,16.597,delivered,1,
353,hb,1,0,16.64,16.661,delivered,1,
354,hb,2,0,16.704,16.726,delivered,1,
355,cmd,0,1,16.704,16.725,delivered,1,
356,thumb,2,0,16.768,16.806,delivered,1,
357,cmd,0,2,16.768,16.789,delivered,1,
358,hb,3,0,16.832,16.853,delivered,1,
359,cmd,0,3,16.896,16.917,delivered,1,
360,hb,4,0,16.96,16.982,delivered,1,
361,cmd,0,4,16.96,16.981,delivered,1,
362,hb,5,0,17.024,17.045,delivered,1,
363,cmd,0,5,17.088,17.109,delivered,1,
364,hb,1,0,17.152,17.174,delivered,1,
365,cmd,0,1,17.152,17.173,delivered,1,
366,hb,2,0,17.216,17.237,delivered,1,
367,cmd,0,2,17.28,17.301,delivered,1,
368,hb,3,0,17.344,17.365,delivered,1,
369,hb,4,0,17.408,17.43,delivered,1,
370,cmd,0,3,17.408,17.429,delivered,1,
371,cmd,0,4,17.472,17.493,delivered,1,
372,thumb,4,0,17.536,17.573,delivered,1,
373,hb,5,0,17.536,17.573,delivered,1,
374,hb,1,0,17.6,17.622,delivered,1,
375,cmd,0,5,17.6,17.621,delivered,1,
376,cmd,0,1,17.664,17.685,delivered,1,
377,hb,2,0,17.728,17.749,delivered,1,
378,cmd,0,2,17.792,17.813,delivered,1,
379,hb,3,0,17.856,17.878,delivered,1,
380,cmd,0,3,17.856,17.877,delivered,1,
381,hb,4,0,17.92,17.941,delivered,1,
382,cmd,0,4,17.984,18.005,delivered,1,
383,hb,5,0,18.048,18.069,delivered,1,
384,hb,1,0,18.112,18.134,delivered,1,
385,cmd,0,5,18.112,18.133,delivered,1,
386,cmd,0,1,18.176,18.197,delivered,1,
387,hb,2,0,18.24,18.261,delivered,1,
388,hb,3,0,18.304,18.326,delivered,1,
389,cmd,0,2,18.304,18.325,delivered,1,
390,cmd,0,3,18.368,18.389,delivered,1,
391,thumb,1,0,18.432,18.469,delivered,1,
392,hb,4,0,18.432,18.469,delivered,1,
393,cmd,0,4,18.496,18.517,delivered,1,
394,hb,5,0,18.56,18.582,delivered,1,
395,cmd,0,5,18.56,18.581,delivered,1,
396,hb,1,0,18.624,18.645,delivered,1,
397,cmd,0,1,18.688,18.709,delivered,1,
398,hb,2,0,18.752,18.774,delivered,1,
399,thumb,2,0,18.752,18.791,delivered,1,
400,cmd,0,2,18.752,18.773,delivered,1,
401,hb,3,0,18.816,18.837,delivered,1,
402,cmd,0,3,18.88,18.901,delivered,1,
403,hb,4,0,18.944,18.986,delivered,1,
404,hb,5,0,19.008,19.03,delivered,1,
405,cmd,0,4,19.008,19.029,delivered,1,
406,cmd,0,5,19.072,19.093,delivered,1,
407,hb,1,0,19.136,19.157,delivered,1,
408,hb,2,0,19.2,19.222,delivered,1,
409,cmd,0,1,19.2,19.221,delivered,1,
410,cmd,0,2,19.264,19.285,delivered,1,
411,hb,3,0,19.328,19.349,delivered,1,
412,cmd,0,3,19.392,19.413,delivered,1,
413,hb,4,0,19.456,19.478,delivered,1,
414,cmd,0,4,19.456,19.477,delivered,1,
415,thumb,4,0,19.52,19.557,delivered,1,
416,hb,5,0,19.52,19.557,delivered,1,
417,cmd,0,5,19.584,19.605,delivered,1,
418,hb,1,0,19.648,19.669,delivered,1,
419,hb,2,0,19.712,19.734,delivered,1,
420,cmd,0,1,19.712,19.733,delivered,1,
421,cmd,0,2,19.776,19.797,delivered,1,
422,hb,3,0,19.84,19.861,delivered,1,
423,hb,4,0,19.904,19.926,delivered,1,
424,cmd,0,3,19.904,19.925,delivered,1,
425,cmd,0,4,19.968,19.989,delivered,1,
426,hb,5,0,20.032,20.053,delivered,1,
427,cmd,0,5,20.096,20.117,delivered,1,
428,hb,1,0,20.16,20.182,delivered,1,
429,cmd,0,1,20.16,20.181,delivered,1,
430,hb,2,0,20.224,20.245,delivered,1,
431,cmd,0,2,20.288,20.309,delivered,1,
432,hb,3,0,20.352,20.374,delivered,1,
433,cmd,0,3,20.352,20.373,delivered,1,
434,thumb,1,0,20.416,20.453,delivered,1,
435,hb,4,0,20.416,20.453,delivered,1,
436,cmd,0,4,20.48,20.501,delivered,1,
437,hb,5,0,20.544,20.565,delivered,1,
438,hb,1,0,20.608,20.63,delivered,1,
439,cmd,0,5,20.608,20.629,delivered,1,
440,cmd,0,1,20.672,20.693,delivered,1,
441,hb,2,0,20.736,20.757,delivered,1,
442,thumb,2,0,20.8,20.838,delivered,1,
443,hb,3,0,20.8,20.839,delivered,1,
444,cmd,0,2,20.8,20.821,delivered,1,
445,cmd,0,3,20.864,20.885,delivered,1,
446,hb,4,0,20.928,20.949,delivered,1,
447,cmd,0,4,20.992,21.013,delivered,1,
448,hb,5,0,21.056,21.078,delivered,1,
449,cmd,0,5,21.056,21.077,delivered,1,
450,hb,1,0,21.12,21.141,delivered,1,
451,cmd,0,1,21.184,21.205,delivered,1,
452,hb,2,0,21.248,21.269,delivered,1,
453,hb,3,0,21.312,21.334,delivered,1,
454,cmd,0,2,21.312,21.333,delivered,1,
455,cmd,0,3,21.376,21.397,delivered,1,
456,hb,4,0,21.44,21.461,delivered,1,
457,thumb,4,0,21.504,21.542,delivered,1,
458,hb,5,0,21.504,21.543,delivered,1,
459,cmd,0,4,21.504,21.525,delivered,1,
460,cmd,0,5,21.568,21.589,delivered,1,
461,hb,1,0,21.632,21.653,delivered,1,
462,cmd,0,1,21.696,21.717,delivered,1,
463,hb,2,0,21.76,21.782,delivered,1,
464,cmd,0,2,21.76,21.781,delivered,1,
465,hb,3,0,21.824,21.845,delivered,1,
466,cmd,0,3,21.888,21.93,delivered,1,
467,hb,4,0,21.952,21.974,delivered,1,
468,cmd,0,4,21.952,21.973,delivered,1,
469,hb,5,0,22.016,22.037,delivered,1,
470,cmd,0,5,22.08,22.101,delivered,1,
471,hb,1,0,22.144,22.165,delivered,1,
472,hb,2,0,22.208,22.23,delivered,1,
473,cmd,0,1,22.208,22.229,delivered,1,
474,cmd,0,2,22.272,22.293,delivered,1,
475,hb,3,0,22.336,22.357,delivered,1,
476,thumb,1,0,22.4,22.438,delivered,1,
477,hb,4,0,22.4,22.439,delivered,1,
478,cmd,0,3,22.4,22.421,delivered,1,
479,cmd,0,4,22.464,22.485,delivered,1,
480,hb,5,0,22.528,22.549,delivered,1,
481,cmd,0,5,22.592,22.613,delivered,1,
482,hb,1,0,22.656,22.678,delivered,1,
483,cmd,0,1,22.656,22.677,delivered,1,
484,hb,2,0,22.72,22.741,delivered,1,
485,thumb,2,0,22.784,22.822,delivered,1,
486,cmd,0,2,22.784,22.805,delivered,1,
487,hb,3,0,22.848,22.869,delivered,1,
488,hb,4,0,22.912,22.934,delivered,1,
489,cmd,0,3,22.912,22.933,delivered,1,
490,cmd,0,4,22.976,22.997,delivered,1,
491,hb,5,0,23.04,23.061,delivered,1,
492,hb,1,0,23.104,23.126,delivered,1,
493,cmd,0,5,23.104,23.125,delivered,1,
494,cmd,0,1,23.168,23.189,delivered,1,
495,hb,2,0,23.232,23.253,delivered,1,
496,cmd,0,2,23.296,23.317,delivered,1,
497,hb,3,0,23.36,23.382,delivered,1,
498,cmd,0,3,23.36,23.381,delivered,1,
499,hb,4,0,23.424,23.445,delivered,1,
500,thumb,4,0,23.488,23.526,delivered,1,
501,cmd,0,4,23.488,23.509,delivered,1,
502,hb,5,0,23.552,23.574,delivered,1,
503,cmd,0,5,23.552,23.573,delivered,1,
504,hb,1,0,23.616,23.637,delivered,1,
505,cmd,0,1,23.68,23.701,delivered,1,
506,hb,2,0,23.744,23.765,delivered,1,
507,hb,3,0,23.808,23.83,delivered,1,
508,cmd,0,2,23.808,23.829,delivered,1,
509,cmd,0,3,23.872,23.893,delivered,1,
510,hb,4,0,23.936,23.957,delivered,1,
511,hb,5,0,24.0,24.022,delivered,1,
512,cmd,0,4,24.0,24.021,delivered,1,
513,cmd,0,5,24.064,24.085,delivered,1,
514,hb,1,0,24.128,24.149,delivered,1,
515,cmd,0,1,24.192,24.213,delivered,1,
516,hb,2,0,24.256,24.278,delivered,1,
517,cmd,0,2,24.256,24.277,delivered,1,
518,hb,3,0,24.32,24.341,delivered,1,
519,thumb,1,0,24.384,24.422,delivered,1,
520,cmd,0,3,24.384,24.405,delivered,1,
521,hb,4,0,24.448,24.469,delivered,1,
522,hb,5,0,24.512,24.534,delivered,1,
523,cmd,0,4,24.512,24.533,delivered,1,
524,cmd,0,5,24.576,24.597,delivered,1,
525,hb,1,0,24.64,24.661,delivered,1,
526,hb,2,0,24.704,24.726,delivered,1,
527,cmd,0,1,24.704,24.725,delivered,1,
528,thumb,2,0,24.768,24.806,delivered,1,
529,cmd,0,2,24.768,24.789,delivered,1,
530,hb,3,0,24.832,24.853,delivered,1,
531,cmd,0,3,24.896,24.917,delivered,1,
532,hb,4,0,24.96,24.982,delivered,1,
533,cmd,0,4,24.96,24.981,delivered,1,
534,hb,5,0,25.024,25.045,delivered,1,
535,cmd,0,5,25.088,25.109,delivered,1,
536,hb,1,0,25.152,25.174,delivered,1,
537,cmd,0,1,25.152,25.173,delivered,1,
538,hb,2,0,25.216,25.237,delivered,1,
539,cmd,0,2,25.28,25.301,delivered,1,
540,hb,3,0,25.344,25.365,delivered,1,
541,hb,4,0,25.408,25.43,delivered,1,
542,cmd,0,3,25.408,25.429,delivered,1,
543,cmd,0,4,25.472,25.493,delivered,1,
544,thumb,4,0,25.536,25.573,delivered,1,
545,hb,5,0,25.536,25.573,delivered,1,
546,hb,1,0,25.6,25.622,delivered,1,
547,cmd,0,5,25.6,25.621,delivered,1,
548,cmd,0,1,25.664,25.685,delivered,1,
549,hb,2,0,25.728,25.749,delivered,1,
550,cmd,0,2,25.792,25.813,delivered,1,
551,hb,3,0,25.856,25.878,delivered,1,
552,cmd,0,3,25.856,25.877,delivered,1,
553,hb,4,0,25.92,25.941,delivered,1,
554,cmd,0,4,25.984,26.005,delivered,1,
555,hb,5,0,26.048,26.069,delivered,1,
556,hb,1,0,26.112,26.134,delivered,1,
557,cmd,0,5,26.112,26.133,delivered,1,
558,cmd,0,1,26.176,26.197,delivered,1,
559,hb,2,0,26.24,26.261,delivered,1,
560,hb,3,0,26.304,26.326,delivered,1,
561,cmd,0,2,26.304,26.325,delivered,1,
562,cmd,0,3,26.368,26.389,delivered,1,
563,thumb,1,0,26.432,26.469,delivered,1,
564,hb,4,0,26.432,26.469,delivered,1,
565,cmd,0,4,26.496,26.517,delivered,1,
566,hb,5,0,26.56,26.582,delivered,1,
567,cmd,0,5,26.56,26.602,delivered,1,
568,hb,1,0,26.624,26.645,delivered,1,
569,cmd,0,1,26.688,26.709,delivered,1,
570,hb,2,0,26.752,26.774,delivered,1,
571,thumb,2,0,26.752,26.791,delivered,1,
572,cmd,0,2,26.752,26.773,delivered,1,
573,hb,3,0,26.816,26.837,delivered,1,
574,cmd,0,3,26.88,26.901,delivered,1,
575,hb,4,0,26.944,26.965,delivered,1,
576,hb,5,0,27.008,27.03,delivered,1,
577,cmd,0,4,27.008,27.029,delivered,1,
578,cmd,0,5,27.072,27.093,delivered,1,
579,hb,1,0,27.136,27.157,delivered,1,
580,hb,2,0,27.2,27.222,delivered,1,
581,cmd,0,1,27.2,27.221,delivered,1,
582,cmd,0,2,27.264,27.285,delivered,1,
583,hb,3,0,27.328,27.349,delivered,1,
584,cmd,0,3,27.392,27.413,delivered,1,
585,hb,4,0,27.456,27.478,delivered,1,
586,cmd,0,4,27.456,27.477,delivered,1,
587,thumb,4,0,27.52,27.557,delivered,1,
588,hb,5,0,27.52,27.557,delivered,1,
589,cmd,0,5,27.584,27.605,delivered,1,
590,hb,1,0,27.648,27.669,delivered,1,
591,hb,2,0,27.712,27.734,delivered,1,
592,cmd,0,1,27.712,27.733,delivered,1,
593,cmd,0,2,27.776,27.797,delivered,1,
594,hb,3,0,27.84,27.861,delivered,1,
595,hb,4,0,27.904,27.926,delivered,1,
596,cmd,0,3,27.904,27.946,delivered,1,
597,cmd,0,4,27.968,27.989,delivered,1,
598,hb,5,0,28.032,28.053,delivered,1,
599,cmd,0,5,28.096,28.117,delivered,1,
600,hb,1,0,28.16,28.182,delivered,1,
601,cmd,0,1,28.16,28.181,delivered,1,
602,hb,2,0,28.224,28.245,delivered,1,
603,cmd,0,2,28.288,28.309,delivered,1,
604,hb,3,0,28.352,28.374,delivered,1,
605,cmd,0,3,28.352,28.373,delivered,1,
606,thumb,1,0,28.416,28.453,delivered,1,
607,hb,4,0,28.416,28.453,delivered,1,
608,cmd,0,4,28.48,28.501,delivered,1,
609,hb,5,0,28.544,28.565,delivered,1,
610,hb,1,0,28.608,28.63,delivered,1,
611,cmd,0,5,28.608,28.629,delivered,1,
612,cmd,0,1,28.672,28.693,delivered,1,
613,hb,2,0,28.736,28.757,delivered,1,
614,thumb,2,0,28.8,28.838,delivered,1,
615,hb,3,0,28.8,28.839,delivered,1,
616,cmd,0,2,28.8,28.821,delivered,1,
617,cmd,0,3,28.864,28.885,delivered,1,
618,hb,4,0,28.928,28.949,delivered,1,
619,cmd,0,4,28.992,29.013,delivered,1,
620,hb,5,0,29.056,29.078,delivered,1,
621,cmd,0,5,29.056,29.077,delivered,1,
622,hb,1,0,29.12,29.141,delivered,1,
623,cmd,0,1,29.184,29.205,delivered,1,
624,hb,2,0,29.248,29.269,delivered,1,
625,hb,3,0,29.312,29.334,delivered,1,
626,cmd,0,2,29.312,29.333,delivered,1,
627,cmd,0,3,29.376,29.397,delivered,1,
628,hb,4,0,29.44,29.461,delivered,1,
629,thumb,4,0,29.504,29.542,delivered,1,
630,hb,5,0,29.504,29.543,delivered,1,
631,cmd,0,4,29.504,29.525,delivered,1,
632,cmd,0,5,29.568,29.589,delivered,1,
633,hb,1,0,29.632,29.653,delivered,1,
634,cmd,0,1,29.696,29.717,delivered,1,
635,hb,2,0,29.76,29.782,delivered,1,
636,cmd,0,2,29.76,29.781,delivered,1,
637,hb,3,0,29.824,29.845,delivered,1,
638,cmd,0,3,29.888,29.909,delivered,1,
639,hb,4,0,29.952,29.974,delivered,1,
640,cmd,0,4,29.952,29.973,delivered,1,
641,hb,5,0,30.016,30.037,delivered,1,
642,cmd,0,5,30.08,30.101,delivered,1,
643,hb,1,0,30.144,30.165,delivered,1,
644,hb,2,0,30.208,30.23,delivered,1,
645,cmd,0,1,30.208,30.229,delivered,1,
646,cmd,0,2,30.272,30.293,delivered,1,
647,hb,3,0,30.336,30.357,delivered,1,
648,thumb,1,0,30.4,30.438,delivered,1,
649,hb,4,0,30.4,30.439,delivered,1,
650,cmd,0,3,30.4,30.421,delivered,1,
651,cmd,0,4,30.464,30.485,delivered,1,
652,hb,5,0,30.528,30.549,delivered,1,
653,cmd,0,5,30.592,30.613,delivered,1,
654,hb,1,0,30.656,30.678,delivered,1,
655,cmd,0,1,30.656,30.677,delivered,1,
656,hb,2,0,30.72,30.741,delivered,1,
657,thumb,2,0,30.784,30.822,delivered,1,
658,cmd,0,2,30.784,30.805,delivered,1,
659,hb,3,0,30.848,30.869,delivered,1,
660,hb,4,0,30.912,30.934,delivered,1,
661,cmd,0,3,30.912,30.933,delivered,1,
662,cmd,0,4,30.976,30.997,delivered,1,
663,hb,5,0,31.04,31.061,delivered,1,
664,hb,1,0,31.104,31.126,delivered,1,
665,cmd,0,5,31.104,31.125,delivered,1,
666,cmd,0,1,31.168,31.189,delivered,1,
667,hb,2,0,31.232,31.253,delivered,1,
668,cmd,0,2,31.296,31.317,delivered,1,
669,hb,3,0,31.36,31.382,delivered,1,
670,cmd,0,3,31.36,31.381,delivered,1,
671,hb,4,0,31.424,31.445,delivered,1,
672,thumb,4,0,31.488,31.526,delivered,1,
673,cmd,0,4,31.488,31.509,delivered,1,
674,hb,5,0,31.552,31.574,delivered,1,
675,cmd,0,5,31.552,31.573,delivered,1,
676,hb,1,0,31.616,31.637,delivered,1,
677,cmd,0,1,31.68,31.701,delivered,1,
678,hb,2,0,31.744,31.765,delivered,1,
679,hb,3,0,31.808,31.83,delivered,1,
680,cmd,0,2,31.808,31.829,delivered,1,
681,cmd,0,3,31.872,31.893,delivered,1,
682,hb,4,0,31.936,31.957,delivered,1,
683,hb,5,0,32.0,32.022,delivered,1,
684,cmd,0,4,32.0,32.021,delivered,1,
685,cmd,0,5,32.064,32.085,delivered,1,
686,hb,1,0,32.128,32.149,delivered,1,
687,cmd,0,1,32.192,32.213,delivered,1,
688,hb,2,0,32.256,32.278,delivered,1,
689,cmd,0,2,32.256,32.277,delivered,1,
690,hb,3,0,32.32,32.341,delivered,1,
691,thumb,1,0,32.384,32.422,delivered,1,
692,cmd,0,3,32.384,32.405,delivered,1,
693,hb,4,0,32.448,32.469,delivered,1,
694,hb,5,0,32.512,32.534,delivered,1,
695,cmd,0,4,32.512,32.533,delivered,1,
696,cmd,0,5,32.576,32.597,delivered,1,
697,hb,1,0,32.64,32.661,delivered,1,
698,hb,2,0,32.704,32.726,delivered,1,
699,cmd,0,1,32.704,32.725,delivered,1,
700,thumb,2,0,32.768,32.806,delivered,1,
701,cmd,0,2,32.768,32.789,delivered,1,
702,hb,3,0,32.832,32.853,delivered,1,
703,cmd,0,3,32.896,32.917,delivered,1,
704,hb,4,0,32.96,32.982,delivered,1,
705,cmd,0,4,32.96,32.981,delivered,1,
706,hb,5,0,33.024,33.045,delivered,1,
707,cmd,0,5,33.088,33.109,delivered,1,
708,hb,1,0,33.152,33.174,delivered,1,
709,cmd,0,1,33.152,33.173,delivered,1,
710,hb,2,0,33.216,33.237,delivered,1,
711,cmd,0,2,33.28,33.301,delivered,1,
712,hb,3,0,33.344,33.365,delivered,1,
713,hb,4,0,33.408,33.43,delivered,1,
714,cmd,0,3,33.408,33.429,delivered,1,
715,cmd,0,4,33.472,33.493,delivered,1,
716,thumb,4,0,33.536,33.573,delivered,1,
717,hb,5,0,33.536,33.573,delivered,1,
718,hb,1,0,33.6,33.622,delivered,1,
719,cmd,0,5,33.6,33.621,delivered,1,
720,cmd,0,1,33.664,33.685,delivered,1,
721,hb,2,0,33.728,33.749,delivered,1,
722,cmd,0,2,33.792,33.813,delivered,1,
723,hb,3,0,33.856,33.878,delivered,1,
724,cmd,0,3,33.856,33.877,delivered,1,
725,hb,4,0,33.92,33.941,delivered,1,
726,cmd,0,4,33.984,34.005,delivered,1,
727,hb,5,0,34.048,34.069,delivered,1,
728,hb,1,0,34.112,34.134,delivered,1,
729,cmd,0,5,34.112,34.133,delivered,1,
730,cmd,0,1,34.176,34.197,delivered,1,
731,hb,2,0,34.24,34.261,delivered,1,
732,hb,3,0,34.304,34.326,delivered,1,
733,cmd,0,2,34.304,34.325,delivered,1,
734,cmd,0,3,34.368,34.389,delivered,1,
735,thumb,1,0,34.432,34.469,delivered,1,
736,hb,4,0,34.432,34.469,delivered,1,
737,cmd,0,4,34.496,34.517,delivered,1,
738,hb,5,0,34.56,34.582,delivered,1,
739,cmd,0,5,34.56,34.581,delivered,1,
740,hb,1,0,34.624,34.645,delivered,1,
741,cmd,0,1,34.688,34.709,delivered,1,
742,hb,2,0,34.752,34.774,delivered,1,
743,thumb,2,0,34.752,34.791,delivered,1,
744,cmd,0,2,34.752,34.773,delivered,1,
745,hb,3,0,34.816,34.837,delivered,1,
746,cmd,0,3,34.88,34.901,delivered,1,
747,hb,4,0,34.944,34.965,delivered,1,
748,hb,5,0,35.008,35.03,delivered,1,
749,cmd,0,4,35.008,35.029,delivered,1,
750,cmd,0,5,35.072,35.093,delivered,1,
751,hb,1,0,35.136,35.157,delivered,1,
752,hb,2,0,35.2,35.222,delivered,1,
753,cmd,0,1,35.2,35.221,delivered,1,
754,cmd,0,2,35.264,35.285,delivered,1,
755,hb,3,0,35.328,35.349,delivered,1,
756,cmd,0,3,35.392,35.413,delivered,1,
757,hb,4,0,35.456,35.478,delivered,1,
758,cmd,0,4,35.456,35.477,delivered,1,
759,thumb,4,0,35.52,35.557,delivered,1,
760,hb,5,0,35.52,35.557,delivered,1,
761,cmd,0,5,35.584,35.605,delivered,1,
762,hb,1,0,35.648,35.669,delivered,1,
763,hb,2,0,35.712,35.734,delivered,1,
764,cmd,0,1,35.712,35.733,delivered,1,
765,cmd,0,2,35.776,35.797,delivered,1,
766,hb,3,0,35.84,35.861,delivered,1,
767,hb,4,0,35.904,35.926,delivered,1,
768,cmd,0,3,35.904,35.925,delivered,1,
769,cmd,0,4,35.968,35.989,delivered,1,
770,hb,5,0,36.032,36.053,delivered,1,
771,cmd,0,5,36.096,36.117,delivered,1,
772,hb,1,0,36.16,36.182,delivered,1,
773,cmd,0,1,36.16,36.181,delivered,1,
774,hb,2,0,36.224,36.245,delivered,1,
775,cmd,0,2,36.288,36.309,delivered,1,
776,hb,3,0,36.352,36.374,delivered,1,
777,cmd,0,3,36.352,36.373,delivered,1,
778,thumb,1,0,36.416,36.453,delivered,1,
779,hb,4,0,36.416,36.453,delivered,1,
780,cmd,0,4,36.48,36.501,delivered,1,
781,hb,5,0,36.544,36.565,delivered,1,
782,hb,1,0,36.608,36.63,delivered,1,
783,cmd,0,5,36.608,36.629,delivered,1,
784,cmd,0,1,36.672,36.693,delivered,1,
785,hb,2,0,36.736,36.757,delivered,1,
786,thumb,2,0,36.8,36.838,delivered,1,
787,hb,3,0,36.8,36.839,delivered,1,
788,cmd,0,2,36.8,36.821,delivered,1,
789,cmd,0,3,36.864,36.885,delivered,1,
790,hb,4,0,36.928,36.949,delivered,1,
791,cmd,0,4,36.992,37.013,delivered,1,
792,hb,5,0,37.056,37.078,delivered,1,
793,cmd,0,5,37.056,37.077,delivered,1,
794,hb,1,0,37.12,37.141,delivered,1,
795,cmd,0,1,37.184,37.205,delivered,1,
796,hb,2,0,37.248,37.269,delivered,1,
797,hb,3,0,37.312,37.334,delivered,1,
798,cmd,0,2,37.312,37.333,delivered,1,
799,cmd,0,3,37.376,37.397,delivered,1,
800,hb,4,0,37.44,37.461,delivered,1,
801,thumb,4,0,37.504,37.542,delivered,1,
802,hb,5,0,37.504,37.543,delivered,1,
803,cmd,0,4,37.504,37.525,delivered,1,
804,cmd,0,5,37.568,37.589,delivered,1,
805,hb,1,0,37.632,37.653,delivered,1,
806,cmd,0,1,37.696,37.717,delivered,1,
807,hb,2,0,37.76,37.782,delivered,1,
808,cmd,0,2,37.76,37.781,delivered,1,
809,hb,3,0,37.824,37.845,delivered,1,
810,cmd,0,3,37.888,37.909,delivered,1,
811,hb,4,0,37.952,37.974,delivered,1,
812,cmd,0,4,37.952,37.973,delivered,1,
813,hb,5,0,38.016,38.037,delivered,1,
814,cmd,0,5,38.08,38.101,delivered,1,
815,hb,1,0,38.144,38.165,delivered,1,
816,hb,2,0,38.208,38.23,delivered,1,
817,cmd,0,1,38.208,38.25,delivered,1,
818,cmd,0,2,38.272,38.293,delivered,1,
819,hb,3,0,38.336,38.357,delivered,1,
820,thumb,1,0,38.4,38.438,delivered,1,
821,hb,4,0,38.4,38.439,delivered,1,
822,cmd,0,3,38.4,38.421,delivered,1,
823,cmd,0,4,38.464,38.485,delivered,1,
824,hb,5,0,38.528,38.549,delivered,1,
825,cmd,0,5,38.592,38.613,delivered,1,
826,hb,1,0,38.656,38.678,delivered,1,
827,cmd,0,1,38.656,38.677,delivered,1,
828,hb,2,0,38.72,38.741,delivered,1,
829,thumb,2,0,38.784,38.822,delivered,1,
830,cmd,0,2,38.784,38.805,delivered,1,
831,hb,3,0,38.848,38.869,delivered,1,
832,hb,4,0,38.912,38.934,delivered,1,
833,cmd,0,3,38.912,38.933,delivered,1,
834,cmd,0,4,38.976,38.997,delivered,1,
835,hb,5,0,39.04,39.061,delivered,1,
836,hb,1,0,39.104,39.126,delivered,1,
837,cmd,0,5,39.104,39.125,delivered,1,
838,cmd,0,1,39.168,39.189,delivered,1,
839,hb,2,0,39.232,39.253,delivered,1,
840,cmd,0,2,39.296,39.338,delivered,1,
841,hb,3,0,39.36,39.382,delivered,1,
842,cmd,0,3,39.36,39.381,delivered,1,
843,hb,4,0,39.424,39.466,delivered,1,
844,thumb,4,0,39.488,39.526,delivered,1,
845,cmd,0,4,39.488,39.509,delivered,1,
846,hb,5,0,39.552,39.574,delivered,1,
847,cmd,0,5,39.552,39.573,delivered,1,
848,hb,1,0,39.616,39.637,delivered,1,
849,cmd,0,1,39.68,39.701,delivered,1,
850,hb,2,0,39.744,39.765,delivered,1,
851,hb,3,0,39.808,39.83,delivered,1,
852,cmd,0,2,39.808,39.829,delivered,1,
853,cmd,0,3,39.872,39.893,delivered,1,
854,hb,4,0,39.936,39.957,delivered,1,
855,hb,5,0,40.0,40.022,delivered,1,
856,cmd,0,4,40.0,40.021,delivered,1,
857,cmd,0,5,40.064,40.085,delivered,1,
858,hb,1,0,40.128,40.149,delivered,1,
859,cmd,0,1,40.192,40.213,delivered,1,
860,hb,2,0,40.256,40.278,delivered,1,
861,cmd,0,2,40.256,40.277,delivered,1,
862,hb,3,0,40.32,40.341,delivered,1,
863,thumb,1,0,40.384,40.422,delivered,1,
864,cmd,0,3,40.384,40.405,delivered,1,
865,hb,4,0,40.448,40.469,delivered,1,
866,hb,5,0,40.512,40.534,delivered,1,
867,cmd,0,4,40.512,40.533,delivered,1,
868,cmd,0,5,40.576,40.597,delivered,1,
869,hb,1,0,40.64,40.661,delivered,1,
870,hb,2,0,40.704,40.726,delivered,1,
871,cmd,0,1,40.704,40.746,delivered,1,
872,thumb,2,0,40.768,40.806,delivered,1,
873,cmd,0,2,40.768,40.789,delivered,1,
874,hb,3,0,40.832,40.853,delivered,1,
875,cmd,0,3,40.896,40.917,delivered,1,
876,hb,4,0,40.96,40.982,delivered,1,
877,cmd,0,4,40.96,40.981,delivered,1,
878,hb,5,0,41.024,41.045,delivered,1,
879,cmd,0,5,41.088,41.109,delivered,1,
880,hb,1,0,41.152,41.174,delivered,1,
881,cmd,0,1,41.152,41.173,delivered,1,
882,hb,2,0,41.216,41.237,delivered,1,
883,cmd,0,2,41.28,41.301,delivered,1,
884,hb,3,0,41.344,41.365,delivered,1,
885,hb,4,0,41.408,41.43,delivered,1,
886,cmd,0,3,41.408,41.429,delivered,1,
887,cmd,0,4,41.472,41.493,delivered,1,
888,thumb,4,0,41.536,41.573,delivered,1,
889,hb,5,0,41.536,41.573,delivered,1,
890,hb,1,0,41.6,41.622,delivered,1,
891,cmd,0,5,41.6,41.621,delivered,1,
892,cmd,0,1,41.664,41.685,delivered,1,
893,hb,2,0,41.728,41.749,delivered,1,
894,cmd,0,2,41.792,41.813,delivered,1,
895,hb,3,0,41.856,41.878,delivered,1,
896,cmd,0,3,41.856,41.877,delivered,1,
897,hb,4,0,41.92,41.941,delivered,1,
898,cmd,0,4,41.984,42.005,delivered,1,
899,hb,5,0,42.048,42.069,delivered,1,
900,hb,1,0,42.112,42.134,delivered,1,
901,cmd,0,5,42.112,42.133,delivered,1,
902,cmd,0,1,42.176,42.197,delivered,1,
903,hb,2,0,42.24,42.261,delivered,1,
904,hb,3,0,42.304,42.326,delivered,1,
905,cmd,0,2,42.304,42.325,delivered,1,
906,cmd,0,3,42.368,42.389,delivered,1,
907,thumb,1,0,42.432,42.469,delivered,1,
908,hb,4,0,42.432,42.469,delivered,1,
909,cmd,0,4,42.496,42.517,delivered,1,
910,hb,5,0,42.56,42.582,delivered,1,
911,cmd,0,5,42.56,42.581,delivered,1,
912,hb,1,0,42.624,42.645,delivered,1,
913,cmd,0,1,42.688,42.709,delivered,1,
914,hb,2,0,42.752,42.774,delivered,1,
915,thumb,2,0,42.752,42.791,delivered,1,
916,cmd,0,2,42.752,42.773,delivered,1,
917,hb,3,0,42.816,42.837,delivered,1,
918,cmd,0,3,42.88,42.901,delivered,1,
919,hb,4,0,42.944,42.965,delivered,1,
920,hb,5,0,43.008,43.03,delivered,1,
921,cmd,0,4,43.008,43.029,delivered,1,
922,cmd,0,5,43.072,43.093,delivered,1,
923,hb,1,0,43.136,43.157,delivered,1,
924,hb,2,0,43.2,43.222,delivered,1,
925,cmd,0,1,43.2,43.242,delivered,1,
926,cmd,0,2,43.264,43.285,delivered,1,
927,hb,3,0,43.328,43.349,delivered,1,
928,cmd,0,3,43.392,43.413,delivered,1,
929,hb,4,0,43.456,43.478,delivered,1,
930,cmd,0,4,43.456,43.477,delivered,1,
931,thumb,4,0,43.52,43.557,delivered,1,
932,hb,5,0,43.52,43.557,delivered,1,
933,cmd,0,5,43.584,43.605,delivered,1,
934,hb,1,0,43.648,43.669,delivered,1,
935,hb,2,0,43.712,43.734,delivered,1,
936,cmd,0,1,43.712,43.733,delivered,1,
937,cmd,0,2,43.776,43.797,delivered,1,
938,hb,3,0,43.84,43.861,delivered,1,
939,hb,4,0,43.904,43.926,delivered,1,
940,cmd,0,3,43.904,43.925,delivered,1,
941,cmd,0,4,43.968,43.989,delivered,1,
942,hb,5,0,44.032,44.053,delivered,1,
943,cmd,0,5,44.096,44.117,delivered,1,
944,hb,1,0,44.16,44.203,delivered,1,
945,cmd,0,1,44.16,44.181,delivered,1,
946,hb,2,0,44.224,44.245,delivered,1,
947,cmd,0,2,44.288,44.309,delivered,1,
948,hb,3,0,44.352,44.374,delivered,1,
949,cmd,0,3,44.352,44.373,delivered,1,
950,thumb,1,0,44.416,44.453,delivered,1,
951,hb,4,0,44.416,44.453,delivered,1,
952,cmd,0,4,44.48,44.501,delivered,1,
953,hb,5,0,44.544,44.565,delivered,1,
954,hb,1,0,44.608,44.63,delivered,1,
955,cmd,0,5,44.608,44.629,delivered,1,
956,cmd,0,1,44.672,44.693,delivered,1,
957,hb,2,0,44.736,44.757,delivered,1,
958,thumb,2,0,44.8,44.838,delivered,1,
959,hb,3,0,44.8,44.839,delivered,1,
960,cmd,0,2,44.8,44.821,delivered,1,
961,cmd,0,3,44.864,44.885,delivered,1,
962,hb,4,0,44.928,44.949,delivered,1,
963,cmd,0,4,44.992,45.013,delivered,1,
964,hb,5,0,45.056,45.078,delivered,1,
965,cmd,0,5,45.056,45.077,delivered,1,
966,hb,1,0,45.12,45.141,delivered,1,
967,cmd,0,1,45.184,45.205,delivered,1,
968,hb,2,0,45.248,45.269,delivered,1,
969,hb,3,0,45.312,45.334,delivered,1,
970,cmd,0,2,45.312,45.333,delivered,1,
971,cmd,0,3,45.376,45.397,delivered,1,
972,hb,4,0,45.44,45.461,delivered,1,
973,thumb,4,0,45.504,45.542,delivered,1,
974,hb,5,0,45.504,45.543,delivered,1,
975,cmd,0,4,45.504,45.525,delivered,1,
976,cmd,0,5,45.568,45.589,delivered,1,
977,hb,1,0,45.632,45.653,delivered,1,
978,cmd,0,1,45.696,45.717,delivered,1,
979,hb,2,0,45.76,45.782,delivered,1,
980,cmd,0,2,45.76,45.781,delivered,1,
981,hb,3,0,45.824,45.845,delivered,1,
982,cmd,0,3,45.888,45.909,delivered,1,
983,hb,4,0,45.952,45.974,delivered,1,
984,cmd,0,4,45.952,45.973,delivered,1,
985,hb,5,0,46.016,46.037,delivered,1,
986,cmd,0,5,46.08,46.101,delivered,1,
987,hb,1,0,46.144,46.165,delivered,1,
988,hb,2,0,46.208,46.23,delivered,1,
989,cmd,0,1,46.208,46.25,delivered,1,
990,cmd,0,2,46.272,46.293,delivered,1,
991,hb,3,0,46.336,46.357,delivered,1,
992,thumb,1,0,46.4,46.438,delivered,1,
993,hb,4,0,46.4,46.439,delivered,1,
994,cmd,0,3,46.4,46.421,delivered,1,
995,cmd,0,4,46.464,46.485,delivered,1,
996,hb,5,0,46.528,46.549,delivered,1,
997,cmd,0,5,46.592,46.613,delivered,1,
998,hb,1,0,46.656,46.678,delivered,1,
999,cmd,0,1,46.656,46.677,delivered,1,
1000,hb,2,0,46.72,46.741,delivered,1,
1001,thumb,2,0,46.784,46.822,delivered,1,
1002,cmd,0,2,46.784,46.805,delivered,1,
1003,hb,3,0,46.848,46.869,delivered,1,
1004,hb,4,0,46.912,46.934,delivered,1,
1005,cmd,0,3,46.912,46.933,delivered,1,
1006,cmd,0,4,46.976,46.997,delivered,1,
1007,hb,5,0,47.04,47.061,delivered,1,
1008,hb,1,0,47.104,47.126,delivered,1,
1009,cmd,0,5,47.104,47.125,delivered,1,
1010,cmd,0,1,47.168,47.21,delivered,1,
1011,hb,2,0,47.232,47.253,delivered,1,
1012,cmd,0,2,47.296,47.317,delivered,1,
1013,hb,3,0,47.36,47.382,delivered,1,
1014,cmd,0,3,47.36,47.381,delivered,1,
1015,hb,4,0,47.424,47.445,delivered,1,
1016,thumb,4,0,47.488,47.526,delivered,1,
1017,cmd,0,4,47.488,47.509,delivered,1,
1018,hb,5,0,47.552,47.574,delivered,1,
1019,cmd,0,5,47.552,47.573,delivered,1,
1020,hb,1,0,47.616,47.637,delivered,1,
1021,cmd,0,1,47.68,47.701,delivered,1,
1022,hb,2,0,47.744,47.765,delivered,1,
1023,hb,3,0,47.808,47.83,delivered,1,
1024,cmd,0,2,47.808,47.829,delivered,1,
1025,cmd,0,3,47.872,47.893,delivered,1,
1026,hb,4,0,47.936,47.957,delivered,1,
1027,hb,5,0,48.0,48.022,delivered,1,
1028,cmd,0,4,48.0,48.021,delivered,1,
1029,cmd,0,5,48.064,48.085,delivered,1,
1030,hb,1,0,48.128,48.149,delivered,1,
1031,cmd,0,1,48.192,48.213,delivered,1,
1032,hb,2,0,48.256,48.278,delivered,1,
1033,cmd,0,2,48.256,48.277,delivered,1,
1034,hb,3,0,48.32,48.341,delivered,1,
1035,thumb,1,0,48.384,48.422,delivered,1,
1036,cmd,0,3,48.384,48.405,delivered,1,
1037,hb,4,0,48.448,48.469,delivered,1,
1038,hb,5,0,48.512,48.534,delivered,1,
1039,cmd,0,4,48.512,48.533,delivered,1,
1040,cmd,0,5,48.576,48.597,delivered,1,
1041,hb,1,0,48.64,48.682,delivered,1,
1042,hb,2,0,48.704,48.726,delivered,1,
1043,cmd,0,1,48.704,48.725,delivered,1,
1044,thumb,2,0,48.768,48.806,delivered,1,
1045,cmd,0,2,48.768,48.789,delivered,1,
1046,hb,3,0,48.832,48.853,delivered,1,
1047,cmd,0,3,48.896,48.917,delivered,1,
1048,hb,4,0,48.96,49.003,delivered,1,
1049,cmd,0,4,48.96,48.981,delivered,1,
1050,hb,5,0,49.024,49.045,delivered,1,
1051,cmd,0,5,49.088,49.109,delivered,1,
1052,hb,1,0,49.152,49.174,delivered,1,
1053,cmd,0,1,49.152,49.173,delivered,1,
1054,hb,2,0,49.216,49.237,delivered,1,
1055,cmd,0,2,49.28,49.301,delivered,1,
1056,hb,3,0,49.344,49.365,delivered,1,
1057,hb,4,0,49.408,49.43,delivered,1,
1058,cmd,0,3,49.408,49.429,delivered,1,
1059,cmd,0,4,49.472,49.493,delivered,1,
1060,thumb,4,0,49.536,49.573,delivered,1,
1061,hb,5,0,49.536,49.573,delivered,1,
1062,hb,1,0,49.6,49.622,delivered,1,
1063,cmd,0,5,49.6,49.621,delivered,1,
1064,cmd,0,1,49.664,49.685,delivered,1,
1065,hb,2,0,49.728,49.749,delivered,1,
1066,cmd,0,2,49.792,49.813,delivered,1,
1067,hb,3,0,49.856,49.878,delivered,1,
1068,cmd,0,3,49.856,49.877,delivered,1,
1069,hb,4,0,49.92,49.941,delivered,1,
1070,cmd,0,4,49.984,50.005,delivered,1,
1071,hb,5,0,50.048,50.069,delivered,1,
1072,hb,1,0,50.112,50.134,delivered,1,
1073,cmd,0,5,50.112,50.133,delivered,1,
1074,cmd,0,1,50.176,50.197,delivered,1,
1075,hb,2,0,50.24,50.261,delivered,1,
1076,hb,3,0,50.304,50.326,delivered,1,
1077,cmd,0,2,50.304,50.325,delivered,1,
1078,cmd,0,3,50.368,50.389,delivered,1,
1079,thumb,1,0,50.432,50.469,delivered,1,
1080,hb,4,0,50.432,50.49,delivered,1,
1081,cmd,0,4,50.496,50.538,delivered,1,
1082,hb,5,0,50.56,50.582,delivered,1,
1083,cmd,0,5,50.56,50.581,delivered,1,
1084,hb,1,0,50.624,50.645,delivered,1,
1085,cmd,0,1,50.688,50.709,delivered,1,
1086,hb,2,0,50.752,50.774,delivered,1,
1087,thumb,2,0,50.752,50.791,delivered,1,
1088,cmd,0,2,50.752,50.773,delivered,1,
1089,hb,3,0,50.816,50.837,delivered,1,
1090,cmd,0,3,50.88,50.901,delivered,1,
1091,hb,4,0,50.944,50.965,delivered,1,
1092,hb,5,0,51.008,51.03,delivered,1,
1093,cmd,0,4,51.008,51.029,delivered,1,
1094,cmd,0,5,51.072,51.093,delivered,1,
1095,hb,1,0,51.136,51.178,delivered,1,
1096,hb,2,0,51.2,51.222,delivered,1,
1097,cmd,0,1,51.2,51.221,delivered,1,
1098,cmd,0,2,51.264,51.285,delivered,1,
1099,hb,3,0,51.328,51.349,delivered,1,
1100,cmd,0,3,51.392,51.413,delivered,1,
1101,hb,4,0,51.456,51.478,delivered,1,
1102,cmd,0,4,51.456,51.477,delivered,1,
1103,thumb,4,0,51.52,51.593,delivered,1,
1104,hb,5,0,51.52,51.557,delivered,1,
1105,cmd,0,5,51.584,51.605,delivered,1,
1106,hb,1,0,51.648,51.669,delivered,1,
1107,hb,2,0,51.712,51.734,delivered,1,
1108,cmd,0,1,51.712,51.733,delivered,1,
1109,cmd,0,2,51.776,51.797,delivered,1,
1110,hb,3,0,51.84,51.861,delivered,1,
1111,hb,4,0,51.904,51.926,delivered,1,
1112,cmd,0,3,51.904,51.925,delivered,1,
1113,cmd,0,4,51.968,51.989,delivered,1,
1114,hb,5,0,52.032,52.053,delivered,1,
1115,cmd,0,5,52.096,52.117,delivered,1,
1116,hb,1,0,52.16,52.202,delivered,2,
1117,cmd,0,1,52.16,52.203,delivered,2,
1118,hb,2,0,52.224,52.245,delivered,1,
1119,cmd,0,2,52.288,52.309,delivered,1,
1120,hb,3,0,52.352,52.374,delivered,1,
1121,cmd,0,3,52.352,52.373,delivered,1,
1122,thumb,1,0,52.416,52.489,delivered,2,
1123,hb,4,0,52.416,52.453,delivered,1,
1124,cmd,0,4,52.48,52.501,delivered,1,
1125,hb,5,0,52.544,52.565,delivered,1,
1126,hb,1,0,52.608,52.65,delivered,2,
1127,cmd,0,5,52.608,52.629,delivered,1,
1128,cmd,0,1,52.672,52.735,delivered,2,
1129,hb,2,0,52.736,52.757,delivered,1,
1130,thumb,2,0,52.8,52.838,delivered,1,
1131,hb,3,0,52.8,52.839,delivered,1,
1132,cmd,0,2,52.8,52.821,delivered,1,
1133,cmd,0,3,52.864,52.885,delivered,1,
1134,hb,4,0,52.928,52.949,delivered,1,
1135,cmd,0,4,52.992,53.013,delivered,1,
1136,hb,5,0,53.056,53.078,delivered,1,
1137,cmd,0,5,53.056,53.077,delivered,1,
1138,hb,1,0,53.12,53.162,delivered,2,
1139,cmd,0,1,53.184,53.226,delivered,2,
1140,hb,2,0,53.248,53.269,delivered,1,
1141,hb,3,0,53.312,53.334,delivered,1,
1142,cmd,0,2,53.312,53.333,delivered,1,
1143,cmd,0,3,53.376,53.397,delivered,1,
1144,hb,4,0,53.44,53.461,delivered,1,
1145,thumb,4,0,53.504,53.542,delivered,1,
1146,hb,5,0,53.504,53.543,delivered,1,
1147,cmd,0,4,53.504,53.525,delivered,1,
1148,cmd,0,5,53.568,53.589,delivered,1,
1149,hb,1,0,53.632,53.674,delivered,2,
1150,cmd,0,1,53.696,53.738,delivered,2,
1151,hb,2,0,53.76,53.782,delivered,1,
1152,cmd,0,2,53.76,53.781,delivered,1,
1153,hb,3,0,53.824,53.845,delivered,1,
1154,cmd,0,3,53.888,53.909,delivered,1,
1155,hb,4,0,53.952,53.974,delivered,1,
1156,cmd,0,4,53.952,53.973,delivered,1,
1157,hb,5,0,54.016,54.037,delivered,1,
1158,cmd,0,5,54.08,54.101,delivered,1,
1159,hb,1,0,54.144,54.186,delivered,2,
1160,hb,2,0,54.208,54.23,delivered,1,
1161,cmd,0,1,54.208,54.25,delivered,2,
1162,cmd,0,2,54.272,54.293,delivered,1,
1163,hb,3,0,54.336,54.357,delivered,1,
1164,thumb,1,0,54.4,54.473,delivered,2,
1165,hb,4,0,54.4,54.437,delivered,1,
1166,cmd,0,3,54.4,54.421,delivered,1,
1167,cmd,0,4,54.464,54.506,delivered,1,
1168,hb,5,0,54.528,54.549,delivered,1,
1169,cmd,0,5,54.592,54.613,delivered,1,
1170,hb,1,0,54.656,54.698,delivered,2,
1171,cmd,0,1,54.656,54.699,delivered,2,
1172,hb,2,0,54.72,54.741,delivered,1,
1173,thumb,2,0,54.784,54.822,delivered,1,
1174,cmd,0,2,54.784,54.805,delivered,1,
1175,hb,3,0,54.848,54.869,delivered,1,
1176,hb,4,0,54.912,54.934,delivered,1,
1177,cmd,0,3,54.912,54.933,delivered,1,
1178,cmd,0,4,54.976,54.997,delivered,1,
1179,hb,5,0,55.04,55.061,delivered,1,
1180,hb,1,0,55.104,55.146,delivered,2,
1181,cmd,0,5,55.104,55.125,delivered,1,
1182,cmd,0,1,55.168,55.231,delivered,2,
1183,hb,2,0,55.232,55.253,delivered,1,
1184,cmd,0,2,55.296,55.317,delivered,1,
1185,hb,3,0,55.36,55.382,delivered,1,
1186,cmd,0,3,55.36,55.381,delivered,1,
1187,hb,4,0,55.424,55.445,delivered,1,
1188,thumb,4,0,55.488,55.526,delivered,1,
1189,cmd,0,4,55.488,55.509,delivered,1,
1190,hb,5,0,55.552,55.574,delivered,1,
1191,cmd,0,5,55.552,55.573,delivered,1,
1192,hb,1,0,55.616,55.658,delivered,2,
1193,cmd,0,1,55.68,55.722,delivered,2,
1194,hb,2,0,55.744,55.765,delivered,1,
1195,hb,3,0,55.808,55.83,delivered,1,
1196,cmd,0,2,55.808,55.829,delivered,1,
1197,cmd,0,3,55.872,55.893,delivered,1,
1198,hb,4,0,55.936,55.957,delivered,1,
1199,hb,5,0,56.0,56.022,delivered,1,
1200,cmd,0,4,56.0,56.021,delivered,1,
1201,cmd,0,5,56.064,56.085,delivered,1,
1202,hb,1,0,56.128,56.17,delivered,2,
1203,cmd,0,1,56.192,56.234,delivered,2,
1204,hb,2,0,56.256,56.278,delivered,1,
1205,cmd,0,2,56.256,56.277,delivered,1,
1206,hb,3,0,56.32,56.341,delivered,1,
1207,thumb,1,0,56.384,56.457,delivered,2,
1208,cmd,0,3,56.384,56.405,delivered,1,
1209,hb,4,0,56.448,56.469,delivered,1,
1210,hb,5,0,56.512,56.534,delivered,1,
1211,cmd,0,4,56.512,56.533,delivered,1,
1212,cmd,0,5,56.576,56.597,delivered,1,
1213,hb,1,0,56.64,56.682,delivered,2,
1214,hb,2,0,56.704,56.726,delivered,1,
1215,cmd,0,1,56.704,56.767,delivered,2,
1216,thumb,2,0,56.768,56.806,delivered,1,
1217,cmd,0,2,56.768,56.789,delivered,1,
1218,hb,3,0,56.832,56.853,delivered,1,
1219,cmd,0,3,56.896,56.917,delivered,1,
1220,hb,4,0,56.96,56.982,delivered,1,
1221,cmd,0,4,56.96,56.981,delivered,1,
1222,hb,5,0,57.024,57.045,delivered,1,
1223,cmd,0,5,57.088,57.109,delivered,1,
1224,hb,1,0,57.152,57.257,delivered,2,
1225,cmd,0,1,57.152,57.195,delivered,2,
1226,hb,2,0,57.216,57.237,delivered,1,
1227,cmd,0,2,57.28,57.301,delivered,1,
1228,hb,3,0,57.344,57.365,delivered,1,
1229,hb,4,0,57.408,57.43,delivered,1,
1230,cmd,0,3,57.408,57.429,delivered,1,
1231,cmd,0,4,57.472,57.493,delivered,1,
1232,thumb,4,0,57.536,57.573,delivered,1,
1233,hb,5,0,57.536,57.573,delivered,1,
1234,hb,1,0,57.6,57.642,delivered,2,
1235,cmd,0,5,57.6,57.621,delivered,1,
1236,cmd,0,1,57.664,57.706,delivered,2,
1237,hb,2,0,57.728,57.749,delivered,1,
1238,cmd,0,2,57.792,57.813,delivered,1,
1239,hb,3,0,57.856,57.878,delivered,1,
1240,cmd,0,3,57.856,57.877,delivered,1,
1241,hb,4,0,57.92,57.941,delivered,1,
1242,cmd,0,4,57.984,58.026,delivered,1,
1243,hb,5,0,58.048,58.069,delivered,1,
1244,hb,1,0,58.112,58.154,delivered,2,
1245,cmd,0,5,58.112,58.133,delivered,1,
1246,cmd,0,1,58.176,58.218,delivered,2,
1247,hb,2,0,58.24,58.261,delivered,1,
1248,hb,3,0,58.304,58.326,delivered,1,
1249,cmd,0,2,58.304,58.325,delivered,1,
1250,cmd,0,3,58.368,58.389,delivered,1,
1251,thumb,1,0,58.432,58.505,delivered,2,
1252,hb,4,0,58.432,58.469,delivered,1,
1253,cmd,0,4,58.496,58.517,delivered,1,
1254,hb,5,0,58.56,58.582,delivered,1,
1255,cmd,0,5,58.56,58.581,delivered,1,
1256,hb,1,0,58.624,58.666,delivered,2,
1257,cmd,0,1,58.688,58.73,delivered,2,
1258,hb,2,0,58.752,58.774,delivered,1,
1259,thumb,2,0,58.752,58.791,delivered,1,
1260,cmd,0,2,58.752,58.773,delivered,1,
1261,hb,3,0,58.816,58.837,delivered,1,
1262,cmd,0,3,58.88,58.901,delivered,1,
1263,hb,4,0,58.944,58.965,delivered,1,
1264,hb,5,0,59.008,59.03,delivered,1,
1265,cmd,0,4,59.008,59.029,delivered,1,
1266,cmd,0,5,59.072,59.093,delivered,1,
1267,hb,1,0,59.136,59.178,delivered,2,
1268,hb,2,0,59.2,59.222,delivered,1,
1269,cmd,0,1,59.2,59.242,delivered,2,
1270,cmd,0,2,59.264,59.285,delivered,1,
1271,hb,3,0,59.328,59.349,delivered,1,
1272,cmd,0,3,59.392,59.413,delivered,1,
1273,hb,4,0,59.456,59.478,delivered,1,
1274,cmd,0,4,59.456,59.477,delivered,1,
1275,thumb,4,0,59.52,59.557,delivered,1,
1276,hb,5,0,59.52,59.557,delivered,1,
1277,cmd,0,5,59.584,59.605,delivered,1,
1278,hb,1,0,59.648,59.69,delivered,2,
1279,hb,2,0,59.712,59.734,delivered,1,
1280,cmd,0,1,59.712,59.754,delivered,2,
1281,cmd,0,2,59.776,59.797,delivered,1,
1282,hb,3,0,59.84,59.861,delivered,1,
1283,hb,4,0,59.904,59.926,delivered,1,
1284,cmd,0,3,59.904,59.925,delivered,1,
1285,cmd,0,4,59.968,59.989,delivered,1,
1286,hb,5,0,60.032,60.053,delivered,1,
1287,cmd,0,5,60.096,60.117,delivered,1,
1288,hb,1,0,60.16,60.223,delivered,2,
1289,cmd,0,1,60.16,60.203,delivered,2,
1290,hb,2,0,60.224,60.245,delivered,1,
1291,cmd,0,2,60.288,60.309,delivered,1,
1292,hb,3,0,60.352,60.374,delivered,1,
1293,cmd,0,3,60.352,60.373,delivered,1,
1294,thumb,1,0,60.416,60.489,delivered,2,
1295,hb,4,0,60.416,60.453,delivered,1,
1296,cmd,0,4,60.48,60.501,delivered,1,
1297,hb,5,0,60.544,60.565,delivered,1,
1298,hb,1,0,60.608,60.65,delivered,2,
1299,cmd,0,5,60.608,60.629,delivered,1,
1300,cmd,0,1,60.672,60.735,delivered,2,
1301,hb,2,0,60.736,60.778,delivered,1,
1302,thumb,2,0,60.8,60.838,delivered,1,
1303,hb,3,0,60.8,60.839,delivered,1,
1304,cmd,0,2,60.8,60.821,delivered,1,
1305,cmd,0,3,60.864,60.885,delivered,1,
1306,hb,4,0,60.928,60.949,delivered,1,
1307,cmd,0,4,60.992,61.013,delivered,1,
1308,hb,5,0,61.056,61.078,delivered,1,
1309,cmd,0,5,61.056,61.077,delivered,1,
1310,hb,1,0,61.12,61.162,delivered,2,
1311,thumb,3,0,61.12,61.157,delivered,1,
1312,cmd,0,1,61.184,61.226,delivered,2,
1313,hb,2,0,61.248,61.269,delivered,1,
1314,hb,3,0,61.312,61.334,delivered,1,
1315,cmd,0,2,61.312,61.333,delivered,1,
1316,cmd,0,3,61.376,61.397,delivered,1,
1317,hb,4,0,61.44,61.461,delivered,1,
1318,thumb,4,0,61.504,61.542,delivered,1,
1319,hb,5,0,61.504,61.543,delivered,1,
1320,cmd,0,4,61.504,61.525,delivered,1,
1321,cmd,0,5,61.568,61.589,delivered,1,
1322,hb,1,0,61.632,61.674,delivered,2,
1323,cmd,0,1,61.696,61.738,delivered,2,
1324,hb,2,0,61.76,61.782,delivered,1,
1325,cmd,0,2,61.76,61.781,delivered,1,
1326,hb,3,0,61.824,61.845,delivered,1,
1327,data,4,0,61.888,61.975,delivered,1,4|P1|0
1328,data,4,0,61.888,62.06,delivered,1,4|P1|1
1329,data,4,0,61.888,62.126,delivered,1,4|P1|2
1330,data,4,0,61.888,62.193,delivered,1,4|P1|3
1331,thumb,5,0,61.888,61.994,delivered,1,
1332,cmd,0,3,61.888,61.909,delivered,1,
1333,hb,4,0,61.952,61.977,delivered,1,
1334,cmd,0,4,61.952,61.976,delivered,1,
1335,hb,5,0,62.016,62.263,delivered,1,
1336,ack,0,4,61.975,62.06,delivered,1,
1337,cmd,0,5,62.08,62.127,delivered,1,
1338,ack,0,4,62.06,62.194,delivered,1,
1339,hb,1,0,62.144,62.265,delivered,2,
1340,data,4,0,62.144,62.26,delivered,1,4|P1|4
1341,ack,0,4,62.126,62.261,delivered,1,
1342,hb,2,0,62.208,62.262,delivered,1,
1343,cmd,0,1,62.208,62.306,delivered,2,
1344,ack,0,4,62.193,62.265,delivered,1,
1345,data,4,0,62.272,62.372,delivered,1,4|P1|5
1346,cmd,0,2,62.272,62.293,delivered,1,
1347,ack,0,4,62.26,62.373,delivered,1,
1348,hb,3,0,62.336,62.374,delivered,1,
1349,data,4,0,62.336,62.44,delivered,1,4|P1|6
1350,data,4,0,62.336,62.56,delivered,1,4|P1|7
1351,thumb,1,0,62.4,62.493,delivered,2,
1352,hb,4,0,62.4,62.457,delivered,1,
1353,cmd,0,3,62.4,62.441,delivered,1,
1354,ack,0,4,62.372,62.458,delivered,1,
1355,data,4,0,62.464,62.712,delivered,1,4|P1|8
1356,cmd,0,4,62.464,62.494,delivered,1,
1357,ack,0,4,62.44,62.56,delivered,1,
1358,data,4,0,62.528,62.779,delivered,1,4|P1|9
1359,hb,5,0,62.528,62.919,delivered,1,
1360,cmd,0,5,62.592,62.627,delivered,1,
1361,ack,0,4,62.56,62.713,delivered,1,
1362,hb,1,0,62.656,62.849,delivered,2,
1363,data,4,0,62.656,62.847,delivered,1,4|P1|10
1364,cmd,0,1,62.656,62.917,delivered,2,
1365,hb,2,0,62.72,62.781,delivered,1,
1366,ack,0,4,62.712,62.848,delivered,1,
1367,thumb,2,0,62.784,62.936,delivered,1,
1368,data,4,0,62.784,62.915,delivered,1,4|P1|11
1369,cmd,0,2,62.784,62.916,delivered,1,
1370,ack,0,4,62.779,62.919,delivered,1,
1371,hb,3,0,62.848,62.918,delivered,1,
1372,ack,0,4,62.847,62.937,delivered,1,
1373,hb,4,0,62.912,62.937,delivered,1,
1374,data,4,0,62.912,63.005,delivered,1,4|P1|12
1375,cmd,0,3,62.912,62.939,delivered,1,
1376,cmd,0,4,62.976,63.006,delivered,1,
1377,ack,0,4,62.915,63.006,delivered,1,
1378,data,4,0,63.04,63.127,delivered,1,4|P1|13
1379,data,4,0,63.04,63.28,delivered,1,4|P1|14
1380,hb,5,0,63.04,63.419,delivered,1,
1381,ack,0,4,63.005,63.061,delivered,1,
1382,hb,1,0,63.104,63.349,delivered,2,
1383,data,4,0,63.104,63.347,delivered,1,4|P1|15
1384,cmd,0,5,63.104,63.128,delivered,1,
1385,thumb,3,0,63.168,63.211,delivered,1,
1386,data,4,0,63.168,63.415,delivered,1,4|P1|16
1387,cmd,0,1,63.168,63.417,delivered,2,
1388,ack,0,4,63.127,63.348,delivered,1,
1389,hb,2,0,63.232,63.281,delivered,1,
1390,cmd,0,2,63.296,63.416,delivered,1,
1391,ack,0,4,63.28,63.419,delivered,1,
1392,hb,3,0,63.36,63.418,delivered,1,
1393,cmd,0,3,63.36,63.421,delivered,1,
1394,ack,0,4,63.347,63.421,delivered,1,
1395,hb,4,0,63.424,63.445,delivered,1,
1396,data,4,0,63.424,63.632,delivered,1,4|P1|17
1397,ack,0,4,63.415,63.445,delivered,1,
1398,data,4,0,63.488,63.699,delivered,1,4|P1|18
1399,data,4,0,63.488,63.766,delivered,1,4|P1|19
1400,thumb,4,0,63.488,63.566,delivered,1,
1401,cmd,0,4,63.488,63.513,delivered,1,
1402,data,4,0,63.552,63.834,delivered,1,4|P1|20
1403,hb,5,0,63.552,63.837,delivered,1,
1404,cmd,0,5,63.552,63.633,delivered,1,
1405,hb,1,0,63.616,63.835,delivered,2,
1406,cmd,0,1,63.68,63.839,delivered,2,
1407,ack,0,4,63.632,63.834,delivered,1,
1408,hb,2,0,63.744,63.768,delivered,1,
1409,ack,0,4,63.699,63.838,delivered,1,
1410,hb,3,0,63.808,63.836,delivered,1,
1411,cmd,0,2,63.808,63.84,delivered,1,
1412,ack,0,4,63.766,63.84,delivered,1,
1413,thumb,5,0,63.872,63.91,delivered,1,
1414,cmd,0,3,63.872,63.893,delivered,1,
1415,ack,0,4,63.834,63.91,delivered,1,
1416,hb,4,0,63.936,63.957,delivered,1,
1417,data,4,0,63.936,64.023,delivered,1,4|P1|21
1418,data,4,0,63.936,64.09,delivered,1,4|P1|22
1419,data,4,0,63.936,64.157,delivered,1,4|P1|23
1420,data,4,0,64.0,64.224,delivered,1,4|P1|24
1421,hb,5,0,64.0,64.227,delivered,1,
1422,cmd,0,4,64.0,64.024,delivered,1,
1423,cmd,0,5,64.064,64.091,delivered,1,
1424,ack,0,4,64.023,64.158,delivered,1,
1425,hb,1,0,64.128,64.226,delivered,2,
1426,ack,0,4,64.09,64.225,delivered,1,
1427,cmd,0,1,64.192,64.249,delivered,2,
1428,ack,0,4,64.157,64.228,delivered,1,
1429,hb,2,0,64.256,64.278,delivered,1,
1430,data,4,0,64.256,64.344,delivered,1,4|P1|25
1431,cmd,0,2,64.256,64.277,delivered,1,
1432,ack,0,4,64.224,64.345,delivered,1,
1433,hb,3,0,64.32,64.346,delivered,1,
1434,data,4,0,64.32,64.412,delivered,1,4|P1|26
1435,data,4,0,64.32,64.494,delivered,1,4|P1|27
1436,thumb,1,0,64.384,64.547,delivered,2,
1437,cmd,0,3,64.384,64.413,delivered,1,
1438,ack,0,4,64.344,64.495,delivered,1,
1439,hb,4,0,64.448,64.511,delivered,1,
1440,data,4,0,64.448,64.614,delivered,1,4|P1|28
1441,ack,0,4,64.412,64.512,delivered,1,
1442,hb,5,0,64.512,64.818,delivered,1,
1443,cmd,0,4,64.512,64.548,delivered,1,
1444,ack,0,4,64.494,64.615,delivered,1,
1445,data,4,0,64.576,64.681,delivered,1,4|P1|29
1446,cmd,0,5,64.576,64.682,delivered,1,
1447,hb,1,0,64.64,64.817,delivered,2,
1448,data,4,0,64.64,64.748,delivered,1,4|P1|30
1449,ack,0,4,64.614,64.749,delivered,1,
1450,hb,2,0,64.704,64.749,delivered,1,
1451,data,4,0,64.704,64.815,delivered,1,4|P1|31
1452,cmd,0,1,64.704,64.838,delivered,2,
1453,ack,0,4,64.681,64.819,delivered,1,
1454,thumb,2,0,64.768,64.855,delivered,1,
1455,cmd,0,2,64.768,64.839,delivered,1,
1456,ack,0,4,64.748,64.856,delivered,1,
1457,hb,3,0,64.832,64.857,delivered,1,
1458,data,4,0,64.832,64.923,delivered,1,4|P1|32
1459,ack,0,4,64.815,64.923,delivered,1,
1460,data,4,0,64.896,64.989,delivered,1,4|P1|33
1461,cmd,0,3,64.896,64.991,delivered,1,
1462,hb,4,0,64.96,64.991,delivered,1,
1463,data,4,0,64.96,65.059,delivered,1,4|P1|34
1464,cmd,0,4,64.96,65.06,delivered,1,
1465,ack,0,4,64.923,65.147,delivered,1,
1466,data,4,0,65.024,65.126,delivered,1,4|P1|35
1467,hb,5,0,65.024,65.127,delivered,1,
1468,ack,0,4,64.989,65.147,delivered,1,
1469,cmd,0,5,65.088,65.149,delivered,1,
1470,ack,0,4,65.059,65.149,delivered,1,
1471,hb,1,0,65.152,65.194,delivered,2,
1472,thumb,3,0,65.152,65.19,delivered,1,
1473,cmd,0,1,65.152,65.216,delivered,2,
1474,ack,0,4,65.126,65.19,delivered,1,
1475,hb,2,0,65.216,65.237,delivered,1,
1476,data,4,0,65.216,65.303,delivered,1,4|P1|36
1477,data,4,0,65.216,65.37,delivered,1,4|P1|37
1478,data,4,0,65.216,65.524,delivered,1,4|P1|38
1479,data,4,0,65.28,65.591,delivered,1,4|P1|39
1480,cmd,0,2,65.28,65.304,delivered,1,
1481,hb,3,0,65.344,65.372,delivered,1,
1482,ack,0,4,65.303,65.371,delivered,1,
1483,hb,4,0,65.408,65.44,delivered,1,
1484,cmd,0,3,65.408,65.439,delivered,1,
1485,ack,0,4,65.37,65.44,delivered,1,
1486,data,4,0,65.472,65.675,delivered,1,4|P1|40
1487,cmd,0,4,65.472,65.525,delivered,1,
1488,data,4,0,65.536,65.963,delivered,1,4|P1|41
1489,thumb,4,0,65.536,65.608,delivered,1,
1490,hb,5,0,65.536,65.609,delivered,1,
1491,ack,0,4,65.524,65.591,delivered,1,
1492,cmd,0,5,65.6,65.676,delivered,1,
1493,ack,0,4,65.591,65.742,delivered,1,
1494,hb,1,0,65.664,65.878,delivered,2,
1495,data,4,0,65.664,65.809,delivered,1,4|P1|42
1496,cmd,0,1,65.664,65.965,delivered,2,
1497,hb,2,0,65.728,65.811,delivered,1,
1498,ack,0,4,65.675,65.877,delivered,1,
1499,cmd,0,2,65.792,65.964,delivered,1,
1500,hb,3,0,65.856,65.879,delivered,1,
1501,data,4,0,65.856,66.05,delivered,1,4|P1|43
1502,thumb,5,0,65.856,65.983,delivered,1,
1503,cmd,0,3,65.856,65.984,delivered,1,
1504,ack,0,4,65.809,66.117,delivered,1,
1505,hb,4,0,65.92,65.966,delivered,1,
1506,data,4,0,65.984,66.116,delivered,1,4|P1|44
1507,cmd,0,4,65.984,66.119,delivered,1,
1508,ack,0,4,65.963,66.14,delivered,1,
1509,hb,5,0,66.048,66.118,delivered,1,
1510,hb,1,0,66.112,66.154,delivered,2,
1511,cmd,0,5,66.112,66.141,delivered,1,
1512,ack,0,4,66.05,66.154,delivered,1,
1513,cmd,0,1,66.176,66.218,delivered,2,
1514,ack,0,4,66.116,66.198,delivered,1,
1515,hb,2,0,66.24,66.261,delivered,1,
1516,data,4,0,66.24,66.327,delivered,1,4|P1|45
1517,hb,3,0,66.304,66.329,delivered,1,
1518,cmd,0,2,66.304,66.328,delivered,1,
1519,cmd,0,3,66.368,66.389,delivered,1,
1520,ack,0,4,66.327,66.39,delivered,1,
1521,thumb,1,0,66.432,66.505,delivered,2,
1522,hb,4,0,66.432,66.469,delivered,1,
1523,cmd,0,4,66.496,66.517,delivered,1,
1524,hb,5,0,66.56,66.582,delivered,1,
1525,cmd,0,5,66.56,66.581,delivered,1,
1526,hb,1,0,66.624,66.666,delivered,2,
1527,cmd,0,1,66.688,66.73,delivered,2,
1528,hb,2,0,66.752,66.774,delivered,1,
1529,thumb,2,0,66.752,66.79,delivered,1,
1530,cmd,0,2,66.752,66.773,delivered,1,
1531,hb,3,0,66.816,66.837,delivered,1,
1532,cmd,0,3,66.88,66.901,delivered,1,
1533,hb,4,0,66.944,66.965,delivered,1,
1534,hb,5,0,67.008,67.03,delivered,1,
1535,cmd,0,4,67.008,67.029,delivered,1,
1536,cmd,0,5,67.072,67.093,delivered,1,
1537,hb,1,0,67.136,67.178,delivered,2,
1538,thumb,3,0,67.136,67.172,delivered,1,
1539,cmd,0,1,67.2,67.242,delivered,2,
1540,hb,2,0,67.264,67.286,delivered,1,
1541,cmd,0,2,67.264,67.285,delivered,1,
1542,hb,3,0,67.328,67.349,delivered,1,
1543,cmd,0,3,67.392,67.413,delivered,1,
1544,hb,4,0,67.456,67.478,delivered,1,
1545,cmd,0,4,67.456,67.477,delivered,1,
1546,thumb,4,0,67.52,67.556,delivered,1,
1547,hb,5,0,67.52,67.557,delivered,1,
1548,cmd,0,5,67.584,67.605,delivered,1,
1549,hb,1,0,67.648,67.69,delivered,2,
1550,hb,2,0,67.712,67.734,delivered,1,
1551,cmd,0,1,67.712,67.775,delivered,2,
1552,cmd,0,2,67.776,67.797,delivered,1,
1553,hb,3,0,67.84,67.861,delivered,1,
1554,hb,4,0,67.904,67.926,delivered,1,
1555,thumb,5,0,67.904,67.942,delivered,1,
1556,cmd,0,3,67.904,67.925,delivered,1,
1557,cmd,0,4,67.968,67.989,delivered,1,
1558,hb,5,0,68.032,68.053,delivered,1,
1559,cmd,0,5,68.096,68.117,delivered,1,
1560,hb,1,0,68.16,68.202,delivered,2,
1561,cmd,0,1,68.16,68.203,delivered,2,
1562,hb,2,0,68.224,68.245,delivered,1,
1563,cmd,0,2,68.288,68.309,delivered,1,
1564,hb,3,0,68.352,68.374,delivered,1,
1565,cmd,0,3,68.352,68.373,delivered,1,
1566,thumb,1,0,68.416,68.489,delivered,2,
1567,hb,4,0,68.416,68.49,delivered,1,
1568,cmd,0,4,68.48,68.522,delivered,1,
1569,hb,5,0,68.544,68.565,delivered,1,
1570,hb,1,0,68.608,68.65,delivered,2,
1571,cmd,0,5,68.608,68.629,delivered,1,
1572,cmd,0,1,68.672,68.714,delivered,2,
1573,hb,2,0,68.736,68.757,delivered,1,
1574,thumb,2,0,68.8,68.838,delivered,1,
1575,cmd,0,2,68.8,68.821,delivered,1,
1576,hb,3,0,68.864,68.886,delivered,1,
1577,cmd,0,3,68.864,68.885,delivered,1,
1578,hb,4,0,68.928,68.949,delivered,1,
1579,cmd,0,4,68.992,69.013,delivered,1,
1580,hb,5,0,69.056,69.078,delivered,1,
1581,cmd,0,5,69.056,69.077,delivered,1,
1582,hb,1,0,69.12,69.162,delivered,2,
1583,thumb,3,0,69.12,69.156,delivered,1,
1584,cmd,0,1,69.184,69.226,delivered,2,
1585,hb,2,0,69.248,69.269,delivered,1,
1586,hb,3,0,69.312,69.334,delivered,1,
1587,cmd,0,2,69.312,69.333,delivered,1,
1588,cmd,0,3,69.376,69.397,delivered,1,
1589,hb,4,0,69.44,69.461,delivered,1,
1590,thumb,4,0,69.504,69.542,delivered,1,
1591,hb,5,0,69.504,69.542,delivered,1,
1592,cmd,0,4,69.504,69.525,delivered,1,
1593,cmd,0,5,69.568,69.589,delivered,1,
1594,hb,1,0,69.632,69.674,delivered,2,
1595,cmd,0,1,69.696,69.738,delivered,2,
1596,data,1,0,69.76,70.285,delivered,2,1|P2|0
1597,data,1,0,69.76,70.354,delivered,2,1|P2|1
1598,data,1,0,69.76,70.423,delivered,2,1|P2|2
1599,data,1,0,69.76,70.542,delivered,2,1|P2|3
1600,hb,2,0,69.76,70.218,delivered,1,
1601,cmd,0,2,69.76,69.781,delivered,1,
1602,hb,3,0,69.824,69.845,delivered,1,
1603,thumb,5,0,69.888,69.926,delivered,1,
1604,cmd,0,3,69.888,69.909,delivered,1,
1605,hb,4,0,69.952,70.219,delivered,1,
1606,cmd,0,4,69.952,69.973,delivered,1,
1607,hb,5,0,70.016,70.037,delivered,1,
1608,cmd,0,5,70.08,70.101,delivered,1,
1609,hb,1,0,70.144,70.288,delivered,2,
1610,hb,2,0,70.208,70.287,delivered,1,
1611,cmd,0,1,70.208,70.356,delivered,2,
1612,cmd,0,2,70.272,70.355,delivered,1,
1613,hb,3,0,70.336,70.441,delivered,1,
1614,ack,0,1,70.285,70.44,delivered,2,
1615,thumb,1,0,70.4,70.476,delivered,2,
1616,cmd,0,3,70.4,70.424,delivered,1,
1617,ack,0,1,70.354,70.476,delivered,2,
1618,hb,4,0,70.464,70.544,delivered,1,
1619,cmd,0,4,70.464,70.543,delivered,1,
1620,ack,0,1,70.423,70.702,delivered,2,
1621,data,1,0,70.528,70.858,delivered,2,1|P2|4
1622,hb,5,0,70.528,70.549,delivered,1,
1623,data,1,0,70.592,71.073,delivered,2,1|P2|5
1624,cmd,0,5,70.592,70.613,delivered,1,
1625,ack,0,1,70.542,70.768,delivered,2,
1626,hb,1,0,70.656,70.792,delivered,2,
1627,cmd,0,1,70.656,70.791,delivered,2,
1628,hb,2,0,70.72,70.769,delivered,1,
1629,data,1,0,70.784,71.143,delivered,2,1|P2|6
1630,thumb,2,0,70.784,71.007,delivered,1,
1631,cmd,0,2,70.784,70.859,delivered,1,
1632,data,1,0,70.848,71.21,delivered,2,1|P2|7
1633,hb,3,0,70.848,70.869,delivered,1,
1634,hb,4,0,70.912,71.076,delivered,1,
1635,cmd,0,3,70.912,70.933,delivered,1,
1636,ack,0,1,70.858,71.075,delivered,2,
1637,cmd,0,4,70.976,71.074,delivered,1,
1638,hb,5,0,71.04,71.077,delivered,1,
1639,hb,1,0,71.104,71.277,delivered,2,
1640,cmd,0,5,71.104,71.144,delivered,1,
1641,ack,0,1,71.073,71.278,delivered,2,
1642,data,1,0,71.168,71.368,delivered,2,1|P2|8
1643,thumb,3,0,71.168,71.227,delivered,1,
1644,cmd,0,1,71.168,71.301,delivered,2,
1645,ack,0,1,71.143,71.301,delivered,2,
1646,hb,2,0,71.232,71.278,delivered,1,
1647,ack,0,1,71.21,71.302,delivered,2,
1648,cmd,0,2,71.296,71.369,delivered,1,
1649,data,1,0,71.36,71.647,delivered,2,1|P2|9
1650,hb,3,0,71.36,71.382,delivered,1,
1651,cmd,0,3,71.36,71.381,delivered,1,
1652,data,1,0,71.424,71.713,delivered,2,1|P2|10
1653,data,1,0,71.424,71.866,delivered,2,1|P2|11
1654,hb,4,0,71.424,71.58,delivered,1,
1655,ack,0,1,71.368,71.579,delivered,2,
1656,thumb,4,0,71.488,71.797,delivered,1,
1657,cmd,0,4,71.488,71.509,delivered,1,
1658,hb,5,0,71.552,71.58,delivered,1,
1659,cmd,0,5,71.552,71.573,delivered,1,
1660,hb,1,0,71.616,71.78,delivered,2,
1661,data,1,0,71.68,71.933,delivered,2,1|P2|12
1662,cmd,0,1,71.68,71.799,delivered,2,
1663,ack,0,1,71.647,71.799,delivered,2,
1664,hb,2,0,71.744,71.798,delivered,1,
1665,ack,0,1,71.713,71.8,delivered,2,
1666,hb,3,0,71.808,71.935,delivered,1,
1667,cmd,0,2,71.808,71.867,delivered,1,
1668,data,1,0,71.872,72.133,delivered,2,1|P2|13
1669,data,1,0,71.872,72.201,delivered,2,1|P2|14
1670,thumb,5,0,71.872,71.952,delivered,1,
1671,cmd,0,3,71.872,71.934,delivered,1,
1672,ack,0,1,71.866,72.066,delivered,2,
1673,hb,4,0,71.936,72.067,delivered,1,
1674,ack,0,1,71.933,72.067,delivered,2,
1675,cmd,0,4,72.0,72.021,delivered,1,
1676,hb,5,0,72.064,72.201,delivered,1,
1677,cmd,0,5,72.064,72.134,delivered,1,
1678,hb,1,0,72.128,72.347,delivered,2,
1679,data,1,0,72.192,72.436,delivered,2,1|P2|15
1680,data,1,0,72.192,72.519,delivered,2,1|P2|16
1681,cmd,0,1,72.192,72.369,delivered,2,
1682,ack,0,1,72.133,72.37,delivered,2,
1683,hb,2,0,72.256,72.345,delivered,1,
1684,cmd,0,2,72.256,72.277,delivered,1,
1685,ack,0,1,72.201,72.37,delivered,2,
1686,hb,3,0,72.32,72.346,delivered,1,
1687,thumb,1,0,72.384,72.669,delivered,2,
1688,cmd,0,3,72.384,72.437,delivered,1,
1689,data,1,0,72.448,72.757,delivered,2,1|P2|17
1690,data,1,0,72.448,72.846,delivered,2,1|P2|18
1691,hb,4,0,72.448,72.652,delivered,1,
1692,ack,0,1,72.436,72.651,delivered,2,
1693,hb,5,0,72.512,72.534,delivered,1,
1694,cmd,0,4,72.512,72.575,delivered,1,
1695,cmd,0,5,72.576,72.597,delivered,1,
1696,ack,0,1,72.519,72.673,delivered,2,
1697,hb,1,0,72.64,72.779,delivered,2,
1698,hb,2,0,72.704,72.759,delivered,1,
1699,cmd,0,1,72.704,73.0,delivered,2,
1700,data,1,0,72.768,73.084,delivered,2,1|P2|19
1701,data,1,0,72.768,73.15,delivered,2,1|P2|20
1702,thumb,2,0,72.768,73.018,delivered,1,
1703,cmd,0,2,72.768,72.847,delivered,1,
1704,ack,0,1,72.757,72.98,delivered,2,
1705,hb,3,0,72.832,72.853,delivered,1,
1706,cmd,0,3,72.896,72.917,delivered,1,
1707,ack,0,1,72.846,73.002,delivered,2,
1708,hb,4,0,72.96,73.001,delivered,1,
1709,cmd,0,4,72.96,72.982,delivered,1,
1710,hb,5,0,73.024,73.152,delivered,1,
1711,data,1,0,73.088,73.353,delivered,2,1|P2|21
1712,data,1,0,73.088,73.421,delivered,2,1|P2|22
1713,cmd,0,5,73.088,73.152,delivered,1,
1714,ack,0,1,73.084,73.218,delivered,2,
1715,hb,1,0,73.152,73.287,delivered,2,
1716,thumb,3,0,73.152,73.234,delivered,1,
1717,cmd,0,1,73.152,73.286,delivered,2,
1718,ack,0,1,73.15,73.287,delivered,2,
1719,hb,2,0,73.216,73.285,delivered,1,
1720,cmd,0,2,73.28,73.355,delivered,1,
1721,data,1,0,73.344,73.621,delivered,2,1|P2|23
1722,hb,3,0,73.344,73.422,delivered,1,
1723,data,1,0,73.408,73.706,delivered,2,1|P2|24
1724,hb,4,0,73.408,73.554,delivered,1,
1725,cmd,0,3,73.408,73.429,delivered,1,
1726,ack,0,1,73.353,73.553,delivered,2,
1727,cmd,0,4,73.472,73.493,delivered,1,
1728,ack,0,1,73.421,73.622,delivered,2,
1729,thumb,4,0,73.536,73.639,delivered,1,
1730,hb,5,0,73.536,73.64,delivered,1,
1731,cmd,0,5,73.6,73.622,delivered,1,
1732,hb,1,0,73.664,73.944,delivered,2,
1733,data,1,0,73.664,74.033,delivered,2,1|P2|25
1734,cmd,0,1,73.664,73.946,delivered,2,
1735,ack,0,1,73.621,73.967,delivered,2,
1736,data,1,0,73.728,74.1,delivered,2,1|P2|26
1737,hb,2,0,73.728,73.926,delivered,1,
1738,ack,0,1,73.706,73.967,delivered,2,
1739,cmd,0,2,73.792,73.813,delivered,1,
1740,hb,3,0,73.856,73.927,delivered,1,
1741,thumb,5,0,73.856,73.943,delivered,1,
1742,cmd,0,3,73.856,73.877,delivered,1,
1743,hb,4,0,73.92,73.966,delivered,1,
1744,cmd,0,4,73.984,74.034,delivered,1,
1745,data,1,0,74.048,74.254,delivered,2,1|P2|27
1746,data,1,0,74.048,74.476,delivered,2,1|P2|28
1747,hb,5,0,74.048,74.102,delivered,1,
1748,ack,0,1,74.033,74.168,delivered,2,
1749,hb,1,0,74.112,74.393,delivered,2,
1750,cmd,0,5,74.112,74.133,delivered,1,
1751,ack,0,1,74.1,74.388,delivered,2,
1752,cmd,0,1,74.176,74.394,delivered,2,
1753,data,1,0,74.24,74.558,delivered,2,1|P2|29
1754,hb,2,0,74.24,74.39,delivered,1,
1755,hb,3,0,74.304,74.391,delivered,1,
1756,cmd,0,2,74.304,74.325,delivered,1,
1757,ack,0,1,74.254,74.41,delivered,2,
1758,cmd,0,3,74.368,74.392,delivered,1,
1759,thumb,1,0,74.432,74.71,delivered,2,
1760,hb,4,0,74.432,74.693,delivered,1,
1761,data,1,0,74.496,74.798,delivered,2,1|P2|30
1762,data,1,0,74.496,74.882,delivered,2,1|P2|31
1763,cmd,0,4,74.496,74.559,delivered,1,
1764,ack,0,1,74.476,74.692,delivered,2,
1765,hb,5,0,74.56,74.582,delivered,1,
1766,cmd,0,5,74.56,74.581,delivered,1,
1767,ack,0,1,74.558,74.693,delivered,2,
1768,hb,1,0,74.624,74.712,delivered,2,
1769,cmd,0,1,74.688,74.732,delivered,2,
1770,hb,2,0,74.752,74.8,delivered,1,
1771,thumb,2,0,74.752,74.816,delivered,1,
1772,cmd,0,2,74.752,74.799,delivered,1,
1773,data,1,0,74.816,75.215,delivered,2,1|P2|32
1774,data,1,0,74.816,75.282,delivered,2,1|P2|33
1775,hb,3,0,74.816,74.884,delivered,1,
1776,ack,0,1,74.798,75.149,delivered,2,
1777,cmd,0,3,74.88,74.901,delivered,1,
1778,hb,4,0,74.944,75.016,delivered,1,
1779,ack,0,1,74.882,75.017,delivered,2,
1780,hb,5,0,75.008,75.085,delivered,1,
1781,cmd,0,4,75.008,75.084,delivered,1,
1782,cmd,0,5,75.072,75.093,delivered,1,
1783,hb,1,0,75.136,75.416,delivered,2,
1784,data,1,0,75.136,75.506,delivered,2,1|P2|34
1785,thumb,3,0,75.136,75.3,delivered,1,
1786,cmd,0,1,75.2,75.438,delivered,2,
1787,data,1,0,75.264,75.573,delivered,2,1|P2|35
1788,hb,2,0,75.264,75.415,delivered,1,
1789,cmd,0,2,75.264,75.301,delivered,1,
1790,ack,0,1,75.215,75.439,delivered,2,
1791,hb,3,0,75.328,75.349,delivered,1,
1792,ack,0,1,75.282,75.439,delivered,2,
1793,cmd,0,3,75.392,75.413,delivered,1,
1794,hb,4,0,75.456,75.707,delivered,1,
1795,cmd,0,4,75.456,75.507,delivered,1,
1796,data,1,0,75.52,75.793,delivered,2,1|P2|36
1797,data,1,0,75.52,75.862,delivered,2,1|P2|37
1798,thumb,4,0,75.52,75.724,delivered,1,
1799,hb,5,0,75.52,75.574,delivered,1,
1800,ack,0,1,75.506,75.706,delivered,2,
1801,cmd,0,5,75.584,75.605,delivered,1,
1802,ack,0,1,75.573,75.708,delivered,2,
1803,hb,1,0,75.648,75.795,delivered,2,
1804,hb,2,0,75.712,75.795,delivered,1,
1805,cmd,0,1,75.712,75.995,delivered,2,
1806,data,1,0,75.776,76.063,delivered,2,1|P2|38
1807,data,1,0,75.776,76.129,delivered,2,1|P2|39
1808,cmd,0,2,75.776,75.863,delivered,1,
1809,hb,3,0,75.84,75.864,delivered,1,
1810,ack,0,1,75.793,75.996,delivered,2,
1811,hb,4,0,75.904,75.996,delivered,1,
1812,thumb,5,0,75.904,75.942,delivered,1,
1813,cmd,0,3,75.904,75.925,delivered,1,
1814,ack,0,1,75.862,75.997,delivered,2,
1815,cmd,0,4,75.968,75.989,delivered,1,
1816,hb,5,0,76.032,76.131,delivered,1,
1817,data,1,0,76.096,76.354,delivered,2,1|P2|40
1818,data,1,0,76.096,76.421,delivered,2,1|P2|41
1819,cmd,0,5,76.096,76.13,delivered,1,
1820,ack,0,1,76.063,76.263,delivered,2,
1821,hb,1,0,76.16,76.287,delivered,2,
1822,cmd,0,1,76.16,76.286,delivered,2,
1823,ack,0,1,76.129,76.288,delivered,2,
1824,hb,2,0,76.224,76.264,delivered,1,
1825,cmd,0,2,76.288,76.355,delivered,1,
1826,data,1,0,76.352,76.691,delivered,2,1|P2|42
1827,data,1,0,76.352,76.91,delivered,2,1|P2|43
1828,hb,3,0,76.352,76.423,delivered,1,
1829,cmd,0,3,76.352,76.422,delivered,1,
1830,thumb,1,0,76.416,76.625,delivered,2,
1831,hb,4,0,76.416,76.541,delivered,1,
1832,ack,0,1,76.354,76.54,delivered,2,
1833,cmd,0,4,76.48,76.501,delivered,1,
1834,ack,0,1,76.421,76.608,delivered,2,
1835,hb,5,0,76.544,76.609,delivered,1,
1836,hb,1,0,76.608,76.826,delivered,2,
1837,data,1,0,76.608,76.977,delivered,2,1|P2|44
1838,cmd,0,5,76.608,76.692,delivered,1,
1839,data,1,0,76.672,77.044,delivered,2,1|P2|45
1840,cmd,0,1,76.672,76.827,delivered,2,
1841,hb,2,0,76.736,76.825,delivered,1,
1842,ack,0,1,76.691,76.828,delivered,2,
1843,thumb,2,0,76.8,76.844,delivered,1,
1844,cmd,0,2,76.8,76.821,delivered,1,
1845,hb,3,0,76.864,77.047,delivered,1,
1846,cmd,0,3,76.864,76.911,delivered,1,
1847,hb,4,0,76.928,77.047,delivered,1,
1848,ack,0,1,76.91,77.046,delivered,2,
1849,cmd,0,4,76.992,77.045,delivered,1,
1850,ack,0,1,76.977,77.069,delivered,2,
1851,hb,5,0,77.056,77.078,delivered,1,
1852,cmd,0,5,77.056,77.077,delivered,1,
1853,ack,0,1,77.044,77.099,delivered,2,
1854,hb,1,0,77.12,77.162,delivered,2,
1855,thumb,3,0,77.12,77.156,delivered,1,
1856,cmd,0,1,77.184,77.226,delivered,2,
1857,hb,2,0,77.248,77.269,delivered,1,
1858,hb,3,0,77.312,77.334,delivered,1,
1859,cmd,0,2,77.312,77.333,delivered,1,
1860,cmd,0,3,77.376,77.397,delivered,1,
1861,hb,4,0,77.44,77.461,delivered,1,
1862,thumb,4,0,77.504,77.542,delivered,1,
1863,hb,5,0,77.504,77.542,delivered,1,
1864,cmd,0,4,77.504,77.525,delivered,1,
1865,cmd,0,5,77.568,77.589,delivered,1,
1866,hb,1,0,77.632,77.674,delivered,2,
1867,cmd,0,1,77.696,77.738,delivered,2,
1868,hb,2,0,77.76,77.782,delivered,1,
1869,cmd,0,2,77.76,77.781,delivered,1,
1870,hb,3,0,77.824,77.845,delivered,1,
1871,thumb,5,0,77.888,77.926,delivered,1,
1872,cmd,0,3,77.888,77.909,delivered,1,
1873,hb,4,0,77.952,77.974,delivered,1,
1874,cmd,0,4,77.952,77.973,delivered,1,
1875,hb,5,0,78.016,78.037,delivered,1,
1876,cmd,0,5,78.08,78.101,delivered,1,
1877,hb,1,0,78.144,78.186,delivered,2,
1878,hb,2,0,78.208,78.23,delivered,1,
1879,cmd,0,1,78.208,78.25,delivered,2,
1880,cmd,0,2,78.272,78.293,delivered,1,
1881,hb,3,0,78.336,78.357,delivered,1,
1882,thumb,1,0,78.4,78.473,delivered,2,
1883,cmd,0,3,78.4,78.421,delivered,1,
1884,hb,4,0,78.464,78.486,delivered,1,
1885,cmd,0,4,78.464,78.485,delivered,1,
1886,hb,5,0,78.528,78.549,delivered,1,
1887,cmd,0,5,78.592,78.613,delivered,1,
1888,hb,1,0,78.656,78.719,delivered,2,
1889,cmd,0,1,78.656,78.72,delivered,2,
1890,hb,2,0,78.72,78.762,delivered,1,
1891,thumb,2,0,78.784,78.822,delivered,1,
1892,cmd,0,2,78.784,78.805,delivered,1,
1893,hb,3,0,78.848,78.869,delivered,1,
1894,hb,4,0,78.912,78.934,delivered,1,
1895,cmd,0,3,78.912,78.933,delivered,1,
1896,cmd,0,4,78.976,78.997,delivered,1,
1897,hb,5,0,79.04,79.061,delivered,1,
1898,hb,1,0,79.104,79.167,delivered,2,
1899,cmd,0,5,79.104,79.125,delivered,1,
1900,thumb,3,0,79.168,79.206,delivered,1,
1901,cmd,0,1,79.168,,lost,0,
1902,hb,2,0,79.232,79.253,delivered,1,
1903,cmd,0,2,79.296,79.317,delivered,1,
1904,hb,3,0,79.36,79.382,delivered,1,
1905,cmd,0,3,79.36,79.381,delivered,1,
1906,hb,4,0,79.424,79.445,delivered,1,
1907,thumb,4,0,79.488,79.526,delivered,1,
1908,cmd,0,4,79.488,79.509,delivered,1,
1909,hb,5,0,79.552,79.574,delivered,1,
1910,cmd,0,5,79.552,79.573,delivered,1,
1911,hb,1,0,79.616,79.658,delivered,2,
1912,cmd,0,1,79.68,79.722,delivered,2,
1913,hb,2,0,79.744,79.765,delivered,1,
1914,hb,3,0,79.808,79.83,delivered,1,
1915,cmd,0,2,79.808,79.829,delivered,1,
1916,thumb,5,0,79.872,79.91,delivered,1,
1917,cmd,0,3,79.872,79.893,delivered,1,
1918,hb,4,0,79.936,79.978,delivered,2,
1919,cmd,0,4,80.0,80.042,delivered,2,
1920,hb,5,0,80.064,80.086,delivered,1,
1921,cmd,0,5,80.064,80.085,delivered,1,
1922,hb,1,0,80.128,80.17,delivered,2,
1923,cmd,0,1,80.192,80.234,delivered,2,
1924,hb,2,0,80.256,80.278,delivered,1,
1925,cmd,0,2,80.256,80.277,delivered,1,
1926,hb,3,0,80.32,80.341,delivered,1,
1927,thumb,1,0,80.384,80.457,delivered,2,
1928,cmd,0,3,80.384,80.405,delivered,1,
1929,hb,4,0,80.448,80.49,delivered,2,
1930,hb,5,0,80.512,80.534,delivered,1,
1931,cmd,0,4,80.512,80.554,delivered,2,
1932,cmd,0,5,80.576,80.597,delivered,1,
1933,hb,1,0,80.64,80.682,delivered,2,
1934,hb,2,0,80.704,80.726,delivered,1,
1935,cmd,0,1,80.704,80.746,delivered,2,
1936,thumb,2,0,80.768,80.806,delivered,1,
1937,cmd,0,2,80.768,80.789,delivered,1,
1938,hb,3,0,80.832,80.853,delivered,1,
1939,cmd,0,3,80.896,80.917,delivered,1,
1940,hb,4,0,80.96,81.023,delivered,2,
1941,cmd,0,4,80.96,81.024,delivered,2,
1942,hb,5,0,81.024,81.045,delivered,1,
1943,cmd,0,5,81.088,81.109,delivered,1,
1944,hb,1,0,81.152,81.194,delivered,2,
1945,thumb,3,0,81.152,81.19,delivered,1,
1946,cmd,0,1,81.152,81.195,delivered,2,
1947,hb,2,0,81.216,81.237,delivered,1,
1948,cmd,0,2,81.28,81.301,delivered,1,
1949,hb,3,0,81.344,81.365,delivered,1,
1950,hb,4,0,81.408,81.45,delivered,2,
1951,cmd,0,3,81.408,81.429,delivered,1,
1952,cmd,0,4,81.472,81.514,delivered,2,
1953,thumb,4,0,81.536,81.609,delivered,2,
1954,hb,5,0,81.536,81.573,delivered,1,
1955,cmd,0,5,81.6,81.621,delivered,1,
1956,hb,1,0,81.664,81.706,delivered,2,
1957,cmd,0,1,81.664,81.728,delivered,2,
1958,hb,2,0,81.728,81.749,delivered,1,
1959,cmd,0,2,81.792,81.813,delivered,1,
1960,hb,3,0,81.856,81.878,delivered,1,
1961,thumb,5,0,81.856,81.894,delivered,1,
1962,cmd,0,3,81.856,81.877,delivered,1,
1963,hb,4,0,81.92,81.962,delivered,2,
1964,cmd,0,4,81.984,82.026,delivered,2,
1965,hb,5,0,82.048,82.069,delivered,1,
1966,hb,1,0,82.112,82.154,delivered,2,
1967,cmd,0,5,82.112,82.133,delivered,1,
1968,cmd,0,1,82.176,82.218,delivered,2,
1969,hb,2,0,82.24,82.261,delivered,1,
1970,hb,3,0,82.304,82.326,delivered,1,
1971,cmd,0,2,82.304,82.346,delivered,1,
1972,cmd,0,3,82.368,82.389,delivered,1,
1973,thumb,1,0,82.432,82.505,delivered,2,
1974,hb,4,0,82.432,82.474,delivered,2,
1975,cmd,0,4,82.496,82.538,delivered,2,
1976,hb,5,0,82.56,82.582,delivered,1,
1977,cmd,0,5,82.56,82.581,delivered,1,
1978,hb,1,0,82.624,82.687,delivered,2,
1979,cmd,0,1,82.688,82.73,delivered,2,
1980,hb,2,0,82.752,82.795,delivered,1,
1981,thumb,2,0,82.752,82.848,delivered,1,
1982,cmd,0,2,82.752,82.794,delivered,1,
1983,hb,3,0,82.816,82.849,delivered,1,
1984,cmd,0,3,82.88,82.901,delivered,1,
1985,hb,4,0,82.944,82.986,delivered,2,
1986,hb,5,0,83.008,83.03,delivered,1,
1987,cmd,0,4,83.008,83.05,delivered,2,
1988,cmd,0,5,83.072,83.093,delivered,1,
1989,hb,1,0,83.136,83.178,delivered,2,
1990,thumb,3,0,83.136,83.172,delivered,1,
1991,cmd,0,1,83.2,83.242,delivered,2,
1992,hb,2,0,83.264,83.286,delivered,1,
1993,cmd,0,2,83.264,83.285,delivered,1,
1994,hb,3,0,83.328,83.349,delivered,1,
1995,cmd,0,3,83.392,83.413,delivered,1,
1996,hb,4,0,83.456,83.519,delivered,2,
1997,cmd,0,4,83.456,83.52,delivered,2,
1998,thumb,4,0,83.52,83.593,delivered,2,
1999,hb,5,0,83.52,83.541,delivered,1,
2000,cmd,0,5,83.584,83.605,delivered,1,
2001,hb,1,0,83.648,83.69,delivered,2,
2002,hb,2,0,83.712,83.734,delivered,1,
2003,cmd,0,1,83.712,83.754,delivered,2,
2004,cmd,0,2,83.776,83.797,delivered,1,
2005,hb,3,0,83.84,83.861,delivered,1,
2006,hb,4,0,83.904,83.967,delivered,2,
2007,thumb,5,0,83.904,83.942,delivered,1,
2008,cmd,0,3,83.904,83.925,delivered,1,
2009,cmd,0,4,83.968,84.031,delivered,2,
2010,hb,5,0,84.032,84.053,delivered,1,
2011,cmd,0,5,84.096,84.117,delivered,1,
2012,hb,1,0,84.16,84.202,delivered,2,
2013,cmd,0,1,84.16,84.203,delivered,2,
2014,hb,2,0,84.224,84.245,delivered,1,
2015,cmd,0,2,84.288,84.309,delivered,1,
2016,hb,3,0,84.352,84.374,delivered,1,
2017,cmd,0,3,84.352,84.373,delivered,1,
2018,thumb,1,0,84.416,84.525,delivered,2,
2019,hb,4,0,84.416,84.458,delivered,2,
2020,cmd,0,4,84.48,84.527,delivered,2,
2021,hb,5,0,84.544,84.565,delivered,1,
2022,hb,1,0,84.608,84.65,delivered,2,
2023,cmd,0,5,84.608,84.629,delivered,1,
2024,cmd,0,1,84.672,84.714,delivered,2,
2025,hb,2,0,84.736,84.757,delivered,1,
2026,thumb,2,0,84.8,84.838,delivered,1,
2027,cmd,0,2,84.8,84.842,delivered,1,
2028,hb,3,0,84.864,84.886,delivered,1,
2029,cmd,0,3,84.864,84.885,delivered,1,
2030,hb,4,0,84.928,84.97,delivered,2,
2031,cmd,0,4,84.992,85.034,delivered,2,
2032,hb,5,0,85.056,85.078,delivered,1,
2033,cmd,0,5,85.056,85.077,delivered,1,
2034,hb,1,0,85.12,85.162,delivered,2,
2035,thumb,3,0,85.12,85.156,delivered,1,
2036,cmd,0,1,85.184,85.226,delivered,2,
2037,hb,2,0,85.248,85.269,delivered,1,
2038,hb,3,0,85.312,85.334,delivered,1,
2039,cmd,0,2,85.312,85.333,delivered,1,
2040,cmd,0,3,85.376,85.397,delivered,1,
2041,hb,4,0,85.44,85.482,delivered,2,
2042,thumb,4,0,85.504,85.577,delivered,2,
2043,hb,5,0,85.504,85.526,delivered,1,
2044,cmd,0,4,85.504,85.546,delivered,2,
2045,cmd,0,5,85.568,85.589,delivered,1,
2046,hb,1,0,85.632,85.674,delivered,2,
2047,cmd,0,1,85.696,85.738,delivered,2,
2048,hb,2,0,85.76,85.782,delivered,1,
2049,cmd,0,2,85.76,85.781,delivered,1,
2050,hb,3,0,85.824,85.845,delivered,1,
2051,thumb,5,0,85.888,85.926,delivered,1,
2052,cmd,0,3,85.888,85.909,delivered,1,
2053,hb,4,0,85.952,85.994,delivered,2,
2054,cmd,0,4,85.952,86.016,delivered,2,
2055,hb,5,0,86.016,86.037,delivered,1,
2056,cmd,0,5,86.08,86.101,delivered,1,
2057,hb,1,0,86.144,86.186,delivered,2,
2058,hb,2,0,86.208,86.23,delivered,1,
2059,cmd,0,1,86.208,86.25,delivered,2,
2060,cmd,0,2,86.272,86.293,delivered,1,
2061,hb,3,0,86.336,86.357,delivered,1,
2062,thumb,1,0,86.4,86.473,delivered,2,
2063,cmd,0,3,86.4,86.421,delivered,1,
2064,hb,4,0,86.464,86.528,delivered,2,
2065,cmd,0,4,86.464,86.506,delivered,2,
2066,hb,5,0,86.528,86.549,delivered,1,
2067,cmd,0,5,86.592,86.613,delivered,1,
2068,hb,1,0,86.656,86.719,delivered,2,
2069,cmd,0,1,86.656,86.72,delivered,2,
2070,hb,2,0,86.72,86.762,delivered,1,
2071,thumb,2,0,86.784,86.822,delivered,1,
2072,cmd,0,2,86.784,86.805,delivered,1,
2073,hb,3,0,86.848,86.869,delivered,1,
2074,hb,4,0,86.912,86.975,delivered,2,
2075,cmd,0,3,86.912,86.933,delivered,1,
2076,cmd,0,4,86.976,87.018,delivered,2,
2077,hb,5,0,87.04,87.061,delivered,1,
2078,hb,1,0,87.104,87.146,delivered,2,
2079,cmd,0,5,87.104,87.125,delivered,1,
2080,thumb,3,0,87.168,87.206,delivered,1,
2081,cmd,0,1,87.168,87.21,delivered,2,
2082,hb,2,0,87.232,87.253,delivered,1,
2083,cmd,0,2,87.296,87.317,delivered,1,
2084,hb,3,0,87.36,87.382,delivered,1,
2085,cmd,0,3,87.36,87.381,delivered,1,
2086,hb,4,0,87.424,87.466,delivered,2,
2087,thumb,4,0,87.488,87.561,delivered,2,
2088,cmd,0,4,87.488,87.53,delivered,2,
2089,hb,5,0,87.552,87.574,delivered,1,
2090,cmd,0,5,87.552,87.573,delivered,1,
2091,hb,1,0,87.616,87.679,delivered,2,
2092,cmd,0,1,87.68,87.743,delivered,2,
2093,hb,2,0,87.744,87.765,delivered,1,
2094,hb,3,0,87.808,87.83,delivered,1,
2095,cmd,0,2,87.808,87.829,delivered,1,
2096,thumb,5,0,87.872,87.91,delivered,1,
2097,cmd,0,3,87.872,87.893,delivered,1,
2098,hb,4,0,87.936,87.978,delivered,2,
2099,cmd,0,4,88.0,88.042,delivered,2,
2100,hb,5,0,88.064,88.086,delivered,1,
2101,cmd,0,5,88.064,88.085,delivered,1,
2102,hb,1,0,88.128,88.17,delivered,2,
2103,cmd,0,1,88.192,88.234,delivered,2,
2104,hb,2,0,88.256,88.278,delivered,1,
2105,cmd,0,2,88.256,88.277,delivered,1,
2106,hb,3,0,88.32,88.341,delivered,1,
2107,thumb,1,0,88.384,88.457,delivered,2,
2108,cmd,0,3,88.384,88.405,delivered,1,
2109,hb,4,0,88.448,88.49,delivered,2,
2110,hb,5,0,88.512,88.534,delivered,1,
2111,cmd,0,4,88.512,88.554,delivered,2,
2112,cmd,0,5,88.576,88.597,delivered,1,
2113,hb,1,0,88.64,88.703,delivered,2,
2114,hb,2,0,88.704,88.726,delivered,1,
2115,cmd,0,1,88.704,88.767,delivered,2,
2116,thumb,2,0,88.768,88.806,delivered,1,
2117,cmd,0,2,88.768,88.789,delivered,1,
2118,hb,3,0,88.832,88.853,delivered,1,
2119,cmd,0,3,88.896,88.917,delivered,1,
2120,hb,4,0,88.96,89.002,delivered,2,
2121,cmd,0,4,88.96,89.003,delivered,2,
2122,hb,5,0,89.024,89.045,delivered,1,
2123,cmd,0,5,89.088,89.109,delivered,1,
2124,hb,1,0,89.152,89.194,delivered,2,
2125,thumb,3,0,89.152,89.19,delivered,1,
2126,cmd,0,1,89.152,89.195,delivered,2,
2127,hb,2,0,89.216,89.237,delivered,1,
2128,cmd,0,2,89.28,89.343,delivered,1,
2129,hb,3,0,89.344,89.365,delivered,1,
2130,hb,4,0,89.408,89.45,delivered,2,
2131,cmd,0,3,89.408,89.429,delivered,1,
2132,cmd,0,4,89.472,89.514,delivered,2,
2133,thumb,4,0,89.536,89.609,delivered,2,
2134,hb,5,0,89.536,89.557,delivered,1,
2135,cmd,0,5,89.6,89.621,delivered,1,
2136,hb,1,0,89.664,89.706,delivered,2,
2137,cmd,0,1,89.664,89.707,delivered,2,
2138,hb,2,0,89.728,89.749,delivered,1,
2139,cmd,0,2,89.792,89.834,delivered,2,
2140,hb,3,0,89.856,89.878,delivered,1,
2141,thumb,5,0,89.856,89.894,delivered,1,
2142,cmd,0,3,89.856,89.877,delivered,1,
2143,hb,4,0,89.92,89.962,delivered,2,
2144,cmd,0,4,89.984,90.026,delivered,2,
2145,hb,5,0,90.048,90.069,delivered,1,
2146,hb,1,0,90.112,90.175,delivered,3,
2147,cmd,0,5,90.112,90.133,delivered,1,
2148,cmd,0,1,90.176,90.239,delivered,3,
2149,hb,2,0,90.24,90.303,delivered,2,
2150,hb,3,0,90.304,90.326,delivered,1,
2151,cmd,0,2,90.304,90.367,delivered,2,
2152,cmd,0,3,90.368,90.389,delivered,1,
2153,thumb,1,0,90.432,90.541,delivered,3,
2154,hb,4,0,90.432,90.506,delivered,2,
2155,cmd,0,4,90.496,90.543,delivered,2,
2156,hb,5,0,90.56,90.582,delivered,1,
2157,cmd,0,5,90.56,90.581,delivered,1,
2158,hb,1,0,90.624,90.687,delivered,3,
2159,cmd,0,1,90.688,90.751,delivered,3,
2160,hb,2,0,90.752,90.794,delivered,2,
2161,thumb,2,0,90.752,90.826,delivered,2,
2162,cmd,0,2,90.752,90.795,delivered,2,
2163,hb,3,0,90.816,90.837,delivered,1,
2164,cmd,0,3,90.88,90.901,delivered,1,
2165,hb,4,0,90.944,90.986,delivered,2,
2166,hb,5,0,91.008,91.03,delivered,1,
2167,cmd,0,4,91.008,91.05,delivered,2,
2168,cmd,0,5,91.072,91.093,delivered,1,
2169,hb,1,0,91.136,91.199,delivered,3,
2170,thumb,3,0,91.136,91.172,delivered,1,
2171,cmd,0,1,91.2,91.263,delivered,3,
2172,hb,2,0,91.264,91.306,delivered,2,
2173,cmd,0,2,91.264,91.307,delivered,2,
2174,hb,3,0,91.328,91.349,delivered,1,
2175,cmd,0,3,91.392,91.434,delivered,1,
2176,hb,4,0,91.456,91.498,delivered,2,
2177,cmd,0,4,91.456,91.499,delivered,2,
2178,thumb,4,0,91.52,91.593,delivered,2,
2179,hb,5,0,91.52,91.541,delivered,1,
2180,cmd,0,5,91.584,91.605,delivered,1,
2181,hb,1,0,91.648,91.732,delivered,3,
2182,hb,2,0,91.712,91.777,delivered,2,
2183,cmd,0,1,91.712,91.797,delivered,3,
2184,cmd,0,2,91.776,91.818,delivered,2,
2185,hb,3,0,91.84,91.861,delivered,1,
2186,hb,4,0,91.904,91.946,delivered,2,
2187,thumb,5,0,91.904,91.942,delivered,1,
2188,cmd,0,3,91.904,91.925,delivered,1,
2189,cmd,0,4,91.968,92.01,delivered,2,
2190,hb,5,0,92.032,92.053,delivered,1,
2191,cmd,0,5,92.096,92.117,delivered,1,
2192,hb,1,0,92.16,92.225,delivered,3,
2193,cmd,0,1,92.16,92.224,delivered,3,
2194,hb,2,0,92.224,92.266,delivered,2,
2195,cmd,0,2,92.288,92.33,delivered,2,
2196,hb,3,0,92.352,92.374,delivered,1,
2197,cmd,0,3,92.352,92.373,delivered,1,
2198,thumb,1,0,92.416,92.525,delivered,3,
2199,hb,4,0,92.416,92.49,delivered,2,
2200,cmd,0,4,92.48,92.548,delivered,2,
2201,hb,5,0,92.544,92.565,delivered,1,
2202,hb,1,0,92.608,92.671,delivered,3,
2203,cmd,0,5,92.608,92.629,delivered,1,
2204,cmd,0,1,92.672,92.735,delivered,3,
2205,hb,2,0,92.736,92.778,delivered,2,
2206,thumb,2,0,92.8,92.873,delivered,2,
2207,cmd,0,2,92.8,92.842,delivered,2,
2208,hb,3,0,92.864,92.886,delivered,1,
2209,cmd,0,3,92.864,92.885,delivered,1,
2210,hb,4,0,92.928,92.991,delivered,2,
2211,cmd,0,4,92.992,93.055,delivered,2,
2212,hb,5,0,93.056,93.078,delivered,1,
2213,cmd,0,5,93.056,93.077,delivered,1,
2214,hb,1,0,93.12,93.183,delivered,3,
2215,thumb,3,0,93.12,93.156,delivered,1,
2216,cmd,0,1,93.184,93.247,delivered,3,
2217,hb,2,0,93.248,93.29,delivered,2,
2218,hb,3,0,93.312,93.334,delivered,1,
2219,cmd,0,2,93.312,93.354,delivered,2,
2220,cmd,0,3,93.376,93.397,delivered,1,
2221,hb,4,0,93.44,93.482,delivered,2,
2222,thumb,4,0,93.504,93.577,delivered,2,
2223,hb,5,0,93.504,93.526,delivered,1,
2224,cmd,0,4,93.504,93.546,delivered,2,
2225,cmd,0,5,93.568,93.589,delivered,1,
2226,hb,1,0,93.632,93.716,delivered,3,
2227,cmd,0,1,93.696,93.78,delivered,3,
2228,hb,2,0,93.76,93.803,delivered,2,
2229,cmd,0,2,93.76,93.802,delivered,2,
2230,hb,3,0,93.824,93.845,delivered,1,
2231,thumb,5,0,93.888,93.926,delivered,1,
2232,cmd,0,3,93.888,93.909,delivered,1,
2233,hb,4,0,93.952,93.994,delivered,2,
2234,cmd,0,4,93.952,93.995,delivered,2,
2235,hb,5,0,94.016,94.037,delivered,1,
2236,cmd,0,5,94.08,94.101,delivered,1,
2237,hb,1,0,94.144,94.228,delivered,3,
2238,hb,2,0,94.208,94.273,delivered,2,
2239,cmd,0,1,94.208,94.272,delivered,3,
2240,cmd,0,2,94.272,94.314,delivered,2,
2241,hb,3,0,94.336,94.357,delivered,1,
2242,thumb,1,0,94.4,94.509,delivered,3,
2243,cmd,0,3,94.4,94.421,delivered,1,
2244,hb,4,0,94.464,94.533,delivered,2,
2245,cmd,0,4,94.464,94.533,delivered,2,
2246,hb,5,0,94.528,94.549,delivered,1,
2247,cmd,0,5,94.592,94.613,delivered,1,
2248,hb,1,0,94.656,94.721,delivered,3,
2249,cmd,0,1,94.656,94.72,delivered,3,
2250,hb,2,0,94.72,94.762,delivered,2,
2251,thumb,2,0,94.784,94.857,delivered,2,
2252,cmd,0,2,94.784,94.826,delivered,2,
2253,hb,3,0,94.848,94.869,delivered,1,
2254,hb,4,0,94.912,94.954,delivered,2,
2255,cmd,0,3,94.912,94.933,delivered,1,
2256,cmd,0,4,94.976,95.018,delivered,2,
2257,hb,5,0,95.04,95.061,delivered,1,
2258,hb,1,0,95.104,95.167,delivered,3,
2259,cmd,0,5,95.104,95.125,delivered,1,
2260,thumb,3,0,95.168,95.206,delivered,1,
2261,cmd,0,1,95.168,95.231,delivered,3,
2262,hb,2,0,95.232,95.274,delivered,2,
2263,cmd,0,2,95.296,95.338,delivered,2,
2264,hb,3,0,95.36,95.382,delivered,1,
2265,cmd,0,3,95.36,95.381,delivered,1,
2266,hb,4,0,95.424,95.466,delivered,2,
2267,thumb,4,0,95.488,95.561,delivered,2,
2268,cmd,0,4,95.488,95.53,delivered,2,
2269,hb,5,0,95.552,95.574,delivered,1,
2270,cmd,0,5,95.552,95.573,delivered,1,
2271,hb,1,0,95.616,95.7,delivered,3,
2272,cmd,0,1,95.68,95.743,delivered,3,
2273,hb,2,0,95.744,95.786,delivered,2,
2274,hb,3,0,95.808,95.83,delivered,1,
2275,cmd,0,2,95.808,95.85,delivered,2,
2276,thumb,5,0,95.872,95.91,delivered,1,
2277,cmd,0,3,95.872,95.893,delivered,1,
2278,hb,4,0,95.936,95.978,delivered,2,
2279,cmd,0,4,96.0,96.042,delivered,2,
2280,hb,5,0,96.064,96.086,delivered,1,
2281,cmd,0,5,96.064,96.085,delivered,1,
2282,hb,1,0,96.128,96.191,delivered,3,
2283,cmd,0,1,96.192,96.255,delivered,3,
2284,hb,2,0,96.256,96.298,delivered,2,
2285,cmd,0,2,96.256,96.299,delivered,2,
2286,hb,3,0,96.32,96.341,delivered,1,
2287,thumb,1,0,96.384,96.493,delivered,3,
2288,cmd,0,3,96.384,96.405,delivered,1,
2289,hb,4,0,96.448,96.536,delivered,2,
2290,hb,5,0,96.512,96.537,delivered,1,
2291,cmd,0,4,96.512,96.554,delivered,2,
2292,cmd,0,5,96.576,96.597,delivered,1,
2293,hb,1,0,96.64,96.703,delivered,3,
2294,hb,2,0,96.704,96.746,delivered,2,
2295,cmd,0,1,96.704,96.768,delivered,3,
2296,thumb,2,0,96.768,96.841,delivered,2,
2297,cmd,0,2,96.768,96.81,delivered,2,
2298,hb,3,0,96.832,96.853,delivered,1,
2299,cmd,0,3,96.896,96.917,delivered,1,
2300,hb,4,0,96.96,97.002,delivered,2,
2301,cmd,0,4,96.96,97.003,delivered,2,
2302,hb,5,0,97.024,97.045,delivered,1,
2303,cmd,0,5,97.088,97.109,delivered,1,
2304,hb,1,0,97.152,97.217,delivered,3,
2305,thumb,3,0,97.152,97.19,delivered,1,
2306,cmd,0,1,97.152,97.216,delivered,3,
2307,hb,2,0,97.216,97.258,delivered,2,
2308,cmd,0,2,97.28,97.322,delivered,2,
2309,hb,3,0,97.344,97.365,delivered,1,
2310,hb,4,0,97.408,97.45,delivered,2,
2311,cmd,0,3,97.408,97.429,delivered,1,
2312,cmd,0,4,97.472,97.514,delivered,2,
2313,thumb,4,0,97.536,97.645,delivered,2,
2314,hb,5,0,97.536,97.557,delivered,1,
2315,cmd,0,5,97.6,97.621,delivered,1,
2316,hb,1,0,97.664,97.727,delivered,3,
2317,cmd,0,1,97.664,97.749,delivered,3,
2318,hb,2,0,97.728,97.771,delivered,2,
2319,cmd,0,2,97.792,97.834,delivered,2,
2320,hb,3,0,97.856,97.878,delivered,1,
2321,thumb,5,0,97.856,97.894,delivered,1,
2322,cmd,0,3,97.856,97.877,delivered,1,
2323,hb,4,0,97.92,97.962,delivered,2,
2324,cmd,0,4,97.984,98.026,delivered,2,
2325,hb,5,0,98.048,98.069,delivered,1,
2326,hb,1,0,98.112,98.175,delivered,3,
2327,cmd,0,5,98.112,98.133,delivered,1,
2328,cmd,0,1,98.176,98.239,delivered,3,
2329,hb,2,0,98.24,98.282,delivered,2,
2330,hb,3,0,98.304,98.326,delivered,1,
2331,cmd,0,2,98.304,98.346,delivered,2,
2332,cmd,0,3,98.368,98.389,delivered,1,
2333,thumb,1,0,98.432,98.578,delivered,3,
2334,hb,4,0,98.432,98.506,delivered,2,
2335,cmd,0,4,98.496,98.543,delivered,2,
2336,hb,5,0,98.56,98.582,delivered,1,
2337,cmd,0,5,98.56,98.581,delivered,1,
2338,hb,1,0,98.624,98.687,delivered,3,
2339,cmd,0,1,98.688,98.751,delivered,3,
2340,hb,2,0,98.752,98.794,delivered,2,
2341,thumb,2,0,98.752,98.826,delivered,2,
2342,cmd,0,2,98.752,98.795,delivered,2,
2343,hb,3,0,98.816,98.837,delivered,1,
2344,cmd,0,3,98.88,98.901,delivered,1,
2345,hb,4,0,98.944,98.986,delivered,2,
2346,hb,5,0,99.008,99.03,delivered,1,
2347,cmd,0,4,99.008,99.05,delivered,2,
2348,cmd,0,5,99.072,99.093,delivered,1,
2349,hb,1,0,99.136,99.199,delivered,3,
2350,thumb,3,0,99.136,99.172,delivered,1,
2351,cmd,0,1,99.2,99.263,delivered,3,
2352,hb,2,0,99.264,99.306,delivered,2,
2353,cmd,0,2,99.264,99.307,delivered,2,
2354,hb,3,0,99.328,99.349,delivered,1,
2355,cmd,0,3,99.392,99.413,delivered,1,
2356,hb,4,0,99.456,99.498,delivered,2,
2357,cmd,0,4,99.456,99.499,delivered,2,
2358,thumb,4,0,99.52,99.593,delivered,2,
2359,hb,5,0,99.52,99.541,delivered,1,
2360,cmd,0,5,99.584,99.605,delivered,1,
2361,hb,1,0,99.648,99.711,delivered,3,
2362,hb,2,0,99.712,99.754,delivered,2,
2363,cmd,0,1,99.712,99.776,delivered,3,
2364,cmd,0,2,99.776,99.818,delivered,2,
2365,hb,3,0,99.84,99.861,delivered,1,
2366,hb,4,0,99.904,99.946,delivered,2,
2367,thumb,5,0,99.904,99.942,delivered,1,
2368,cmd,0,3,99.904,99.925,delivered,1,
2369,cmd,0,4,99.968,100.01,delivered,2,
2370,hb,5,0,100.032,100.053,delivered,1,
2371,cmd,0,5,100.096,100.117,delivered,1,
2372,hb,1,0,100.16,100.225,delivered,3,
2373,cmd,0,1,100.16,100.224,delivered,3,
2374,hb,2,0,100.224,100.266,delivered,2,
2375,cmd,0,2,100.288,100.33,delivered,2,
2376,hb,3,0,100.352,100.374,delivered,1,
2377,cmd,0,3,100.352,100.373,delivered,1,
2378,thumb,1,0,100.416,100.539,delivered,3,
2379,hb,4,0,100.416,100.511,delivered,2,
2380,cmd,0,4,100.48,100.522,delivered,2,
2381,hb,5,0,100.544,100.565,delivered,1,
2382,hb,1,0,100.608,100.671,delivered,3,
2383,cmd,0,5,100.608,100.629,delivered,1,
2384,cmd,0,1,100.672,100.735,delivered,3,
2385,hb,2,0,100.736,100.778,delivered,2,
2386,thumb,2,0,100.8,100.873,delivered,2,
2387,cmd,0,2,100.8,100.842,delivered,2,
2388,hb,3,0,100.864,100.886,delivered,1,
2389,cmd,0,3,100.864,100.885,delivered,1,
2390,hb,4,0,100.928,100.991,delivered,2,
2391,cmd,0,4,100.992,101.034,delivered,2,
2392,hb,5,0,101.056,101.078,delivered,1,
2393,cmd,0,5,101.056,101.077,delivered,1,
2394,hb,1,0,101.12,101.183,delivered,3,
2395,thumb,3,0,101.12,101.156,delivered,1,
2396,cmd,0,1,101.184,101.247,delivered,3,
2397,hb,2,0,101.248,101.29,delivered,2,
2398,hb,3,0,101.312,101.334,delivered,1,
2399,cmd,0,2,101.312,101.354,delivered,2,
2400,cmd,0,3,101.376,101.397,delivered,1,
2401,hb,4,0,101.44,101.482,delivered,2,
2402,thumb,4,0,101.504,101.65,delivered,2,
2403,hb,5,0,101.504,101.526,delivered,1,
2404,cmd,0,4,101.504,101.546,delivered,2,
2405,cmd,0,5,101.568,101.589,delivered,1,
2406,hb,1,0,101.632,101.695,delivered,3,
2407,cmd,0,1,101.696,101.759,delivered,3,
2408,hb,2,0,101.76,101.802,delivered,2,
2409,cmd,0,2,101.76,101.803,delivered,2,
2410,hb,3,0,101.824,101.845,delivered,1,
2411,thumb,5,0,101.888,101.926,delivered,1,
2412,cmd,0,3,101.888,101.909,delivered,1,
2413,hb,4,0,101.952,101.994,delivered,2,
2414,cmd,0,4,101.952,101.995,delivered,2,
2415,hb,5,0,102.016,102.037,delivered,1,
2416,cmd,0,5,102.08,102.101,delivered,1,
2417,hb,1,0,102.144,102.207,delivered,3,
2418,hb,2,0,102.208,102.25,delivered,2,
2419,cmd,0,1,102.208,102.272,delivered,3,
2420,cmd,0,2,102.272,102.314,delivered,2,
2421,hb,3,0,102.336,102.357,delivered,1,
2422,thumb,1,0,102.4,102.509,delivered,3,
2423,cmd,0,3,102.4,102.421,delivered,1,
2424,hb,4,0,102.464,102.531,delivered,2,
2425,cmd,0,4,102.464,102.511,delivered,2,
2426,hb,5,0,102.528,102.549,delivered,1,
2427,cmd,0,5,102.592,102.613,delivered,1,
2428,hb,1,0,102.656,102.76,delivered,3,
2429,cmd,0,1,102.656,102.741,delivered,3,
2430,hb,2,0,102.72,102.763,delivered,2,
2431,thumb,2,0,102.784,102.857,delivered,2,
2432,cmd,0,2,102.784,102.826,delivered,2,
2433,hb,3,0,102.848,102.869,delivered,1,
2434,hb,4,0,102.912,102.954,delivered,2,
2435,cmd,0,3,102.912,102.933,delivered,1,
2436,cmd,0,4,102.976,103.018,delivered,2,
2437,hb,5,0,103.04,103.061,delivered,1,
2438,hb,1,0,103.104,103.167,delivered,3,
2439,cmd,0,5,103.104,103.125,delivered,1,
2440,thumb,3,0,103.168,103.206,delivered,1,
2441,cmd,0,1,103.168,103.231,delivered,3,
2442,hb,2,0,103.232,103.274,delivered,2,
2443,cmd,0,2,103.296,103.338,delivered,2,
2444,hb,3,0,103.36,103.382,delivered,1,
2445,cmd,0,3,103.36,103.381,delivered,1,
2446,hb,4,0,103.424,103.466,delivered,2,
2447,thumb,4,0,103.488,103.561,delivered,2,
2448,cmd,0,4,103.488,103.53,delivered,2,
2449,hb,5,0,103.552,103.574,delivered,1,
2450,cmd,0,5,103.552,103.573,delivered,1,
2451,hb,1,0,103.616,103.679,delivered,3,
2452,cmd,0,1,103.68,103.743,delivered,3,
2453,hb,2,0,103.744,103.828,delivered,2,
2454,hb,3,0,103.808,103.83,delivered,1,
2455,cmd,0,2,103.808,103.892,delivered,2,
2456,thumb,5,0,103.872,103.91,delivered,1,
2457,cmd,0,3,103.872,103.893,delivered,1,
2458,hb,4,0,103.936,103.978,delivered,2,
2459,cmd,0,4,104.0,104.042,delivered,2,
2460,hb,5,0,104.064,104.086,delivered,1,
2461,cmd,0,5,104.064,104.085,delivered,1,
2462,hb,1,0,104.128,104.191,delivered,3,
2463,cmd,0,1,104.192,104.255,delivered,3,
2464,hb,2,0,104.256,104.298,delivered,2,
2465,cmd,0,2,104.256,104.299,delivered,2,
2466,hb,3,0,104.32,104.341,delivered,1,
2467,thumb,1,0,104.384,104.493,delivered,3,
2468,cmd,0,3,104.384,104.405,delivered,1,
2469,hb,4,0,104.448,104.515,delivered,2,
2470,hb,5,0,104.512,104.534,delivered,1,
2471,cmd,0,4,104.512,104.554,delivered,2,
2472,cmd,0,5,104.576,104.597,delivered,1,
2473,hb,1,0,104.64,104.703,delivered,3,
2474,hb,2,0,104.704,104.746,delivered,2,
2475,cmd,0,1,104.704,104.789,delivered,3,
2476,thumb,2,0,104.768,104.89,delivered,2,
2477,cmd,0,2,104.768,104.81,delivered,2,
2478,hb,3,0,104.832,104.874,delivered,1,
2479,cmd,0,3,104.896,104.917,delivered,1,
2480,hb,4,0,104.96,105.002,delivered,2,
2481,cmd,0,4,104.96,105.003,delivered,2,
2482,hb,5,0,105.024,105.045,delivered,1,
2483,cmd,0,5,105.088,105.109,delivered,1,
2484,hb,1,0,105.152,105.239,delivered,3,
2485,thumb,3,0,105.152,105.19,delivered,1,
2486,cmd,0,1,105.152,105.237,delivered,3,
2487,hb,2,0,105.216,105.259,delivered,2,
2488,cmd,0,2,105.28,105.322,delivered,2,
2489,hb,3,0,105.344,105.365,delivered,1,
2490,hb,4,0,105.408,105.45,delivered,2,
2491,cmd,0,3,105.408,105.429,delivered,1,
2492,cmd,0,4,105.472,105.514,delivered,2,
2493,thumb,4,0,105.536,105.609,delivered,2,
2494,hb,5,0,105.536,105.573,delivered,1,
2495,cmd,0,5,105.6,105.621,delivered,1,
2496,hb,1,0,105.664,105.729,delivered,3,
2497,cmd,0,1,105.664,105.728,delivered,3,
2498,hb,2,0,105.728,105.77,delivered,2,
2499,cmd,0,2,105.792,105.834,delivered,2,
2500,hb,3,0,105.856,105.878,delivered,1,
2501,thumb,5,0,105.856,105.894,delivered,1,
2502,cmd,0,3,105.856,105.877,delivered,1,
2503,hb,4,0,105.92,105.962,delivered,2,
2504,cmd,0,4,105.984,106.026,delivered,2,
2505,hb,5,0,106.048,106.069,delivered,1,
2506,hb,1,0,106.112,106.175,delivered,3,
2507,cmd,0,5,106.112,106.133,delivered,1,
2508,cmd,0,1,106.176,106.239,delivered,3,
2509,hb,2,0,106.24,106.282,delivered,2,
2510,hb,3,0,106.304,106.326,delivered,1,
2511,cmd,0,2,106.304,106.346,delivered,2,
2512,cmd,0,3,106.368,106.389,delivered,1,
2513,thumb,1,0,106.432,106.555,delivered,3,
2514,hb,4,0,106.432,106.527,delivered,2,
2515,cmd,0,4,106.496,106.538,delivered,2,
2516,hb,5,0,106.56,106.582,delivered,1,
2517,cmd,0,5,106.56,106.581,delivered,1,
2518,hb,1,0,106.624,106.728,delivered,3,
2519,cmd,0,1,106.688,106.751,delivered,3,
2520,hb,2,0,106.752,106.794,delivered,2,
2521,thumb,2,0,106.752,106.826,delivered,2,
2522,cmd,0,2,106.752,106.795,delivered,2,
2523,hb,3,0,106.816,106.837,delivered,1,
2524,cmd,0,3,106.88,106.901,delivered,1,
2525,hb,4,0,106.944,106.986,delivered,2,
2526,hb,5,0,107.008,107.03,delivered,1,
2527,cmd,0,4,107.008,107.05,delivered,2,
2528,cmd,0,5,107.072,107.093,delivered,1,
2529,hb,1,0,107.136,107.199,delivered,3,
2530,thumb,3,0,107.136,107.172,delivered,1,
2531,cmd,0,1,107.2,107.263,delivered,3,
2532,hb,2,0,107.264,107.306,delivered,2,
2533,cmd,0,2,107.264,107.307,delivered,2,
2534,hb,3,0,107.328,107.349,delivered,1,
2535,cmd,0,3,107.392,107.413,delivered,1,
2536,hb,4,0,107.456,107.498,delivered,2,
2537,cmd,0,4,107.456,107.499,delivered,2,
2538,thumb,4,0,107.52,107.593,delivered,2,
2539,hb,5,0,107.52,107.557,delivered,1,
2540,cmd,0,5,107.584,107.605,delivered,1,
2541,hb,1,0,107.648,107.711,delivered,3,
2542,hb,2,0,107.712,107.775,delivered,2,
2543,cmd,0,1,107.712,107.797,delivered,3,
2544,cmd,0,2,107.776,107.839,delivered,2,
2545,hb,3,0,107.84,107.861,delivered,1,
2546,hb,4,0,107.904,107.946,delivered,2,
2547,thumb,5,0,107.904,107.942,delivered,1,
2548,cmd,0,3,107.904,107.925,delivered,1,
2549,cmd,0,4,107.968,108.01,delivered,2,
2550,hb,5,0,108.032,108.053,delivered,1,
2551,cmd,0,5,108.096,108.117,delivered,1,
2552,hb,1,0,108.16,108.246,delivered,3,
2553,cmd,0,1,108.16,108.224,delivered,3,
2554,hb,2,0,108.224,108.266,delivered,2,
2555,cmd,0,2,108.288,108.33,delivered,2,
2556,hb,3,0,108.352,108.374,delivered,1,
2557,cmd,0,3,108.352,108.373,delivered,1,
2558,thumb,1,0,108.416,108.525,delivered,3,
2559,hb,4,0,108.416,108.49,delivered,2,
2560,cmd,0,4,108.48,108.527,delivered,2,
2561,hb,5,0,108.544,108.565,delivered,1,
2562,hb,1,0,108.608,108.671,delivered,3,
2563,cmd,0,5,108.608,108.629,delivered,1,
2564,cmd,0,1,108.672,108.735,delivered,3,
2565,hb,2,0,108.736,108.778,delivered,2,
2566,thumb,2,0,108.8,108.909,delivered,2,
2567,cmd,0,2,108.8,108.874,delivered,2,
2568,hb,3,0,108.864,108.886,delivered,1,
2569,cmd,0,3,108.864,108.885,delivered,1,
2570,hb,4,0,108.928,108.97,delivered,2,
2571,cmd,0,4,108.992,109.034,delivered,2,
2572,hb,5,0,109.056,109.078,delivered,1,
2573,cmd,0,5,109.056,109.077,delivered,1,
2574,hb,1,0,109.12,109.204,delivered,3,
2575,thumb,3,0,109.12,109.156,delivered,1,
2576,cmd,0,1,109.184,109.247,delivered,3,
2577,hb,2,0,109.248,109.29,delivered,2,
2578,hb,3,0,109.312,109.334,delivered,1,
2579,cmd,0,2,109.312,109.354,delivered,2,
2580,cmd,0,3,109.376,109.397,delivered,1,
2581,hb,4,0,109.44,109.482,delivered,2,
2582,thumb,4,0,109.504,109.577,delivered,2,
2583,hb,5,0,109.504,109.541,delivered,1,
2584,cmd,0,4,109.504,109.546,delivered,2,
2585,cmd,0,5,109.568,109.589,delivered,1,
2586,hb,1,0,109.632,109.695,delivered,3,
2587,cmd,0,1,109.696,109.759,delivered,3,
2588,hb,2,0,109.76,109.802,delivered,2,
2589,cmd,0,2,109.76,109.803,delivered,2,
2590,hb,3,0,109.824,109.845,delivered,1,
2591,thumb,5,0,109.888,109.926,delivered,1,
2592,cmd,0,3,109.888,109.909,delivered,1,
2593,hb,4,0,109.952,109.994,delivered,2,
2594,cmd,0,4,109.952,109.995,delivered,2,
2595,hb,5,0,110.016,110.037,delivered,1,
2596,cmd,0,5,110.08,110.101,delivered,1,
2597,hb,1,0,110.144,110.207,delivered,3,
2598,hb,2,0,110.208,110.25,delivered,2,
2599,cmd,0,1,110.208,110.272,delivered,3,
2600,cmd,0,2,110.272,110.335,delivered,2,
2601,hb,3,0,110.336,110.357,delivered,1,
2602,thumb,1,0,110.4,110.548,delivered,3,
2603,cmd,0,3,110.4,110.421,delivered,1,
2604,hb,4,0,110.464,110.531,delivered,2,
2605,cmd,0,4,110.464,110.511,delivered,2,
2606,hb,5,0,110.528,110.549,delivered,1,
2607,cmd,0,5,110.592,110.613,delivered,1,
2608,hb,1,0,110.656,110.742,delivered,3,
2609,cmd,0,1,110.656,110.72,delivered,3,
2610,hb,2,0,110.72,110.762,delivered,2,
2611,thumb,2,0,110.784,110.857,delivered,2,
2612,cmd,0,2,110.784,110.826,delivered,2,
2613,hb,3,0,110.848,110.869,delivered,1,
2614,hb,4,0,110.912,110.954,delivered,2,
2615,cmd,0,3,110.912,110.933,delivered,1,
2616,cmd,0,4,110.976,111.018,delivered,2,
2617,hb,5,0,111.04,111.061,delivered,1,
2618,hb,1,0,111.104,111.188,delivered,3,
2619,cmd,0,5,111.104,111.125,delivered,1,
2620,thumb,3,0,111.168,111.206,delivered,1,
2621,cmd,0,1,111.168,111.231,delivered,3,
2622,hb,2,0,111.232,111.274,delivered,2,
2623,cmd,0,2,111.296,111.338,delivered,2,
2624,hb,3,0,111.36,111.382,delivered,1,
2625,cmd,0,3,111.36,111.381,delivered,1,
2626,hb,4,0,111.424,111.466,delivered,2,
2627,thumb,4,0,111.488,111.561,delivered,2,
2628,cmd,0,4,111.488,111.53,delivered,2,
2629,hb,5,0,111.552,111.574,delivered,1,
2630,cmd,0,5,111.552,111.573,delivered,1,
2631,hb,1,0,111.616,111.679,delivered,3,
2632,cmd,0,1,111.68,111.743,delivered,3,
2633,hb,2,0,111.744,111.807,delivered,2,
2634,hb,3,0,111.808,111.83,delivered,1,
2635,cmd,0,2,111.808,111.871,delivered,2,
2636,thumb,5,0,111.872,111.91,delivered,1,
2637,cmd,0,3,111.872,111.893,delivered,1,
2638,hb,4,0,111.936,111.999,delivered,2,
2639,cmd,0,4,112.0,112.105,delivered,2,
2640,hb,5,0,112.064,112.106,delivered,1,
2641,cmd,0,5,112.064,112.085,delivered,1,
2642,hb,1,0,112.128,112.191,delivered,3,
2643,cmd,0,1,112.192,112.255,delivered,3,
2644,hb,2,0,112.256,112.298,delivered,2,
2645,cmd,0,2,112.256,112.299,delivered,2,
2646,hb,3,0,112.32,112.341,delivered,1,
2647,thumb,1,0,112.384,112.568,delivered,3,
2648,cmd,0,3,112.384,112.405,delivered,1,
2649,hb,4,0,112.448,112.515,delivered,2,
2650,hb,5,0,112.512,112.569,delivered,1,
2651,cmd,0,4,112.512,112.591,delivered,2,
2652,cmd,0,5,112.576,112.597,delivered,1,
2653,hb,1,0,112.64,112.703,delivered,3,
2654,hb,2,0,112.704,112.746,delivered,2,
2655,cmd,0,1,112.704,112.768,delivered,3,
2656,thumb,2,0,112.768,112.841,delivered,2,
2657,cmd,0,2,112.768,112.81,delivered,2,
2658,hb,3,0,112.832,112.853,delivered,1,
2659,cmd,0,3,112.896,112.959,delivered,1,
2660,hb,4,0,112.96,113.023,delivered,2,
2661,cmd,0,4,112.96,113.024,delivered,2,
2662,hb,5,0,113.024,113.045,delivered,1,
2663,cmd,0,5,113.088,113.109,delivered,1,
2664,hb,1,0,113.152,113.217,delivered,3,
2665,thumb,3,0,113.152,113.19,delivered,1,
2666,cmd,0,1,113.152,113.216,delivered,3,
2667,hb,2,0,113.216,113.32,delivered,2,
2668,cmd,0,2,113.28,113.385,delivered,2,
2669,hb,3,0,113.344,113.386,delivered,1,
2670,hb,4,0,113.408,113.45,delivered,2,
2671,cmd,0,3,113.408,113.429,delivered,1,
2672,cmd,0,4,113.472,113.514,delivered,2,
2673,thumb,4,0,113.536,113.609,delivered,2,
2674,hb,5,0,113.536,113.573,delivered,1,
2675,cmd,0,5,113.6,113.621,delivered,1,
2676,hb,1,0,113.664,113.75,delivered,3,
2677,cmd,0,1,113.664,113.728,delivered,3,
2678,hb,2,0,113.728,113.77,delivered,2,
2679,cmd,0,2,113.792,113.834,delivered,2,
2680,hb,3,0,113.856,113.878,delivered,1,
2681,data,4,0,113.856,114.03,delivered,2,4|P3|0
2682,data,4,0,113.856,114.319,delivered,2,4|P3|1
2683,data,4,0,113.856,114.388,delivered,2,4|P3|2
2684,data,4,0,113.856,114.657,delivered,2,4|P3|3
2685,thumb,5,0,113.856,114.048,delivered,1,
2686,cmd,0,3,113.856,113.877,delivered,1,
2687,hb,4,0,113.92,114.052,delivered,2,
2688,cmd,0,4,113.984,114.119,delivered,2,
2689,hb,5,0,114.048,114.321,delivered,1,
2690,ack,0,4,114.03,114.186,delivered,2,
2691,hb,1,0,114.112,114.458,delivered,3,
2692,cmd,0,5,114.112,114.133,delivered,1,
2693,cmd,0,1,114.176,114.389,delivered,3,
2694,hb,2,0,114.24,114.506,delivered,2,
2695,hb,3,0,114.304,114.391,delivered,1,
2696,data,4,0,114.304,114.822,delivered,2,4|P3|4
2697,cmd,0,2,114.304,114.573,delivered,2,
2698,cmd,0,3,114.368,114.39,delivered,1,
2699,ack,0,4,114.319,114.459,delivered,2,
2700,thumb,1,0,114.432,114.59,delivered,3,
2701,hb,4,0,114.432,114.753,delivered,2,
2702,ack,0,4,114.388,114.744,delivered,2,
2703,cmd,0,4,114.496,115.028,delivered,2,
2704,data,4,0,114.56,114.891,delivered,2,4|P3|5
2705,hb,5,0,114.56,114.754,delivered,1,
2706,cmd,0,5,114.56,114.591,delivered,1,
2707,hb,1,0,114.624,114.752,delivered,3,
2708,cmd,0,1,114.688,114.751,delivered,3,
2709,ack,0,4,114.657,114.756,delivered,2,
2710,hb,2,0,114.752,114.892,delivered,2,
2711,thumb,2,0,114.752,115.046,delivered,2,
2712,cmd,0,2,114.752,115.029,delivered,2,
2713,hb,3,0,114.816,115.026,delivered,1,
2714,data,4,0,114.816,115.22,delivered,2,4|P3|6
2715,data,4,0,114.88,115.445,delivered,2,4|P3|7
2716,cmd,0,3,114.88,114.901,delivered,1,
2717,ack,0,4,114.822,115.049,delivered,2,
2718,hb,4,0,114.944,115.068,delivered,2,
2719,ack,0,4,114.891,115.049,delivered,2,
2720,hb,5,0,115.008,115.048,delivered,1,
2721,cmd,0,4,115.008,115.051,delivered,2,
2722,cmd,0,5,115.072,115.135,delivered,1,
2723,hb,1,0,115.136,115.222,delivered,3,
2724,thumb,3,0,115.136,115.6,delivered,1,
2725,data,4,0,115.136,115.514,delivered,2,4|P3|8
2726,data,4,0,115.136,115.583,delivered,2,4|P3|9
2727,cmd,0,1,115.2,115.358,delivered,3,
2728,hb,2,0,115.264,115.516,delivered,2,
2729,cmd,0,2,115.264,115.448,delivered,2,
2730,ack,0,4,115.22,115.359,delivered,2,
2731,hb,3,0,115.328,115.379,delivered,1,
2732,cmd,0,3,115.392,115.447,delivered,1,
2733,hb,4,0,115.456,115.793,delivered,2,
2734,data,4,0,115.456,115.879,delivered,2,4|P3|10
2735,cmd,0,4,115.456,115.792,delivered,2,
2736,ack,0,4,115.445,115.794,delivered,2,
2737,thumb,4,0,115.52,115.811,delivered,2,
2738,hb,5,0,115.52,115.769,delivered,1,
2739,ack,0,4,115.514,115.794,delivered,2,
2740,cmd,0,5,115.584,115.605,delivered,1,
2741,ack,0,4,115.583,115.795,delivered,2,
2742,hb,1,0,115.648,115.902,delivered,3,
2743,hb,2,0,115.712,115.813,delivered,2,
2744,cmd,0,1,115.712,115.812,delivered,3,
2745,cmd,0,2,115.776,115.903,delivered,2,
2746,hb,3,0,115.84,115.901,delivered,1,
2747,hb,4,0,115.904,116.227,delivered,2,
2748,data,4,0,115.904,116.296,delivered,2,4|P3|11
2749,data,4,0,115.904,116.43,delivered,2,4|P3|12
2750,data,4,0,115.904,116.626,delivered,2,4|P3|13
2751,thumb,5,0,115.904,115.942,delivered,1,
2752,cmd,0,3,115.904,115.946,delivered,1,
2753,ack,0,4,115.879,116.227,delivered,2,
2754,cmd,0,4,115.968,116.229,delivered,2,
2755,hb,5,0,116.032,116.228,delivered,1,
2756,cmd,0,5,116.096,116.117,delivered,1,
2757,hb,1,0,116.16,116.555,delivered,4,
2758,cmd,0,1,116.16,116.498,delivered,4,
2759,hb,2,0,116.224,116.558,delivered,3,
2760,cmd,0,2,116.288,116.648,delivered,3,
2761,hb,3,0,116.352,116.65,delivered,2,
2762,data,4,0,116.352,116.775,delivered,2,4|P3|14
2763,cmd,0,3,116.352,116.556,delivered,2,
2764,ack,0,4,116.296,116.627,delivered,2,
2765,thumb,1,0,116.416,116.708,delivered,4,
2766,hb,4,0,116.416,116.558,delivered,2,
2767,cmd,0,4,116.48,116.56,delivered,2,
2768,ack,0,4,116.43,116.671,delivered,2,
2769,hb,5,0,116.544,116.649,delivered,1,
2770,hb,1,0,116.608,116.692,delivered,4,
2771,cmd,0,5,116.608,116.629,delivered,1,
2772,cmd,0,1,116.672,116.969,delivered,4,
2773,ack,0,4,116.626,116.987,delivered,2,
2774,hb,2,0,116.736,117.009,delivered,3,
2775,data,4,0,116.736,117.096,delivered,2,4|P3|15
2776,data,4,0,116.736,117.397,delivered,2,4|P3|16
2777,thumb,2,0,116.8,117.028,delivered,3,
2778,cmd,0,2,116.8,117.029,delivered,3,
2779,ack,0,4,116.775,117.01,delivered,2,
2780,hb,3,0,116.864,117.012,delivered,2,
2781,cmd,0,3,116.864,117.011,delivered,2,
2782,hb,4,0,116.928,117.269,delivered,2,
2783,cmd,0,4,116.992,117.289,delivered,2,
2784,data,4,0,117.056,117.556,delivered,2,4|P3|17
2785,hb,5,0,117.056,117.246,delivered,1,
2786,cmd,0,5,117.056,117.097,delivered,1,
2787,hb,1,0,117.12,117.313,delivered,4,
2788,thumb,3,0,117.12,117.331,delivered,2,
2789,data,4,0,117.12,117.645,delivered,2,4|P3|18
2790,ack,0,4,117.096,117.29,delivered,2,
2791,cmd,0,1,117.184,117.334,delivered,4,
2792,hb,2,0,117.248,117.314,delivered,3,
2793,hb,3,0,117.312,117.466,delivered,2,
2794,cmd,0,2,117.312,117.488,delivered,3,
2795,data,4,0,117.376,117.799,delivered,2,4|P3|19
2796,cmd,0,3,117.376,117.489,delivered,2,
2797,hb,4,0,117.44,117.49,delivered,2,
2798,ack,0,4,117.397,117.49,delivered,2,
2799,thumb,4,0,117.504,117.728,delivered,2,
2800,hb,5,0,117.504,117.574,delivered,1,
2801,cmd,0,4,117.504,117.579,delivered,2,
2802,data,4,0,117.568,118.238,delivered,2,4|P3|20
2803,cmd,0,5,117.568,117.646,delivered,1,
2804,ack,0,4,117.556,117.711,delivered,2,
2805,hb,1,0,117.632,117.803,delivered,4,
2806,cmd,0,1,117.696,117.842,delivered,4,
2807,ack,0,4,117.645,117.822,delivered,2,
2808,hb,2,0,117.76,117.979,delivered,3,
2809,cmd,0,2,117.76,117.844,delivered,3,
2810,hb,3,0,117.824,118.151,delivered,2,
2811,data,4,0,117.824,118.305,delivered,2,4|P3|21
2812,ack,0,4,117.799,118.172,delivered,2,
2813,data,4,0,117.888,118.508,delivered,2,4|P3|22
2814,thumb,5,0,117.888,118.171,delivered,1,
2815,cmd,0,3,117.888,118.152,delivered,2,
2816,hb,4,0,117.952,118.155,delivered,2,
2817,cmd,0,4,117.952,118.154,delivered,2,
2818,hb,5,0,118.016,118.153,delivered,1,
2819,cmd,0,5,118.08,118.101,delivered,1,
2820,hb,1,0,118.144,118.374,delivered,4,
2821,hb,2,0,118.208,118.397,delivered,3,
2822,cmd,0,1,118.208,118.417,delivered,4,
2823,data,4,0,118.272,118.576,delivered,2,4|P3|23
2824,cmd,0,2,118.272,118.419,delivered,3,
2825,ack,0,4,118.238,118.42,delivered,2,
2826,hb,3,0,118.336,118.422,delivered,2,
2827,ack,0,4,118.305,118.42,delivered,2,
2828,thumb,1,0,118.4,118.747,delivered,4,
2829,cmd,0,3,118.4,118.442,delivered,2,
2830,hb,4,0,118.464,118.728,delivered,2,
2831,cmd,0,4,118.464,118.727,delivered,2,
2832,data,4,0,118.528,118.814,delivered,2,4|P3|24
2833,data,4,0,118.528,119.121,delivered,2,4|P3|25
2834,hb,5,0,118.528,118.726,delivered,1,
2835,ack,0,4,118.508,118.728,delivered,2,
2836,cmd,0,5,118.592,118.613,delivered,1,
2837,ack,0,4,118.576,118.729,delivered,2,
2838,hb,1,0,118.656,118.822,delivered,4,
2839,cmd,0,1,118.656,118.864,delivered,4,
2840,hb,2,0,118.72,118.867,delivered,3,
2841,thumb,2,0,118.784,119.055,delivered,3,
2842,cmd,0,2,118.784,118.866,delivered,3,
2843,hb,3,0,118.848,119.036,delivered,2,
2844,data,4,0,118.848,119.188,delivered,2,4|P3|26
2845,data,4,0,118.848,119.386,delivered,2,4|P3|27
2846,ack,0,4,118.814,119.035,delivered,2,
2847,hb,4,0,118.912,119.038,delivered,2,
2848,cmd,0,3,118.912,119.037,delivered,2,
2849,cmd,0,4,118.976,119.039,delivered,2,
2850,hb,5,0,119.04,119.122,delivered,1,
2851,hb,1,0,119.104,119.273,delivered,4,
2852,data,4,0,119.104,119.478,delivered,2,4|P3|28
2853,cmd,0,5,119.104,119.189,delivered,1,
2854,thumb,3,0,119.168,119.318,delivered,2,
2855,cmd,0,1,119.168,119.341,delivered,4,
2856,ack,0,4,119.121,119.3,delivered,2,
2857,hb,2,0,119.232,119.301,delivered,3,
2858,ack,0,4,119.188,119.3,delivered,2,
2859,cmd,0,2,119.296,119.41,delivered,3,
2860,hb,3,0,119.36,119.41,delivered,2,
2861,cmd,0,3,119.36,119.412,delivered,2,
2862,hb,4,0,119.424,119.645,delivered,2,
2863,data,4,0,119.424,119.893,delivered,2,4|P3|29
2864,data,4,0,119.424,120.156,delivered,2,4|P3|30
2865,ack,0,4,119.386,119.562,delivered,2,
2866,thumb,4,0,119.488,119.716,delivered,2,
2867,cmd,0,4,119.488,119.68,delivered,2,
2868,ack,0,4,119.478,119.783,delivered,2,
2869,hb,5,0,119.552,119.646,delivered,1,
2870,cmd,0,5,119.552,119.573,delivered,1,
2871,hb,1,0,119.616,119.7,delivered,4,
2872,data,4,0,119.68,120.222,delivered,2,4|P3|31
2873,cmd,0,1,119.68,119.847,delivered,4,
2874,hb,2,0,119.744,119.827,delivered,3,
2875,hb,3,0,119.808,119.962,delivered,2,
2876,cmd,0,2,119.808,120.068,delivered,3,
2877,data,4,0,119.872,120.403,delivered,2,4|P3|32
2878,thumb,5,0,119.872,120.088,delivered,1,
2879,cmd,0,3,119.872,120.069,delivered,2,
2880,hb,4,0,119.936,120.071,delivered,2,
2881,ack,0,4,119.893,120.07,delivered,2,
2882,cmd,0,4,120.0,120.072,delivered,2,
2883,hb,5,0,120.064,120.09,delivered,1,
2884,cmd,0,5,120.064,120.09,delivered,1,
2885,hb,1,0,120.128,120.29,delivered,4,
2886,data,4,0,120.192,120.492,delivered,2,4|P3|33
2887,cmd,0,1,120.192,120.355,delivered,4,
2888,ack,0,4,120.156,120.404,delivered,2,
2889,hb,2,0,120.256,120.337,delivered,3,
2890,cmd,0,2,120.256,120.405,delivered,3,
2891,ack,0,4,120.222,120.336,delivered,2,
2892,hb,3,0,120.32,120.424,delivered,2,
2893,thumb,1,0,120.384,120.662,delivered,4,
2894,cmd,0,3,120.384,120.426,delivered,2,
2895,hb,4,0,120.448,120.665,delivered,2,
2896,data,4,0,120.448,120.731,delivered,2,4|P3|34
2897,ack,0,4,120.403,120.643,delivered,2,
2898,data,4,0,120.512,120.798,delivered,2,4|P3|35
2899,hb,5,0,120.512,120.643,delivered,1,
2900,cmd,0,4,120.512,120.645,delivered,2,
2901,ack,0,4,120.492,120.646,delivered,2,
2902,cmd,0,5,120.576,120.597,delivered,1,
2903,hb,1,0,120.64,120.956,delivered,4,
2904,hb,2,0,120.704,120.98,delivered,3,
2905,cmd,0,1,120.704,120.999,delivered,4,
2906,thumb,2,0,120.768,121.043,delivered,3,
2907,data,4,0,120.768,121.109,delivered,2,4|P3|36
2908,data,4,0,120.768,121.426,delivered,2,4|P3|37
2909,cmd,0,2,120.768,121.0,delivered,3,
2910,ack,0,4,120.731,120.981,delivered,2,
2911,hb,3,0,120.832,121.023,delivered,2,
2912,ack,0,4,120.798,121.022,delivered,2,
2913,cmd,0,3,120.896,121.024,delivered,2,
2914,hb,4,0,120.96,121.026,delivered,2,
2915,cmd,0,4,120.96,121.025,delivered,2,
2916,hb,5,0,121.024,121.258,delivered,1,
2917,data,4,0,121.088,121.684,delivered,2,4|P3|38
2918,data,4,0,121.088,121.804,delivered,2,4|P3|39
2919,cmd,0,5,121.088,121.11,delivered,1,
2920,hb,1,0,121.152,121.302,delivered,4,
2921,thumb,3,0,121.152,121.36,delivered,2,
2922,cmd,0,1,121.152,121.322,delivered,4,
2923,ack,0,4,121.109,121.282,delivered,2,
2924,hb,2,0,121.216,121.3,delivered,3,
2925,cmd,0,2,121.28,121.343,delivered,3,
2926,hb,3,0,121.344,121.495,delivered,2,
2927,hb,4,0,121.408,121.615,delivered,2,
2928,data,4,0,121.408,121.941,delivered,2,4|P3|40
2929,cmd,0,3,121.408,121.616,delivered,2,
2930,cmd,0,4,121.472,121.617,delivered,2,
2931,ack,0,4,121.426,121.618,delivered,2,
2932,thumb,4,0,121.536,121.737,delivered,2,
2933,hb,5,0,121.536,121.578,delivered,1,
2934,cmd,0,5,121.6,121.685,delivered,1,
2935,hb,1,0,121.664,121.874,delivered,4,
2936,cmd,0,1,121.664,121.893,delivered,4,
2937,hb,2,0,121.728,121.944,delivered,3,
2938,data,4,0,121.728,122.315,delivered,2,4|P3|41
2939,ack,0,4,121.684,121.872,delivered,2,
2940,cmd,0,2,121.792,121.945,delivered,3,
2941,hb,3,0,121.856,122.164,delivered,2,
2942,thumb,5,0,121.856,122.206,delivered,1,
2943,cmd,0,3,121.856,122.186,delivered,2,
2944,ack,0,4,121.804,122.187,delivered,2,
2945,hb,4,0,121.92,122.165,delivered,2,
2946,data,4,0,121.984,122.381,delivered,2,4|P3|42
2947,cmd,0,4,121.984,122.189,delivered,2,
2948,ack,0,4,121.941,122.189,delivered,2,
2949,hb,5,0,122.048,122.208,delivered,1,
2950,hb,1,0,122.112,122.209,delivered,4,
2951,cmd,0,5,122.112,122.133,delivered,1,
2952,cmd,0,1,122.176,122.27,delivered,4,
2953,hb,2,0,122.24,122.639,delivered,3,
2954,hb,3,0,122.304,122.636,delivered,2,
2955,data,4,0,122.304,122.964,delivered,2,4|P3|43
2956,data,4,0,122.304,122.793,delivered,2,4|P3|44
2957,cmd,0,2,122.304,122.661,delivered,3,
2958,cmd,0,3,122.368,122.638,delivered,2,
2959,ack,0,4,122.315,122.639,delivered,2,
2960,thumb,1,0,122.432,122.659,delivered,4,
2961,hb,4,0,122.432,122.642,delivered,2,
2962,ack,0,4,122.381,122.64,delivered,2,
2963,cmd,0,4,122.496,122.643,delivered,2,
2964,hb,5,0,122.56,122.641,delivered,1,
2965,cmd,0,5,122.56,122.581,delivered,1,
2966,hb,1,0,122.624,122.879,delivered,4,
2967,cmd,0,1,122.688,123.008,delivered,4,
2968,hb,2,0,122.752,123.01,delivered,3,
2969,thumb,2,0,122.752,,lost,0,
2970,data,4,0,122.752,123.078,delivered,2,4|P3|45
2971,cmd,0,2,122.752,123.009,delivered,3,
2972,hb,3,0,122.816,122.898,delivered,2,
2973,ack,0,4,122.793,122.988,delivered,2,
2974,cmd,0,3,122.88,123.011,delivered,2,
2975,hb,4,0,122.944,123.012,delivered,2,
2976,hb,5,0,123.008,123.08,delivered,1,
2977,cmd,0,4,123.008,123.1,delivered,2,
2978,ack,0,4,122.964,123.101,delivered,2,
2979,cmd,0,5,123.072,123.093,delivered,1,
2980,hb,1,0,123.136,123.24,delivered,4,
2981,thumb,3,0,123.136,123.209,delivered,2,
2982,ack,0,4,123.078,123.177,delivered,2,
2983,cmd,0,1,123.2,123.284,delivered,4,
2984,hb,2,0,123.264,123.329,delivered,3,
2985,cmd,0,2,123.264,123.328,delivered,3,
2986,hb,3,0,123.328,123.37,delivered,2,
2987,cmd,0,3,123.392,123.434,delivered,2,
2988,hb,4,0,123.456,123.498,delivered,2,
2989,cmd,0,4,123.456,123.499,delivered,2,
2990,thumb,4,0,123.52,123.593,delivered,2,
2991,hb,5,0,123.52,123.557,delivered,1,
2992,cmd,0,5,123.584,123.605,delivered,1,
2993,hb,1,0,123.648,123.752,delivered,4,
2994,hb,2,0,123.712,123.796,delivered,3,
2995,cmd,0,1,123.712,123.797,delivered,4,
2996,cmd,0,2,123.776,123.86,delivered,3,
2997,hb,3,0,123.84,123.882,delivered,2,
2998,hb,4,0,123.904,123.946,delivered,2,
2999,thumb,5,0,123.904,123.942,delivered,1,
3000,cmd,0,3,123.904,123.947,delivered,2,
3001,cmd,0,4,123.968,124.01,delivered,2,
3002,hb,5,0,124.032,124.053,delivered,1,
3003,cmd,0,5,124.096,124.138,delivered,1,
3004,hb,1,0,124.16,124.244,delivered,4,
3005,cmd,0,1,124.16,124.266,delivered,4,
3006,hb,2,0,124.224,124.288,delivered,3,
3007,cmd,0,2,124.288,124.351,delivered,3,
3008,hb,3,0,124.352,124.394,delivered,2,
3009,cmd,0,3,124.352,124.395,delivered,2,
3010,thumb,1,0,124.416,124.564,delivered,4,
3011,hb,4,0,124.416,124.458,delivered,2,
3012,cmd,0,4,124.48,124.548,delivered,2,
3013,hb,5,0,124.544,124.586,delivered,1,
3014,hb,1,0,124.608,124.712,delivered,4,
3015,cmd,0,5,124.608,124.65,delivered,1,
3016,cmd,0,1,124.672,124.756,delivered,4,
3017,hb,2,0,124.736,124.799,delivered,3,
3018,thumb,2,0,124.8,124.909,delivered,3,
3019,cmd,0,2,124.8,124.911,delivered,3,
3020,hb,3,0,124.864,124.911,delivered,2,
3021,cmd,0,3,124.864,124.913,delivered,2,
3022,hb,4,0,124.928,124.97,delivered,2,
3023,cmd,0,4,124.992,125.034,delivered,2,
3024,hb,5,0,125.056,125.078,delivered,1,
3025,cmd,0,5,125.056,125.077,delivered,1,
3026,hb,1,0,125.12,125.215,delivered,4,
3027,thumb,3,0,125.12,125.193,delivered,2,
3028,cmd,0,1,125.184,125.268,delivered,4,
3029,hb,2,0,125.248,125.311,delivered,3,
3030,hb,3,0,125.312,125.354,delivered,2,
3031,cmd,0,2,125.312,125.376,delivered,3,
3032,cmd,0,3,125.376,125.418,delivered,2,
3033,hb,4,0,125.44,125.482,delivered,2,
3034,thumb,4,0,125.504,125.613,delivered,2,
3035,hb,5,0,125.504,125.541,delivered,1,
3036,cmd,0,4,125.504,125.578,delivered,2,
3037,cmd,0,5,125.568,125.589,delivered,1,
3038,hb,1,0,125.632,125.716,delivered,4,
3039,cmd,0,1,125.696,125.78,delivered,4,
3040,hb,2,0,125.76,125.825,delivered,3,
3041,cmd,0,2,125.76,125.824,delivered,3,
3042,hb,3,0,125.824,125.866,delivered,2,
3043,thumb,5,0,125.888,125.926,delivered,1,
3044,cmd,0,3,125.888,125.93,delivered,2,
3045,hb,4,0,125.952,125.994,delivered,2,
3046,cmd,0,4,125.952,125.995,delivered,2,
3047,hb,5,0,126.016,126.037,delivered,1,
3048,cmd,0,5,126.08,126.101,delivered,1,
3049,hb,1,0,126.144,126.248,delivered,4,
3050,hb,2,0,126.208,126.271,delivered,3,
3051,cmd,0,1,126.208,126.356,delivered,4,
3052,cmd,0,2,126.272,126.358,delivered,3,
3053,hb,3,0,126.336,126.378,delivered,2,
3054,thumb,1,0,126.4,126.548,delivered,4,
3055,cmd,0,3,126.4,126.442,delivered,2,
3056,hb,4,0,126.464,126.531,delivered,2,
3057,cmd,0,4,126.464,126.511,delivered,2,
3058,hb,5,0,126.528,126.549,delivered,1,
3059,cmd,0,5,126.592,126.613,delivered,1,
3060,hb,1,0,126.656,126.74,delivered,4,
3061,cmd,0,1,126.656,126.741,delivered,4,
3062,hb,2,0,126.72,126.784,delivered,3,
3063,thumb,2,0,126.784,126.893,delivered,3,
3064,cmd,0,2,126.784,126.895,delivered,3,
3065,hb,3,0,126.848,126.895,delivered,2,
3066,hb,4,0,126.912,126.954,delivered,2,
3067,cmd,0,3,126.912,126.976,delivered,2,
3068,cmd,0,4,126.976,127.018,delivered,2,
3069,hb,5,0,127.04,127.061,delivered,1,
3070,hb,1,0,127.104,127.188,delivered,4,
3071,cmd,0,5,127.104,127.125,delivered,1,
3072,thumb,3,0,127.168,127.248,delivered,2,
3073,cmd,0,1,127.168,127.252,delivered,4,
3074,hb,2,0,127.232,127.295,delivered,3,
3075,cmd,0,2,127.296,127.359,delivered,3,
3076,hb,3,0,127.36,127.402,delivered,2,
3077,cmd,0,3,127.36,127.403,delivered,2,
3078,hb,4,0,127.424,127.487,delivered,2,
3079,thumb,4,0,127.488,127.561,delivered,2,
3080,cmd,0,4,127.488,127.53,delivered,2,
3081,hb,5,0,127.552,127.574,delivered,1,
3082,cmd,0,5,127.552,127.573,delivered,1,
3083,hb,1,0,127.616,127.7,delivered,4,
3084,cmd,0,1,127.68,127.764,delivered,4,
3085,hb,2,0,127.744,127.828,delivered,3,
3086,hb,3,0,127.808,127.85,delivered,2,
3087,cmd,0,2,127.808,127.872,delivered,3,
3088,thumb,5,0,127.872,127.91,delivered,1,
3089,cmd,0,3,127.872,127.914,delivered,2,
3090,hb,4,0,127.936,127.978,delivered,2,
3091,cmd,0,4,128.0,128.084,delivered,2,
3092,hb,5,0,128.064,128.086,delivered,1,
3093,cmd,0,5,128.064,128.085,delivered,1,
3094,hb,1,0,128.128,128.212,delivered,4,
3095,cmd,0,1,128.192,128.276,delivered,4,
3096,hb,2,0,128.256,128.342,delivered,3,
3097,cmd,0,2,128.256,128.319,delivered,3,
3098,hb,3,0,128.32,128.362,delivered,2,
3099,thumb,1,0,128.384,128.532,delivered,4,
3100,cmd,0,3,128.384,128.426,delivered,2,
3101,hb,4,0,128.448,128.557,delivered,2,
3102,hb,5,0,128.512,128.534,delivered,1,
3103,cmd,0,4,128.512,128.558,delivered,2,
3104,cmd,0,5,128.576,128.597,delivered,1,
3105,hb,1,0,128.64,128.769,delivered,4,
3106,hb,2,0,128.704,128.77,delivered,3,
3107,cmd,0,1,128.704,128.789,delivered,4,
3108,thumb,2,0,128.768,128.884,delivered,3,
3109,cmd,0,2,128.768,128.831,delivered,3,
3110,hb,3,0,128.832,128.885,delivered,2,
3111,cmd,0,3,128.896,128.938,delivered,2,
3112,hb,4,0,128.96,129.002,delivered,2,
3113,cmd,0,4,128.96,129.045,delivered,2,
3114,hb,5,0,129.024,129.046,delivered,1,
3115,cmd,0,5,129.088,129.109,delivered,1,
3116,hb,1,0,129.152,129.236,delivered,4,
3117,thumb,3,0,129.152,129.231,delivered,2,
3118,cmd,0,1,129.152,129.253,delivered,4,
3119,hb,2,0,129.216,129.279,delivered,3,
3120,cmd,0,2,129.28,129.343,delivered,3,
3121,hb,3,0,129.344,129.386,delivered,2,
3122,hb,4,0,129.408,129.471,delivered,3,
3123,cmd,0,3,129.408,129.451,delivered,2,
3124,cmd,0,4,129.472,129.535,delivered,3,
3125,thumb,4,0,129.536,129.645,delivered,3,
3126,hb,5,0,129.536,129.557,delivered,1,
3127,cmd,0,5,129.6,129.621,delivered,1,
3128,hb,1,0,129.664,129.748,delivered,4,
3129,cmd,0,1,129.664,129.749,delivered,4,
3130,hb,2,0,129.728,129.792,delivered,3,
3131,cmd,0,2,129.792,129.855,delivered,3,
3132,hb,3,0,129.856,129.898,delivered,2,
3133,thumb,5,0,129.856,129.894,delivered,1,
3134,cmd,0,3,129.856,129.899,delivered,2,
3135,hb,4,0,129.92,130.004,delivered,3,
3136,cmd,0,4,129.984,130.047,delivered,3,
3137,hb,5,0,130.048,130.069,delivered,1,
3138,hb,1,0,130.112,130.196,delivered,4,
3139,cmd,0,5,130.112,130.133,delivered,1,
3140,cmd,0,1,130.176,130.281,delivered,4,
3141,hb,2,0,130.24,130.303,delivered,3,
3142,hb,3,0,130.304,130.367,delivered,2,
3143,cmd,0,2,130.304,130.389,delivered,3,
3144,cmd,0,3,130.368,130.431,delivered,2,
3145,thumb,1,0,130.432,130.581,delivered,4,
3146,hb,4,0,130.432,130.542,delivered,3,
3147,cmd,0,4,130.496,130.565,delivered,3,
3148,hb,5,0,130.56,130.583,delivered,1,
3149,cmd,0,5,130.56,130.582,delivered,1,
3150,hb,1,0,130.624,130.708,delivered,4,
3151,cmd,0,1,130.688,130.772,delivered,4,
3152,hb,2,0,130.752,130.817,delivered,3,
3153,thumb,2,0,130.752,130.87,delivered,3,
3154,cmd,0,2,130.752,130.816,delivered,3,
3155,hb,3,0,130.816,130.871,delivered,2,
3156,cmd,0,3,130.88,130.922,delivered,2,
3157,hb,4,0,130.944,131.007,delivered,3,
3158,hb,5,0,131.008,131.03,delivered,1,
3159,cmd,0,4,131.008,131.071,delivered,3,
3160,cmd,0,5,131.072,131.093,delivered,1,
3161,hb,1,0,131.136,131.231,delivered,4,
3162,thumb,3,0,131.136,131.209,delivered,2,
3163,cmd,0,1,131.2,131.284,delivered,4,
3164,hb,2,0,131.264,131.329,delivered,3,
3165,cmd,0,2,131.264,131.328,delivered,3,
3166,hb,3,0,131.328,131.37,delivered,2,
3167,cmd,0,3,131.392,131.434,delivered,2,
3168,hb,4,0,131.456,131.521,delivered,3,
3169,cmd,0,4,131.456,131.52,delivered,3,
3170,thumb,4,0,131.52,131.629,delivered,3,
3171,hb,5,0,131.52,131.541,delivered,1,
3172,cmd,0,5,131.584,131.605,delivered,1,
3173,hb,1,0,131.648,131.732,delivered,4,
3174,hb,2,0,131.712,131.777,delivered,3,
3175,cmd,0,1,131.712,131.797,delivered,4,
3176,cmd,0,2,131.776,131.839,delivered,3,
3177,hb,3,0,131.84,131.882,delivered,2,
3178,hb,4,0,131.904,131.967,delivered,3,
3179,thumb,5,0,131.904,131.942,delivered,1,
3180,cmd,0,3,131.904,131.947,delivered,2,
3181,cmd,0,4,131.968,132.031,delivered,3,
3182,hb,5,0,132.032,132.053,delivered,1,
3183,cmd,0,5,132.096,132.117,delivered,1,
3184,hb,1,0,132.16,132.244,delivered,4,
3185,cmd,0,1,132.16,132.245,delivered,4,
3186,hb,2,0,132.224,132.288,delivered,3,
3187,cmd,0,2,132.288,132.372,delivered,3,
3188,hb,3,0,132.352,132.395,delivered,2,
3189,cmd,0,3,132.352,132.394,delivered,2,
3190,thumb,1,0,132.416,132.565,delivered,4,
3191,hb,4,0,132.416,132.526,delivered,3,
3192,cmd,0,4,132.48,132.549,delivered,3,
3193,hb,5,0,132.544,132.566,delivered,1,
3194,hb,1,0,132.608,132.692,delivered,4,
3195,cmd,0,5,132.608,132.629,delivered,1,
3196,cmd,0,1,132.672,132.756,delivered,4,
3197,hb,2,0,132.736,132.799,delivered,3,
3198,thumb,2,0,132.8,132.935,delivered,3,
3199,cmd,0,2,132.8,132.916,delivered,3,
3200,hb,3,0,132.864,132.917,delivered,2,
3201,cmd,0,3,132.864,132.918,delivered,2,
3202,hb,4,0,132.928,132.991,delivered,3,
3203,cmd,0,4,132.992,133.055,delivered,3,
3204,hb,5,0,133.056,133.078,delivered,1,
3205,cmd,0,5,133.056,133.077,delivered,1,
3206,hb,1,0,133.12,133.215,delivered,4,
3207,thumb,3,0,133.12,133.193,delivered,2,
3208,cmd,0,1,133.184,133.268,delivered,4,
3209,hb,2,0,133.248,133.311,delivered,3,
3210,hb,3,0,133.312,133.354,delivered,2,
3211,cmd,0,2,133.312,133.376,delivered,3,
3212,cmd,0,3,133.376,133.418,delivered,2,
3213,hb,4,0,133.44,133.503,delivered,3,
3214,thumb,4,0,133.504,133.616,delivered,3,
3215,hb,5,0,133.504,133.526,delivered,1,
3216,cmd,0,4,133.504,133.599,delivered,3,
3217,cmd,0,5,133.568,133.589,delivered,1,
3218,hb,1,0,133.632,133.716,delivered,4,
3219,cmd,0,1,133.696,133.78,delivered,4,
3220,hb,2,0,133.76,133.825,delivered,3,
3221,cmd,0,2,133.76,133.845,delivered,3,
3222,hb,3,0,133.824,133.888,delivered,2,
3223,thumb,5,0,133.888,133.926,delivered,1,
3224,cmd,0,3,133.888,133.93,delivered,2,
3225,hb,4,0,133.952,134.017,delivered,3,
3226,cmd,0,4,133.952,134.037,delivered,3,
3227,hb,5,0,134.016,134.038,delivered,1,
3228,cmd,0,5,134.08,134.101,delivered,1,
3229,hb,1,0,134.144,134.228,delivered,4,
3230,hb,2,0,134.208,134.273,delivered,3,
3231,cmd,0,1,134.208,134.314,delivered,4,
3232,cmd,0,2,134.272,134.335,delivered,3,
3233,hb,3,0,134.336,134.378,delivered,2,
3234,thumb,1,0,134.4,134.549,delivered,4,
3235,cmd,0,3,134.4,134.442,delivered,2,
3236,hb,4,0,134.464,134.555,delivered,3,
3237,cmd,0,4,134.464,134.553,delivered,3,
3238,hb,5,0,134.528,134.554,delivered,1,
3239,cmd,0,5,134.592,134.613,delivered,1,
3240,hb,1,0,134.656,134.74,delivered,4,
3241,cmd,0,1,134.656,134.741,delivered,4,
3242,hb,2,0,134.72,134.784,delivered,3,
3243,thumb,2,0,134.784,134.918,delivered,3,
3244,cmd,0,2,134.784,134.9,delivered,3,
3245,hb,3,0,134.848,134.901,delivered,2,
3246,hb,4,0,134.912,134.975,delivered,3,
3247,cmd,0,3,134.912,134.955,delivered,2,
3248,cmd,0,4,134.976,135.039,delivered,3,
3249,hb,5,0,135.04,135.061,delivered,1,
3250,hb,1,0,135.104,135.208,delivered,4,
3251,cmd,0,5,135.104,135.125,delivered,1,
3252,thumb,3,0,135.168,135.248,delivered,2,
3253,cmd,0,1,135.168,135.252,delivered,4,
3254,hb,2,0,135.232,135.295,delivered,3,
3255,cmd,0,2,135.296,135.359,delivered,3,
3256,hb,3,0,135.36,135.402,delivered,2,
3257,cmd,0,3,135.36,135.403,delivered,2,
3258,hb,4,0,135.424,135.487,delivered,3,
3259,thumb,4,0,135.488,135.601,delivered,3,
3260,cmd,0,4,135.488,135.583,delivered,3,
3261,hb,5,0,135.552,135.584,delivered,1,
3262,cmd,0,5,135.552,135.573,delivered,1,
3263,hb,1,0,135.616,135.7,delivered,4,
3264,cmd,0,1,135.68,135.764,delivered,4,
3265,hb,2,0,135.744,135.807,delivered,3,
3266,hb,3,0,135.808,135.85,delivered,2,
3267,cmd,0,2,135.808,135.893,delivered,3,
3268,thumb,5,0,135.872,135.91,delivered,1,
3269,cmd,0,3,135.872,135.914,delivered,2,
3270,hb,4,0,135.936,135.999,delivered,3,
3271,cmd,0,4,136.0,136.063,delivered,3,
3272,hb,5,0,136.064,136.086,delivered,1,
3273,cmd,0,5,136.064,136.085,delivered,1,
3274,hb,1,0,136.128,136.212,delivered,4,
3275,cmd,0,1,136.192,136.276,delivered,4,
3276,hb,2,0,136.256,136.321,delivered,3,
3277,cmd,0,2,136.256,136.32,delivered,3,
3278,hb,3,0,136.32,136.362,delivered,2,
3279,thumb,1,0,136.384,136.532,delivered,4,
3280,cmd,0,3,136.384,136.426,delivered,2,
3281,hb,4,0,136.448,136.536,delivered,3,
3282,hb,5,0,136.512,136.534,delivered,1,
3283,cmd,0,4,136.512,136.575,delivered,3,
3284,cmd,0,5,136.576,136.597,delivered,1,
3285,hb,1,0,136.64,136.724,delivered,4,
3286,hb,2,0,136.704,136.769,delivered,3,
3287,cmd,0,1,136.704,136.789,delivered,4,
3288,thumb,2,0,136.768,136.884,delivered,3,
3289,cmd,0,2,136.768,136.831,delivered,3,
3290,hb,3,0,136.832,136.885,delivered,2,
3291,cmd,0,3,136.896,136.938,delivered,2,
3292,hb,4,0,136.96,137.025,delivered,3,
3293,cmd,0,4,136.96,137.024,delivered,3,
3294,hb,5,0,137.024,137.045,delivered,1,
3295,cmd,0,5,137.088,137.109,delivered,1,
3296,hb,1,0,137.152,137.236,delivered,4,
3297,thumb,3,0,137.152,137.231,delivered,2,
3298,cmd,0,1,137.152,137.253,delivered,4,
3299,hb,2,0,137.216,137.279,delivered,3,
3300,cmd,0,2,137.28,137.343,delivered,3,
3301,hb,3,0,137.344,137.386,delivered,2,
3302,hb,4,0,137.408,137.471,delivered,3,
3303,cmd,0,3,137.408,137.451,delivered,2,
3304,cmd,0,4,137.472,137.535,delivered,3,
3305,thumb,4,0,137.536,137.645,delivered,3,
3306,hb,5,0,137.536,137.557,delivered,1,
3307,cmd,0,5,137.6,137.621,delivered,1,
3308,hb,1,0,137.664,137.768,delivered,4,
3309,cmd,0,1,137.664,137.772,delivered,4,
3310,hb,2,0,137.728,137.812,delivered,3,
3311,cmd,0,2,137.792,137.856,delivered,3,
3312,hb,3,0,137.856,137.898,delivered,2,
3313,thumb,5,0,137.856,137.894,delivered,1,
3314,cmd,0,3,137.856,137.899,delivered,2,
3315,hb,4,0,137.92,137.983,delivered,3,
3316,cmd,0,4,137.984,138.047,delivered,3,
3317,hb,5,0,138.048,138.069,delivered,1,
3318,hb,1,0,138.112,138.196,delivered,4,
3319,cmd,0,5,138.112,138.154,delivered,1,
3320,cmd,0,1,138.176,138.26,delivered,4,
3321,hb,2,0,138.24,138.303,delivered,3,
3322,hb,3,0,138.304,138.346,delivered,2,
3323,cmd,0,2,138.304,138.389,delivered,3,
3324,cmd,0,3,138.368,138.41,delivered,2,
3325,thumb,1,0,138.432,138.581,delivered,4,
3326,hb,4,0,138.432,138.542,delivered,3,
3327,cmd,0,4,138.496,138.565,delivered,3,
3328,hb,5,0,138.56,138.583,delivered,1,
3329,cmd,0,5,138.56,138.582,delivered,1,
3330,hb,1,0,138.624,138.708,delivered,4,
3331,cmd,0,1,138.688,138.772,delivered,4,
3332,hb,2,0,138.752,138.87,delivered,3,
3333,thumb,2,0,138.752,138.887,delivered,3,
3334,cmd,0,2,138.752,138.815,delivered,3,
3335,hb,3,0,138.816,138.871,delivered,2,
3336,cmd,0,3,138.88,138.943,delivered,2,
3337,hb,4,0,138.944,139.007,delivered,3,
3338,hb,5,0,139.008,139.03,delivered,1,
3339,cmd,0,4,139.008,139.071,delivered,3,
3340,cmd,0,5,139.072,139.093,delivered,1,
3341,hb,1,0,139.136,139.231,delivered,4,
3342,thumb,3,0,139.136,139.209,delivered,2,
3343,cmd,0,1,139.2,139.284,delivered,4,
3344,hb,2,0,139.264,139.329,delivered,3,
3345,cmd,0,2,139.264,139.328,delivered,3,
3346,hb,3,0,139.328,139.37,delivered,2,
3347,cmd,0,3,139.392,139.434,delivered,2,
3348,hb,4,0,139.456,139.595,delivered,3,
3349,cmd,0,4,139.456,139.519,delivered,3,
3350,thumb,4,0,139.52,139.631,delivered,3,
3351,hb,5,0,139.52,139.542,delivered,1,
3352,cmd,0,5,139.584,139.605,delivered,1,
3353,hb,1,0,139.648,139.752,delivered,4,
3354,hb,2,0,139.712,139.777,delivered,3,
3355,cmd,0,1,139.712,139.797,delivered,4,
3356,cmd,0,2,139.776,139.839,delivered,3,
3357,hb,3,0,139.84,139.882,delivered,2,
3358,hb,4,0,139.904,139.967,delivered,3,
3359,thumb,5,0,139.904,139.942,delivered,1,
3360,cmd,0,3,139.904,139.947,delivered,2,
3361,cmd,0,4,139.968,140.031,delivered,3,
3362,hb,5,0,140.032,140.053,delivered,1,
3363,cmd,0,5,140.096,140.117,delivered,1,
3364,hb,1,0,140.16,140.244,delivered,4,
3365,cmd,0,1,140.16,140.245,delivered,4,
3366,hb,2,0,140.224,140.288,delivered,3,
3367,cmd,0,2,140.288,140.351,delivered,3,
3368,hb,3,0,140.352,140.394,delivered,2,
3369,cmd,0,3,140.352,140.395,delivered,2,
3370,thumb,1,0,140.416,140.603,delivered,4,
3371,hb,4,0,140.416,140.526,delivered,3,
3372,cmd,0,4,140.48,140.549,delivered,3,
3373,hb,5,0,140.544,140.587,delivered,1,
3374,hb,1,0,140.608,140.692,delivered,4,
3375,cmd,0,5,140.608,140.65,delivered,1,
3376,cmd,0,1,140.672,140.756,delivered,4,
3377,hb,2,0,140.736,140.799,delivered,3,
3378,thumb,2,0,140.8,140.946,delivered,3,
3379,cmd,0,2,140.8,140.911,delivered,3,
3380,hb,3,0,140.864,140.911,delivered,2,
3381,cmd,0,3,140.864,140.913,delivered,2,
3382,hb,4,0,140.928,140.991,delivered,3,
3383,cmd,0,4,140.992,141.055,delivered,3,
3384,hb,5,0,141.056,141.078,delivered,1,
3385,cmd,0,5,141.056,141.077,delivered,1,
3386,hb,1,0,141.12,141.215,delivered,4,
3387,thumb,3,0,141.12,141.193,delivered,2,
3388,cmd,0,1,141.184,141.268,delivered,4,
3389,hb,2,0,141.248,141.311,delivered,3,
3390,hb,3,0,141.312,141.354,delivered,2,
3391,cmd,0,2,141.312,141.376,delivered,3,
3392,cmd,0,3,141.376,141.418,delivered,2,
3393,hb,4,0,141.44,141.503,delivered,3,
3394,thumb,4,0,141.504,141.652,delivered,3,
3395,hb,5,0,141.504,141.526,delivered,1,
3396,cmd,0,4,141.504,141.599,delivered,3,
3397,cmd,0,5,141.568,141.589,delivered,1,
3398,hb,1,0,141.632,141.716,delivered,4,
3399,cmd,0,1,141.696,141.78,delivered,4,
3400,hb,2,0,141.76,141.825,delivered,3,
3401,cmd,0,2,141.76,141.824,delivered,3,
3402,hb,3,0,141.824,141.887,delivered,2,
3403,thumb,5,0,141.888,141.926,delivered,1,
3404,cmd,0,3,141.888,141.951,delivered,2,
3405,hb,4,0,141.952,142.017,delivered,3,
3406,cmd,0,4,141.952,142.016,delivered,3,
3407,hb,5,0,142.016,142.037,delivered,1,
3408,cmd,0,5,142.08,142.101,delivered,1,
3409,hb,1,0,142.144,142.228,delivered,4,
3410,hb,2,0,142.208,142.273,delivered,3,
3411,cmd,0,1,142.208,142.293,delivered,4,
3412,cmd,0,2,142.272,142.335,delivered,3,
3413,hb,3,0,142.336,142.378,delivered,2,
3414,thumb,1,0,142.4,142.585,delivered,4,
3415,cmd,0,3,142.4,142.442,delivered,2,
3416,hb,4,0,142.464,142.555,delivered,3,
3417,cmd,0,4,142.464,142.553,delivered,3,
3418,hb,5,0,142.528,142.554,delivered,1,
3419,cmd,0,5,142.592,142.613,delivered,1,
3420,hb,1,0,142.656,142.74,delivered,4,
3421,cmd,0,1,142.656,142.741,delivered,4,
3422,hb,2,0,142.72,142.784,delivered,3,
3423,thumb,2,0,142.784,142.893,delivered,3,
3424,cmd,0,2,142.784,142.916,delivered,3,
3425,hb,3,0,142.848,142.895,delivered,2,
3426,hb,4,0,142.912,142.977,delivered,3,
3427,cmd,0,3,142.912,142.976,delivered,2,
3428,cmd,0,4,142.976,143.039,delivered,3,
3429,hb,5,0,143.04,143.061,delivered,1,
3430,hb,1,0,143.104,143.188,delivered,4,
3431,cmd,0,5,143.104,143.125,delivered,1,
3432,thumb,3,0,143.168,143.248,delivered,2,
3433,cmd,0,1,143.168,143.252,delivered,4,
3434,hb,2,0,143.232,143.295,delivered,3,
3435,cmd,0,2,143.296,143.359,delivered,3,
3436,hb,3,0,143.36,143.402,delivered,2,
3437,cmd,0,3,143.36,143.403,delivered,2,
3438,hb,4,0,143.424,143.487,delivered,3,
3439,thumb,4,0,143.488,143.621,delivered,3,
3440,cmd,0,4,143.488,143.583,delivered,3,
3441,hb,5,0,143.552,143.605,delivered,1,
3442,cmd,0,5,143.552,143.573,delivered,1,
3443,hb,1,0,143.616,143.7,delivered,4,
3444,cmd,0,1,143.68,143.764,delivered,4,
3445,hb,2,0,143.744,143.807,delivered,3,
3446,hb,3,0,143.808,143.85,delivered,2,
3447,cmd,0,2,143.808,143.872,delivered,3,
3448,thumb,5,0,143.872,143.91,delivered,1,
3449,cmd,0,3,143.872,143.914,delivered,2,
3450,hb,4,0,143.936,144.02,delivered,3,
3451,cmd,0,4,144.0,144.084,delivered,3,
3452,hb,5,0,144.064,144.086,delivered,1,
3453,cmd,0,5,144.064,144.085,delivered,1,
3454,hb,1,0,144.128,144.212,delivered,4,
3455,cmd,0,1,144.192,144.276,delivered,4,
3456,hb,2,0,144.256,144.342,delivered,3,
3457,cmd,0,2,144.256,144.32,delivered,3,
3458,hb,3,0,144.32,144.362,delivered,2,
3459,thumb,1,0,144.384,144.532,delivered,4,
3460,cmd,0,3,144.384,144.426,delivered,2,
3461,hb,4,0,144.448,144.536,delivered,3,
3462,hb,5,0,144.512,144.534,delivered,1,
3463,cmd,0,4,144.512,144.575,delivered,3,
3464,cmd,0,5,144.576,144.597,delivered,1,
3465,hb,1,0,144.64,144.724,delivered,4,
3466,hb,2,0,144.704,144.769,delivered,3,
3467,cmd,0,1,144.704,144.827,delivered,4,
3468,thumb,2,0,144.768,144.916,delivered,3,
3469,cmd,0,2,144.768,144.844,delivered,3,
3470,hb,3,0,144.832,144.881,delivered,2,
3471,cmd,0,3,144.896,144.938,delivered,2,
3472,hb,4,0,144.96,145.025,delivered,3,
3473,cmd,0,4,144.96,145.024,delivered,3,
3474,hb,5,0,145.024,145.045,delivered,1,
3475,cmd,0,5,145.088,145.109,delivered,1,
3476,hb,1,0,145.152,145.236,delivered,4,
3477,thumb,3,0,145.152,145.231,delivered,2,
3478,cmd,0,1,145.152,145.253,delivered,4,
3479,hb,2,0,145.216,145.279,delivered,3,
3480,cmd,0,2,145.28,145.343,delivered,3,
3481,hb,3,0,145.344,145.407,delivered,2,
3482,hb,4,0,145.408,145.471,delivered,3,
3483,cmd,0,3,145.408,145.472,delivered,2,
3484,cmd,0,4,145.472,145.556,delivered,3,
3485,thumb,4,0,145.536,145.646,delivered,3,
3486,hb,5,0,145.536,145.557,delivered,1,
3487,cmd,0,5,145.6,145.621,delivered,1,
3488,hb,1,0,145.664,145.772,delivered,4,
3489,cmd,0,1,145.664,145.749,delivered,4,
3490,hb,2,0,145.728,145.812,delivered,3,
3491,cmd,0,2,145.792,145.856,delivered,3,
3492,hb,3,0,145.856,145.898,delivered,2,
3493,thumb,5,0,145.856,145.894,delivered,1,
3494,cmd,0,3,145.856,145.899,delivered,2,
3495,hb,4,0,145.92,145.983,delivered,3,
3496,cmd,0,4,145.984,146.047,delivered,3,
3497,hb,5,0,146.048,146.069,delivered,1,
3498,hb,1,0,146.112,146.196,delivered,4,
3499,cmd,0,5,146.112,146.133,delivered,1,
3500,cmd,0,1,146.176,146.26,delivered,4,
3501,hb,2,0,146.24,146.303,delivered,3,
3502,hb,3,0,146.304,146.346,delivered,2,
3503,cmd,0,2,146.304,146.368,delivered,3,
3504,cmd,0,3,146.368,146.41,delivered,2,
3505,thumb,1,0,146.432,146.581,delivered,4,
3506,hb,4,0,146.432,146.542,delivered,3,
3507,cmd,0,4,146.496,146.565,delivered,3,
3508,hb,5,0,146.56,146.583,delivered,1,
3509,cmd,0,5,146.56,146.582,delivered,1,
3510,hb,1,0,146.624,146.708,delivered,4,
3511,cmd,0,1,146.688,146.772,delivered,4,
3512,hb,2,0,146.752,146.817,delivered,3,
3513,thumb,2,0,146.752,146.87,delivered,3,
3514,cmd,0,2,146.752,146.816,delivered,3,
3515,hb,3,0,146.816,146.871,delivered,2,
3516,cmd,0,3,146.88,146.922,delivered,2,
3517,hb,4,0,146.944,147.007,delivered,3,
3518,hb,5,0,147.008,147.072,delivered,1,
3519,cmd,0,4,147.008,147.094,delivered,3,
3520,cmd,0,5,147.072,147.114,delivered,1,
3521,hb,1,0,147.136,147.231,delivered,4,
3522,thumb,3,0,147.136,147.209,delivered,2,
3523,cmd,0,1,147.2,147.284,delivered,4,
3524,hb,2,0,147.264,147.329,delivered,3,
3525,cmd,0,2,147.264,147.328,delivered,3,
3526,hb,3,0,147.328,147.37,delivered,2,
3527,cmd,0,3,147.392,147.434,delivered,2,
3528,hb,4,0,147.456,147.521,delivered,3,
3529,cmd,0,4,147.456,147.541,delivered,3,
3530,thumb,4,0,147.52,147.631,delivered,3,
3531,hb,5,0,147.52,147.542,delivered,1,
3532,cmd,0,5,147.584,147.605,delivered,1,
3533,hb,1,0,147.648,147.732,delivered,4,
3534,hb,2,0,147.712,147.777,delivered,3,
3535,cmd,0,1,147.712,147.797,delivered,4,
3536,cmd,0,2,147.776,147.839,delivered,3,
3537,hb,3,0,147.84,147.882,delivered,2,
3538,hb,4,0,147.904,147.967,delivered,3,
3539,thumb,5,0,147.904,147.942,delivered,1,
3540,cmd,0,3,147.904,147.947,delivered,2,
3541,cmd,0,4,147.968,148.031,delivered,3,
3542,hb,5,0,148.032,148.053,delivered,1,
3543,cmd,0,5,148.096,148.138,delivered,1,
3544,hb,1,0,148.16,148.244,delivered,4,
3545,cmd,0,1,148.16,148.245,delivered,4,
3546,hb,2,0,148.224,148.288,delivered,3,
3547,cmd,0,2,148.288,148.351,delivered,3,
3548,hb,3,0,148.352,148.394,delivered,2,
3549,cmd,0,3,148.352,148.395,delivered,2,
3550,thumb,1,0,148.416,148.565,delivered,4,
3551,hb,4,0,148.416,148.526,delivered,3,
3552,cmd,0,4,148.48,148.549,delivered,3,
3553,hb,5,0,148.544,148.566,delivered,1,
3554,hb,1,0,148.608,148.692,delivered,4,
3555,cmd,0,5,148.608,148.629,delivered,1,
3556,cmd,0,1,148.672,148.756,delivered,4,
3557,hb,2,0,148.736,148.82,delivered,3,
3558,thumb,2,0,148.8,148.909,delivered,3,
3559,cmd,0,2,148.8,148.911,delivered,3,
3560,hb,3,0,148.864,148.911,delivered,2,
3561,cmd,0,3,148.864,148.913,delivered,2,
3562,hb,4,0,148.928,148.991,delivered,3,
3563,cmd,0,4,148.992,149.055,delivered,3,
3564,hb,5,0,149.056,149.078,delivered,1,
3565,cmd,0,5,149.056,149.077,delivered,1,
3566,hb,1,0,149.12,149.224,delivered,4,
3567,thumb,3,0,149.12,149.193,delivered,2,
3568,cmd,0,1,149.184,149.268,delivered,4,
3569,hb,2,0,149.248,149.311,delivered,3,
3570,hb,3,0,149.312,149.354,delivered,2,
3571,cmd,0,2,149.312,149.376,delivered,3,
3572,cmd,0,3,149.376,149.418,delivered,2,
3573,hb,4,0,149.44,149.503,delivered,3,
3574,thumb,4,0,149.504,149.637,delivered,3,
3575,hb,5,0,149.504,149.526,delivered,1,
3576,cmd,0,4,149.504,149.62,delivered,3,
3577,cmd,0,5,149.568,149.589,delivered,1,
3578,hb,1,0,149.632,149.736,delivered,4,
3579,cmd,0,1,149.696,149.78,delivered,4,
3580,hb,2,0,149.76,149.825,delivered,3,
3581,cmd,0,2,149.76,149.867,delivered,3,
3582,hb,3,0,149.824,149.888,delivered,2,
3583,thumb,5,0,149.888,149.926,delivered,1,
3584,cmd,0,3,149.888,149.93,delivered,2,
3585,hb,4,0,149.952,,expired,0,
3586,cmd,0,4,149.952,,expired,0,
3587,hb,5,0,150.016,,dropped_radio_down,0,
3588,cmd,0,5,150.08,,expired,0,
3589,hb,1,0,150.144,,expired,0,
3590,hb,2,0,150.208,,expired,0,
3591,cmd,0,1,150.208,,expired,0,
3592,cmd,0,2,150.272,,expired,0,
3593,hb,3,0,150.336,,expired,0,
3594,thumb,1,0,150.4,,expired,0,
3595,cmd,0,3,150.4,,expired,0,
3596,hb,4,0,150.464,,expired,0,
3597,cmd,0,4,150.464,,expired,0,
3598,hb,5,0,150.528,,dropped_radio_down,0,
3599,cmd,0,5,150.592,,expired,0,
3600,hb,1,0,150.656,,expired,0,
3601,cmd,0,1,150.656,,expired,0,
3602,hb,2,0,150.72,,expired,0,
3603,thumb,2,0,150.784,,expired,0,
3604,cmd,0,2,150.784,,expired,0,
3605,hb,3,0,150.848,,expired,0,
3606,hb,4,0,150.912,,expired,0,
3607,cmd,0,3,150.912,,expired,0,
3608,cmd,0,4,150.976,,expired,0,
3609,hb,5,0,151.04,,dropped_radio_down,0,
3610,hb,1,0,151.104,,expired,0,
3611,cmd,0,5,151.104,,expired,0,
3612,thumb,3,0,151.168,,expired,0,
3613,cmd,0,1,151.168,,expired,0,
3614,hb,2,0,151.232,,expired,0,
3615,cmd,0,2,151.296,,expired,0,
3616,hb,3,0,151.36,,expired,0,
3617,cmd,0,3,151.36,,expired,0,
3618,hb,4,0,151.424,,expired,0,
3619,thumb,4,0,151.488,,expired,0,
3620,cmd,0,4,151.488,,expired,0,
3621,hb,5,0,151.552,,dropped_radio_down,0,
3622,cmd,0,5,151.552,,expired,0,
3623,hb,1,0,151.616,,expired,0,
3624,cmd,0,1,151.68,,expired,0,
3625,hb,2,0,151.744,,expired,0,
3626,hb,3,0,151.808,,expired,0,
3627,cmd,0,2,151.808,,expired,0,
3628,thumb,5,0,151.872,,dropped_radio_down,0,
3629,cmd,0,3,151.872,,expired,0,
3630,hb,4,0,151.936,,expired,0,
3631,cmd,0,4,152.0,,expired,0,
3632,hb,5,0,152.064,,dropped_radio_down,0,
3633,cmd,0,5,152.064,,expired,0,
3634,hb,1,0,152.128,,expired,0,
3635,cmd,0,1,152.192,,expired,0,
3636,hb,2,0,152.256,,expired,0,
3637,cmd,0,2,152.256,,expired,0,
3638,hb,3,0,152.32,,expired,0,
3639,thumb,1,0,152.384,,expired,0,
3640,cmd,0,3,152.384,,expired,0,
3641,hb,4,0,152.448,,expired,0,
3642,hb,5,0,152.512,,dropped_radio_down,0,
3643,cmd,0,4,152.512,,expired,0,
3644,cmd,0,5,152.576,,expired,0,
3645,hb,1,0,152.64,,expired,0,
3646,hb,2,0,152.704,,expired,0,
3647,cmd,0,1,152.704,,expired,0,
3648,thumb,2,0,152.768,,expired,0,
3649,cmd,0,2,152.768,,expired,0,
3650,hb,3,0,152.832,,expired,0,
3651,cmd,0,3,152.896,,expired,0,
3652,hb,4,0,152.96,,expired,0,
3653,cmd,0,4,152.96,,expired,0,
3654,hb,5,0,153.024,,dropped_radio_down,0,
3655,cmd,0,5,153.088,,expired,0,
3656,hb,1,0,153.152,,expired,0,
3657,thumb,3,0,153.152,,expired,0,
3658,cmd,0,1,153.152,,expired,0,
3659,hb,2,0,153.216,,expired,0,
3660,cmd,0,2,153.28,,expired,0,
3661,hb,3,0,153.344,,expired,0,
3662,hb,4,0,153.408,,expired,0,
3663,cmd,0,3,153.408,,expired,0,
3664,cmd,0,4,153.472,,expired,0,
3665,thumb,4,0,153.536,,expired,0,
3666,hb,5,0,153.536,,dropped_radio_down,0,
3667,cmd,0,5,153.6,,expired,0,
3668,hb,1,0,153.664,,expired,0,
3669,cmd,0,1,153.664,,expired,0,
3670,hb,2,0,153.728,,expired,0,
3671,cmd,0,2,153.792,,expired,0,
3672,hb,3,0,153.856,,expired,0,
3673,thumb,5,0,153.856,,dropped_radio_down,0,
3674,cmd,0,3,153.856,,expired,0,
3675,hb,4,0,153.92,,expired,0,
3676,cmd,0,4,153.984,,expired,0,
3677,hb,5,0,154.048,,dropped_radio_down,0,
3678,hb,1,0,154.112,,expired,0,
3679,cmd,0,5,154.112,,expired,0,
3680,cmd,0,1,154.176,,expired,0,
3681,hb,2,0,154.24,,expired,0,
3682,hb,3,0,154.304,,expired,0,
3683,cmd,0,2,154.304,,expired,0,
3684,cmd,0,3,154.368,,expired,0,
3685,thumb,1,0,154.432,,expired,0,
3686,hb,4,0,154.432,,expired,0,
3687,cmd,0,4,154.496,,expired,0,
3688,hb,5,0,154.56,,dropped_radio_down,0,
3689,cmd,0,5,154.56,,expired,0,
3690,hb,1,0,154.624,,expired,0,
3691,cmd,0,1,154.688,,expired,0,
3692,hb,2,0,154.752,,expired,0,
3693,thumb,2,0,154.752,,expired,0,
3694,cmd,0,2,154.752,,expired,0,
3695,hb,3,0,154.816,,expired,0,
3696,cmd,0,3,154.88,,expired,0,
3697,hb,4,0,154.944,,expired,0,
3698,hb,5,0,155.008,,dropped_radio_down,0,
3699,cmd,0,4,155.008,,expired,0,
3700,cmd,0,5,155.072,,expired,0,
3701,hb,1,0,155.136,,expired,0,
3702,thumb,3,0,155.136,,expired,0,
3703,cmd,0,1,155.2,,expired,0,
3704,hb,2,0,155.264,,expired,0,
3705,cmd,0,2,155.264,,expired,0,
3706,hb,3,0,155.328,,expired,0,
3707,cmd,0,3,155.392,,expired,0,
3708,hb,4,0,155.456,,expired,0,
3709,cmd,0,4,155.456,,expired,0,
3710,thumb,4,0,155.52,,expired,0,
3711,hb,5,0,155.52,,dropped_radio_down,0,
3712,cmd,0,5,155.584,,expired,0,
3713,hb,1,0,155.648,,expired,0,
3714,hb,2,0,155.712,,expired,0,
3715,cmd,0,1,155.712,,expired,0,
3716,cmd,0,2,155.776,,expired,0,
3717,hb,3,0,155.84,,expired,0,
3718,hb,4,0,155.904,,expired,0,
3719,thumb,5,0,155.904,,dropped_radio_down,0,
3720,cmd,0,3,155.904,,expired,0,
3721,cmd,0,4,155.968,,expired,0,
3722,hb,5,0,156.032,,dropped_radio_down,0,
3723,cmd,0,5,156.096,,expired,0,
3724,hb,1,0,156.16,,expired,0,
3725,cmd,0,1,156.16,,expired,0,
3726,hb,2,0,156.224,,expired,0,
3727,cmd,0,2,156.288,,expired,0,
3728,hb,3,0,156.352,,expired,0,
3729,cmd,0,3,156.352,,expired,0,
3730,thumb,1,0,156.416,,expired,0,
3731,hb,4,0,156.416,,expired,0,
3732,cmd,0,4,156.48,,expired,0,
3733,hb,5,0,156.544,,dropped_radio_down,0,
3734,hb,1,0,156.608,,expired,0,
3735,cmd,0,5,156.608,,expired,0,
3736,cmd,0,1,156.672,,expired,0,
3737,hb,2,0,156.736,,expired,0,
3738,thumb,2,0,156.8,,expired,0,
3739,cmd,0,2,156.8,,expired,0,
3740,hb,3,0,156.864,,expired,0,
3741,cmd,0,3,156.864,,expired,0,
3742,hb,4,0,156.928,,expired,0,
3743,cmd,0,4,156.992,,expired,0,
3744,hb,5,0,157.056,,dropped_radio_down,0,
3745,cmd,0,5,157.056,,expired,0,
3746,hb,1,0,157.12,,expired,0,
3747,thumb,3,0,157.12,,expired,0,
3748,cmd,0,1,157.184,,expired,0,
3749,hb,2,0,157.248,,expired,0,
3750,hb,3,0,157.312,,expired,0,
3751,cmd,0,2,157.312,,expired,0,
3752,cmd,0,3,157.376,,expired,0,
3753,hb,4,0,157.44,,expired,0,
3754,thumb,4,0,157.504,,expired,0,
3755,hb,5,0,157.504,,dropped_radio_down,0,
3756,cmd,0,4,157.504,,expired,0,
3757,cmd,0,5,157.568,,expired,0,
3758,hb,1,0,157.632,,expired,0,
3759,cmd,0,1,157.696,,expired,0,
3760,hb,2,0,157.76,,expired,0,
3761,cmd,0,2,157.76,,expired,0,
3762,hb,3,0,157.824,,expired,0,
3763,thumb,5,0,157.888,,dropped_radio_down,0,
3764,cmd,0,3,157.888,,expired,0,
3765,hb,4,0,157.952,,expired,0,
3766,cmd,0,4,157.952,,expired,0,
3767,hb,5,0,158.016,,dropped_radio_down,0,
3768,cmd,0,5,158.08,,expired,0,
3769,hb,1,0,158.144,,expired,0,
3770,hb,2,0,158.208,,expired,0,
3771,cmd,0,1,158.208,,expired,0,
3772,cmd,0,2,158.272,,expired,0,
3773,hb,3,0,158.336,,expired,0,
3774,thumb,1,0,158.4,,expired,0,
3775,cmd,0,3,158.4,,expired,0,
3776,hb,4,0,158.464,,expired,0,
3777,cmd,0,4,158.464,,expired,0,
3778,hb,5,0,158.528,,dropped_radio_down,0,
3779,cmd,0,5,158.592,,expired,0,
3780,hb,1,0,158.656,,expired,0,
3781,cmd,0,1,158.656,,expired,0,
3782,hb,2,0,158.72,,expired,0,
3783,thumb,2,0,158.784,,expired,0,
3784,cmd,0,2,158.784,,expired,0,
3785,hb,3,0,158.848,,expired,0,
3786,hb,4,0,158.912,,expired,0,
3787,cmd,0,3,158.912,,expired,0,
3788,cmd,0,4,158.976,,expired,0,
3789,hb,5,0,159.04,,dropped_radio_down,0,
3790,hb,1,0,159.104,,expired,0,
3791,cmd,0,5,159.104,,expired,0,
3792,thumb,3,0,159.168,,expired,0,
3793,cmd,0,1,159.168,,expired,0,
3794,hb,2,0,159.232,,expired,0,
3795,cmd,0,2,159.296,,expired,0,
3796,hb,3,0,159.36,,expired,0,
3797,cmd,0,3,159.36,,expired,0,
3798,hb,4,0,159.424,,expired,0,
3799,thumb,4,0,159.488,,expired,0,
3800,cmd,0,4,159.488,,expired,0,
3801,hb,5,0,159.552,,dropped_radio_down,0,
3802,cmd,0,5,159.552,,expired,0,
3803,hb,1,0,159.616,,expired,0,
3804,cmd,0,1,159.68,,expired,0,
3805,hb,2,0,159.744,,expired,0,
3806,hb,3,0,159.808,,expired,0,
3807,cmd,0,2,159.808,,expired,0,
3808,thumb,5,0,159.872,,dropped_radio_down,0,
3809,cmd,0,3,159.872,,expired,0,
3810,hb,4,0,159.936,,expired,0,
3811,cmd,0,4,160.0,,expired,0,
3812,hb,5,0,160.064,,dropped_radio_down,0,
3813,cmd,0,5,160.064,,expired,0,
3814,hb,1,0,160.128,,expired,0,
3815,cmd,0,1,160.192,,expired,0,
3816,hb,2,0,160.256,,expired,0,
3817,cmd,0,2,160.256,,expired,0,
3818,hb,3,0,160.32,,expired,0,
3819,thumb,1,0,160.384,,expired,0,
3820,cmd,0,3,160.384,,expired,0,
3821,hb,4,0,160.448,,expired,0,
3822,hb,5,0,160.512,,dropped_radio_down,0,
3823,cmd,0,4,160.512,,expired,0,
3824,cmd,0,5,160.576,,expired,0,
3825,hb,1,0,160.64,,expired,0,
3826,hb,2,0,160.704,,expired,0,
3827,cmd,0,1,160.704,,expired,0,
3828,thumb,2,0,160.768,,expired,0,
3829,cmd,0,2,160.768,,expired,0,
3830,hb,3,0,160.832,,expired,0,
3831,cmd,0,3,160.896,,expired,0,
3832,hb,4,0,160.96,,expired,0,
3833,cmd,0,4,160.96,,expired,0,
3834,hb,5,0,161.024,,dropped_radio_down,0,
3835,cmd,0,5,161.088,,expired,0,
3836,hb,1,0,161.152,,expired,0,
3837,thumb,3,0,161.152,,expired,0,
3838,cmd,0,1,161.152,,expired,0,
3839,hb,2,0,161.216,,expired,0,
3840,cmd,0,2,161.28,,expired,0,
3841,hb,3,0,161.344,,expired,0,
3842,hb,4,0,161.408,,expired,0,
3843,cmd,0,3,161.408,,expired,0,
3844,cmd,0,4,161.472,,expired,0,
3845,thumb,4,0,161.536,,expired,0,
3846,hb,5,0,161.536,,dropped_radio_down,0,
3847,cmd,0,5,161.6,,expired,0,
3848,hb,1,0,161.664,,expired,0,
3849,cmd,0,1,161.664,,expired,0,
3850,hb,2,0,161.728,,expired,0,
3851,cmd,0,2,161.792,,expired,0,
3852,hb,3,0,161.856,,expired,0,
3853,thumb,5,0,161.856,,dropped_radio_down,0,
3854,cmd,0,3,161.856,,expired,0,
3855,hb,4,0,161.92,,expired,0,
3856,cmd,0,4,161.984,,expired,0,
3857,hb,5,0,162.048,,dropped_radio_down,0,
3858,hb,1,0,162.112,,expired,0,
3859,cmd,0,5,162.112,,expired,0,
3860,cmd,0,1,162.176,,expired,0,
3861,hb,2,0,162.24,,expired,0,
3862,hb,3,0,162.304,,expired,0,
3863,cmd,0,2,162.304,,expired,0,
3864,cmd,0,3,162.368,,expired,0,
3865,thumb,1,0,162.432,,expired,0,
3866,hb,4,0,162.432,,expired,0,
3867,cmd,0,4,162.496,,expired,0,
3868,hb,5,0,162.56,,dropped_radio_down,0,
3869,cmd,0,5,162.56,,expired,0,
3870,hb,1,0,162.624,,expired,0,
3871,cmd,0,1,162.688,,expired,0,
3872,hb,2,0,162.752,,expired,0,
3873,thumb,2,0,162.752,,expired,0,
3874,cmd,0,2,162.752,,expired,0,
3875,hb,3,0,162.816,,expired,0,
3876,cmd,0,3,162.88,,expired,0,
3877,hb,4,0,162.944,,expired,0,
3878,hb,5,0,163.008,,dropped_radio_down,0,
3879,cmd,0,4,163.008,,expired,0,
3880,cmd,0,5,163.072,,expired,0,
3881,hb,1,0,163.136,,expired,2,
3882,thumb,3,0,163.136,,expired,0,
3883,cmd,0,1,163.2,165.167,delivered,3,
3884,hb,2,0,163.264,165.128,delivered,2,
3885,cmd,0,2,163.264,165.16,delivered,2,
3886,hb,3,0,163.328,165.079,delivered,1,
3887,cmd,0,3,163.392,165.082,delivered,1,
3888,hb,4,0,163.456,165.164,delivered,2,
3889,cmd,0,4,163.456,165.184,delivered,2,
3890,thumb,4,0,163.52,165.394,delivered,2,
3891,hb,5,0,163.52,,dropped_radio_down,0,
3892,cmd,0,5,163.584,,expired,0,
3893,hb,1,0,163.648,165.269,delivered,3,
3894,hb,2,0,163.712,165.166,delivered,2,
3895,cmd,0,1,163.712,165.263,delivered,3,
3896,cmd,0,2,163.776,165.292,delivered,2,
3897,hb,3,0,163.84,165.081,delivered,1,
3898,hb,4,0,163.904,165.168,delivered,2,
3899,thumb,5,0,163.904,,dropped_radio_down,0,
3900,cmd,0,3,163.904,165.167,delivered,1,
3901,cmd,0,4,163.968,165.291,delivered,2,
3902,hb,5,0,164.032,,dropped_radio_down,0,
3903,cmd,0,5,164.096,,expired,0,
3904,hb,1,0,164.16,165.289,delivered,3,
3905,cmd,0,1,164.16,165.286,delivered,3,
3906,hb,2,0,164.224,165.201,delivered,2,
3907,cmd,0,2,164.288,165.266,delivered,2,
3908,hb,3,0,164.352,165.102,delivered,1,
3909,cmd,0,3,164.352,165.135,delivered,1,
3910,thumb,1,0,164.416,165.428,delivered,3,
3911,hb,4,0,164.416,165.239,delivered,2,
3912,cmd,0,4,164.48,165.287,delivered,2,
3913,hb,5,0,164.544,,dropped_radio_down,0,
3914,hb,1,0,164.608,165.29,delivered,3,
3915,cmd,0,5,164.608,,expired,0,
3916,cmd,0,1,164.672,165.288,delivered,3,
3917,hb,2,0,164.736,165.24,delivered,2,
3918,thumb,2,0,164.8,165.41,delivered,2,
3919,cmd,0,2,164.8,165.271,delivered,2,
3920,hb,3,0,164.864,165.105,delivered,1,
3921,cmd,0,3,164.864,165.139,delivered,1,
3922,hb,4,0,164.928,165.241,delivered,2,
3923,cmd,0,4,164.992,165.268,delivered,2,
3924,hb,5,0,165.056,,dropped_radio_down,0,
3925,cmd,0,5,165.056,,expired,0,
3926,hb,1,0,165.12,165.293,delivered,3,
3927,thumb,3,0,165.12,165.332,delivered,1,
3928,cmd,0,1,165.184,165.315,delivered,3,
3929,hb,2,0,165.248,165.337,delivered,2,
3930,hb,3,0,165.312,165.376,delivered,1,
3931,cmd,0,2,165.312,165.377,delivered,2,
3932,cmd,0,3,165.376,165.412,delivered,1,
3933,hb,4,0,165.44,165.482,delivered,2,
3934,thumb,4,0,165.504,165.577,delivered,2,
3935,hb,5,0,165.504,,dropped_radio_down,0,
3936,cmd,0,4,165.504,165.546,delivered,2,
3937,cmd,0,5,165.568,,expired,0,
3938,hb,1,0,165.632,165.695,delivered,3,
3939,cmd,0,1,165.696,165.759,delivered,3,
3940,hb,2,0,165.76,165.845,delivered,2,
3941,cmd,0,2,165.76,165.844,delivered,2,
3942,hb,3,0,165.824,165.846,delivered,1,
3943,thumb,5,0,165.888,,dropped_radio_down,0,
3944,cmd,0,3,165.888,165.93,delivered,1,
3945,hb,4,0,165.952,165.994,delivered,2,
3946,cmd,0,4,165.952,165.995,delivered,2,
3947,hb,5,0,166.016,,dropped_radio_down,0,
3948,cmd,0,5,166.08,,expired,0,
3949,hb,1,0,166.144,166.207,delivered,3,
3950,hb,2,0,166.208,166.271,delivered,2,
3951,cmd,0,1,166.208,166.293,delivered,3,
3952,cmd,0,2,166.272,166.335,delivered,2,
3953,hb,3,0,166.336,166.357,delivered,1,
3954,thumb,1,0,166.4,166.509,delivered,3,
3955,cmd,0,3,166.4,166.442,delivered,1,
3956,hb,4,0,166.464,166.531,delivered,2,
3957,cmd,0,4,166.464,166.511,delivered,2,
3958,hb,5,0,166.528,,dropped_radio_down,0,
3959,cmd,0,5,166.592,,expired,0,
3960,hb,1,0,166.656,166.721,delivered,3,
3961,cmd,0,1,166.656,166.72,delivered,3,
3962,hb,2,0,166.72,166.762,delivered,2,
3963,thumb,2,0,166.784,166.857,delivered,2,
3964,cmd,0,2,166.784,166.826,delivered,2,
3965,hb,3,0,166.848,166.869,delivered,1,
3966,hb,4,0,166.912,166.954,delivered,2,
3967,cmd,0,3,166.912,166.933,delivered,1,
3968,cmd,0,4,166.976,167.018,delivered,2,
3969,hb,5,0,167.04,,dropped_radio_down,0,
3970,hb,1,0,167.104,167.208,delivered,3,
3971,cmd,0,5,167.104,,expired,0,
3972,thumb,3,0,167.168,167.227,delivered,1,
3973,cmd,0,1,167.168,167.252,delivered,3,
3974,hb,2,0,167.232,167.274,delivered,2,
3975,cmd,0,2,167.296,167.338,delivered,2,
3976,hb,3,0,167.36,167.382,delivered,1,
3977,cmd,0,3,167.36,167.381,delivered,1,
3978,hb,4,0,167.424,167.466,delivered,2,
3979,thumb,4,0,167.488,167.561,delivered,2,
3980,cmd,0,4,167.488,167.53,delivered,2,
3981,hb,5,0,167.552,,dropped_radio_down,0,
3982,cmd,0,5,167.552,,expired,0,
3983,hb,1,0,167.616,167.679,delivered,3,
3984,cmd,0,1,167.68,167.743,delivered,3,
3985,hb,2,0,167.744,167.807,delivered,2,
3986,hb,3,0,167.808,167.83,delivered,1,
3987,cmd,0,2,167.808,167.871,delivered,2,
3988,thumb,5,0,167.872,,dropped_radio_down,0,
3989,cmd,0,3,167.872,167.893,delivered,1,
3990,hb,4,0,167.936,167.999,delivered,2,
3991,cmd,0,4,168.0,168.063,delivered,2,
3992,hb,5,0,168.064,,dropped_radio_down,0,
3993,cmd,0,5,168.064,,expired,0,
3994,hb,1,0,168.128,168.191,delivered,3,
3995,cmd,0,1,168.192,168.255,delivered,3,
3996,hb,2,0,168.256,168.298,delivered,2,
3997,cmd,0,2,168.256,168.299,delivered,2,
3998,hb,3,0,168.32,168.341,delivered,1,
3999,thumb,1,0,168.384,168.493,delivered,3,
4000,cmd,0,3,168.384,168.405,delivered,1,
4001,hb,4,0,168.448,168.536,delivered,2,
4002,hb,5,0,168.512,,dropped_radio_down,0,
4003,cmd,0,4,168.512,168.554,delivered,2,
4004,cmd,0,5,168.576,,expired,0,
4005,hb,1,0,168.64,168.703,delivered,3,
4006,hb,2,0,168.704,168.746,delivered,2,
4007,cmd,0,1,168.704,168.768,delivered,3,
4008,thumb,2,0,168.768,168.848,delivered,2,
4009,cmd,0,2,168.768,168.831,delivered,2,
4010,hb,3,0,168.832,168.853,delivered,1,
4011,cmd,0,3,168.896,168.938,delivered,1,
4012,hb,4,0,168.96,169.002,delivered,2,
4013,cmd,0,4,168.96,169.003,delivered,2,
4014,hb,5,0,169.024,,dropped_radio_down,0,
4015,cmd,0,5,169.088,,expired,0,
4016,hb,1,0,169.152,169.236,delivered,3,
4017,thumb,3,0,169.152,169.19,delivered,1,
4018,cmd,0,1,169.152,169.216,delivered,3,
4019,hb,2,0,169.216,169.279,delivered,2,
4020,cmd,0,2,169.28,169.322,delivered,2,
4021,hb,3,0,169.344,169.386,delivered,1,
4022,hb,4,0,169.408,169.45,delivered,2,
4023,cmd,0,3,169.408,169.429,delivered,1,
4024,cmd,0,4,169.472,169.514,delivered,2,
4025,thumb,4,0,169.536,169.609,delivered,2,
4026,hb,5,0,169.536,,dropped_radio_down,0,
4027,cmd,0,5,169.6,,expired,0,
4028,hb,1,0,169.664,169.729,delivered,3,
4029,cmd,0,1,169.664,169.749,delivered,3,
4030,hb,2,0,169.728,169.771,delivered,2,
4031,cmd,0,2,169.792,169.855,delivered,2,
4032,hb,3,0,169.856,169.878,delivered,1,
4033,thumb,5,0,169.856,,dropped_radio_down,0,
4034,cmd,0,3,169.856,169.877,delivered,1,
4035,hb,4,0,169.92,170.004,delivered,2,
4036,cmd,0,4,169.984,170.047,delivered,2,
4037,hb,5,0,170.048,,dropped_radio_down,0,
4038,hb,1,0,170.112,170.175,delivered,3,
4039,cmd,0,5,170.112,,expired,0,
4040,cmd,0,1,170.176,170.26,delivered,3,
4041,hb,2,0,170.24,170.282,delivered,2,
4042,hb,3,0,170.304,170.326,delivered,1,
4043,cmd,0,2,170.304,170.346,delivered,2,
4044,cmd,0,3,170.368,170.389,delivered,1,
4045,thumb,1,0,170.432,170.541,delivered,3,
4046,hb,4,0,170.432,170.506,delivered,2,
4047,cmd,0,4,170.496,170.543,delivered,2,
4048,hb,5,0,170.56,,dropped_radio_down,0,
4049,cmd,0,5,170.56,,expired,0,
4050,hb,1,0,170.624,170.687,delivered,3,
4051,cmd,0,1,170.688,170.751,delivered,3,
4052,hb,2,0,170.752,170.794,delivered,2,
4053,thumb,2,0,170.752,170.832,delivered,2,
4054,cmd,0,2,170.752,170.816,delivered,2,
4055,hb,3,0,170.816,170.837,delivered,1,
4056,cmd,0,3,170.88,170.901,delivered,1,
4057,hb,4,0,170.944,170.986,delivered,2,
4058,hb,5,0,171.008,,dropped_radio_down,0,
4059,cmd,0,4,171.008,171.05,delivered,2,
4060,cmd,0,5,171.072,,expired,0,
4061,hb,1,0,171.136,171.21,delivered,3,
4062,thumb,3,0,171.136,171.209,delivered,1,
4063,cmd,0,1,171.2,171.263,delivered,3,
4064,hb,2,0,171.264,171.306,delivered,2,
4065,cmd,0,2,171.264,171.307,delivered,2,
4066,hb,3,0,171.328,171.349,delivered,1,
4067,cmd,0,3,171.392,171.413,delivered,1,
4068,hb,4,0,171.456,171.499,delivered,2,
4069,cmd,0,4,171.456,171.519,delivered,2,
4070,thumb,4,0,171.52,171.593,delivered,2,
4071,hb,5,0,171.52,,dropped_radio_down,0,
4072,cmd,0,5,171.584,,expired,0,
4073,hb,1,0,171.648,171.711,delivered,3,
4074,hb,2,0,171.712,171.754,delivered,2,
4075,cmd,0,1,171.712,171.776,delivered,3,
4076,cmd,0,2,171.776,171.818,delivered,2,
4077,hb,3,0,171.84,171.861,delivered,1,
4078,hb,4,0,171.904,171.946,delivered,2,
4079,thumb,5,0,171.904,,dropped_radio_down,0,
4080,cmd,0,3,171.904,171.925,delivered,1,
4081,cmd,0,4,171.968,172.01,delivered,2,
4082,hb,5,0,172.032,,dropped_radio_down,0,
4083,cmd,0,5,172.096,,expired,0,
4084,hb,1,0,172.16,172.225,delivered,3,
4085,cmd,0,1,172.16,172.224,delivered,3,
4086,hb,2,0,172.224,172.266,delivered,2,
4087,cmd,0,2,172.288,172.33,delivered,2,
4088,hb,3,0,172.352,172.374,delivered,1,
4089,cmd,0,3,172.352,172.373,delivered,1,
4090,thumb,1,0,172.416,172.525,delivered,3,
4091,hb,4,0,172.416,172.49,delivered,2,
4092,cmd,0,4,172.48,172.527,delivered,2,
4093,hb,5,0,172.544,,dropped_radio_down,0,
4094,hb,1,0,172.608,172.692,delivered,3,
4095,cmd,0,5,172.608,,expired,0,
4096,cmd,0,1,172.672,172.735,delivered,3,
4097,hb,2,0,172.736,172.778,delivered,2,
4098,thumb,2,0,172.8,172.946,delivered,2,
4099,cmd,0,2,172.8,172.911,delivered,2,
4100,hb,3,0,172.864,172.911,delivered,1,
4101,cmd,0,3,172.864,172.885,delivered,1,
4102,hb,4,0,172.928,172.97,delivered,2,
4103,cmd,0,4,172.992,173.034,delivered,2,
4104,hb,5,0,173.056,,dropped_radio_down,0,
4105,cmd,0,5,173.056,,expired,0,
4106,hb,1,0,173.12,173.183,delivered,3,
4107,thumb,3,0,173.12,173.156,delivered,1,
4108,cmd,0,1,173.184,173.247,delivered,3,
4109,hb,2,0,173.248,173.29,delivered,2,
4110,hb,3,0,173.312,173.334,delivered,1,
4111,cmd,0,2,173.312,173.375,delivered,3,
4112,cmd,0,3,173.376,173.397,delivered,1,
4113,hb,4,0,173.44,173.482,delivered,2,
4114,thumb,4,0,173.504,173.577,delivered,2,
4115,hb,5,0,173.504,,dropped_radio_down,0,
4116,cmd,0,4,173.504,173.546,delivered,2,
4117,cmd,0,5,173.568,,expired,0,
4118,hb,1,0,173.632,173.716,delivered,4,
4119,cmd,0,1,173.696,173.78,delivered,4,
4120,hb,2,0,173.76,173.824,delivered,3,
4121,cmd,0,2,173.76,173.825,delivered,3,
4122,hb,3,0,173.824,173.845,delivered,1,
4123,thumb,5,0,173.888,,dropped_radio_down,0,
4124,cmd,0,3,173.888,173.909,delivered,1,
4125,hb,4,0,173.952,173.994,delivered,2,
4126,cmd,0,4,173.952,173.995,delivered,2,
4127,hb,5,0,174.016,,dropped_radio_down,0,
4128,cmd,0,5,174.08,,expired,0,
4129,hb,1,0,174.144,174.228,delivered,4,
4130,hb,2,0,174.208,174.272,delivered,3,
4131,cmd,0,1,174.208,174.294,delivered,4,
4132,cmd,0,2,174.272,174.335,delivered,3,
4133,hb,3,0,174.336,174.357,delivered,1,
4134,thumb,1,0,174.4,174.559,delivered,4,
4135,cmd,0,3,174.4,174.421,delivered,1,
4136,hb,4,0,174.464,174.506,delivered,2,
4137,cmd,0,4,174.464,174.523,delivered,2,
4138,hb,5,0,174.528,,dropped_radio_down,0,
4139,cmd,0,5,174.592,,expired,0,
4140,hb,1,0,174.656,174.74,delivered,4,
4141,cmd,0,1,174.656,174.762,delivered,4,
4142,hb,2,0,174.72,174.784,delivered,3,
4143,thumb,2,0,174.784,174.93,delivered,3,
4144,cmd,0,2,174.784,174.858,delivered,3,
4145,hb,3,0,174.848,174.869,delivered,1,
4146,hb,4,0,174.912,174.955,delivered,2,
4147,cmd,0,3,174.912,174.954,delivered,1,
4148,cmd,0,4,174.976,175.018,delivered,2,
4149,hb,5,0,175.04,,dropped_radio_down,0,
4150,hb,1,0,175.104,175.188,delivered,4,
4151,cmd,0,5,175.104,,expired,0,
4152,thumb,3,0,175.168,175.206,delivered,1,
4153,cmd,0,1,175.168,175.252,delivered,4,
4154,hb,2,0,175.232,175.295,delivered,3,
4155,cmd,0,2,175.296,175.359,delivered,3,
4156,hb,3,0,175.36,175.382,delivered,1,
4157,cmd,0,3,175.36,175.381,delivered,1,
4158,hb,4,0,175.424,175.466,delivered,2,
4159,thumb,4,0,175.488,175.561,delivered,2,
4160,cmd,0,4,175.488,175.53,delivered,2,
4161,hb,5,0,175.552,,dropped_radio_down,0,
4162,cmd,0,5,175.552,,expired,0,
4163,hb,1,0,175.616,175.7,delivered,4,
4164,cmd,0,1,175.68,175.764,delivered,4,
4165,hb,2,0,175.744,175.807,delivered,3,
4166,hb,3,0,175.808,175.83,delivered,1,
4167,cmd,0,2,175.808,175.892,delivered,3,
4168,thumb,5,0,175.872,,dropped_radio_down,0,
4169,cmd,0,3,175.872,175.893,delivered,1,
4170,hb,4,0,175.936,175.978,delivered,2,
4171,cmd,0,4,176.0,176.042,delivered,2,
4172,hb,5,0,176.064,,dropped_radio_down,0,
4173,cmd,0,5,176.064,,expired,0,
4174,hb,1,0,176.128,176.212,delivered,4,
4175,cmd,0,1,176.192,176.276,delivered,4,
4176,hb,2,0,176.256,176.32,delivered,3,
4177,cmd,0,2,176.256,176.321,delivered,3,
4178,hb,3,0,176.32,176.341,delivered,1,
4179,thumb,1,0,176.384,176.543,delivered,4,
4180,cmd,0,3,176.384,176.405,delivered,1,
4181,hb,4,0,176.448,176.49,delivered,2,
4182,hb,5,0,176.512,,dropped_radio_down,0,
4183,cmd,0,4,176.512,176.565,delivered,2,
4184,cmd,0,5,176.576,,expired,0,
4185,hb,1,0,176.64,176.724,delivered,4,
4186,hb,2,0,176.704,176.768,delivered,3,
4187,cmd,0,1,176.704,176.79,delivered,4,
4188,thumb,2,0,176.768,176.884,delivered,3,
4189,cmd,0,2,176.768,176.831,delivered,3,
4190,hb,3,0,176.832,176.853,delivered,1,
4191,cmd,0,3,176.896,176.917,delivered,1,
4192,hb,4,0,176.96,177.024,delivered,2,
4193,cmd,0,4,176.96,177.002,delivered,2,
4194,hb,5,0,177.024,,dropped_radio_down,0,
4195,cmd,0,5,177.088,,expired,0,
4196,hb,1,0,177.152,177.236,delivered,4,
4197,thumb,3,0,177.152,177.19,delivered,1,
4198,cmd,0,1,177.152,177.258,delivered,4,
4199,hb,2,0,177.216,177.28,delivered,3,
4200,cmd,0,2,177.28,177.343,delivered,3,
4201,hb,3,0,177.344,177.386,delivered,1,
4202,hb,4,0,177.408,177.45,delivered,2,
4203,cmd,0,3,177.408,177.429,delivered,1,
4204,cmd,0,4,177.472,177.514,delivered,2,
4205,thumb,4,0,177.536,177.609,delivered,2,
4206,hb,5,0,177.536,,dropped_radio_down,0,
4207,cmd,0,5,177.6,,expired,0,
4208,hb,1,0,177.664,177.748,delivered,4,
4209,cmd,0,1,177.664,177.77,delivered,4,
4210,hb,2,0,177.728,177.812,delivered,3,
4211,cmd,0,2,177.792,177.856,delivered,3,
4212,hb,3,0,177.856,177.878,delivered,1,
4213,thumb,5,0,177.856,,dropped_radio_down,0,
4214,cmd,0,3,177.856,177.877,delivered,1,
4215,hb,4,0,177.92,177.962,delivered,2,
4216,cmd,0,4,177.984,178.026,delivered,2,
4217,hb,5,0,178.048,,dropped_radio_down,0,
4218,hb,1,0,178.112,178.196,delivered,4,
4219,cmd,0,5,178.112,,expired,0,
4220,cmd,0,1,178.176,178.281,delivered,4,
4221,hb,2,0,178.24,178.324,delivered,3,
4222,hb,3,0,178.304,178.326,delivered,1,
4223,cmd,0,2,178.304,178.367,delivered,3,
4224,cmd,0,3,178.368,178.389,delivered,1,
4225,thumb,1,0,178.432,178.614,delivered,4,
4226,hb,4,0,178.432,178.474,delivered,2,
4227,cmd,0,4,178.496,178.543,delivered,2,
4228,hb,5,0,178.56,,dropped_radio_down,0,
4229,cmd,0,5,178.56,,expired,0,
4230,hb,1,0,178.624,178.708,delivered,4,
4231,cmd,0,1,178.688,178.772,delivered,4,
4232,hb,2,0,178.752,178.816,delivered,3,
4233,thumb,2,0,178.752,178.87,delivered,3,
4234,cmd,0,2,178.752,178.817,delivered,3,
4235,hb,3,0,178.816,178.837,delivered,1,
4236,cmd,0,3,178.88,178.901,delivered,1,
4237,hb,4,0,178.944,178.986,delivered,2,
4238,hb,5,0,179.008,,dropped_radio_down,0,
4239,cmd,0,4,179.008,179.05,delivered,2,
4240,cmd,0,5,179.072,,expired,0,
4241,hb,1,0,179.136,179.22,delivered,4,
4242,thumb,3,0,179.136,179.172,delivered,1,
4243,cmd,0,1,179.2,179.284,delivered,4,
4244,hb,2,0,179.264,179.328,delivered,3,
4245,cmd,0,2,179.264,179.329,delivered,3,
4246,hb,3,0,179.328,179.349,delivered,1,
4247,cmd,0,3,179.392,179.413,delivered,1,
4248,hb,4,0,179.456,179.498,delivered,2,
4249,cmd,0,4,179.456,179.499,delivered,2,
4250,thumb,4,0,179.52,179.629,delivered,2,
4251,hb,5,0,179.52,,dropped_radio_down,0,
4252,cmd,0,5,179.584,,expired,0,
4253,hb,1,0,179.648,179.732,delivered,4,
4254,hb,2,0,179.712,179.776,delivered,3,
4255,cmd,0,1,179.712,179.817,delivered,4,
4256,cmd,0,2,179.776,179.839,delivered,3,
4257,hb,3,0,179.84,179.861,delivered,1,
4258,hb,4,0,179.904,179.946,delivered,2,
4259,thumb,5,0,179.904,,dropped_radio_down,0,
4260,cmd,0,3,179.904,179.925,delivered,1,
4261,cmd,0,4,179.968,180.01,delivered,2,
4262,hb,5,0,180.032,,dropped_radio_down,0,
4263,cmd,0,5,180.096,,expired,0,
4264,hb,1,0,180.16,180.244,delivered,4,
4265,cmd,0,1,180.16,180.266,delivered,4,
4266,hb,2,0,180.224,180.288,delivered,3,
4267,cmd,0,2,180.288,180.351,delivered,3,
4268,hb,3,0,180.352,180.374,delivered,1,
4269,cmd,0,3,180.352,180.394,delivered,1,
4270,thumb,1,0,180.416,180.562,delivered,4,
4271,hb,4,0,180.416,180.458,delivered,2,
4272,cmd,0,4,180.48,180.527,delivered,2,
4273,hb,5,0,180.544,,dropped_radio_down,0,
4274,hb,1,0,180.608,180.692,delivered,4,
4275,cmd,0,5,180.608,,expired,0,
4276,cmd,0,1,180.672,180.756,delivered,4,
4277,hb,2,0,180.736,180.799,delivered,3,
4278,thumb,2,0,180.8,180.909,delivered,3,
4279,cmd,0,2,180.8,180.874,delivered,3,
4280,hb,3,0,180.864,180.886,delivered,1,
4281,cmd,0,3,180.864,180.885,delivered,1,
4282,hb,4,0,180.928,180.97,delivered,2,
4283,cmd,0,4,180.992,181.034,delivered,2,
4284,hb,5,0,181.056,,dropped_radio_down,0,
4285,cmd,0,5,181.056,,expired,0,
4286,hb,1,0,181.12,181.204,delivered,4,
4287,thumb,3,0,181.12,181.156,delivered,1,
4288,cmd,0,1,181.184,181.268,delivered,4,
4289,hb,2,0,181.248,181.311,delivered,3,
4290,hb,3,0,181.312,181.334,delivered,1,
4291,cmd,0,2,181.312,181.375,delivered,3,
4292,cmd,0,3,181.376,181.397,delivered,1,
4293,hb,4,0,181.44,181.482,delivered,2,
4294,thumb,4,0,181.504,181.613,delivered,2,
4295,hb,5,0,181.504,,dropped_radio_down,0,
4296,cmd,0,4,181.504,181.546,delivered,2,
4297,cmd,0,5,181.568,,expired,0,
4298,hb,1,0,181.632,181.736,delivered,4,
4299,cmd,0,1,181.696,181.78,delivered,4,
4300,hb,2,0,181.76,181.846,delivered,3,
4301,cmd,0,2,181.76,181.825,delivered,3,
4302,hb,3,0,181.824,181.845,delivered,1,
4303,thumb,5,0,181.888,,dropped_radio_down,0,
4304,cmd,0,3,181.888,181.909,delivered,1,
4305,hb,4,0,181.952,181.994,delivered,2,
4306,cmd,0,4,181.952,181.995,delivered,2,
4307,hb,5,0,182.016,,dropped_radio_down,0,
4308,cmd,0,5,182.08,,expired,0,
4309,hb,1,0,182.144,182.228,delivered,4,
4310,hb,2,0,182.208,182.272,delivered,3,
4311,cmd,0,1,182.208,182.315,delivered,4,
4312,cmd,0,2,182.272,182.356,delivered,3,
4313,hb,3,0,182.336,182.357,delivered,1,
4314,thumb,1,0,182.4,182.559,delivered,4,
4315,cmd,0,3,182.4,182.421,delivered,1,
4316,hb,4,0,182.464,182.506,delivered,2,
4317,cmd,0,4,182.464,182.523,delivered,2,
4318,hb,5,0,182.528,,dropped_radio_down,0,
4319,cmd,0,5,182.592,,expired,0,
4320,hb,1,0,182.656,182.76,delivered,4,
4321,cmd,0,1,182.656,182.762,delivered,4,
4322,hb,2,0,182.72,182.784,delivered,3,
4323,thumb,2,0,182.784,182.893,delivered,3,
4324,cmd,0,2,182.784,182.858,delivered,3,
4325,hb,3,0,182.848,182.869,delivered,1,
4326,hb,4,0,182.912,182.954,delivered,2,
4327,cmd,0,3,182.912,182.933,delivered,1,
4328,cmd,0,4,182.976,183.018,delivered,2,
4329,hb,5,0,183.04,,dropped_radio_down,0,
4330,hb,1,0,183.104,183.208,delivered,4,
4331,cmd,0,5,183.104,,expired,0,
4332,thumb,3,0,183.168,183.227,delivered,1,
4333,cmd,0,1,183.168,183.295,delivered,4,
4334,hb,2,0,183.232,183.337,delivered,3,
4335,cmd,0,2,183.296,183.381,delivered,3,
4336,hb,3,0,183.36,183.382,delivered,1,
4337,cmd,0,3,183.36,183.381,delivered,1,
4338,hb,4,0,183.424,183.466,delivered,2,
4339,thumb,4,0,183.488,183.561,delivered,2,
4340,cmd,0,4,183.488,183.53,delivered,2,
4341,hb,5,0,183.552,,dropped_radio_down,0,
4342,cmd,0,5,183.552,,expired,0,
4343,hb,1,0,183.616,183.72,delivered,4,
4344,cmd,0,1,183.68,183.764,delivered,4,
4345,hb,2,0,183.744,183.807,delivered,3,
4346,hb,3,0,183.808,183.83,delivered,1,
4347,cmd,0,2,183.808,183.871,delivered,3,
4348,thumb,5,0,183.872,,dropped_radio_down,0,
4349,cmd,0,3,183.872,183.893,delivered,1,
4350,hb,4,0,183.936,183.978,delivered,2,
4351,cmd,0,4,184.0,184.042,delivered,2,
4352,hb,5,0,184.064,,dropped_radio_down,0,
4353,cmd,0,5,184.064,,expired,0,
4354,hb,1,0,184.128,184.212,delivered,4,
4355,cmd,0,1,184.192,184.276,delivered,4,
4356,hb,2,0,184.256,184.32,delivered,3,
4357,cmd,0,2,184.256,184.321,delivered,3,
4358,hb,3,0,184.32,184.341,delivered,1,
4359,thumb,1,0,184.384,184.543,delivered,4,
4360,cmd,0,3,184.384,184.405,delivered,1,
4361,hb,4,0,184.448,184.49,delivered,2,
4362,hb,5,0,184.512,,dropped_radio_down,0,
4363,cmd,0,4,184.512,184.565,delivered,2,
4364,cmd,0,5,184.576,,expired,0,
4365,hb,1,0,184.64,184.744,delivered,4,
4366,hb,2,0,184.704,184.768,delivered,3,
4367,cmd,0,1,184.704,184.79,delivered,4,
4368,thumb,2,0,184.768,184.884,delivered,3,
4369,cmd,0,2,184.768,184.831,delivered,3,
4370,hb,3,0,184.832,184.853,delivered,1,
4371,cmd,0,3,184.896,184.917,delivered,1,
4372,hb,4,0,184.96,185.002,delivered,2,
4373,cmd,0,4,184.96,185.003,delivered,2,
4374,hb,5,0,185.024,,dropped_radio_down,0,
4375,cmd,0,5,185.088,,expired,0,
4376,hb,1,0,185.152,185.236,delivered,4,
4377,thumb,3,0,185.152,185.19,delivered,1,
4378,cmd,0,1,185.152,185.258,delivered,4,
4379,hb,2,0,185.216,185.28,delivered,3,
4380,cmd,0,2,185.28,185.343,delivered,3,
4381,hb,3,0,185.344,185.365,delivered,1,
4382,hb,4,0,185.408,185.45,delivered,2,
4383,cmd,0,3,185.408,185.429,delivered,1,
4384,cmd,0,4,185.472,185.514,delivered,2,
4385,thumb,4,0,185.536,185.609,delivered,2,
4386,hb,5,0,185.536,,dropped_radio_down,0,
4387,cmd,0,5,185.6,,expired,0,
4388,hb,1,0,185.664,185.748,delivered,4,
4389,cmd,0,1,185.664,185.77,delivered,4,
4390,hb,2,0,185.728,185.792,delivered,3,
4391,cmd,0,2,185.792,185.855,delivered,3,
4392,hb,3,0,185.856,185.878,delivered,1,
4393,thumb,5,0,185.856,,dropped_radio_down,0,
4394,cmd,0,3,185.856,185.898,delivered,1,
4395,hb,4,0,185.92,185.983,delivered,2,
4396,cmd,0,4,185.984,186.047,delivered,2,
4397,hb,5,0,186.048,,dropped_radio_down,0,
4398,hb,1,0,186.112,186.196,delivered,4,
4399,cmd,0,5,186.112,,expired,0,
4400,cmd,0,1,186.176,186.26,delivered,4,
4401,hb,2,0,186.24,186.303,delivered,3,
4402,hb,3,0,186.304,186.326,delivered,1,
4403,cmd,0,2,186.304,186.367,delivered,3,
4404,cmd,0,3,186.368,186.389,delivered,1,
4405,thumb,1,0,186.432,186.614,delivered,4,
4406,hb,4,0,186.432,186.474,delivered,2,
4407,cmd,0,4,186.496,186.543,delivered,2,
4408,hb,5,0,186.56,,dropped_radio_down,0,
4409,cmd,0,5,186.56,,expired,0,
4410,hb,1,0,186.624,186.708,delivered,4,
4411,cmd,0,1,186.688,186.772,delivered,4,
4412,hb,2,0,186.752,186.816,delivered,3,
4413,thumb,2,0,186.752,186.87,delivered,3,
4414,cmd,0,2,186.752,186.817,delivered,3,
4415,hb,3,0,186.816,186.837,delivered,1,
4416,cmd,0,3,186.88,186.901,delivered,1,
4417,hb,4,0,186.944,186.986,delivered,2,
4418,cmd,0,4,187.008,187.05,delivered,2,
4419,cmd,0,5,187.072,,expired,0,
4420,hb,1,0,187.136,187.22,delivered,4,
4421,thumb,3,0,187.136,187.172,delivered,1,
4422,cmd,0,1,187.2,187.284,delivered,4,
4423,hb,2,0,187.264,187.328,delivered,3,
4424,cmd,0,2,187.264,187.329,delivered,3,
4425,hb,3,0,187.328,187.349,delivered,1,
4426,cmd,0,3,187.392,187.413,delivered,1,
4427,hb,4,0,187.456,187.498,delivered,2,
4428,cmd,0,4,187.456,187.499,delivered,2,
4429,thumb,4,0,187.52,187.593,delivered,2,
4430,cmd,0,5,187.584,,expired,0,
4431,hb,1,0,187.648,187.752,delivered,4,
4432,hb,2,0,187.712,187.796,delivered,3,
4433,cmd,0,1,187.712,187.818,delivered,4,
4434,cmd,0,2,187.776,187.839,delivered,3,
4435,hb,3,0,187.84,187.861,delivered,1,
4436,hb,4,0,187.904,187.946,delivered,2,
4437,cmd,0,3,187.904,187.925,delivered,1,
4438,cmd,0,4,187.968,188.01,delivered,2,
4439,cmd,0,5,188.096,,expired,0,
4440,hb,1,0,188.16,188.264,delivered,4,
4441,cmd,0,1,188.16,188.266,delivered,4,
4442,hb,2,0,188.224,188.288,delivered,3,
4443,cmd,0,2,188.288,188.351,delivered,3,
4444,hb,3,0,188.352,188.374,delivered,1,
4445,cmd,0,3,188.352,188.373,delivered,1,
4446,thumb,1,0,188.416,188.562,delivered,4,
4447,hb,4,0,188.416,188.458,delivered,2,
4448,cmd,0,4,188.48,188.527,delivered,2,
4449,hb,1,0,188.608,188.692,delivered,4,
4450,cmd,0,5,188.608,,expired,0,
4451,cmd,0,1,188.672,188.756,delivered,4,
4452,hb,2,0,188.736,188.799,delivered,3,
4453,thumb,2,0,188.8,188.909,delivered,3,
4454,cmd,0,2,188.8,188.874,delivered,3,
4455,hb,3,0,188.864,188.886,delivered,1,
4456,cmd,0,3,188.864,188.885,delivered,1,
4457,hb,4,0,188.928,188.97,delivered,2,
4458,cmd,0,4,188.992,189.034,delivered,2,
4459,cmd,0,5,189.056,,expired,0,
4460,hb,1,0,189.12,189.204,delivered,4,
4461,thumb,3,0,189.12,189.156,delivered,1,
4462,cmd,0,1,189.184,189.268,delivered,4,
4463,hb,2,0,189.248,189.311,delivered,3,
4464,hb,3,0,189.312,189.334,delivered,1,
4465,cmd,0,2,189.312,189.375,delivered,3,
4466,cmd,0,3,189.376,189.397,delivered,1,
4467,hb,4,0,189.44,189.503,delivered,2,
4468,thumb,4,0,189.504,189.577,delivered,2,
4469,cmd,0,4,189.504,189.546,delivered,2,
4470,cmd,0,5,189.568,,expired,0,
4471,hb,1,0,189.632,189.716,delivered,4,
4472,cmd,0,1,189.696,189.78,delivered,4,
4473,hb,2,0,189.76,189.824,delivered,3,
4474,cmd,0,2,189.76,189.825,delivered,3,
4475,hb,3,0,189.824,189.845,delivered,1,
4476,cmd,0,3,189.888,189.909,delivered,1,
4477,hb,4,0,189.952,189.994,delivered,2,
4478,cmd,0,4,189.952,189.995,delivered,2,
4479,cmd,0,5,190.08,,expired,0,
4480,hb,1,0,190.144,190.228,delivered,4,
4481,hb,2,0,190.208,190.272,delivered,3,
4482,cmd,0,1,190.208,190.294,delivered,4,
4483,cmd,0,2,190.272,190.335,delivered,3,
4484,hb,3,0,190.336,190.357,delivered,1,
4485,thumb,1,0,190.4,190.559,delivered,4,
4486,cmd,0,3,190.4,190.421,delivered,1,
4487,hb,4,0,190.464,190.506,delivered,2,
4488,cmd,0,4,190.464,190.523,delivered,2,
4489,cmd,0,5,190.592,,expired,0,
4490,hb,1,0,190.656,190.74,delivered,4,
4491,cmd,0,1,190.656,190.762,delivered,4,
4492,hb,2,0,190.72,190.784,delivered,3,
4493,thumb,2,0,190.784,190.893,delivered,3,
4494,cmd,0,2,190.784,190.858,delivered,3,
4495,hb,3,0,190.848,190.869,delivered,1,
4496,hb,4,0,190.912,190.954,delivered,2,
4497,cmd,0,3,190.912,190.933,delivered,1,
4498,cmd,0,4,190.976,191.018,delivered,2,
4499,hb,1,0,191.104,191.188,delivered,4,
4500,cmd,0,5,191.104,,expired,0,
4501,thumb,3,0,191.168,191.206,delivered,1,
4502,cmd,0,1,191.168,191.252,delivered,4,
4503,hb,2,0,191.232,191.295,delivered,3,
4504,cmd,0,2,191.296,191.359,delivered,3,
4505,hb,3,0,191.36,191.382,delivered,1,
4506,cmd,0,3,191.36,191.381,delivered,1,
4507,hb,4,0,191.424,191.466,delivered,2,
4508,thumb,4,0,191.488,191.561,delivered,2,
4509,cmd,0,4,191.488,191.53,delivered,2,
4510,cmd,0,5,191.552,,expired,0,
4511,hb,1,0,191.616,191.7,delivered,4,
4512,cmd,0,1,191.68,191.764,delivered,4,
4513,hb,2,0,191.744,191.807,delivered,3,
4514,hb,3,0,191.808,191.83,delivered,1,
4515,cmd,0,2,191.808,191.871,delivered,3,
4516,cmd,0,3,191.872,191.893,delivered,1,
4517,hb,4,0,191.936,191.978,delivered,2,
4518,cmd,0,4,192.0,192.042,delivered,2,
4519,cmd,0,5,192.064,,expired,0,
4520,hb,1,0,192.128,192.212,delivered,4,
4521,cmd,0,1,192.192,192.297,delivered,4,
4522,hb,2,0,192.256,192.32,delivered,3,
4523,cmd,0,2,192.256,192.321,delivered,3,
4524,hb,3,0,192.32,192.341,delivered,1,
4525,thumb,1,0,192.384,192.543,delivered,4,
4526,cmd,0,3,192.384,192.405,delivered,1,
4527,hb,4,0,192.448,192.49,delivered,2,
4528,cmd,0,4,192.512,192.565,delivered,2,
4529,cmd,0,5,192.576,,expired,0,
4530,hb,1,0,192.64,192.724,delivered,4,
4531,hb,2,0,192.704,192.768,delivered,3,
4532,cmd,0,1,192.704,192.79,delivered,4,
4533,thumb,2,0,192.768,192.884,delivered,3,
4534,cmd,0,2,192.768,192.831,delivered,3,
4535,hb,3,0,192.832,192.853,delivered,1,
4536,cmd,0,3,192.896,192.917,delivered,1,
4537,hb,4,0,192.96,193.002,delivered,2,
4538,cmd,0,4,192.96,193.003,delivered,2,
4539,cmd,0,5,193.088,,expired,0,
4540,hb,1,0,193.152,193.236,delivered,4,
4541,thumb,3,0,193.152,193.19,delivered,1,
4542,cmd,0,1,193.152,193.258,delivered,4,
4543,hb,2,0,193.216,193.28,delivered,3,
4544,cmd,0,2,193.28,193.343,delivered,3,
4545,hb,3,0,193.344,193.365,delivered,1,
4546,hb,4,0,193.408,193.45,delivered,2,
4547,cmd,0,3,193.408,193.429,delivered,1,
4548,cmd,0,4,193.472,193.514,delivered,2,
4549,thumb,4,0,193.536,193.609,delivered,2,
4550,cmd,0,5,193.6,,expired,0,
4551,hb,1,0,193.664,193.748,delivered,4,
4552,cmd,0,1,193.664,193.77,delivered,4,
4553,hb,2,0,193.728,193.792,delivered,3,
4554,cmd,0,2,193.792,193.855,delivered,3,
4555,hb,3,0,193.856,193.878,delivered,1,
4556,cmd,0,3,193.856,193.898,delivered,1,
4557,hb,4,0,193.92,193.962,delivered,2,
4558,cmd,0,4,193.984,194.047,delivered,2,
4559,hb,1,0,194.112,194.196,delivered,4,
4560,cmd,0,5,194.112,,expired,0,
4561,cmd,0,1,194.176,194.26,delivered,4,
4562,hb,2,0,194.24,194.303,delivered,3,
4563,hb,3,0,194.304,194.326,delivered,1,
4564,cmd,0,2,194.304,194.367,delivered,3,
4565,cmd,0,3,194.368,194.389,delivered,1,
4566,thumb,1,0,194.432,194.578,delivered,4,
4567,hb,4,0,194.432,194.474,delivered,2,
4568,cmd,0,4,194.496,194.543,delivered,2,
4569,cmd,0,5,194.56,,expired,0,
4570,hb,1,0,194.624,194.708,delivered,4,
4571,cmd,0,1,194.688,194.772,delivered,4,
4572,hb,2,0,194.752,194.816,delivered,3,
4573,thumb,2,0,194.752,194.87,delivered,3,
4574,cmd,0,2,194.752,194.817,delivered,3,
4575,hb,3,0,194.816,194.837,delivered,1,
4576,cmd,0,3,194.88,194.901,delivered,1,
4577,hb,4,0,194.944,195.007,delivered,2,
4578,cmd,0,4,195.008,195.071,delivered,2,
4579,cmd,0,5,195.072,,expired,0,
4580,hb,1,0,195.136,195.22,delivered,4,
4581,thumb,3,0,195.136,195.172,delivered,1,
4582,cmd,0,1,195.2,195.284,delivered,4,
4583,hb,2,0,195.264,195.328,delivered,3,
4584,cmd,0,2,195.264,195.329,delivered,3,
4585,hb,3,0,195.328,195.349,delivered,1,
4586,cmd,0,3,195.392,195.413,delivered,1,
4587,hb,4,0,195.456,195.498,delivered,2,
4588,cmd,0,4,195.456,195.499,delivered,2,
4589,thumb,4,0,195.52,195.593,delivered,2,
4590,cmd,0,5,195.584,,expired,0,
4591,hb,1,0,195.648,195.732,delivered,4,
4592,hb,2,0,195.712,195.776,delivered,3,
4593,cmd,0,1,195.712,195.798,delivered,4,
4594,cmd,0,2,195.776,195.839,delivered,3,
4595,hb,3,0,195.84,195.861,delivered,1,
4596,hb,4,0,195.904,195.946,delivered,2,
4597,cmd,0,3,195.904,195.925,delivered,1,
4598,cmd,0,4,195.968,196.01,delivered,2,
4599,cmd,0,5,196.096,,expired,0,
4600,hb,1,0,196.16,196.244,delivered,4,
4601,cmd,0,1,196.16,196.266,delivered,4,
4602,hb,2,0,196.224,196.288,delivered,3,
4603,cmd,0,2,196.288,196.351,delivered,3,
4604,hb,3,0,196.352,196.374,delivered,1,
4605,cmd,0,3,196.352,196.373,delivered,1,
4606,thumb,1,0,196.416,196.562,delivered,4,
4607,hb,4,0,196.416,196.458,delivered,2,
4608,cmd,0,4,196.48,196.527,delivered,2,
4609,hb,1,0,196.608,196.692,delivered,4,
4610,cmd,0,5,196.608,,expired,0,
4611,cmd,0,1,196.672,196.756,delivered,4,
4612,hb,2,0,196.736,196.799,delivered,3,
4613,thumb,2,0,196.8,196.909,delivered,3,
4614,cmd,0,2,196.8,196.874,delivered,3,
4615,hb,3,0,196.864,196.886,delivered,1,
4616,cmd,0,3,196.864,196.885,delivered,1,
4617,hb,4,0,196.928,196.97,delivered,2,
4618,cmd,0,4,196.992,197.034,delivered,2,
4619,cmd,0,5,197.056,,expired,0,
4620,hb,1,0,197.12,197.204,delivered,4,
4621,thumb,3,0,197.12,197.156,delivered,1,
4622,cmd,0,1,197.184,197.268,delivered,4,
4623,hb,2,0,197.248,197.332,delivered,3,
4624,hb,3,0,197.312,197.334,delivered,1,
4625,cmd,0,2,197.312,197.375,delivered,3,
4626,cmd,0,3,197.376,197.397,delivered,1,
4627,hb,4,0,197.44,197.482,delivered,2,
4628,thumb,4,0,197.504,197.577,delivered,2,
4629,cmd,0,4,197.504,197.546,delivered,2,
4630,cmd,0,5,197.568,,expired,0,
4631,hb,1,0,197.632,197.716,delivered,4,
4632,cmd,0,1,197.696,197.78,delivered,4,
4633,hb,2,0,197.76,197.824,delivered,3,
4634,cmd,0,2,197.76,197.825,delivered,3,
4635,hb,3,0,197.824,197.845,delivered,1,
4636,cmd,0,3,197.888,197.909,delivered,1,
4637,hb,4,0,197.952,197.994,delivered,2,
4638,cmd,0,4,197.952,197.995,delivered,2,
4639,cmd,0,5,198.08,,expired,0,
4640,hb,1,0,198.144,198.228,delivered,4,
4641,hb,2,0,198.208,198.272,delivered,3,
4642,cmd,0,1,198.208,198.294,delivered,4,
4643,cmd,0,2,198.272,198.335,delivered,3,
4644,hb,3,0,198.336,198.357,delivered,1,
4645,thumb,1,0,198.4,198.559,delivered,4,
4646,cmd,0,3,198.4,198.421,delivered,1,
4647,hb,4,0,198.464,198.506,delivered,2,
4648,cmd,0,4,198.464,198.523,delivered,2,
4649,cmd,0,5,198.592,,expired,0,
4650,hb,1,0,198.656,198.76,delivered,4,
4651,cmd,0,1,198.656,198.762,delivered,4,
4652,hb,2,0,198.72,198.804,delivered,3,
4653,thumb,2,0,198.784,198.893,delivered,3,
4654,cmd,0,2,198.784,198.858,delivered,3,
4655,hb,3,0,198.848,198.869,delivered,1,
4656,hb,4,0,198.912,198.954,delivered,2,
4657,cmd,0,3,198.912,198.933,delivered,1,
4658,cmd,0,4,198.976,199.018,delivered,2,
4659,hb,1,0,199.104,199.208,delivered,4,
4660,cmd,0,5,199.104,,expired,0,
4661,thumb,3,0,199.168,199.227,delivered,1,
4662,cmd,0,1,199.168,199.273,delivered,4,
4663,hb,2,0,199.232,199.295,delivered,3,
4664,cmd,0,2,199.296,199.359,delivered,3,
4665,hb,3,0,199.36,199.382,delivered,1,
4666,cmd,0,3,199.36,199.381,delivered,1,
4667,hb,4,0,199.424,199.487,delivered,2,
4668,thumb,4,0,199.488,199.561,delivered,2,
4669,cmd,0,4,199.488,199.53,delivered,2,
4670,cmd,0,5,199.552,,expired,0,
4671,hb,1,0,199.616,199.72,delivered,4,
4672,cmd,0,1,199.68,199.764,delivered,4,
4673,hb,2,0,199.744,199.849,delivered,3,
4674,hb,3,0,199.808,199.83,delivered,1,
4675,cmd,0,2,199.808,199.892,delivered,3,
4676,cmd,0,3,199.872,199.893,delivered,1,
4677,hb,4,0,199.936,199.978,delivered,2,
4678,cmd,0,4,200.0,200.042,delivered,2,
4679,cmd,0,5,200.064,,expired,0,
4680,hb,1,0,200.128,200.212,delivered,4,
4681,cmd,0,1,200.192,200.276,delivered,4,
4682,hb,2,0,200.256,200.32,delivered,3,
4683,cmd,0,2,200.256,200.321,delivered,3,
4684,hb,3,0,200.32,200.341,delivered,1,
4685,thumb,1,0,200.384,200.543,delivered,4,
4686,cmd,0,3,200.384,200.426,delivered,1,
4687,hb,4,0,200.448,200.49,delivered,2,
4688,cmd,0,4,200.512,200.565,delivered,2,
4689,cmd,0,5,200.576,,expired,0,
4690,hb,1,0,200.64,200.724,delivered,4,
4691,hb,2,0,200.704,200.768,delivered,3,
4692,cmd,0,1,200.704,200.827,delivered,4,
4693,thumb,2,0,200.768,200.916,delivered,3,
4694,cmd,0,2,200.768,200.844,delivered,3,
4695,hb,3,0,200.832,200.853,delivered,1,
4696,cmd,0,3,200.896,200.917,delivered,1,
4697,hb,4,0,200.96,201.002,delivered,2,
4698,cmd,0,4,200.96,201.003,delivered,2,
4699,cmd,0,5,201.088,,expired,0,
4700,hb,1,0,201.152,201.236,delivered,4,
4701,thumb,3,0,201.152,201.19,delivered,1,
4702,cmd,0,1,201.152,201.279,delivered,4,
4703,hb,2,0,201.216,201.28,delivered,3,
4704,cmd,0,2,201.28,201.343,delivered,3,
4705,hb,3,0,201.344,201.365,delivered,1,
4706,hb,4,0,201.408,201.471,delivered,2,
4707,cmd,0,3,201.408,201.429,delivered,1,
4708,cmd,0,4,201.472,201.514,delivered,2,
4709,thumb,4,0,201.536,201.609,delivered,2,
4710,cmd,0,5,201.6,,expired,0,
4711,hb,1,0,201.664,201.748,delivered,4,
4712,cmd,0,1,201.664,201.77,delivered,4,
4713,hb,2,0,201.728,201.792,delivered,3,
4714,cmd,0,2,201.792,201.897,delivered,3,
4715,hb,3,0,201.856,201.878,delivered,1,
4716,cmd,0,3,201.856,201.877,delivered,1,
4717,hb,4,0,201.92,201.983,delivered,2,
4718,cmd,0,4,201.984,202.026,delivered,2,
4719,hb,1,0,202.112,202.196,delivered,4,
4720,cmd,0,5,202.112,,expired,0,
4721,cmd,0,1,202.176,202.26,delivered,4,
4722,hb,2,0,202.24,202.303,delivered,3,
4723,hb,3,0,202.304,202.326,delivered,1,
4724,cmd,0,2,202.304,202.367,delivered,3,
4725,cmd,0,3,202.368,202.389,delivered,1,
4726,thumb,1,0,202.432,202.578,delivered,4,
4727,hb,4,0,202.432,202.474,delivered,2,
4728,cmd,0,4,202.496,202.543,delivered,2,
4729,cmd,0,5,202.56,,expired,0,
4730,hb,1,0,202.624,202.708,delivered,4,
4731,cmd,0,1,202.688,202.772,delivered,4,
4732,hb,2,0,202.752,202.833,delivered,3,
4733,thumb,2,0,202.752,202.868,delivered,3,
4734,cmd,0,2,202.752,202.836,delivered,3,
4735,hb,3,0,202.816,202.837,delivered,1,
4736,cmd,0,3,202.88,202.901,delivered,1,
4737,hb,4,0,202.944,203.007,delivered,2,
4738,cmd,0,4,203.008,203.05,delivered,2,
4739,cmd,0,5,203.072,,expired,0,
4740,hb,1,0,203.136,203.22,delivered,4,
4741,thumb,3,0,203.136,203.172,delivered,1,
4742,cmd,0,1,203.2,203.284,delivered,4,
4743,hb,2,0,203.264,203.328,delivered,3,
4744,cmd,0,2,203.264,203.329,delivered,3,
4745,hb,3,0,203.328,203.349,delivered,1,
4746,cmd,0,3,203.392,203.413,delivered,1,
4747,hb,4,0,203.456,203.498,delivered,2,
4748,cmd,0,4,203.456,203.499,delivered,2,
4749,thumb,4,0,203.52,203.593,delivered,2,
4750,cmd,0,5,203.584,,expired,0,
4751,hb,1,0,203.648,203.732,delivered,4,
4752,hb,2,0,203.712,203.776,delivered,3,
4753,cmd,0,1,203.712,203.798,delivered,4,
4754,cmd,0,2,203.776,203.86,delivered,3,
4755,hb,3,0,203.84,203.861,delivered,1,
4756,hb,4,0,203.904,203.946,delivered,2,
4757,cmd,0,3,203.904,203.925,delivered,1,
4758,cmd,0,4,203.968,204.01,delivered,2,
4759,cmd,0,5,204.096,,expired,0,
4760,hb,1,0,204.16,204.244,delivered,4,
4761,cmd,0,1,204.16,204.266,delivered,4,
4762,hb,2,0,204.224,204.288,delivered,3,
4763,cmd,0,2,204.288,204.351,delivered,3,
4764,hb,3,0,204.352,204.374,delivered,1,
4765,cmd,0,3,204.352,204.373,delivered,1,
4766,thumb,1,0,204.416,204.562,delivered,4,
4767,hb,4,0,204.416,204.458,delivered,2,
4768,cmd,0,4,204.48,204.527,delivered,2,
4769,hb,1,0,204.608,204.692,delivered,4,
4770,cmd,0,5,204.608,,expired,0,
4771,cmd,0,1,204.672,204.756,delivered,4,
4772,hb,2,0,204.736,204.82,delivered,3,
4773,thumb,2,0,204.8,204.909,delivered,3,
4774,cmd,0,2,204.8,204.874,delivered,3,
4775,hb,3,0,204.864,204.886,delivered,1,
4776,cmd,0,3,204.864,204.885,delivered,1,
4777,hb,4,0,204.928,204.97,delivered,2,
4778,cmd,0,4,204.992,205.034,delivered,2,
4779,cmd,0,5,205.056,,expired,0,
4780,hb,1,0,205.12,205.204,delivered,4,
4781,thumb,3,0,205.12,205.156,delivered,1,
4782,cmd,0,1,205.184,205.268,delivered,4,
4783,hb,2,0,205.248,205.311,delivered,3,
4784,hb,3,0,205.312,205.334,delivered,1,
4785,cmd,0,2,205.312,205.375,delivered,3,
4786,cmd,0,3,205.376,205.397,delivered,1,
4787,hb,4,0,205.44,205.482,delivered,2,
4788,thumb,4,0,205.504,205.577,delivered,2,
4789,cmd,0,4,205.504,205.546,delivered,2,
4790,cmd,0,5,205.568,,expired,0,
4791,hb,1,0,205.632,205.716,delivered,4,
4792,cmd,0,1,205.696,205.78,delivered,4,
4793,hb,2,0,205.76,205.824,delivered,3,
4794,cmd,0,2,205.76,205.825,delivered,3,
4795,hb,3,0,205.824,205.845,delivered,1,
4796,cmd,0,3,205.888,205.909,delivered,1,
4797,hb,4,0,205.952,206.016,delivered,2,
4798,cmd,0,4,205.952,205.994,delivered,2,
4799,cmd,0,5,206.08,,expired,0,
4800,hb,1,0,206.144,206.228,delivered,4,
4801,hb,2,0,206.208,206.272,delivered,3,
4802,cmd,0,1,206.208,206.294,delivered,4,
4803,cmd,0,2,206.272,206.335,delivered,3,
4804,hb,3,0,206.336,206.357,delivered,1,
4805,thumb,1,0,206.4,206.581,delivered,4,
4806,cmd,0,3,206.4,206.421,delivered,1,
4807,hb,4,0,206.464,206.528,delivered,2,
4808,cmd,0,4,206.464,206.506,delivered,2,
4809,cmd,0,5,206.592,,expired,0,
4810,hb,1,0,206.656,206.74,delivered,4,
4811,cmd,0,1,206.656,206.762,delivered,4,
4812,hb,2,0,206.72,206.784,delivered,3,
4813,thumb,2,0,206.784,206.893,delivered,3,
4814,cmd,0,2,206.784,206.858,delivered,3,
4815,hb,3,0,206.848,206.869,delivered,1,
4816,hb,4,0,206.912,206.954,delivered,2,
4817,cmd,0,3,206.912,206.933,delivered,1,
4818,cmd,0,4,206.976,207.018,delivered,2,
4819,hb,1,0,207.104,207.188,delivered,4,
4820,cmd,0,5,207.104,,expired,0,
4821,thumb,3,0,207.168,207.206,delivered,1,
4822,cmd,0,1,207.168,207.252,delivered,4,
4823,hb,2,0,207.232,207.295,delivered,3,
4824,cmd,0,2,207.296,207.359,delivered,3,
4825,hb,3,0,207.36,207.382,delivered,1,
4826,cmd,0,3,207.36,207.381,delivered,1,
4827,hb,4,0,207.424,207.466,delivered,2,
4828,thumb,4,0,207.488,207.597,delivered,2,
4829,cmd,0,4,207.488,207.53,delivered,2,
4830,cmd,0,5,207.552,,expired,0,
4831,hb,1,0,207.616,207.7,delivered,4,
4832,cmd,0,1,207.68,207.764,delivered,4,
4833,hb,2,0,207.744,207.807,delivered,3,
4834,hb,3,0,207.808,207.83,delivered,1,
4835,cmd,0,2,207.808,207.871,delivered,3,
4836,cmd,0,3,207.872,207.893,delivered,1,
4837,hb,4,0,207.936,207.999,delivered,2,
4838,cmd,0,4,208.0,208.063,delivered,2,
4839,cmd,0,5,208.064,,expired,0,
4840,hb,1,0,208.128,208.212,delivered,4,
4841,cmd,0,1,208.192,208.276,delivered,4,
4842,hb,2,0,208.256,208.32,delivered,3,
4843,cmd,0,2,208.256,208.321,delivered,3,
4844,hb,3,0,208.32,208.341,delivered,1,
4845,thumb,1,0,208.384,208.564,delivered,4,
4846,cmd,0,3,208.384,208.405,delivered,1,
4847,hb,4,0,208.448,208.511,delivered,2,
4848,cmd,0,4,208.512,208.565,delivered,2,
4849,cmd,0,5,208.576,,expired,0,
4850,hb,1,0,208.64,208.724,delivered,4,
4851,hb,2,0,208.704,208.768,delivered,3,
4852,cmd,0,1,208.704,208.79,delivered,4,
4853,thumb,2,0,208.768,208.884,delivered,3,
4854,cmd,0,2,208.768,208.831,delivered,3,
4855,hb,3,0,208.832,208.853,delivered,1,
4856,cmd,0,3,208.896,208.917,delivered,1,
4857,hb,4,0,208.96,209.024,delivered,2,
4858,cmd,0,4,208.96,209.002,delivered,2,
4859,cmd,0,5,209.088,,expired,0,
4860,hb,1,0,209.152,209.248,delivered,4,
4861,thumb,3,0,209.152,209.226,delivered,1,
4862,cmd,0,1,209.152,209.249,delivered,4,
4863,hb,2,0,209.216,209.279,delivered,3,
4864,cmd,0,2,209.28,209.343,delivered,3,
4865,hb,3,0,209.344,209.365,delivered,1,
4866,hb,4,0,209.408,209.45,delivered,2,
4867,cmd,0,3,209.408,209.429,delivered,1,
4868,cmd,0,4,209.472,209.514,delivered,2,
4869,thumb,4,0,209.536,209.609,delivered,2,
4870,cmd,0,5,209.6,,expired,0,
4871,hb,1,0,209.664,209.748,delivered,4,
4872,cmd,0,1,209.664,209.77,delivered,4,
4873,hb,2,0,209.728,209.792,delivered,3,
4874,cmd,0,2,209.792,209.855,delivered,3,
4875,hb,3,0,209.856,209.878,delivered,1,
4876,cmd,0,3,209.856,209.898,delivered,1,
4877,hb,4,0,209.92,209.962,delivered,2,
4878,cmd,0,4,209.984,210.026,delivered,2,
4879,hb,1,0,210.112,210.196,delivered,4,
4880,cmd,0,5,210.112,,expired,0,
4881,cmd,0,1,210.176,210.26,delivered,4,
4882,hb,2,0,210.24,210.303,delivered,3,
4883,hb,3,0,210.304,210.326,delivered,1,
4884,cmd,0,2,210.304,210.367,delivered,3,
4885,cmd,0,3,210.368,210.389,delivered,1,
4886,thumb,1,0,210.432,210.578,delivered,4,
4887,hb,4,0,210.432,210.474,delivered,2,
4888,cmd,0,4,210.496,210.543,delivered,2,
4889,cmd,0,5,210.56,,expired,0,
4890,hb,1,0,210.624,210.708,delivered,4,
4891,cmd,0,1,210.688,210.772,delivered,4,
4892,hb,2,0,210.752,210.816,delivered,3,
4893,thumb,2,0,210.752,210.87,delivered,3,
4894,cmd,0,2,210.752,210.817,delivered,3,
4895,hb,3,0,210.816,210.837,delivered,1,
4896,cmd,0,3,210.88,210.901,delivered,1,
4897,hb,4,0,210.944,210.986,delivered,2,
4898,cmd,0,4,211.008,211.05,delivered,2,
4899,cmd,0,5,211.072,,expired,0,
4900,hb,1,0,211.136,211.231,delivered,4,
4901,thumb,3,0,211.136,211.209,delivered,1,
4902,cmd,0,1,211.2,211.284,delivered,4,
4903,hb,2,0,211.264,211.349,delivered,3,
4904,cmd,0,2,211.264,211.35,delivered,3,
4905,hb,3,0,211.328,211.351,delivered,1,
4906,cmd,0,3,211.392,211.413,delivered,1,
4907,hb,4,0,211.456,211.498,delivered,2,
4908,cmd,0,4,211.456,211.499,delivered,2,
4909,thumb,4,0,211.52,211.593,delivered,2,
4910,cmd,0,5,211.584,,expired,0,
4911,hb,1,0,211.648,211.732,delivered,4,
4912,hb,2,0,211.712,211.776,delivered,3,
4913,cmd,0,1,211.712,211.798,delivered,4,
4914,cmd,0,2,211.776,211.839,delivered,3,
4915,hb,3,0,211.84,211.861,delivered,1,
4916,hb,4,0,211.904,211.946,delivered,2,
4917,cmd,0,3,211.904,211.925,delivered,1,
4918,cmd,0,4,211.968,212.01,delivered,2,
4919,cmd,0,5,212.096,,expired,0,
4920,hb,1,0,212.16,212.244,delivered,4,
4921,cmd,0,1,212.16,212.266,delivered,4,
4922,hb,2,0,212.224,212.288,delivered,3,
4923,cmd,0,2,212.288,212.351,delivered,3,
4924,hb,3,0,212.352,212.374,delivered,1,
4925,cmd,0,3,212.352,212.373,delivered,1,
4926,thumb,1,0,212.416,212.562,delivered,4,
4927,hb,4,0,212.416,212.458,delivered,2,
4928,data,1,0,212.48,212.91,delivered,4,1|P4|0
4929,data,1,0,212.48,213.531,delivered,4,1|P4|1
4930,data,1,0,212.48,213.598,delivered,4,1|P4|2
4931,data,1,0,212.48,213.706,delivered,4,1|P4|3
4932,cmd,0,4,212.48,212.527,delivered,2,
4933,hb,1,0,212.608,213.218,delivered,4,
4934,cmd,0,5,212.608,,expired,0,
4935,cmd,0,1,212.672,212.939,delivered,4,
4936,hb,2,0,212.736,213.221,delivered,3,
4937,thumb,2,0,212.8,213.465,delivered,3,
4938,cmd,0,2,212.8,213.179,delivered,3,
4939,hb,3,0,212.864,212.933,delivered,1,
4940,cmd,0,3,212.864,212.932,delivered,1,
4941,hb,4,0,212.928,213.178,delivered,2,
4942,ack,0,1,212.91,213.219,delivered,4,
4943,cmd,0,4,212.992,213.034,delivered,2,
4944,cmd,0,5,213.056,,expired,0,
4945,hb,1,0,213.12,213.445,delivered,4,
4946,thumb,3,0,213.12,213.156,delivered,1,
4947,cmd,0,1,213.184,213.445,delivered,4,
4948,hb,2,0,213.248,213.448,delivered,3,
4949,data,1,0,213.312,213.922,delivered,4,1|P4|4
4950,hb,3,0,213.312,213.378,delivered,1,
4951,cmd,0,2,213.312,213.62,delivered,3,
4952,cmd,0,3,213.376,213.446,delivered,1,
4953,hb,4,0,213.44,213.621,delivered,2,
4954,thumb,4,0,213.504,213.854,delivered,2,
4955,cmd,0,4,213.504,213.6,delivered,2,
4956,cmd,0,5,213.568,,expired,0,
4957,ack,0,1,213.531,213.66,delivered,4,
4958,hb,1,0,213.632,213.837,delivered,4,
4959,ack,0,1,213.598,213.857,delivered,4,
4960,cmd,0,1,213.696,213.859,delivered,4,
4961,data,1,0,213.76,214.109,delivered,4,1|P4|5
4962,hb,2,0,213.76,214.021,delivered,3,
4963,cmd,0,2,213.76,213.856,delivered,3,
4964,ack,0,1,213.706,213.953,delivered,4,
4965,hb,3,0,213.824,213.855,delivered,1,
4966,cmd,0,3,213.888,213.923,delivered,1,
4967,data,1,0,213.952,214.296,delivered,4,1|P4|6
4968,hb,4,0,213.952,214.043,delivered,2,
4969,cmd,0,4,213.952,214.023,delivered,2,
4970,ack,0,1,213.922,214.211,delivered,4,
4971,data,1,0,214.08,214.496,delivered,4,1|P4|7
4972,cmd,0,5,214.08,,expired,0,
4973,hb,1,0,214.144,214.341,delivered,4,
4974,ack,0,1,214.109,214.32,delivered,4,
4975,hb,2,0,214.208,214.413,delivered,3,
4976,cmd,0,1,214.208,214.44,delivered,4,
4977,cmd,0,2,214.272,214.344,delivered,3,
4978,data,1,0,214.336,214.998,delivered,4,1|P4|8
4979,hb,3,0,214.336,214.411,delivered,1,
4980,ack,0,1,214.296,214.676,delivered,4,
4981,data,1,0,214.4,215.065,delivered,4,1|P4|9
4982,thumb,1,0,214.4,214.751,delivered,4,
4983,cmd,0,3,214.4,214.421,delivered,1,
4984,hb,4,0,214.464,214.544,delivered,2,
4985,cmd,0,4,214.464,214.524,delivered,2,
4986,ack,0,1,214.496,214.697,delivered,4,
4987,cmd,0,5,214.592,,expired,0,
4988,hb,1,0,214.656,214.795,delivered,4,
4989,cmd,0,1,214.656,214.773,delivered,4,
4990,hb,2,0,214.72,214.93,delivered,3,
4991,data,1,0,214.784,215.416,delivered,4,1|P4|10
4992,data,1,0,214.784,215.573,delivered,4,1|P4|11
4993,thumb,2,0,214.784,215.263,delivered,3,
4994,cmd,0,2,214.784,215.124,delivered,3,
4995,hb,3,0,214.848,214.931,delivered,1,
4996,hb,4,0,214.912,215.164,delivered,2,
4997,cmd,0,3,214.912,214.999,delivered,1,
4998,cmd,0,4,214.976,215.123,delivered,2,
4999,ack,0,1,214.998,215.167,delivered,4,
5000,hb,1,0,215.104,215.228,delivered,4,
5001,cmd,0,5,215.104,,expired,0,
5002,ack,0,1,215.065,215.188,delivered,4,
5003,thumb,3,0,215.168,215.206,delivered,1,
5004,cmd,0,1,215.168,215.486,delivered,4,
5005,data,1,0,215.232,215.828,delivered,4,1|P4|12
5006,hb,2,0,215.232,215.64,delivered,3,
5007,data,1,0,215.296,216.007,delivered,4,1|P4|13
5008,cmd,0,2,215.296,215.622,delivered,3,
5009,hb,3,0,215.36,215.418,delivered,1,
5010,cmd,0,3,215.36,215.417,delivered,1,
5011,hb,4,0,215.424,215.507,delivered,2,
5012,ack,0,1,215.416,215.643,delivered,4,
5013,thumb,4,0,215.488,215.937,delivered,2,
5014,cmd,0,4,215.488,215.62,delivered,2,
5015,cmd,0,5,215.552,,expired,0,
5016,hb,1,0,215.616,215.833,delivered,4,
5017,ack,0,1,215.573,215.833,delivered,4,
5018,cmd,0,1,215.68,215.853,delivered,4,
5019,data,1,0,215.744,216.162,delivered,4,1|P4|14
5020,hb,2,0,215.744,215.92,delivered,3,
5021,hb,3,0,215.808,215.83,delivered,1,
5022,cmd,0,2,215.808,216.078,delivered,3,
5023,cmd,0,3,215.872,215.893,delivered,1,
5024,ack,0,1,215.828,216.076,delivered,4,
5025,data,1,0,215.936,216.316,delivered,4,1|P4|15
5026,hb,4,0,215.936,216.077,delivered,2,
5027,cmd,0,4,216.0,216.079,delivered,2,
5028,cmd,0,5,216.064,,expired,0,
5029,ack,0,1,216.007,216.339,delivered,4,
5030,hb,1,0,216.128,216.364,delivered,4,
5031,data,1,0,216.192,216.673,delivered,4,1|P4|16
5032,cmd,0,1,216.192,216.362,delivered,4,
5033,ack,0,1,216.162,216.45,delivered,4,
5034,hb,2,0,216.256,216.384,delivered,3,
5035,cmd,0,2,216.256,216.451,delivered,3,
5036,hb,3,0,216.32,216.342,delivered,1,
5037,ack,0,1,216.316,216.588,delivered,4,
5038,thumb,1,0,216.384,216.603,delivered,4,
5039,cmd,0,3,216.384,216.405,delivered,1,
5040,data,1,0,216.448,216.826,delivered,4,1|P4|17
5041,hb,4,0,216.448,216.504,delivered,2,
5042,cmd,0,4,216.512,216.605,delivered,2,
5043,data,1,0,216.576,217.297,delivered,4,1|P4|18
5044,cmd,0,5,216.576,,expired,0,
5045,hb,1,0,216.64,217.04,delivered,4,
5046,data,1,0,216.704,217.363,delivered,4,1|P4|19
5047,hb,2,0,216.704,216.869,delivered,3,
5048,cmd,0,1,216.704,217.018,delivered,4,
5049,ack,0,1,216.673,217.061,delivered,4,
5050,thumb,2,0,216.768,217.147,delivered,3,
5051,cmd,0,2,216.768,217.042,delivered,3,
5052,hb,3,0,216.832,216.853,delivered,1,
5053,ack,0,1,216.826,217.131,delivered,4,
5054,cmd,0,3,216.896,216.917,delivered,1,
5055,hb,4,0,216.96,217.064,delivered,2,
5056,cmd,0,4,216.96,217.002,delivered,2,
5057,cmd,0,5,217.088,,expired,0,
5058,hb,1,0,217.152,217.635,delivered,4,
5059,data,1,0,217.152,217.922,delivered,4,1|P4|20
5060,thumb,3,0,217.152,217.229,delivered,1,
5061,cmd,0,1,217.152,217.414,delivered,4,
5062,data,1,0,217.216,217.994,delivered,4,1|P4|21
5063,hb,2,0,217.216,217.434,delivered,3,
5064,cmd,0,2,217.28,217.415,delivered,3,
5065,hb,3,0,217.344,217.365,delivered,1,
5066,ack,0,1,217.297,217.618,delivered,4,
5067,hb,4,0,217.408,217.618,delivered,2,
5068,cmd,0,3,217.408,217.429,delivered,1,
5069,ack,0,1,217.363,217.635,delivered,4,
5070,cmd,0,4,217.472,217.549,delivered,2,
5071,thumb,4,0,217.536,217.72,delivered,2,
5072,cmd,0,5,217.6,,expired,0,
5073,hb,1,0,217.664,218.132,delivered,4,
5074,cmd,0,1,217.664,217.995,delivered,4,
5075,data,1,0,217.728,218.217,delivered,4,1|P4|22
5076,data,1,0,217.728,218.416,delivered,4,1|P4|23
5077,hb,2,0,217.728,217.994,delivered,3,
5078,cmd,0,2,217.792,218.065,delivered,3,
5079,hb,3,0,217.856,217.924,delivered,1,
5080,cmd,0,3,217.856,217.924,delivered,1,
5081,hb,4,0,217.92,218.016,delivered,2,
5082,cmd,0,4,217.984,218.064,delivered,2,
5083,ack,0,1,217.922,218.154,delivered,4,
5084,ack,0,1,217.994,218.239,delivered,4,
5085,hb,1,0,218.112,218.262,delivered,4,
5086,cmd,0,5,218.112,,expired,0,
5087,cmd,0,1,218.176,218.418,delivered,4,
5088,data,1,0,218.24,218.77,delivered,4,1|P4|24
5089,hb,2,0,218.24,218.44,delivered,3,
5090,ack,0,1,218.217,218.419,delivered,4,
5091,data,1,0,218.304,218.837,delivered,4,1|P4|25
5092,hb,3,0,218.304,218.328,delivered,1,
5093,cmd,0,2,218.304,218.417,delivered,3,
5094,cmd,0,3,218.368,218.417,delivered,1,
5095,thumb,1,0,218.432,219.061,delivered,4,
5096,hb,4,0,218.432,218.637,delivered,2,
5097,ack,0,1,218.416,218.637,delivered,4,
5098,data,1,0,218.496,219.295,delivered,4,1|P4|26
5099,cmd,0,4,218.496,218.57,delivered,2,
5100,cmd,0,5,218.56,,expired,0,
5101,hb,1,0,218.624,218.899,delivered,4,
5102,cmd,0,1,218.688,218.963,delivered,4,
5103,data,1,0,218.752,219.463,delivered,4,1|P4|27
5104,hb,2,0,218.752,218.9,delivered,3,
5105,thumb,2,0,218.752,219.211,delivered,3,
5106,cmd,0,2,218.752,218.964,delivered,3,
5107,hb,3,0,218.816,218.86,delivered,1,
5108,ack,0,1,218.77,219.008,delivered,4,
5109,cmd,0,3,218.88,218.902,delivered,1,
5110,ack,0,1,218.837,219.042,delivered,4,
5111,hb,4,0,218.944,218.986,delivered,2,
5112,cmd,0,4,219.008,219.128,delivered,2,
5113,data,1,0,219.072,219.53,delivered,4,1|P4|28
5114,cmd,0,5,219.072,,expired,0,
5115,hb,1,0,219.136,219.602,delivered,4,
5116,data,1,0,219.136,219.729,delivered,4,1|P4|29
5117,thumb,3,0,219.136,219.227,delivered,1,
5118,cmd,0,1,219.2,219.463,delivered,4,
5119,hb,2,0,219.264,219.621,delivered,3,
5120,cmd,0,2,219.264,219.534,delivered,3,
5121,hb,3,0,219.328,219.394,delivered,1,
5122,ack,0,1,219.295,219.601,delivered,4,
5123,cmd,0,3,219.392,219.464,delivered,1,
5124,hb,4,0,219.456,219.62,delivered,2,
5125,cmd,0,4,219.456,219.619,delivered,2,
5126,thumb,4,0,219.52,219.659,delivered,2,
5127,ack,0,1,219.463,219.663,delivered,4,
5128,cmd,0,5,219.584,,expired,0,
5129,ack,0,1,219.53,219.684,delivered,4,
5130,hb,1,0,219.648,219.751,delivered,4,
5131,data,1,0,219.712,220.259,delivered,4,1|P4|30
5132,hb,2,0,219.712,219.996,delivered,3,
5133,cmd,0,1,219.712,219.933,delivered,4,
5134,data,1,0,219.776,220.487,delivered,4,1|P4|31
5135,data,1,0,219.776,220.842,delivered,4,1|P4|32
5136,cmd,0,2,219.776,219.839,delivered,3,
5137,ack,0,1,219.729,219.954,delivered,4,
5138,hb,3,0,219.84,219.861,delivered,1,
5139,hb,4,0,219.904,219.953,delivered,2,
5140,cmd,0,3,219.904,219.925,delivered,1,
5141,cmd,0,4,219.968,220.01,delivered,2,
5142,data,1,0,220.032,220.933,delivered,4,1|P4|33
5143,cmd,0,5,220.096,,expired,0,
5144,hb,1,0,220.16,220.42,delivered,4,
5145,cmd,0,1,220.16,220.396,delivered,4,
5146,hb,2,0,220.224,220.418,delivered,3,
5147,cmd,0,2,220.288,220.419,delivered,3,
5148,ack,0,1,220.259,220.508,delivered,4,
5149,hb,3,0,220.352,220.374,delivered,1,
5150,cmd,0,3,220.352,220.373,delivered,1,
5151,thumb,1,0,220.416,220.624,delivered,4,
5152,hb,4,0,220.416,220.541,delivered,2,
5153,cmd,0,4,220.48,220.522,delivered,2,
5154,ack,0,1,220.487,220.866,delivered,4,
5155,hb,1,0,220.608,220.936,delivered,4,
5156,data,1,0,220.608,221.147,delivered,4,1|P4|34
5157,cmd,0,5,220.608,,expired,0,
5158,cmd,0,1,220.672,220.959,delivered,4,
5159,hb,2,0,220.736,220.957,delivered,3,
5160,thumb,2,0,220.8,221.081,delivered,3,
5161,cmd,0,2,220.8,220.939,delivered,3,
5162,hb,3,0,220.864,220.935,delivered,1,
5163,cmd,0,3,220.864,220.958,delivered,1,
5164,ack,0,1,220.842,221.079,delivered,4,
5165,hb,4,0,220.928,221.043,delivered,2,
5166,data,1,0,220.992,221.337,delivered,4,1|P4|35
5167,cmd,0,4,220.992,221.045,delivered,2,
5168,ack,0,1,220.933,221.185,delivered,4,
5169,cmd,0,5,221.056,,expired,0,
5170,hb,1,0,221.12,221.449,delivered,4,
5171,thumb,3,0,221.12,221.163,delivered,1,
5172,data,1,0,221.184,221.584,delivered,4,1|P4|36
5173,cmd,0,1,221.184,221.45,delivered,4,
5174,ack,0,1,221.147,221.451,delivered,4,
5175,hb,2,0,221.248,221.452,delivered,3,
5176,data,1,0,221.312,221.758,delivered,4,1|P4|37
5177,hb,3,0,221.312,221.339,delivered,1,
5178,cmd,0,2,221.312,221.451,delivered,3,
5179,cmd,0,3,221.376,221.45,delivered,1,
5180,ack,0,1,221.337,221.673,delivered,4,
5181,hb,4,0,221.44,221.586,delivered,2,
5182,thumb,4,0,221.504,221.689,delivered,2,
5183,cmd,0,4,221.504,221.606,delivered,2,
5184,data,1,0,221.568,221.977,delivered,4,1|P4|38
5185,cmd,0,5,221.568,,expired,0,
5186,hb,1,0,221.632,221.78,delivered,4,
5187,ack,0,1,221.584,221.892,delivered,4,
5188,cmd,0,1,221.696,221.893,delivered,4,
5189,data,1,0,221.76,222.239,delivered,4,1|P4|39
5190,hb,2,0,221.76,222.068,delivered,3,
5191,cmd,0,2,221.76,221.824,delivered,3,
5192,ack,0,1,221.758,221.894,delivered,4,
5193,hb,3,0,221.824,221.892,delivered,1,
5194,cmd,0,3,221.888,221.909,delivered,1,
5195,hb,4,0,221.952,221.999,delivered,2,
5196,cmd,0,4,221.952,222.001,delivered,2,
5197,data,1,0,222.016,222.499,delivered,4,1|P4|40
5198,data,1,0,222.016,222.768,delivered,4,1|P4|41
5199,ack,0,1,221.977,222.174,delivered,4,
5200,cmd,0,5,222.08,,expired,0,
5201,hb,1,0,222.144,222.279,delivered,4,
5202,hb,2,0,222.208,222.346,delivered,3,
5203,cmd,0,1,222.208,222.415,delivered,4,
5204,data,1,0,222.272,222.92,delivered,4,1|P4|42
5205,cmd,0,2,222.272,222.347,delivered,3,
5206,ack,0,1,222.239,222.498,delivered,4,
5207,hb,3,0,222.336,222.414,delivered,1,
5208,thumb,1,0,222.4,222.701,delivered,4,
5209,cmd,0,3,222.4,222.421,delivered,1,
5210,hb,4,0,222.464,222.521,delivered,2,
5211,cmd,0,4,222.464,222.601,delivered,2,
5212,ack,0,1,222.499,222.943,delivered,4,
5213,data,1,0,222.592,223.198,delivered,4,1|P4|43
5214,cmd,0,5,222.592,,expired,0,
5215,hb,1,0,222.656,223.004,delivered,4,
5216,cmd,0,1,222.656,222.967,delivered,4,
5217,hb,2,0,222.72,222.986,delivered,3,
5218,thumb,2,0,222.784,223.129,delivered,3,
5219,cmd,0,2,222.784,222.986,delivered,3,
5220,ack,0,1,222.768,223.046,delivered,4,
5221,hb,3,0,222.848,222.922,delivered,1,
5222,hb,4,0,222.912,223.006,delivered,2,
5223,cmd,0,3,222.912,222.933,delivered,1,
5224,cmd,0,4,222.976,223.027,delivered,2,
5225,ack,0,1,222.92,223.3,delivered,4,
5226,data,1,0,223.04,223.384,delivered,4,1|P4|44
5227,hb,1,0,223.104,223.408,delivered,4,
5228,cmd,0,5,223.104,,expired,0,
5229,data,1,0,223.168,223.626,delivered,4,1|P4|45
5230,thumb,3,0,223.168,223.216,delivered,1,
5231,cmd,0,1,223.168,223.41,delivered,4,
5232,hb,2,0,223.232,223.521,delivered,3,
5233,ack,0,1,223.198,223.432,delivered,4,
5234,cmd,0,2,223.296,223.434,delivered,3,
5235,hb,3,0,223.36,223.386,delivered,1,
5236,cmd,0,3,223.36,223.385,delivered,1,
5237,hb,4,0,223.424,223.523,delivered,2,
5238,ack,0,1,223.384,223.542,delivered,4,
5239,thumb,4,0,223.488,223.643,delivered,2,
5240,cmd,0,4,223.488,223.56,delivered,2,
5241,cmd,0,5,223.552,,expired,0,
5242,hb,1,0,223.616,223.7,delivered,4,
5243,cmd,0,1,223.68,223.764,delivered,4,
5244,ack,0,1,223.626,223.786,delivered,4,
5245,hb,2,0,223.744,223.808,delivered,3,
5246,hb,3,0,223.808,223.83,delivered,1,
5247,cmd,0,2,223.808,223.871,delivered,3,
5248,cmd,0,3,223.872,223.893,delivered,1,
5249,hb,4,0,223.936,223.978,delivered,2,
5250,cmd,0,4,224.0,224.042,delivered,2,
5251,cmd,0,5,224.064,,expired,0,
5252,hb,1,0,224.128,224.212,delivered,4,
5253,cmd,0,1,224.192,224.276,delivered,4,
5254,hb,2,0,224.256,224.32,delivered,3,
5255,cmd,0,2,224.256,224.321,delivered,3,
5256,hb,3,0,224.32,224.341,delivered,1,
5257,thumb,1,0,224.384,224.543,delivered,4,
5258,cmd,0,3,224.384,224.405,delivered,1,
5259,hb,4,0,224.448,224.49,delivered,2,
5260,cmd,0,4,224.512,224.565,delivered,2,
5261,cmd,0,5,224.576,,expired,0,
5262,hb,1,0,224.64,224.724,delivered,4,
5263,hb,2,0,224.704,224.768,delivered,3,
5264,cmd,0,1,224.704,224.79,delivered,4,
5265,thumb,2,0,224.768,224.921,delivered,3,
5266,cmd,0,2,224.768,224.831,delivered,3,
5267,hb,3,0,224.832,224.853,delivered,1,
5268,cmd,0,3,224.896,224.922,delivered,1,
5269,hb,4,0,224.96,225.002,delivered,2,
5270,cmd,0,4,224.96,225.003,delivered,2,
5271,cmd,0,5,225.088,,expired,0,
5272,hb,1,0,225.152,225.236,delivered,4,
5273,thumb,3,0,225.152,225.19,delivered,1,
5274,cmd,0,1,225.152,225.258,delivered,4,
5275,hb,2,0,225.216,225.28,delivered,3,
5276,cmd,0,2,225.28,225.343,delivered,3,
5277,hb,3,0,225.344,225.365,delivered,1,
5278,hb,4,0,225.408,225.45,delivered,2,
5279,cmd,0,3,225.408,225.429,delivered,1,
5280,cmd,0,4,225.472,225.514,delivered,2,
5281,thumb,4,0,225.536,225.609,delivered,2,
5282,cmd,0,5,225.6,,expired,0,
5283,hb,1,0,225.664,225.748,delivered,4,
5284,cmd,0,1,225.664,225.77,delivered,4,
5285,hb,2,0,225.728,225.792,delivered,3,
5286,cmd,0,2,225.792,225.876,delivered,3,
5287,hb,3,0,225.856,225.878,delivered,1,
5288,cmd,0,3,225.856,225.877,delivered,1,
5289,hb,4,0,225.92,225.962,delivered,2,
5290,cmd,0,4,225.984,226.026,delivered,2,
5291,hb,1,0,226.112,226.196,delivered,4,
5292,cmd,0,5,226.112,,expired,0,
5293,cmd,0,1,226.176,226.26,delivered,4,
5294,hb,2,0,226.24,226.303,delivered,3,
5295,hb,3,0,226.304,226.326,delivered,1,
5296,cmd,0,2,226.304,226.367,delivered,3,
5297,cmd,0,3,226.368,226.389,delivered,1,
5298,thumb,1,0,226.432,226.578,delivered,4,
5299,hb,4,0,226.432,226.474,delivered,2,
5300,cmd,0,4,226.496,226.543,delivered,2,
5301,cmd,0,5,226.56,,expired,0,
5302,hb,1,0,226.624,226.708,delivered,4,
5303,cmd,0,1,226.688,226.772,delivered,4,
5304,hb,2,0,226.752,226.816,delivered,3,
5305,thumb,2,0,226.752,226.87,delivered,3,
5306,cmd,0,2,226.752,226.817,delivered,3,
5307,hb,3,0,226.816,226.837,delivered,1,
5308,cmd,0,3,226.88,226.901,delivered,1,
5309,hb,4,0,226.944,227.007,delivered,2,
5310,cmd,0,4,227.008,227.071,delivered,2,
5311,cmd,0,5,227.072,,expired,0,
5312,hb,1,0,227.136,227.22,delivered,4,
5313,thumb,3,0,227.136,227.172,delivered,1,
5314,cmd,0,1,227.2,227.305,delivered,4,
5315,hb,2,0,227.264,227.328,delivered,3,
5316,cmd,0,2,227.264,227.329,delivered,3,
5317,hb,3,0,227.328,227.349,delivered,1,
5318,cmd,0,3,227.392,227.413,delivered,1,
5319,hb,4,0,227.456,227.498,delivered,2,
5320,cmd,0,4,227.456,227.499,delivered,2,
5321,thumb,4,0,227.52,227.593,delivered,2,
5322,cmd,0,5,227.584,,expired,0,
5323,hb,1,0,227.648,227.732,delivered,4,
5324,hb,2,0,227.712,227.776,delivered,3,
5325,cmd,0,1,227.712,227.798,delivered,4,
5326,cmd,0,2,227.776,227.839,delivered,3,
5327,hb,3,0,227.84,227.861,delivered,1,
5328,hb,4,0,227.904,227.946,delivered,2,
5329,cmd,0,3,227.904,227.925,delivered,1,
5330,cmd,0,4,227.968,228.01,delivered,2,
5331,cmd,0,5,228.096,,expired,0,
5332,hb,1,0,228.16,228.244,delivered,4,
5333,cmd,0,1,228.16,228.266,delivered,4,
5334,hb,2,0,228.224,228.288,delivered,3,
5335,cmd,0,2,228.288,228.351,delivered,3,
5336,hb,3,0,228.352,228.374,delivered,1,
5337,cmd,0,3,228.352,228.373,delivered,1,
5338,thumb,1,0,228.416,228.562,delivered,4,
5339,hb,4,0,228.416,228.458,delivered,2,
5340,cmd,0,4,228.48,228.527,delivered,2,
5341,hb,1,0,228.608,228.692,delivered,4,
5342,cmd,0,5,228.608,,expired,0,
5343,cmd,0,1,228.672,228.799,delivered,4,
5344,hb,2,0,228.736,228.799,delivered,3,
5345,thumb,2,0,228.8,228.909,delivered,3,
5346,cmd,0,2,228.8,228.874,delivered,3,
5347,hb,3,0,228.864,228.886,delivered,1,
5348,cmd,0,3,228.864,228.885,delivered,1,
5349,hb,4,0,228.928,228.97,delivered,2,
5350,cmd,0,4,228.992,229.034,delivered,2,
5351,cmd,0,5,229.056,,expired,0,
5352,hb,1,0,229.12,229.204,delivered,4,
5353,thumb,3,0,229.12,229.156,delivered,1,
5354,cmd,0,1,229.184,229.268,delivered,4,
5355,hb,2,0,229.248,229.311,delivered,3,
5356,hb,3,0,229.312,229.334,delivered,1,
5357,cmd,0,2,229.312,229.375,delivered,3,
5358,cmd,0,3,229.376,229.397,delivered,1,
5359,hb,4,0,229.44,229.503,delivered,2,
5360,thumb,4,0,229.504,229.577,delivered,2,
5361,cmd,0,4,229.504,229.578,delivered,2,
5362,cmd,0,5,229.568,,expired,0,
5363,hb,1,0,229.632,229.716,delivered,4,
5364,cmd,0,1,229.696,229.78,delivered,4,
5365,hb,2,0,229.76,229.824,delivered,3,
5366,cmd,0,2,229.76,229.825,delivered,3,
5367,hb,3,0,229.824,229.845,delivered,1,
5368,cmd,0,3,229.888,229.909,delivered,1,
5369,hb,4,0,229.952,229.994,delivered,2,
5370,cmd,0,4,229.952,230.016,delivered,2,
5371,cmd,0,5,230.08,,expired,0,
5372,hb,1,0,230.144,230.228,delivered,4,
5373,hb,2,0,230.208,230.272,delivered,3,
5374,cmd,0,1,230.208,230.294,delivered,4,
5375,cmd,0,2,230.272,230.335,delivered,3,
5376,hb,3,0,230.336,230.357,delivered,1,
5377,thumb,1,0,230.4,230.559,delivered,4,
5378,cmd,0,3,230.4,230.421,delivered,1,
5379,hb,4,0,230.464,230.506,delivered,2,
5380,cmd,0,4,230.464,230.523,delivered,2,
5381,cmd,0,5,230.592,,expired,0,
5382,hb,1,0,230.656,230.74,delivered,4,
5383,cmd,0,1,230.656,230.762,delivered,4,
5384,hb,2,0,230.72,230.784,delivered,3,
5385,thumb,2,0,230.784,230.93,delivered,3,
5386,cmd,0,2,230.784,230.858,delivered,3,
5387,hb,3,0,230.848,230.869,delivered,1,
5388,hb,4,0,230.912,230.955,delivered,2,
5389,cmd,0,3,230.912,230.954,delivered,1,
5390,cmd,0,4,230.976,231.018,delivered,2,
5391,hb,1,0,231.104,231.188,delivered,4,
5392,cmd,0,5,231.104,,expired,0,
5393,thumb,3,0,231.168,231.206,delivered,1,
5394,cmd,0,1,231.168,231.252,delivered,4,
5395,hb,2,0,231.232,231.295,delivered,3,
5396,cmd,0,2,231.296,231.359,delivered,3,
5397,hb,3,0,231.36,231.382,delivered,1,
5398,cmd,0,3,231.36,231.381,delivered,1,
5399,hb,4,0,231.424,231.466,delivered,2,
5400,thumb,4,0,231.488,231.561,delivered,2,
5401,cmd,0,4,231.488,231.53,delivered,2,
5402,cmd,0,5,231.552,,expired,0,
5403,hb,1,0,231.616,231.7,delivered,4,
5404,cmd,0,1,231.68,231.764,delivered,4,
5405,hb,2,0,231.744,231.807,delivered,3,
5406,hb,3,0,231.808,231.83,delivered,1,
5407,cmd,0,2,231.808,231.871,delivered,3,
5408,cmd,0,3,231.872,231.893,delivered,1,
5409,hb,4,0,231.936,231.999,delivered,2,
5410,cmd,0,4,232.0,232.042,delivered,2,
5411,cmd,0,5,232.064,,expired,0,
5412,hb,1,0,232.128,232.212,delivered,4,
5413,cmd,0,1,232.192,232.276,delivered,4,
5414,hb,2,0,232.256,232.32,delivered,3,
5415,cmd,0,2,232.256,232.321,delivered,3,
5416,hb,3,0,232.32,232.341,delivered,1,
5417,thumb,1,0,232.384,232.543,delivered,4,
5418,cmd,0,3,232.384,232.405,delivered,1,
5419,hb,4,0,232.448,232.49,delivered,2,
5420,cmd,0,4,232.512,232.565,delivered,2,
5421,cmd,0,5,232.576,,expired,0,
5422,hb,1,0,232.64,232.724,delivered,4,
5423,hb,2,0,232.704,232.768,delivered,3,
5424,cmd,0,1,232.704,232.811,delivered,4,
5425,thumb,2,0,232.768,232.901,delivered,3,
5426,cmd,0,2,232.768,232.831,delivered,3,
5427,hb,3,0,232.832,232.865,delivered,1,
5428,cmd,0,3,232.896,232.917,delivered,1,
5429,hb,4,0,232.96,233.002,delivered,2,
5430,cmd,0,4,232.96,233.003,delivered,2,
5431,cmd,0,5,233.088,,expired,0,
5432,hb,1,0,233.152,233.236,delivered,4,
5433,thumb,3,0,233.152,233.19,delivered,1,
5434,cmd,0,1,233.152,233.258,delivered,4,
5435,hb,2,0,233.216,233.28,delivered,3,
5436,cmd,0,2,233.28,233.343,delivered,3,
5437,hb,3,0,233.344,233.365,delivered,1,
5438,hb,4,0,233.408,233.471,delivered,2,
5439,cmd,0,3,233.408,233.429,delivered,1,
5440,cmd,0,4,233.472,233.514,delivered,2,
5441,thumb,4,0,233.536,233.609,delivered,2,
5442,cmd,0,5,233.6,,expired,0,
5443,hb,1,0,233.664,233.748,delivered,4,
5444,cmd,0,1,233.664,233.77,delivered,4,
5445,hb,2,0,233.728,233.792,delivered,3,
5446,cmd,0,2,233.792,233.855,delivered,3,
5447,hb,3,0,233.856,233.878,delivered,1,
5448,cmd,0,3,233.856,233.877,delivered,1,
5449,hb,4,0,233.92,233.962,delivered,2,
5450,cmd,0,4,233.984,234.026,delivered,2,
5451,hb,1,0,234.112,234.196,delivered,4,
5452,cmd,0,5,234.112,,expired,0,
5453,cmd,0,1,234.176,234.26,delivered,4,
5454,hb,2,0,234.24,234.303,delivered,3,
5455,hb,3,0,234.304,234.326,delivered,1,
5456,cmd,0,2,234.304,234.367,delivered,3,
5457,cmd,0,3,234.368,234.389,delivered,1,
5458,thumb,1,0,234.432,234.614,delivered,4,
5459,hb,4,0,234.432,234.474,delivered,2,
5460,cmd,0,4,234.496,234.543,delivered,2,
5461,cmd,0,5,234.56,,expired,0,
5462,hb,1,0,234.624,234.708,delivered,4,
5463,cmd,0,1,234.688,234.772,delivered,4,
5464,hb,2,0,234.752,234.833,delivered,3,
5465,thumb,2,0,234.752,234.868,delivered,3,
5466,cmd,0,2,234.752,234.836,delivered,3,
5467,hb,3,0,234.816,234.837,delivered,1,
5468,cmd,0,3,234.88,234.901,delivered,1,
5469,hb,4,0,234.944,234.986,delivered,2,
5470,cmd,0,4,235.008,235.05,delivered,2,
5471,cmd,0,5,235.072,,expired,0,
5472,hb,1,0,235.136,235.22,delivered,4,
5473,thumb,3,0,235.136,235.172,delivered,1,
5474,cmd,0,1,235.2,235.284,delivered,4,
5475,hb,2,0,235.264,235.328,delivered,3,
5476,cmd,0,2,235.264,235.329,delivered,3,
5477,hb,3,0,235.328,235.349,delivered,1,
5478,cmd,0,3,235.392,235.413,delivered,1,
5479,hb,4,0,235.456,235.498,delivered,2,
5480,cmd,0,4,235.456,235.499,delivered,2,
5481,thumb,4,0,235.52,235.629,delivered,2,
5482,cmd,0,5,235.584,,expired,0,
5483,hb,1,0,235.648,235.752,delivered,4,
5484,hb,2,0,235.712,235.775,delivered,3,
5485,cmd,0,1,235.712,235.818,delivered,4,
5486,cmd,0,2,235.776,235.839,delivered,3,
5487,hb,3,0,235.84,235.882,delivered,1,
5488,hb,4,0,235.904,235.946,delivered,2,
5489,cmd,0,3,235.904,235.925,delivered,1,
5490,cmd,0,4,235.968,236.01,delivered,2,
5491,cmd,0,5,236.096,,expired,0,
5492,hb,1,0,236.16,236.244,delivered,4,
5493,cmd,0,1,236.16,236.266,delivered,4,
5494,hb,2,0,236.224,236.288,delivered,3,
5495,cmd,0,2,236.288,236.351,delivered,3,
5496,hb,3,0,236.352,236.374,delivered,1,
5497,cmd,0,3,236.352,236.373,delivered,1,
5498,thumb,1,0,236.416,236.564,delivered,4,
5499,hb,4,0,236.416,236.458,delivered,2,
5500,cmd,0,4,236.48,236.569,delivered,2,
5501,hb,1,0,236.608,236.692,delivered,4,
5502,cmd,0,5,236.608,,expired,0,
5503,cmd,0,1,236.672,236.756,delivered,4,
5504,hb,2,0,236.736,236.82,delivered,3,
5505,thumb,2,0,236.8,236.912,delivered,3,
5506,cmd,0,2,236.8,236.895,delivered,3,
5507,hb,3,0,236.864,236.886,delivered,1,
5508,cmd,0,3,236.864,236.885,delivered,1,
5509,hb,4,0,236.928,236.97,delivered,2,
5510,cmd,0,4,236.992,237.034,delivered,2,
5511,cmd,0,5,237.056,,expired,0,
5512,hb,1,0,237.12,237.204,delivered,4,
5513,thumb,3,0,237.12,237.156,delivered,1,
5514,cmd,0,1,237.184,237.289,delivered,4,
5515,hb,2,0,237.248,237.311,delivered,3,
5516,hb,3,0,237.312,237.334,delivered,1,
5517,cmd,0,2,237.312,237.375,delivered,3,
5518,cmd,0,3,237.376,237.397,delivered,1,
5519,hb,4,0,237.44,237.482,delivered,2,
5520,thumb,4,0,237.504,237.577,delivered,2,
5521,cmd,0,4,237.504,237.546,delivered,2,
5522,cmd,0,5,237.568,,expired,0,
5523,hb,1,0,237.632,237.716,delivered,4,
5524,cmd,0,1,237.696,237.78,delivered,4,
5525,hb,2,0,237.76,237.824,delivered,3,
5526,cmd,0,2,237.76,237.825,delivered,3,
5527,hb,3,0,237.824,237.845,delivered,1,
5528,cmd,0,3,237.888,237.909,delivered,1,
5529,hb,4,0,237.952,237.994,delivered,2,
5530,cmd,0,4,237.952,237.995,delivered,2,
5531,cmd,0,5,238.08,,expired,0,
5532,hb,1,0,238.144,238.228,delivered,4,
5533,hb,2,0,238.208,238.294,delivered,3,
5534,cmd,0,1,238.208,238.294,delivered,4,
5535,cmd,0,2,238.272,238.335,delivered,3,
5536,hb,3,0,238.336,238.357,delivered,1,
5537,thumb,1,0,238.4,238.559,delivered,4,
5538,cmd,0,3,238.4,238.421,delivered,1,
5539,hb,4,0,238.464,238.506,delivered,2,
5540,cmd,0,4,238.464,238.523,delivered,2,
5541,cmd,0,5,238.592,,expired,0,
5542,hb,1,0,238.656,238.764,delivered,4,
5543,cmd,0,1,238.656,238.741,delivered,4,
5544,hb,2,0,238.72,238.785,delivered,3,
5545,thumb,2,0,238.784,238.893,delivered,3,
5546,cmd,0,2,238.784,238.858,delivered,3,
5547,hb,3,0,238.848,238.869,delivered,1,
5548,hb,4,0,238.912,238.975,delivered,2,
5549,cmd,0,3,238.912,238.933,delivered,1,
5550,cmd,0,4,238.976,239.039,delivered,2,
5551,hb,1,0,239.104,239.188,delivered,4,
5552,cmd,0,5,239.104,,expired,0,
5553,thumb,3,0,239.168,239.206,delivered,1,
5554,cmd,0,1,239.168,239.252,delivered,4,
5555,hb,2,0,239.232,239.295,delivered,3,
5556,cmd,0,2,239.296,239.359,delivered,3,
5557,hb,3,0,239.36,239.382,delivered,1,
5558,cmd,0,3,239.36,239.381,delivered,1,
5559,hb,4,0,239.424,239.466,delivered,2,
5560,thumb,4,0,239.488,239.561,delivered,2,
5561,cmd,0,4,239.488,239.53,delivered,2,
5562,cmd,0,5,239.552,,expired,0,
5563,hb,1,0,239.616,239.7,delivered,4,
5564,cmd,0,1,239.68,239.807,delivered,4,
5565,hb,2,0,239.744,239.828,delivered,3,
5566,hb,3,0,239.808,239.83,delivered,1,
5567,cmd,0,2,239.808,239.872,delivered,3,
5568,cmd,0,3,239.872,239.893,delivered,1,
5569,hb,4,0,239.936,239.978,delivered,2,
5570,cmd,0,4,240.0,240.042,delivered,2,
5571,cmd,0,5,240.064,,expired,0,
5572,hb,1,0,240.128,240.212,delivered,4,
5573,cmd,0,1,240.192,240.276,delivered,4,
5574,hb,2,0,240.256,240.32,delivered,3,
5575,cmd,0,2,240.256,240.321,delivered,3,
5576,hb,3,0,240.32,240.341,delivered,1,
5577,thumb,1,0,240.384,240.543,delivered,4,
5578,cmd,0,3,240.384,240.405,delivered,1,
5579,hb,4,0,240.448,240.49,delivered,2,
5580,cmd,0,4,240.512,240.565,delivered,2,
5581,cmd,0,5,240.576,,expired,0,
5582,hb,1,0,240.64,240.724,delivered,4,
5583,hb,2,0,240.704,240.768,delivered,3,
5584,cmd,0,1,240.704,240.79,delivered,4,
5585,thumb,2,0,240.768,240.884,delivered,3,
5586,cmd,0,2,240.768,240.831,delivered,3,
5587,hb,3,0,240.832,240.853,delivered,1,
5588,cmd,0,3,240.896,240.917,delivered,1,
5589,hb,4,0,240.96,241.024,delivered,2,
5590,cmd,0,4,240.96,241.002,delivered,2,
5591,cmd,0,5,241.088,,expired,0,
5592,hb,1,0,241.152,241.236,delivered,4,
5593,thumb,3,0,241.152,241.19,delivered,1,
5594,cmd,0,1,241.152,241.258,delivered,4,
5595,hb,2,0,241.216,241.28,delivered,3,
5596,cmd,0,2,241.28,241.343,delivered,3,
5597,hb,3,0,241.344,241.365,delivered,1,
5598,hb,4,0,241.408,241.45,delivered,2,
5599,cmd,0,3,241.408,241.429,delivered,1,
5600,cmd,0,4,241.472,241.514,delivered,2,
5601,thumb,4,0,241.536,241.609,delivered,2,
5602,cmd,0,5,241.6,,expired,0,
5603,hb,1,0,241.664,241.749,delivered,4,
5604,cmd,0,1,241.664,241.769,delivered,4,
5605,hb,2,0,241.728,241.791,delivered,3,
5606,cmd,0,2,241.792,241.855,delivered,3,
5607,hb,3,0,241.856,241.878,delivered,1,
5608,cmd,0,3,241.856,241.898,delivered,1,
5609,hb,4,0,241.92,241.962,delivered,2,
5610,cmd,0,4,241.984,242.026,delivered,2,
5611,hb,1,0,242.112,242.196,delivered,4,
5612,cmd,0,5,242.112,,expired,0,
5613,cmd,0,1,242.176,242.26,delivered,4,
5614,hb,2,0,242.24,242.303,delivered,3,
5615,hb,3,0,242.304,242.326,delivered,1,
5616,cmd,0,2,242.304,242.367,delivered,3,
5617,cmd,0,3,242.368,242.389,delivered,1,
5618,thumb,1,0,242.432,242.614,delivered,4,
5619,hb,4,0,242.432,242.474,delivered,2,
5620,cmd,0,4,242.496,242.538,delivered,2,
5621,cmd,0,5,242.56,,expired,0,
5622,hb,1,0,242.624,242.708,delivered,4,
5623,cmd,0,1,242.688,242.772,delivered,4,
5624,hb,2,0,242.752,242.816,delivered,3,
5625,thumb,2,0,242.752,242.87,delivered,3,
5626,cmd,0,2,242.752,242.817,delivered,3,
5627,hb,3,0,242.816,242.837,delivered,1,
5628,cmd,0,3,242.88,242.901,delivered,1,
5629,hb,4,0,242.944,242.986,delivered,2,
5630,cmd,0,4,243.008,243.05,delivered,2,
5631,cmd,0,5,243.072,,expired,0,
5632,hb,1,0,243.136,243.231,delivered,4,
5633,thumb,3,0,243.136,243.209,delivered,1,
5634,cmd,0,1,243.2,243.284,delivered,4,
5635,hb,2,0,243.264,243.328,delivered,3,
5636,cmd,0,2,243.264,243.329,delivered,3,
5637,hb,3,0,243.328,243.349,delivered,1,
5638,cmd,0,3,243.392,243.434,delivered,1,
5639,hb,4,0,243.456,243.499,delivered,2,
5640,cmd,0,4,243.456,243.519,delivered,2,
5641,thumb,4,0,243.52,243.593,delivered,2,
5642,cmd,0,5,243.584,,expired,0,
5643,hb,1,0,243.648,243.732,delivered,4,
5644,hb,2,0,243.712,243.776,delivered,3,
5645,cmd,0,1,243.712,243.798,delivered,4,
5646,cmd,0,2,243.776,243.839,delivered,3,
5647,hb,3,0,243.84,243.861,delivered,1,
5648,hb,4,0,243.904,243.946,delivered,2,
5649,cmd,0,3,243.904,243.925,delivered,1,
5650,cmd,0,4,243.968,244.031,delivered,2,
5651,cmd,0,5,244.096,,expired,0,
5652,hb,1,0,244.16,244.245,delivered,4,
5653,cmd,0,1,244.16,244.265,delivered,4,
5654,hb,2,0,244.224,244.308,delivered,3,
5655,cmd,0,2,244.288,244.351,delivered,3,
5656,hb,3,0,244.352,244.374,delivered,1,
5657,cmd,0,3,244.352,244.373,delivered,1,
5658,thumb,1,0,244.416,244.564,delivered,4,
5659,hb,4,0,244.416,244.511,delivered,2,
5660,cmd,0,4,244.48,244.528,delivered,2,
5661,hb,1,0,244.608,244.692,delivered,4,
5662,cmd,0,5,244.608,,expired,0,
5663,cmd,0,1,244.672,244.756,delivered,4,
5664,hb,2,0,244.736,244.799,delivered,3,
5665,thumb,2,0,244.8,244.923,delivered,3,
5666,cmd,0,2,244.8,244.874,delivered,3,
5667,hb,3,0,244.864,244.907,delivered,1,
5668,cmd,0,3,244.864,244.885,delivered,1,
5669,hb,4,0,244.928,244.97,delivered,2,
5670,cmd,0,4,244.992,245.034,delivered,2,
5671,cmd,0,5,245.056,,expired,0,
5672,hb,1,0,245.12,245.204,delivered,4,
5673,thumb,3,0,245.12,245.156,delivered,1,
5674,cmd,0,1,245.184,245.268,delivered,4,
5675,hb,2,0,245.248,245.311,delivered,3,
5676,hb,3,0,245.312,245.334,delivered,1,
5677,cmd,0,2,245.312,245.375,delivered,3,
5678,cmd,0,3,245.376,245.397,delivered,1,
5679,hb,4,0,245.44,245.482,delivered,2,
5680,thumb,4,0,245.504,245.577,delivered,2,
5681,cmd,0,4,245.504,245.546,delivered,2,
5682,cmd,0,5,245.568,,expired,0,
5683,hb,1,0,245.632,245.716,delivered,4,
5684,cmd,0,1,245.696,245.78,delivered,4,
5685,hb,2,0,245.76,245.846,delivered,3,
5686,cmd,0,2,245.76,245.825,delivered,3,
5687,hb,3,0,245.824,245.845,delivered,1,
5688,cmd,0,3,245.888,245.909,delivered,1,
5689,hb,4,0,245.952,245.994,delivered,2,
5690,cmd,0,4,245.952,245.995,delivered,2,
5691,cmd,0,5,246.08,,expired,0,
5692,hb,1,0,246.144,246.228,delivered,4,
5693,hb,2,0,246.208,246.272,delivered,3,
5694,cmd,0,1,246.208,246.294,delivered,4,
5695,cmd,0,2,246.272,246.335,delivered,3,
5696,hb,3,0,246.336,246.357,delivered,1,
5697,thumb,1,0,246.4,246.559,delivered,4,
5698,cmd,0,3,246.4,246.421,delivered,1,
5699,hb,4,0,246.464,246.506,delivered,2,
5700,cmd,0,4,246.464,246.523,delivered,2,
5701,cmd,0,5,246.592,,expired,0,
5702,hb,1,0,246.656,246.74,delivered,4,
5703,cmd,0,1,246.656,246.762,delivered,4,
5704,hb,2,0,246.72,246.784,delivered,3,
5705,thumb,2,0,246.784,246.893,delivered,3,
5706,cmd,0,2,246.784,246.858,delivered,3,
5707,hb,3,0,246.848,246.869,delivered,1,
5708,hb,4,0,246.912,246.954,delivered,2,
5709,cmd,0,3,246.912,246.933,delivered,1,
5710,cmd,0,4,246.976,247.018,delivered,2,
5711,hb,1,0,247.104,247.188,delivered,4,
5712,cmd,0,5,247.104,,expired,0,
5713,thumb,3,0,247.168,247.242,delivered,1,
5714,cmd,0,1,247.168,247.264,delivered,4,
5715,hb,2,0,247.232,247.295,delivered,3,
5716,cmd,0,2,247.296,247.359,delivered,3,
5717,hb,3,0,247.36,247.403,delivered,1,
5718,cmd,0,3,247.36,247.444,delivered,1,
5719,hb,4,0,247.424,247.466,delivered,2,
5720,thumb,4,0,247.488,247.561,delivered,2,
5721,cmd,0,4,247.488,247.53,delivered,2,
5722,cmd,0,5,247.552,,expired,0,
5723,hb,1,0,247.616,247.72,delivered,4,
5724,cmd,0,1,247.68,247.764,delivered,4,
5725,hb,2,0,247.744,247.828,delivered,3,
5726,hb,3,0,247.808,247.83,delivered,1,
5727,cmd,0,2,247.808,247.892,delivered,3,
5728,cmd,0,3,247.872,247.893,delivered,1,
5729,hb,4,0,247.936,247.999,delivered,2,
5730,cmd,0,4,248.0,248.063,delivered,2,
5731,cmd,0,5,248.064,,expired,0,
5732,hb,1,0,248.128,248.212,delivered,4,
5733,cmd,0,1,248.192,248.276,delivered,4,
5734,hb,2,0,248.256,248.32,delivered,3,
5735,cmd,0,2,248.256,248.321,delivered,3,
5736,hb,3,0,248.32,248.341,delivered,1,
5737,thumb,1,0,248.384,248.543,delivered,4,
5738,cmd,0,3,248.384,248.405,delivered,1,
5739,hb,4,0,248.448,248.49,delivered,2,
5740,cmd,0,4,248.512,248.586,delivered,2,
5741,cmd,0,5,248.576,,expired,0,
5742,hb,1,0,248.64,248.724,delivered,4,
5743,hb,2,0,248.704,248.768,delivered,3,
5744,cmd,0,1,248.704,248.79,delivered,4,
5745,thumb,2,0,248.768,248.884,delivered,3,
5746,cmd,0,2,248.768,248.831,delivered,3,
5747,hb,3,0,248.832,248.853,delivered,1,
5748,cmd,0,3,248.896,248.917,delivered,1,
5749,hb,4,0,248.96,249.024,delivered,2,
5750,cmd,0,4,248.96,249.002,delivered,2,
5751,cmd,0,5,249.088,,expired,0,
5752,hb,1,0,249.152,249.256,delivered,4,
5753,thumb,3,0,249.152,249.19,delivered,1,
5754,cmd,0,1,249.152,249.258,delivered,4,
5755,hb,2,0,249.216,249.28,delivered,3,
5756,cmd,0,2,249.28,249.343,delivered,3,
5757,hb,3,0,249.344,249.365,delivered,1,
5758,hb,4,0,249.408,249.45,delivered,2,
5759,cmd,0,3,249.408,249.429,delivered,1,
5760,cmd,0,4,249.472,249.514,delivered,2,
5761,thumb,4,0,249.536,249.609,delivered,2,
5762,cmd,0,5,249.6,,expired,0,
5763,hb,1,0,249.664,249.749,delivered,4,
5764,cmd,0,1,249.664,249.769,delivered,4,
5765,hb,2,0,249.728,249.812,delivered,3,
5766,cmd,0,2,249.792,249.855,delivered,3,
5767,hb,3,0,249.856,249.878,delivered,1,
5768,cmd,0,3,249.856,249.877,delivered,1,
5769,hb,4,0,249.92,249.962,delivered,2,
5770,cmd,0,4,249.984,250.026,delivered,2,
5771,hb,1,0,250.112,250.216,delivered,4,
5772,cmd,0,5,250.112,,expired,0,
5773,cmd,0,1,250.176,250.26,delivered,4,
5774,hb,2,0,250.24,250.303,delivered,3,
5775,hb,3,0,250.304,250.326,delivered,1,
5776,cmd,0,2,250.304,250.367,delivered,3,
5777,cmd,0,3,250.368,250.389,delivered,1,
5778,thumb,1,0,250.432,250.614,delivered,4,
5779,hb,4,0,250.432,250.474,delivered,2,
5780,cmd,0,4,250.496,250.543,delivered,2,
5781,cmd,0,5,250.56,,expired,0,
5782,hb,1,0,250.624,250.708,delivered,4,
5783,cmd,0,1,250.688,250.772,delivered,4,
5784,hb,2,0,250.752,250.816,delivered,3,
5785,thumb,2,0,250.752,250.87,delivered,3,
5786,cmd,0,2,250.752,250.817,delivered,3,
5787,hb,3,0,250.816,250.837,delivered,1,
5788,cmd,0,3,250.88,250.901,delivered,1,
5789,hb,4,0,250.944,250.986,delivered,2,
5790,cmd,0,4,251.008,251.05,delivered,2,
5791,cmd,0,5,251.072,,expired,0,
5792,hb,1,0,251.136,251.22,delivered,4,
5793,thumb,3,0,251.136,251.172,delivered,1,
5794,cmd,0,1,251.2,251.305,delivered,4,
5795,hb,2,0,251.264,251.328,delivered,3,
5796,cmd,0,2,251.264,251.329,delivered,3,
5797,hb,3,0,251.328,251.349,delivered,1,
5798,cmd,0,3,251.392,251.413,delivered,1,
5799,hb,4,0,251.456,251.498,delivered,2,
5800,cmd,0,4,251.456,251.499,delivered,2,
5801,thumb,4,0,251.52,251.593,delivered,2,
5802,cmd,0,5,251.584,,expired,0,
5803,hb,1,0,251.648,251.732,delivered,4,
5804,hb,2,0,251.712,251.776,delivered,3,
5805,cmd,0,1,251.712,251.798,delivered,4,
5806,cmd,0,2,251.776,251.839,delivered,3,
5807,hb,3,0,251.84,251.861,delivered,1,
5808,hb,4,0,251.904,251.946,delivered,2,
5809,cmd,0,3,251.904,251.925,delivered,1,
5810,cmd,0,4,251.968,252.01,delivered,2,
5811,cmd,0,5,252.096,,expired,0,
5812,hb,1,0,252.16,252.245,delivered,4,
5813,cmd,0,1,252.16,252.265,delivered,4,
5814,hb,2,0,252.224,252.287,delivered,3,
5815,cmd,0,2,252.288,252.351,delivered,3,
5816,hb,3,0,252.352,252.374,delivered,1,
5817,cmd,0,3,252.352,252.373,delivered,1,
5818,thumb,1,0,252.416,252.562,delivered,4,
5819,hb,4,0,252.416,252.458,delivered,2,
5820,cmd,0,4,252.48,252.527,delivered,2,
5821,hb,1,0,252.608,252.712,delivered,4,
5822,cmd,0,5,252.608,,expired,0,
5823,cmd,0,1,252.672,252.777,delivered,4,
5824,hb,2,0,252.736,252.799,delivered,3,
5825,thumb,2,0,252.8,252.909,delivered,3,
5826,cmd,0,2,252.8,252.874,delivered,3,
5827,hb,3,0,252.864,252.886,delivered,1,
5828,cmd,0,3,252.864,252.885,delivered,1,
5829,hb,4,0,252.928,252.991,delivered,2,
5830,cmd,0,4,252.992,253.055,delivered,2,
5831,cmd,0,5,253.056,,expired,0,
5832,hb,1,0,253.12,253.204,delivered,4,
5833,thumb,3,0,253.12,253.156,delivered,1,
5834,cmd,0,1,253.184,253.268,delivered,4,
5835,hb,2,0,253.248,253.311,delivered,3,
5836,hb,3,0,253.312,253.334,delivered,1,
5837,cmd,0,2,253.312,253.375,delivered,3,
5838,cmd,0,3,253.376,253.397,delivered,1,
5839,hb,4,0,253.44,253.482,delivered,2,
5840,thumb,4,0,253.504,253.577,delivered,2,
5841,cmd,0,4,253.504,253.546,delivered,2,
5842,cmd,0,5,253.568,,expired,0,
5843,hb,1,0,253.632,253.716,delivered,4,
5844,cmd,0,1,253.696,253.78,delivered,4,
5845,hb,2,0,253.76,253.824,delivered,3,
5846,cmd,0,2,253.76,253.825,delivered,3,
5847,hb,3,0,253.824,253.845,delivered,1,
5848,cmd,0,3,253.888,253.909,delivered,1,
5849,hb,4,0,253.952,254.016,delivered,2,
5850,cmd,0,4,253.952,253.994,delivered,2,
5851,cmd,0,5,254.08,,expired,0,
5852,hb,1,0,254.144,254.228,delivered,4,
5853,hb,2,0,254.208,254.272,delivered,3,
5854,cmd,0,1,254.208,254.294,delivered,4,
5855,cmd,0,2,254.272,254.335,delivered,3,
5856,hb,3,0,254.336,254.357,delivered,1,
5857,thumb,1,0,254.4,254.559,delivered,4,
5858,cmd,0,3,254.4,254.421,delivered,1,
5859,hb,4,0,254.464,254.506,delivered,2,
5860,cmd,0,4,254.464,254.523,delivered,2,
5861,cmd,0,5,254.592,,expired,0,
5862,hb,1,0,254.656,254.74,delivered,4,
5863,cmd,0,1,254.656,254.762,delivered,4,
5864,hb,2,0,254.72,254.784,delivered,3,
5865,thumb,2,0,254.784,254.893,delivered,3,
5866,cmd,0,2,254.784,254.858,delivered,3,
5867,hb,3,0,254.848,254.869,delivered,1,
5868,hb,4,0,254.912,254.996,delivered,2,
5869,cmd,0,3,254.912,254.933,delivered,1,
5870,cmd,0,4,254.976,255.039,delivered,2,
5871,hb,1,0,255.104,255.188,delivered,4,
5872,cmd,0,5,255.104,,expired,0,
5873,thumb,3,0,255.168,255.206,delivered,1,
5874,cmd,0,1,255.168,255.295,delivered,4,
5875,hb,2,0,255.232,255.316,delivered,3,
5876,cmd,0,2,255.296,255.36,delivered,3,
5877,hb,3,0,255.36,255.382,delivered,1,
5878,cmd,0,3,255.36,255.381,delivered,1,
5879,hb,4,0,255.424,255.466,delivered,2,
5880,thumb,4,0,255.488,255.561,delivered,2,
5881,cmd,0,4,255.488,255.53,delivered,2,
5882,cmd,0,5,255.552,,expired,0,
5883,hb,1,0,255.616,255.7,delivered,4,
5884,cmd,0,1,255.68,255.764,delivered,4,
5885,hb,2,0,255.744,255.807,delivered,3,
5886,hb,3,0,255.808,255.83,delivered,1,
5887,cmd,0,2,255.808,255.871,delivered,3,
5888,cmd,0,3,255.872,255.893,delivered,1,
5889,hb,4,0,255.936,255.978,delivered,2,
5890,cmd,0,4,256.0,256.042,delivered,2,
5891,cmd,0,5,256.064,,expired,0,
5892,hb,1,0,256.128,256.212,delivered,4,
5893,cmd,0,1,256.192,256.276,delivered,4,
5894,hb,2,0,256.256,256.32,delivered,3,
5895,cmd,0,2,256.256,256.321,delivered,3,
5896,hb,3,0,256.32,256.341,delivered,1,
5897,thumb,1,0,256.384,256.543,delivered,4,
5898,cmd,0,3,256.384,256.405,delivered,1,
5899,hb,4,0,256.448,256.49,delivered,2,
5900,cmd,0,4,256.512,256.565,delivered,2,
5901,cmd,0,5,256.576,,expired,0,
5902,hb,1,0,256.64,256.724,delivered,4,
5903,hb,2,0,256.704,256.768,delivered,3,
5904,cmd,0,1,256.704,256.79,delivered,4,
5905,thumb,2,0,256.768,256.916,delivered,3,
5906,cmd,0,2,256.768,256.844,delivered,3,
5907,hb,3,0,256.832,256.853,delivered,1,
5908,cmd,0,3,256.896,256.917,delivered,1,
5909,hb,4,0,256.96,257.002,delivered,2,
5910,cmd,0,4,256.96,257.003,delivered,2,
5911,cmd,0,5,257.088,,expired,0,
5912,hb,1,0,257.152,257.236,delivered,4,
5913,thumb,3,0,257.152,257.19,delivered,1,
5914,cmd,0,1,257.152,257.258,delivered,4,
5915,hb,2,0,257.216,257.28,delivered,3,
5916,cmd,0,2,257.28,257.343,delivered,3,
5917,hb,3,0,257.344,257.386,delivered,1,
5918,hb,4,0,257.408,257.45,delivered,2,
5919,cmd,0,3,257.408,257.429,delivered,1,
5920,cmd,0,4,257.472,257.514,delivered,2,
5921,thumb,4,0,257.536,257.609,delivered,2,
5922,cmd,0,5,257.6,,expired,0,
5923,hb,1,0,257.664,257.748,delivered,4,
5924,cmd,0,1,257.664,257.77,delivered,4,
5925,hb,2,0,257.728,257.812,delivered,3,
5926,cmd,0,2,257.792,257.856,delivered,3,
5927,hb,3,0,257.856,257.878,delivered,1,
5928,cmd,0,3,257.856,257.877,delivered,1,
5929,hb,4,0,257.92,257.962,delivered,2,
5930,cmd,0,4,257.984,258.026,delivered,2,
5931,hb,1,0,258.112,258.196,delivered,4,
5932,cmd,0,5,258.112,,expired,0,
5933,cmd,0,1,258.176,258.26,delivered,4,
5934,hb,2,0,258.24,258.303,delivered,3,
5935,hb,3,0,258.304,258.326,delivered,1,
5936,cmd,0,2,258.304,258.367,delivered,3,
5937,cmd,0,3,258.368,258.389,delivered,1,
5938,thumb,1,0,258.432,258.578,delivered,4,
5939,hb,4,0,258.432,258.474,delivered,2,
5940,cmd,0,4,258.496,258.543,delivered,2,
5941,cmd,0,5,258.56,,expired,0,
5942,hb,1,0,258.624,258.708,delivered,4,
5943,cmd,0,1,258.688,258.772,delivered,4,
5944,hb,2,0,258.752,258.816,delivered,3,
5945,thumb,2,0,258.752,258.87,delivered,3,
5946,cmd,0,2,258.752,258.817,delivered,3,
5947,hb,3,0,258.816,258.837,delivered,1,
5948,cmd,0,3,258.88,258.901,delivered,1,
5949,hb,4,0,258.944,258.986,delivered,2,
5950,cmd,0,4,259.008,259.071,delivered,2,
5951,cmd,0,5,259.072,,expired,0,
5952,hb,1,0,259.136,259.22,delivered,4,
5953,thumb,3,0,259.136,259.172,delivered,1,
5954,cmd,0,1,259.2,259.284,delivered,4,
5955,hb,2,0,259.264,259.349,delivered,3,
5956,cmd,0,2,259.264,259.348,delivered,3,
5957,hb,3,0,259.328,259.35,delivered,1,
5958,cmd,0,3,259.392,259.413,delivered,1,
5959,hb,4,0,259.456,259.498,delivered,2,
5960,cmd,0,4,259.456,259.499,delivered,2,
5961,thumb,4,0,259.52,259.593,delivered,2,
5962,cmd,0,5,259.584,,expired,0,
5963,hb,1,0,259.648,259.732,delivered,4,
5964,hb,2,0,259.712,259.776,delivered,3,
5965,cmd,0,1,259.712,259.798,delivered,4,
5966,cmd,0,2,259.776,259.839,delivered,3,
5967,hb,3,0,259.84,259.861,delivered,1,
5968,hb,4,0,259.904,259.967,delivered,2,
5969,cmd,0,3,259.904,259.925,delivered,1,
5970,cmd,0,4,259.968,260.031,delivered,2,
5971,cmd,0,5,260.096,,expired,0,
5972,hb,1,0,260.16,260.244,delivered,4,
5973,cmd,0,1,260.16,260.266,delivered,4,
5974,hb,2,0,260.224,260.288,delivered,3,
5975,cmd,0,2,260.288,260.351,delivered,3,
5976,hb,3,0,260.352,260.374,delivered,1,
5977,cmd,0,3,260.352,260.373,delivered,1,
5978,thumb,1,0,260.416,260.562,delivered,4,
5979,hb,4,0,260.416,260.458,delivered,2,
5980,cmd,0,4,260.48,260.527,delivered,2,
5981,hb,1,0,260.608,260.692,delivered,4,
5982,cmd,0,5,260.608,,expired,0,
5983,cmd,0,1,260.672,260.756,delivered,4,
5984,hb,2,0,260.736,260.799,delivered,3,
5985,thumb,2,0,260.8,260.909,delivered,3,
5986,cmd,0,2,260.8,260.874,delivered,3,
5987,hb,3,0,260.864,260.886,delivered,1,
5988,cmd,0,3,260.864,260.885,delivered,1,
5989,hb,4,0,260.928,260.97,delivered,2,
5990,cmd,0,4,260.992,261.034,delivered,2,
5991,cmd,0,5,261.056,,expired,0,
5992,hb,1,0,261.12,261.224,delivered,4,
5993,thumb,3,0,261.12,261.156,delivered,1,
5994,cmd,0,1,261.184,261.289,delivered,4,
5995,hb,2,0,261.248,261.311,delivered,3,
5996,hb,3,0,261.312,261.334,delivered,1,
5997,cmd,0,2,261.312,261.375,delivered,3,
5998,cmd,0,3,261.376,261.397,delivered,1,
5999,hb,4,0,261.44,261.482,delivered,2,
6000,thumb,4,0,261.504,261.577,delivered,2,
6001,cmd,0,4,261.504,261.546,delivered,2,
6002,cmd,0,5,261.568,,expired,0,
6003,hb,1,0,261.632,261.716,delivered,4,
6004,cmd,0,1,261.696,261.78,delivered,4,
6005,hb,2,0,261.76,261.824,delivered,3,
6006,cmd,0,2,261.76,261.825,delivered,3,
6007,hb,3,0,261.824,261.845,delivered,1,
6008,cmd,0,3,261.888,261.909,delivered,1,
6009,hb,4,0,261.952,261.994,delivered,2,
6010,cmd,0,4,261.952,261.995,delivered,2,
6011,cmd,0,5,262.08,,expired,0,
6012,hb,1,0,262.144,262.228,delivered,4,
6013,hb,2,0,262.208,262.272,delivered,3,
6014,cmd,0,1,262.208,262.294,delivered,4,
6015,cmd,0,2,262.272,262.335,delivered,3,
6016,hb,3,0,262.336,262.357,delivered,1,
6017,thumb,1,0,262.4,262.559,delivered,4,
6018,cmd,0,3,262.4,262.421,delivered,1,
6019,hb,4,0,262.464,262.506,delivered,2,
6020,cmd,0,4,262.464,262.523,delivered,2,
6021,cmd,0,5,262.592,,expired,0,
6022,hb,1,0,262.656,262.74,delivered,4,
6023,cmd,0,1,262.656,262.762,delivered,4,
6024,hb,2,0,262.72,262.784,delivered,3,
6025,thumb,2,0,262.784,262.893,delivered,3,
6026,cmd,0,2,262.784,262.858,delivered,3,
6027,hb,3,0,262.848,262.869,delivered,1,
6028,hb,4,0,262.912,262.954,delivered,2,
6029,cmd,0,3,262.912,262.933,delivered,1,
6030,cmd,0,4,262.976,263.018,delivered,2,
6031,hb,1,0,263.104,263.208,delivered,4,
6032,cmd,0,5,263.104,,expired,0,
6033,thumb,3,0,263.168,263.227,delivered,1,
6034,cmd,0,1,263.168,263.273,delivered,4,
6035,hb,2,0,263.232,263.295,delivered,3,
6036,cmd,0,2,263.296,263.359,delivered,3,
6037,hb,3,0,263.36,263.424,delivered,1,
6038,cmd,0,3,263.36,263.381,delivered,1,
6039,hb,4,0,263.424,263.466,delivered,2,
6040,thumb,4,0,263.488,263.561,delivered,2,
6041,cmd,0,4,263.488,263.53,delivered,2,
6042,cmd,0,5,263.552,,expired,0,
6043,hb,1,0,263.616,263.7,delivered,4,
6044,cmd,0,1,263.68,263.764,delivered,4,
6045,hb,2,0,263.744,263.807,delivered,3,
6046,hb,3,0,263.808,263.83,delivered,1,
6047,cmd,0,2,263.808,263.871,delivered,3,
6048,cmd,0,3,263.872,263.893,delivered,1,
6049,hb,4,0,263.936,263.978,delivered,2,
6050,cmd,0,4,264.0,264.042,delivered,2,
6051,cmd,0,5,264.064,,expired,0,
6052,hb,1,0,264.128,264.212,delivered,4,
6053,cmd,0,1,264.192,264.276,delivered,4,
6054,hb,2,0,264.256,264.32,delivered,3,
6055,cmd,0,2,264.256,264.321,delivered,3,
6056,hb,3,0,264.32,264.341,delivered,1,
6057,thumb,1,0,264.384,264.579,delivered,4,
6058,cmd,0,3,264.384,264.405,delivered,1,
6059,hb,4,0,264.448,264.49,delivered,2,
6060,cmd,0,4,264.512,264.58,delivered,2,
6061,cmd,0,5,264.576,,expired,0,
6062,hb,1,0,264.64,264.724,delivered,4,
6063,hb,2,0,264.704,264.768,delivered,3,
6064,cmd,0,1,264.704,264.79,delivered,4,
6065,thumb,2,0,264.768,264.884,delivered,3,
6066,cmd,0,2,264.768,264.831,delivered,3,
6067,hb,3,0,264.832,264.853,delivered,1,
6068,cmd,0,3,264.896,264.917,delivered,1,
6069,hb,4,0,264.96,265.002,delivered,2,
6070,cmd,0,4,264.96,265.003,delivered,2,
6071,cmd,0,5,265.088,,expired,0,
6072,hb,1,0,265.152,265.236,delivered,4,
6073,thumb,3,0,265.152,265.19,delivered,1,
6074,cmd,0,1,265.152,265.258,delivered,4,
6075,hb,2,0,265.216,265.28,delivered,3,
6076,cmd,0,2,265.28,265.343,delivered,3,
6077,hb,3,0,265.344,265.365,delivered,1,
6078,hb,4,0,265.408,265.45,delivered,2,
6079,cmd,0,3,265.408,265.429,delivered,1,
6080,cmd,0,4,265.472,265.514,delivered,2,
6081,thumb,4,0,265.536,265.609,delivered,2,
6082,cmd,0,5,265.6,,expired,0,
6083,hb,1,0,265.664,265.772,delivered,4,
6084,cmd,0,1,265.664,265.749,delivered,4,
6085,hb,2,0,265.728,265.793,delivered,3,
6086,cmd,0,2,265.792,265.855,delivered,3,
6087,hb,3,0,265.856,265.899,delivered,1,
6088,cmd,0,3,265.856,265.877,delivered,1,
6089,hb,4,0,265.92,265.962,delivered,2,
6090,cmd,0,4,265.984,266.026,delivered,2,
6091,hb,1,0,266.112,266.196,delivered,4,
6092,cmd,0,5,266.112,,expired,0,
6093,cmd,0,1,266.176,266.26,delivered,4,
6094,hb,2,0,266.24,266.303,delivered,3,
6095,hb,3,0,266.304,266.326,delivered,1,
6096,cmd,0,2,266.304,266.367,delivered,3,
6097,cmd,0,3,266.368,266.389,delivered,1,
6098,thumb,1,0,266.432,266.578,delivered,4,
6099,hb,4,0,266.432,266.474,delivered,2,
6100,cmd,0,4,266.496,266.543,delivered,2,
6101,cmd,0,5,266.56,,expired,0,
6102,hb,1,0,266.624,266.708,delivered,4,
6103,cmd,0,1,266.688,266.772,delivered,4,
6104,hb,2,0,266.752,266.816,delivered,3,
6105,thumb,2,0,266.752,266.87,delivered,3,
6106,cmd,0,2,266.752,266.817,delivered,3,
6107,hb,3,0,266.816,266.837,delivered,1,
6108,cmd,0,3,266.88,266.901,delivered,1,
6109,hb,4,0,266.944,267.007,delivered,2,
6110,cmd,0,4,267.008,267.071,delivered,2,
6111,cmd,0,5,267.072,,expired,0,
6112,hb,1,0,267.136,267.24,delivered,4,
6113,thumb,3,0,267.136,267.172,delivered,1,
6114,cmd,0,1,267.2,267.305,delivered,4,
6115,hb,2,0,267.264,267.328,delivered,3,
6116,cmd,0,2,267.264,267.329,delivered,3,
6117,hb,3,0,267.328,267.349,delivered,1,
6118,cmd,0,3,267.392,267.413,delivered,1,
6119,hb,4,0,267.456,267.499,delivered,2,
6120,cmd,0,4,267.456,267.519,delivered,2,
6121,thumb,4,0,267.52,267.593,delivered,2,
6122,cmd,0,5,267.584,,expired,0,
6123,hb,1,0,267.648,267.732,delivered,4,
6124,hb,2,0,267.712,267.776,delivered,3,
6125,cmd,0,1,267.712,267.798,delivered,4,
6126,cmd,0,2,267.776,267.839,delivered,3,
6127,hb,3,0,267.84,267.861,delivered,1,
6128,hb,4,0,267.904,267.946,delivered,2,
6129,cmd,0,3,267.904,267.925,delivered,1,
6130,cmd,0,4,267.968,268.01,delivered,2,
6131,cmd,0,5,268.096,,expired,0,
6132,hb,1,0,268.16,268.244,delivered,4,
6133,cmd,0,1,268.16,268.266,delivered,4,
6134,hb,2,0,268.224,268.288,delivered,3,
6135,cmd,0,2,268.288,268.351,delivered,3,
6136,hb,3,0,268.352,268.374,delivered,1,
6137,cmd,0,3,268.352,268.373,delivered,1,
6138,thumb,1,0,268.416,268.562,delivered,4,
6139,hb,4,0,268.416,268.458,delivered,2,
6140,cmd,0,4,268.48,268.527,delivered,2,
6141,hb,1,0,268.608,268.712,delivered,4,
6142,cmd,0,5,268.608,,expired,0,
6143,cmd,0,1,268.672,268.756,delivered,4,
6144,hb,2,0,268.736,268.799,delivered,3,
6145,thumb,2,0,268.8,268.909,delivered,3,
6146,cmd,0,2,268.8,268.874,delivered,3,
6147,hb,3,0,268.864,268.886,delivered,1,
6148,cmd,0,3,268.864,268.885,delivered,1,
6149,hb,4,0,268.928,268.97,delivered,2,
6150,cmd,0,4,268.992,269.034,delivered,2,
6151,cmd,0,5,269.056,,expired,0,
6152,hb,1,0,269.12,269.215,delivered,4,
6153,thumb,3,0,269.12,269.243,delivered,1,
6154,cmd,0,1,269.184,269.268,delivered,4,
6155,hb,2,0,269.248,269.332,delivered,3,
6156,hb,3,0,269.312,269.334,delivered,1,
6157,cmd,0,2,269.312,269.396,delivered,3,
6158,cmd,0,3,269.376,269.397,delivered,1,
6159,hb,4,0,269.44,269.503,delivered,2,
6160,thumb,4,0,269.504,269.577,delivered,2,
6161,cmd,0,4,269.504,269.546,delivered,2,
6162,cmd,0,5,269.568,,expired,0,
6163,hb,1,0,269.632,269.716,delivered,4,
6164,cmd,0,1,269.696,269.78,delivered,4,
6165,hb,2,0,269.76,269.824,delivered,3,
6166,cmd,0,2,269.76,269.825,delivered,3,
6167,hb,3,0,269.824,269.845,delivered,1,
6168,cmd,0,3,269.888,269.909,delivered,1,
6169,hb,4,0,269.952,270.015,delivered,2,
6170,cmd,0,4,269.952,270.016,delivered,2,
6171,cmd,0,5,270.08,,expired,0,
6172,hb,1,0,270.144,270.228,delivered,4,
6173,hb,2,0,270.208,270.272,delivered,3,
6174,cmd,0,1,270.208,270.294,delivered,4,
6175,cmd,0,2,270.272,270.356,delivered,3,
6176,hb,3,0,270.336,270.357,delivered,1,
6177,thumb,1,0,270.4,270.559,delivered,4,
6178,cmd,0,3,270.4,270.421,delivered,1,
6179,hb,4,0,270.464,270.506,delivered,2,
6180,cmd,0,4,270.464,270.523,delivered,2,
6181,cmd,0,5,270.592,,expired,0,
6182,hb,1,0,270.656,270.74,delivered,4,
6183,cmd,0,1,270.656,270.762,delivered,4,
6184,hb,2,0,270.72,270.784,delivered,3,
6185,thumb,2,0,270.784,270.893,delivered,3,
6186,cmd,0,2,270.784,270.858,delivered,3,
6187,hb,3,0,270.848,270.869,delivered,1,
6188,hb,4,0,270.912,270.954,delivered,2,
6189,cmd,0,3,270.912,270.933,delivered,1,
6190,cmd,0,4,270.976,271.018,delivered,2,
6191,hb,1,0,271.104,271.188,delivered,4,
6192,cmd,0,5,271.104,,expired,0,
6193,thumb,3,0,271.168,271.206,delivered,1,
6194,cmd,0,1,271.168,271.252,delivered,4,
6195,hb,2,0,271.232,271.295,delivered,3,
6196,cmd,0,2,271.296,271.38,delivered,3,
6197,hb,3,0,271.36,271.382,delivered,1,
6198,cmd,0,3,271.36,271.381,delivered,1,
6199,hb,4,0,271.424,271.466,delivered,2,
6200,thumb,4,0,271.488,271.561,delivered,2,
6201,cmd,0,4,271.488,271.53,delivered,2,
6202,cmd,0,5,271.552,,expired,0,
6203,hb,1,0,271.616,271.7,delivered,4,
6204,cmd,0,1,271.68,271.764,delivered,4,
6205,hb,2,0,271.744,271.849,delivered,3,
6206,hb,3,0,271.808,271.851,delivered,1,
6207,cmd,0,2,271.808,271.913,delivered,3,
6208,cmd,0,3,271.872,271.893,delivered,1,
6209,hb,4,0,271.936,271.978,delivered,2,
6210,cmd,0,4,272.0,272.042,delivered,2,
6211,cmd,0,5,272.064,,expired,0,
6212,hb,1,0,272.128,272.212,delivered,4,
6213,cmd,0,1,272.192,272.276,delivered,4,
6214,hb,2,0,272.256,272.32,delivered,3,
6215,cmd,0,2,272.256,272.321,delivered,3,
6216,hb,3,0,272.32,272.341,delivered,1,
6217,thumb,1,0,272.384,272.543,delivered,4,
6218,cmd,0,3,272.384,272.405,delivered,1,
6219,hb,4,0,272.448,272.49,delivered,2,
6220,cmd,0,4,272.512,272.565,delivered,2,
6221,cmd,0,5,272.576,,expired,0,
6222,hb,1,0,272.64,272.724,delivered,4,
6223,hb,2,0,272.704,272.768,delivered,3,
6224,cmd,0,1,272.704,272.809,delivered,4,
6225,thumb,2,0,272.768,272.899,delivered,3,
6226,cmd,0,2,272.768,272.831,delivered,3,
6227,hb,3,0,272.832,272.863,delivered,1,
6228,cmd,0,3,272.896,272.917,delivered,1,
6229,hb,4,0,272.96,273.002,delivered,2,
6230,cmd,0,4,272.96,273.003,delivered,2,
6231,cmd,0,5,273.088,,expired,0,
6232,hb,1,0,273.152,273.236,delivered,4,
6233,thumb,3,0,273.152,273.19,delivered,1,
6234,cmd,0,1,273.152,273.258,delivered,4,
6235,hb,2,0,273.216,273.28,delivered,3,
6236,cmd,0,2,273.28,273.343,delivered,3,
6237,hb,3,0,273.344,273.365,delivered,1,
6238,hb,4,0,273.408,273.45,delivered,2,
6239,cmd,0,3,273.408,273.429,delivered,1,
6240,cmd,0,4,273.472,273.535,delivered,2,
6241,thumb,4,0,273.536,273.645,delivered,2,
6242,cmd,0,5,273.6,,expired,0,
6243,hb,1,0,273.664,273.789,delivered,4,
6244,cmd,0,1,273.664,273.77,delivered,4,
6245,hb,2,0,273.728,273.811,delivered,3,
6246,cmd,0,2,273.792,273.855,delivered,3,
6247,hb,3,0,273.856,273.878,delivered,1,
6248,cmd,0,3,273.856,273.877,delivered,1,
6249,hb,4,0,273.92,273.962,delivered,2,
6250,cmd,0,4,273.984,274.026,delivered,2,
6251,hb,1,0,274.112,274.196,delivered,4,
6252,cmd,0,5,274.112,,expired,0,
6253,cmd,0,1,274.176,274.26,delivered,4,
6254,hb,2,0,274.24,274.303,delivered,3,
6255,hb,3,0,274.304,274.326,delivered,1,
6256,cmd,0,2,274.304,274.367,delivered,3,
6257,cmd,0,3,274.368,274.389,delivered,1,
6258,thumb,1,0,274.432,274.578,delivered,4,
6259,hb,4,0,274.432,274.474,delivered,2,
6260,cmd,0,4,274.496,274.543,delivered,2,
6261,cmd,0,5,274.56,,expired,0,
6262,hb,1,0,274.624,274.708,delivered,4,
6263,cmd,0,1,274.688,274.772,delivered,4,
6264,hb,2,0,274.752,274.816,delivered,3,
6265,thumb,2,0,274.752,274.87,delivered,3,
6266,cmd,0,2,274.752,274.817,delivered,3,
6267,hb,3,0,274.816,274.837,delivered,1,
6268,cmd,0,3,274.88,274.901,delivered,1,
6269,hb,4,0,274.944,274.986,delivered,2,
6270,cmd,0,4,275.008,275.05,delivered,2,
6271,cmd,0,5,275.072,,expired,0,
6272,hb,1,0,275.136,275.22,delivered,4,
6273,thumb,3,0,275.136,275.172,delivered,1,
6274,cmd,0,1,275.2,275.284,delivered,4,
6275,hb,2,0,275.264,275.328,delivered,3,
6276,cmd,0,2,275.264,275.329,delivered,3,
6277,hb,3,0,275.328,275.349,delivered,1,
6278,cmd,0,3,275.392,275.413,delivered,1,
6279,hb,4,0,275.456,275.499,delivered,2,
6280,cmd,0,4,275.456,275.54,delivered,2,
6281,thumb,4,0,275.52,275.593,delivered,2,
6282,cmd,0,5,275.584,,expired,0,
6283,hb,1,0,275.648,275.732,delivered,4,
6284,hb,2,0,275.712,275.776,delivered,3,
6285,cmd,0,1,275.712,275.798,delivered,4,
6286,cmd,0,2,275.776,275.839,delivered,3,
6287,hb,3,0,275.84,275.861,delivered,1,
6288,hb,4,0,275.904,275.946,delivered,2,
6289,cmd,0,3,275.904,275.925,delivered,1,
6290,cmd,0,4,275.968,276.01,delivered,2,
6291,cmd,0,5,276.096,,expired,0,
6292,hb,1,0,276.16,276.244,delivered,4,
6293,cmd,0,1,276.16,276.268,delivered,4,
6294,hb,2,0,276.224,276.308,delivered,3,
6295,cmd,0,2,276.288,276.352,delivered,3,
6296,hb,3,0,276.352,276.374,delivered,1,
6297,cmd,0,3,276.352,276.373,delivered,1,
6298,thumb,1,0,276.416,276.562,delivered,4,
6299,hb,4,0,276.416,276.458,delivered,2,
6300,cmd,0,4,276.48,276.527,delivered,2,
6301,hb,1,0,276.608,276.692,delivered,4,
6302,cmd,0,5,276.608,,expired,0,
6303,cmd,0,1,276.672,276.756,delivered,4,
6304,hb,2,0,276.736,276.799,delivered,3,
6305,thumb,2,0,276.8,276.909,delivered,3,
6306,cmd,0,2,276.8,276.874,delivered,3,
6307,hb,3,0,276.864,276.886,delivered,1,
6308,cmd,0,3,276.864,276.885,delivered,1,
6309,hb,4,0,276.928,276.97,delivered,2,
6310,cmd,0,4,276.992,277.034,delivered,2,
6311,cmd,0,5,277.056,,expired,0,
6312,hb,1,0,277.12,277.224,delivered,4,
6313,thumb,3,0,277.12,277.156,delivered,1,
6314,cmd,0,1,277.184,277.268,delivered,4,
6315,hb,2,0,277.248,277.311,delivered,3,
6316,hb,3,0,277.312,277.355,delivered,1,
6317,cmd,0,2,277.312,277.398,delivered,3,
6318,cmd,0,3,277.376,277.418,delivered,1,
6319,hb,4,0,277.44,277.482,delivered,2,
6320,thumb,4,0,277.504,277.577,delivered,2,
6321,cmd,0,4,277.504,277.546,delivered,2,
6322,cmd,0,5,277.568,,expired,0,
6323,hb,1,0,277.632,277.736,delivered,4,
6324,cmd,0,1,277.696,277.78,delivered,4,
6325,hb,2,0,277.76,277.845,delivered,3,
6326,cmd,0,2,277.76,277.825,delivered,3,
6327,hb,3,0,277.824,277.846,delivered,1,
6328,cmd,0,3,277.888,277.909,delivered,1,
6329,hb,4,0,277.952,277.994,delivered,2,
6330,cmd,0,4,277.952,277.995,delivered,2,
6331,cmd,0,5,278.08,,expired,0,
6332,hb,1,0,278.144,278.228,delivered,4,
6333,hb,2,0,278.208,278.293,delivered,3,
6334,cmd,0,1,278.208,278.315,delivered,4,
6335,cmd,0,2,278.272,278.358,delivered,3,
6336,hb,3,0,278.336,278.357,delivered,1,
6337,thumb,1,0,278.4,278.559,delivered,4,
6338,cmd,0,3,278.4,278.421,delivered,1,
6339,hb,4,0,278.464,278.506,delivered,2,
6340,cmd,0,4,278.464,278.523,delivered,2,
6341,cmd,0,5,278.592,,expired,0,
6342,hb,1,0,278.656,278.781,delivered,4,
6343,cmd,0,1,278.656,278.741,delivered,4,
6344,hb,2,0,278.72,278.803,delivered,3,
6345,thumb,2,0,278.784,278.893,delivered,3,
6346,cmd,0,2,278.784,278.858,delivered,3,
6347,hb,3,0,278.848,278.869,delivered,1,
6348,hb,4,0,278.912,278.954,delivered,2,
6349,cmd,0,3,278.912,278.933,delivered,1,
6350,cmd,0,4,278.976,279.018,delivered,2,
6351,hb,1,0,279.104,279.208,delivered,4,
6352,cmd,0,5,279.104,,expired,0,
6353,thumb,3,0,279.168,279.263,delivered,1,
6354,cmd,0,1,279.168,279.252,delivered,4,
6355,hb,2,0,279.232,279.295,delivered,3,
6356,cmd,0,2,279.296,279.359,delivered,3,
6357,hb,3,0,279.36,279.382,delivered,1,
6358,cmd,0,3,279.36,279.381,delivered,1,
6359,hb,4,0,279.424,279.466,delivered,2,
6360,thumb,4,0,279.488,279.568,delivered,2,
6361,cmd,0,4,279.488,279.551,delivered,2,
6362,cmd,0,5,279.552,,expired,0,
6363,hb,1,0,279.616,279.7,delivered,4,
6364,cmd,0,1,279.68,279.764,delivered,4,
6365,hb,2,0,279.744,279.828,delivered,3,
6366,hb,3,0,279.808,279.83,delivered,1,
6367,cmd,0,2,279.808,279.892,delivered,3,
6368,cmd,0,3,279.872,279.893,delivered,1,
6369,hb,4,0,279.936,279.978,delivered,2,
6370,cmd,0,4,280.0,280.042,delivered,2,
6371,cmd,0,5,280.064,,expired,0,
6372,hb,1,0,280.128,280.212,delivered,4,
6373,cmd,0,1,280.192,280.276,delivered,4,
6374,hb,2,0,280.256,280.319,delivered,3,
6375,cmd,0,2,280.256,280.342,delivered,3,
6376,hb,3,0,280.32,280.341,delivered,1,
6377,thumb,1,0,280.384,280.543,delivered,4,
6378,cmd,0,3,280.384,280.405,delivered,1,
6379,hb,4,0,280.448,280.49,delivered,2,
6380,cmd,0,4,280.512,280.586,delivered,2,
6381,cmd,0,5,280.576,,expired,0,
6382,hb,1,0,280.64,280.744,delivered,4,
6383,hb,2,0,280.704,280.767,delivered,3,
6384,cmd,0,1,280.704,280.81,delivered,4,
6385,thumb,2,0,280.768,280.899,delivered,3,
6386,cmd,0,2,280.768,280.831,delivered,3,
6387,hb,3,0,280.832,280.864,delivered,1,
6388,cmd,0,3,280.896,280.917,delivered,1,
6389,hb,4,0,280.96,281.002,delivered,2,
6390,cmd,0,4,280.96,281.003,delivered,2,
6391,cmd,0,5,281.088,,expired,0,
6392,hb,1,0,281.152,281.236,delivered,4,
6393,thumb,3,0,281.152,281.19,delivered,1,
6394,cmd,0,1,281.152,281.258,delivered,4,
6395,hb,2,0,281.216,281.28,delivered,3,
6396,cmd,0,2,281.28,281.343,delivered,3,
6397,hb,3,0,281.344,281.365,delivered,1,
6398,hb,4,0,281.408,281.45,delivered,2,
6399,cmd,0,3,281.408,281.429,delivered,1,
6400,cmd,0,4,281.472,281.514,delivered,2,
6401,thumb,4,0,281.536,281.609,delivered,2,
6402,cmd,0,5,281.6,,expired,0,
6403,hb,1,0,281.664,281.749,delivered,4,
6404,cmd,0,1,281.664,281.769,delivered,4,
6405,hb,2,0,281.728,281.791,delivered,3,
6406,cmd,0,2,281.792,281.897,delivered,3,
6407,hb,3,0,281.856,281.878,delivered,1,
6408,cmd,0,3,281.856,281.877,delivered,1,
6409,hb,4,0,281.92,281.983,delivered,2,
6410,cmd,0,4,281.984,282.047,delivered,2,
6411,hb,1,0,282.112,282.196,delivered,4,
6412,cmd,0,5,282.112,,expired,0,
6413,cmd,0,1,282.176,282.26,delivered,4,
6414,hb,2,0,282.24,282.324,delivered,3,
6415,hb,3,0,282.304,282.326,delivered,1,
6416,cmd,0,2,282.304,282.367,delivered,3,
6417,cmd,0,3,282.368,282.389,delivered,1,
6418,thumb,1,0,282.432,282.578,delivered,4,
6419,hb,4,0,282.432,282.474,delivered,2,
6420,cmd,0,4,282.496,282.543,delivered,2,
6421,cmd,0,5,282.56,,expired,0,
6422,hb,1,0,282.624,282.708,delivered,4,
6423,cmd,0,1,282.688,282.772,delivered,4,
6424,hb,2,0,282.752,282.816,delivered,3,
6425,thumb,2,0,282.752,282.87,delivered,3,
6426,cmd,0,2,282.752,282.817,delivered,3,
6427,hb,3,0,282.816,282.837,delivered,1,
6428,cmd,0,3,282.88,282.901,delivered,1,
6429,hb,4,0,282.944,282.986,delivered,2,
6430,cmd,0,4,283.008,283.05,delivered,2,
6431,cmd,0,5,283.072,,expired,0,
6432,hb,1,0,283.136,283.22,delivered,4,
6433,thumb,3,0,283.136,283.172,delivered,1,
6434,cmd,0,1,283.2,283.305,delivered,4,
6435,hb,2,0,283.264,283.35,delivered,3,
6436,cmd,0,2,283.264,283.327,delivered,3,
6437,hb,3,0,283.328,283.349,delivered,1,
6438,cmd,0,3,283.392,283.413,delivered,1,
6439,hb,4,0,283.456,283.498,delivered,2,
6440,cmd,0,4,283.456,283.499,delivered,2,
6441,thumb,4,0,283.52,283.593,delivered,2,
6442,cmd,0,5,283.584,,expired,0,
6443,hb,1,0,283.648,283.732,delivered,4,
6444,hb,2,0,283.712,283.776,delivered,3,
6445,cmd,0,1,283.712,283.798,delivered,4,
6446,cmd,0,2,283.776,283.86,delivered,3,
6447,hb,3,0,283.84,283.861,delivered,1,
6448,hb,4,0,283.904,283.946,delivered,2,
6449,cmd,0,3,283.904,283.925,delivered,1,
6450,cmd,0,4,283.968,284.01,delivered,2,
6451,cmd,0,5,284.096,,expired,0,
6452,hb,1,0,284.16,284.264,delivered,4,
6453,cmd,0,1,284.16,284.266,delivered,4,
6454,hb,2,0,284.224,284.288,delivered,3,
6455,cmd,0,2,284.288,284.351,delivered,3,
6456,hb,3,0,284.352,284.374,delivered,1,
6457,cmd,0,3,284.352,284.373,delivered,1,
6458,thumb,1,0,284.416,284.564,delivered,4,
6459,hb,4,0,284.416,284.458,delivered,2,
6460,cmd,0,4,284.48,284.548,delivered,2,
6461,hb,1,0,284.608,284.692,delivered,4,
6462,cmd,0,5,284.608,,expired,0,
6463,cmd,0,1,284.672,284.756,delivered,4,
6464,hb,2,0,284.736,284.799,delivered,3,
6465,thumb,2,0,284.8,284.923,delivered,3,
6466,cmd,0,2,284.8,284.874,delivered,3,
6467,hb,3,0,284.864,284.907,delivered,1,
6468,cmd,0,3,284.864,284.885,delivered,1,
6469,hb,4,0,284.928,284.97,delivered,2,
6470,cmd,0,4,284.992,285.034,delivered,2,
6471,cmd,0,5,285.056,,expired,0,
6472,hb,1,0,285.12,285.204,delivered,4,
6473,thumb,3,0,285.12,285.156,delivered,1,
6474,cmd,0,1,285.184,285.268,delivered,4,
6475,hb,2,0,285.248,285.311,delivered,3,
6476,hb,3,0,285.312,285.334,delivered,1,
6477,cmd,0,2,285.312,285.375,delivered,3,
6478,cmd,0,3,285.376,285.397,delivered,1,
6479,hb,4,0,285.44,285.482,delivered,2,
6480,thumb,4,0,285.504,285.577,delivered,2,
6481,cmd,0,4,285.504,285.546,delivered,2,
6482,cmd,0,5,285.568,,expired,0,
6483,hb,1,0,285.632,285.736,delivered,4,
6484,cmd,0,1,285.696,285.801,delivered,4,
6485,hb,2,0,285.76,285.867,delivered,3,
6486,cmd,0,2,285.76,285.823,delivered,3,
6487,hb,3,0,285.824,285.845,delivered,1,
6488,cmd,0,3,285.888,285.93,delivered,1,
6489,hb,4,0,285.952,285.994,delivered,2,
6490,cmd,0,4,285.952,285.995,delivered,2,
6491,cmd,0,5,286.08,,expired,0,
6492,hb,1,0,286.144,286.228,delivered,4,
6493,hb,2,0,286.208,286.272,delivered,3,
6494,cmd,0,1,286.208,286.294,delivered,4,
6495,cmd,0,2,286.272,286.335,delivered,3,
6496,hb,3,0,286.336,286.357,delivered,1,
6497,thumb,1,0,286.4,286.559,delivered,4,
6498,cmd,0,3,286.4,286.421,delivered,1,
6499,hb,4,0,286.464,286.506,delivered,2,
6500,cmd,0,4,286.464,286.523,delivered,2,
6501,cmd,0,5,286.592,,expired,0,
6502,hb,1,0,286.656,286.74,delivered,4,
6503,cmd,0,1,286.656,286.762,delivered,4,
6504,hb,2,0,286.72,286.784,delivered,3,
6505,thumb,2,0,286.784,286.893,delivered,3,
6506,cmd,0,2,286.784,286.858,delivered,3,
6507,hb,3,0,286.848,286.869,delivered,1,
6508,hb,4,0,286.912,286.954,delivered,2,
6509,cmd,0,3,286.912,286.933,delivered,1,
6510,cmd,0,4,286.976,287.018,delivered,2,
6511,hb,1,0,287.104,287.188,delivered,4,
6512,cmd,0,5,287.104,,expired,0,
6513,thumb,3,0,287.168,287.206,delivered,1,
6514,cmd,0,1,287.168,287.252,delivered,4,
6515,hb,2,0,287.232,287.295,delivered,3,
6516,cmd,0,2,287.296,287.359,delivered,3,
6517,hb,3,0,287.36,287.382,delivered,1,
6518,cmd,0,3,287.36,287.381,delivered,1,
6519,hb,4,0,287.424,287.466,delivered,2,
6520,thumb,4,0,287.488,287.561,delivered,2,
6521,cmd,0,4,287.488,287.53,delivered,2,
6522,cmd,0,5,287.552,,expired,0,
6523,hb,1,0,287.616,287.7,delivered,4,
6524,cmd,0,1,287.68,287.764,delivered,4,
6525,hb,2,0,287.744,287.807,delivered,3,
6526,hb,3,0,287.808,287.83,delivered,1,
6527,cmd,0,2,287.808,287.871,delivered,3,
6528,cmd,0,3,287.872,287.893,delivered,1,
6529,hb,4,0,287.936,287.978,delivered,2,
6530,cmd,0,4,288.0,288.042,delivered,2,
6531,cmd,0,5,288.064,,expired,0,
6532,hb,1,0,288.128,288.232,delivered,4,
6533,cmd,0,1,288.192,288.276,delivered,4,
6534,hb,2,0,288.256,288.341,delivered,3,
6535,cmd,0,2,288.256,288.343,delivered,3,
6536,hb,3,0,288.32,288.342,delivered,1,
6537,thumb,1,0,288.384,288.543,delivered,4,
6538,cmd,0,3,288.384,288.405,delivered,1,
6539,hb,4,0,288.448,288.49,delivered,2,
6540,cmd,0,4,288.512,288.586,delivered,2,
6541,cmd,0,5,288.576,,expired,0,
6542,hb,1,0,288.64,288.765,delivered,4,
6543,hb,2,0,288.704,288.788,delivered,3,
6544,cmd,0,1,288.704,288.81,delivered,4,
6545,thumb,2,0,288.768,288.901,delivered,3,
6546,cmd,0,2,288.768,288.831,delivered,3,
6547,hb,3,0,288.832,288.885,delivered,1,
6548,cmd,0,3,288.896,288.938,delivered,1,
6549,hb,4,0,288.96,289.002,delivered,2,
6550,cmd,0,4,288.96,289.003,delivered,2,
6551,cmd,0,5,289.088,,expired,0,
6552,hb,1,0,289.152,289.236,delivered,4,
6553,thumb,3,0,289.152,289.19,delivered,1,
6554,cmd,0,1,289.152,289.258,delivered,4,
6555,hb,2,0,289.216,289.28,delivered,3,
6556,cmd,0,2,289.28,289.343,delivered,3,
6557,hb,3,0,289.344,289.386,delivered,1,
6558,hb,4,0,289.408,289.45,delivered,2,
6559,cmd,0,3,289.408,289.429,delivered,1,
6560,cmd,0,4,289.472,289.514,delivered,2,
6561,thumb,4,0,289.536,289.609,delivered,2,
6562,cmd,0,5,289.6,,expired,0,
6563,hb,1,0,289.664,289.749,delivered,4,
6564,cmd,0,1,289.664,289.769,delivered,4,
6565,hb,2,0,289.728,289.791,delivered,3,
6566,cmd,0,2,289.792,289.855,delivered,3,
6567,hb,3,0,289.856,289.878,delivered,1,
6568,cmd,0,3,289.856,289.877,delivered,1,
6569,hb,4,0,289.92,289.962,delivered,2,
6570,cmd,0,4,289.984,290.026,delivered,2,
6571,hb,1,0,290.112,290.196,delivered,4,
6572,cmd,0,5,290.112,,expired,0,
6573,cmd,0,1,290.176,290.26,delivered,4,
6574,hb,2,0,290.24,290.303,delivered,3,
6575,hb,3,0,290.304,290.326,delivered,1,
6576,cmd,0,2,290.304,290.367,delivered,3,
6577,cmd,0,3,290.368,290.389,delivered,1,
6578,thumb,1,0,290.432,290.578,delivered,4,
6579,hb,4,0,290.432,290.495,delivered,2,
6580,cmd,0,4,290.496,290.579,delivered,2,
6581,cmd,0,5,290.56,,expired,0,
6582,hb,1,0,290.624,290.708,delivered,4,
6583,cmd,0,1,290.688,290.772,delivered,4,
6584,hb,2,0,290.752,290.864,delivered,3,
6585,thumb,2,0,290.752,290.899,delivered,3,
6586,cmd,0,2,290.752,290.828,delivered,3,
6587,hb,3,0,290.816,290.837,delivered,1,
6588,cmd,0,3,290.88,290.901,delivered,1,
6589,hb,4,0,290.944,290.986,delivered,2,
6590,cmd,0,4,291.008,291.05,delivered,2,
6591,cmd,0,5,291.072,,expired,0,
6592,hb,1,0,291.136,291.22,delivered,4,
6593,thumb,3,0,291.136,291.172,delivered,1,
6594,cmd,0,1,291.2,291.284,delivered,4,
6595,hb,2,0,291.264,291.327,delivered,3,
6596,cmd,0,2,291.264,291.35,delivered,3,
6597,hb,3,0,291.328,291.349,delivered,1,
6598,cmd,0,3,291.392,291.413,delivered,1,
6599,hb,4,0,291.456,291.498,delivered,2,
6600,cmd,0,4,291.456,291.499,delivered,2,
6601,thumb,4,0,291.52,291.593,delivered,2,
6602,cmd,0,5,291.584,,expired,0,
6603,hb,1,0,291.648,291.732,delivered,4,
6604,hb,2,0,291.712,291.776,delivered,3,
6605,cmd,0,1,291.712,291.798,delivered,4,
6606,cmd,0,2,291.776,291.839,delivered,3,
6607,hb,3,0,291.84,291.903,delivered,1,
6608,hb,4,0,291.904,291.946,delivered,2,
6609,cmd,0,3,291.904,291.925,delivered,1,
6610,cmd,0,4,291.968,292.01,delivered,2,
6611,cmd,0,5,292.096,,expired,0,
6612,hb,1,0,292.16,292.244,delivered,4,
6613,cmd,0,1,292.16,292.287,delivered,4,
6614,hb,2,0,292.224,292.309,delivered,3,
6615,cmd,0,2,292.288,292.352,delivered,3,
6616,hb,3,0,292.352,292.374,delivered,1,
6617,cmd,0,3,292.352,292.373,delivered,1,
6618,thumb,1,0,292.416,292.562,delivered,4,
6619,hb,4,0,292.416,292.458,delivered,2,
6620,cmd,0,4,292.48,292.527,delivered,2,
6621,hb,1,0,292.608,292.692,delivered,4,
6622,cmd,0,5,292.608,,expired,0,
6623,cmd,0,1,292.672,292.756,delivered,4,
6624,hb,2,0,292.736,292.799,delivered,3,
6625,thumb,2,0,292.8,292.948,delivered,3,
6626,cmd,0,2,292.8,292.895,delivered,3,
6627,hb,3,0,292.864,292.886,delivered,1,
6628,cmd,0,3,292.864,292.885,delivered,1,
6629,hb,4,0,292.928,292.97,delivered,2,
6630,cmd,0,4,292.992,293.034,delivered,2,
6631,cmd,0,5,293.056,,expired,0,
6632,hb,1,0,293.12,293.204,delivered,4,
6633,thumb,3,0,293.12,293.156,delivered,1,
6634,cmd,0,1,293.184,293.268,delivered,4,
6635,hb,2,0,293.248,293.311,delivered,3,
6636,hb,3,0,293.312,293.334,delivered,1,
6637,cmd,0,2,293.312,293.375,delivered,3,
6638,cmd,0,3,293.376,293.397,delivered,1,
6639,hb,4,0,293.44,293.503,delivered,2,
6640,thumb,4,0,293.504,293.577,delivered,2,
6641,cmd,0,4,293.504,293.546,delivered,2,
6642,cmd,0,5,293.568,,expired,0,
6643,hb,1,0,293.632,293.716,delivered,4,
6644,cmd,0,1,293.696,293.78,delivered,4,
6645,hb,2,0,293.76,293.824,delivered,3,
6646,cmd,0,2,293.76,293.825,delivered,3,
6647,hb,3,0,293.824,293.845,delivered,1,
6648,cmd,0,3,293.888,293.93,delivered,1,
6649,hb,4,0,293.952,293.994,delivered,2,
6650,cmd,0,4,293.952,293.995,delivered,2,
6651,cmd,0,5,294.08,,expired,0,
6652,hb,1,0,294.144,294.228,delivered,4,
6653,hb,2,0,294.208,294.272,delivered,3,
6654,cmd,0,1,294.208,294.294,delivered,4,
6655,cmd,0,2,294.272,294.335,delivered,3,
6656,hb,3,0,294.336,294.357,delivered,1,
6657,thumb,1,0,294.4,294.56,delivered,4,
6658,cmd,0,3,294.4,294.421,delivered,1,
6659,hb,4,0,294.464,294.507,delivered,2,
6660,cmd,0,4,294.464,294.561,delivered,2,
6661,cmd,0,5,294.592,,expired,0,
6662,hb,1,0,294.656,294.74,delivered,4,
6663,cmd,0,1,294.656,294.762,delivered,4,
6664,hb,2,0,294.72,294.784,delivered,3,
6665,thumb,2,0,294.784,294.896,delivered,3,
6666,cmd,0,2,294.784,294.879,delivered,3,
6667,hb,3,0,294.848,294.869,delivered,1,
6668,hb,4,0,294.912,294.954,delivered,2,
6669,cmd,0,3,294.912,294.933,delivered,1,
6670,cmd,0,4,294.976,295.018,delivered,2,
6671,hb,1,0,295.104,295.229,delivered,4,
6672,cmd,0,5,295.104,,expired,0,
6673,thumb,3,0,295.168,295.206,delivered,1,
6674,cmd,0,1,295.168,295.252,delivered,4,
6675,hb,2,0,295.232,295.295,delivered,3,
6676,cmd,0,2,295.296,295.38,delivered,3,
6677,hb,3,0,295.36,295.382,delivered,1,
6678,cmd,0,3,295.36,295.381,delivered,1,
6679,hb,4,0,295.424,295.487,delivered,2,
6680,thumb,4,0,295.488,295.597,delivered,2,
6681,cmd,0,4,295.488,295.562,delivered,2,
6682,cmd,0,5,295.552,,expired,0,
6683,hb,1,0,295.616,295.7,delivered,4,
6684,cmd,0,1,295.68,295.764,delivered,4,
6685,hb,2,0,295.744,295.807,delivered,3,
6686,hb,3,0,295.808,295.83,delivered,1,
6687,cmd,0,2,295.808,295.871,delivered,3,
6688,cmd,0,3,295.872,295.893,delivered,1,
6689,hb,4,0,295.936,295.978,delivered,2,
6690,cmd,0,4,296.0,296.042,delivered,2,
6691,cmd,0,5,296.064,,expired,0,
6692,hb,1,0,296.128,296.212,delivered,4,
6693,cmd,0,1,296.192,296.276,delivered,4,
6694,hb,2,0,296.256,296.32,delivered,3,
6695,cmd,0,2,296.256,296.321,delivered,3,
6696,hb,3,0,296.32,296.341,delivered,1,
6697,thumb,1,0,296.384,296.543,delivered,4,
6698,cmd,0,3,296.384,296.405,delivered,1,
6699,hb,4,0,296.448,296.49,delivered,2,
6700,cmd,0,4,296.512,296.586,delivered,2,
6701,cmd,0,5,296.576,,expired,0,
6702,hb,1,0,296.64,296.744,delivered,4,
6703,hb,2,0,296.704,296.789,delivered,3,
6704,cmd,0,1,296.704,296.79,delivered,4,
6705,thumb,2,0,296.768,296.885,delivered,3,
6706,cmd,0,2,296.768,296.832,delivered,3,
6707,hb,3,0,296.832,296.853,delivered,1,
6708,cmd,0,3,296.896,296.917,delivered,1,
6709,hb,4,0,296.96,297.002,delivered,2,
6710,cmd,0,4,296.96,297.003,delivered,2,
6711,cmd,0,5,297.088,,expired,0,
6712,hb,1,0,297.152,297.26,delivered,4,
6713,thumb,3,0,297.152,297.19,delivered,1,
6714,cmd,0,1,297.152,297.258,delivered,4,
6715,hb,2,0,297.216,297.281,delivered,3,
6716,cmd,0,2,297.28,297.343,delivered,3,
6717,hb,3,0,297.344,297.365,delivered,1,
6718,hb,4,0,297.408,297.471,delivered,2,
6719,cmd,0,3,297.408,297.45,delivered,1,
6720,cmd,0,4,297.472,297.514,delivered,2,
6721,thumb,4,0,297.536,297.609,delivered,2,
6722,cmd,0,5,297.6,,expired,0,
6723,hb,1,0,297.664,297.772,delivered,4,
6724,cmd,0,1,297.664,297.749,delivered,4,
6725,hb,2,0,297.728,297.793,delivered,3,
6726,cmd,0,2,297.792,297.855,delivered,3,
6727,hb,3,0,297.856,297.878,delivered,1,
6728,cmd,0,3,297.856,297.877,delivered,1,
6729,hb,4,0,297.92,297.962,delivered,2,
6730,cmd,0,4,297.984,298.026,delivered,2,
6731,hb,1,0,298.112,298.196,delivered,4,
6732,cmd,0,5,298.112,,expired,0,
6733,cmd,0,1,298.176,298.281,delivered,4,
6734,hb,2,0,298.24,298.366,delivered,3,
6735,hb,3,0,298.304,298.326,delivered,1,
6736,cmd,0,2,298.304,298.367,delivered,3,
6737,cmd,0,3,298.368,298.389,delivered,1,
6738,thumb,1,0,298.432,298.578,delivered,4,
6739,hb,4,0,298.432,298.495,delivered,2,
6740,cmd,0,4,298.496,298.579,delivered,2,
6741,cmd,0,5,298.56,,expired,0,
6742,hb,1,0,298.624,298.728,delivered,4,
6743,cmd,0,1,298.688,298.772,delivered,4,
6744,hb,2,0,298.752,298.816,delivered,3,
6745,thumb,2,0,298.752,298.87,delivered,3,
6746,cmd,0,2,298.752,298.817,delivered,3,
6747,hb,3,0,298.816,298.837,delivered,1,
6748,cmd,0,3,298.88,298.901,delivered,1,
6749,hb,4,0,298.944,298.986,delivered,2,
6750,cmd,0,4,299.008,299.071,delivered,2,
6751,cmd,0,5,299.072,,expired,0,
6752,hb,1,0,299.136,299.22,delivered,4,
6753,thumb,3,0,299.136,299.172,delivered,1,
6754,cmd,0,1,299.2,299.284,delivered,4,
6755,hb,2,0,299.264,299.328,delivered,3,
6756,cmd,0,2,299.264,299.329,delivered,3,
6757,hb,3,0,299.328,299.349,delivered,1,
6758,cmd,0,3,299.392,299.413,delivered,1,
6759,hb,4,0,299.456,299.498,delivered,2,
6760,cmd,0,4,299.456,299.499,delivered,2,
6761,thumb,4,0,299.52,299.629,delivered,2,
6762,cmd,0,5,299.584,,expired,0,
6763,hb,1,0,299.648,299.732,delivered,4,
6764,hb,2,0,299.712,299.776,delivered,3,
6765,cmd,0,1,299.712,299.798,delivered,4,
6766,cmd,0,2,299.776,299.839,delivered,3,
6767,hb,3,0,299.84,299.861,delivered,1,
6768,hb,4,0,299.904,299.946,delivered,2,
6769,cmd,0,3,299.904,299.925,delivered,1,
6770,cmd,0,4,299.968,300.01,delivered,2,
6771,cmd,0,5,300.096,,expired,0,
6772,hb,1,0,300.16,,dropped_radio_down,0,
6773,cmd,0,1,300.16,,expired,0,
6774,hb,2,0,300.224,300.287,delivered,3,
6775,cmd,0,2,300.288,300.372,delivered,3,
6776,hb,3,0,300.352,300.374,delivered,1,
6777,cmd,0,3,300.352,300.373,delivered,1,
6778,thumb,1,0,300.416,,dropped_radio_down,0,
6779,hb,4,0,300.416,300.479,delivered,2,
6780,cmd,0,4,300.48,300.522,delivered,2,
6781,hb,1,0,300.608,,dropped_radio_down,0,
6782,cmd,0,5,300.608,,expired,0,
6783,cmd,0,1,300.672,,expired,0,
6784,hb,2,0,300.736,300.799,delivered,3,
6785,thumb,2,0,300.8,300.909,delivered,3,
6786,cmd,0,2,300.8,300.874,delivered,3,
6787,hb,3,0,300.864,300.886,delivered,1,
6788,cmd,0,3,300.864,300.885,delivered,1,
6789,hb,4,0,300.928,300.97,delivered,2,
6790,cmd,0,4,300.992,301.034,delivered,2,
6791,cmd,0,5,301.056,,expired,0,
6792,hb,1,0,301.12,,dropped_radio_down,0,
6793,thumb,3,0,301.12,301.156,delivered,1,
6794,cmd,0,1,301.184,,expired,0,
6795,hb,2,0,301.248,301.311,delivered,3,
6796,hb,3,0,301.312,301.334,delivered,1,
6797,cmd,0,2,301.312,301.375,delivered,3,
6798,cmd,0,3,301.376,301.397,delivered,1,
6799,hb,4,0,301.44,301.482,delivered,2,
6800,thumb,4,0,301.504,301.577,delivered,2,
6801,cmd,0,4,301.504,301.546,delivered,2,
6802,cmd,0,5,301.568,,expired,0,
6803,hb,1,0,301.632,,dropped_radio_down,0,
6804,cmd,0,1,301.696,,expired,0,
6805,hb,2,0,301.76,301.824,delivered,3,
6806,cmd,0,2,301.76,301.825,delivered,3,
6807,hb,3,0,301.824,301.845,delivered,1,
6808,cmd,0,3,301.888,301.909,delivered,1,
6809,hb,4,0,301.952,301.994,delivered,2,
6810,cmd,0,4,301.952,301.995,delivered,2,
6811,cmd,0,5,302.08,,expired,0,
6812,hb,1,0,302.144,,dropped_radio_down,0,
6813,hb,2,0,302.208,302.292,delivered,3,
6814,cmd,0,1,302.208,,expired,0,
6815,cmd,0,2,302.272,302.335,delivered,3,
6816,hb,3,0,302.336,302.357,delivered,1,
6817,thumb,1,0,302.4,,dropped_radio_down,0,
6818,cmd,0,3,302.4,302.421,delivered,1,
6819,hb,4,0,302.464,302.506,delivered,2,
6820,cmd,0,4,302.464,302.507,delivered,2,
6821,cmd,0,5,302.592,,expired,0,
6822,hb,1,0,302.656,,dropped_radio_down,0,
6823,cmd,0,1,302.656,,expired,0,
6824,hb,2,0,302.72,302.824,delivered,3,
6825,thumb,2,0,302.784,302.896,delivered,3,
6826,cmd,0,2,302.784,302.879,delivered,3,
6827,hb,3,0,302.848,302.869,delivered,1,
6828,hb,4,0,302.912,302.954,delivered,2,
6829,cmd,0,3,302.912,302.933,delivered,1,
6830,cmd,0,4,302.976,303.018,delivered,2,
6831,hb,1,0,303.104,,dropped_radio_down,0,
6832,cmd,0,5,303.104,,expired,0,
6833,thumb,3,0,303.168,303.204,delivered,1,
6834,cmd,0,1,303.168,,expired,0,
6835,hb,2,0,303.232,303.316,delivered,3,
6836,cmd,0,2,303.296,303.38,delivered,3,
6837,hb,3,0,303.36,303.382,delivered,1,
6838,cmd,0,3,303.36,303.381,delivered,1,
6839,hb,4,0,303.424,303.487,delivered,2,
6840,thumb,4,0,303.488,303.634,delivered,2,
6841,cmd,0,4,303.488,303.562,delivered,2,
6842,cmd,0,5,303.552,,expired,0,
6843,hb,1,0,303.616,,dropped_radio_down,0,
6844,cmd,0,1,303.68,,expired,0,
6845,hb,2,0,303.744,303.807,delivered,3,
6846,hb,3,0,303.808,303.83,delivered,1,
6847,cmd,0,2,303.808,303.871,delivered,3,
6848,cmd,0,3,303.872,303.893,delivered,1,
6849,hb,4,0,303.936,303.978,delivered,2,
6850,cmd,0,4,304.0,304.042,delivered,2,
6851,cmd,0,5,304.064,,expired,0,
6852,hb,1,0,304.128,,dropped_radio_down,0,
6853,cmd,0,1,304.192,,expired,0,
6854,hb,2,0,304.256,304.341,delivered,3,
6855,cmd,0,2,304.256,304.321,delivered,3,
6856,hb,3,0,304.32,304.342,delivered,1,
6857,thumb,1,0,304.384,,dropped_radio_down,0,
6858,cmd,0,3,304.384,304.405,delivered,1,
6859,hb,4,0,304.448,304.49,delivered,2,
6860,cmd,0,4,304.512,304.554,delivered,2,
6861,cmd,0,5,304.576,,expired,0,
6862,hb,1,0,304.64,,dropped_radio_down,0,
6863,hb,2,0,304.704,304.767,delivered,3,
6864,cmd,0,1,304.704,,expired,0,
6865,thumb,2,0,304.768,304.877,delivered,3,
6866,cmd,0,2,304.768,304.842,delivered,3,
6867,hb,3,0,304.832,304.853,delivered,1,
6868,cmd,0,3,304.896,304.917,delivered,1,
6869,hb,4,0,304.96,305.002,delivered,2,
6870,cmd,0,4,304.96,305.003,delivered,2,
6871,cmd,0,5,305.088,,expired,0,
6872,hb,1,0,305.152,,dropped_radio_down,0,
6873,thumb,3,0,305.152,305.188,delivered,1,
6874,cmd,0,1,305.152,,expired,0,
6875,hb,2,0,305.216,305.279,delivered,3,
6876,cmd,0,2,305.28,305.343,delivered,3,
6877,hb,3,0,305.344,305.365,delivered,1,
6878,hb,4,0,305.408,305.45,delivered,2,
6879,cmd,0,3,305.408,305.429,delivered,1,
6880,cmd,0,4,305.472,305.514,delivered,2,
6881,thumb,4,0,305.536,305.609,delivered,2,
6882,cmd,0,5,305.6,,expired,0,
6883,hb,1,0,305.664,,dropped_radio_down,0,
6884,cmd,0,1,305.664,,expired,0,
6885,hb,2,0,305.728,305.812,delivered,3,
6886,cmd,0,2,305.792,305.855,delivered,3,
6887,hb,3,0,305.856,305.878,delivered,1,
6888,cmd,0,3,305.856,305.877,delivered,1,
6889,hb,4,0,305.92,305.962,delivered,2,
6890,cmd,0,4,305.984,306.026,delivered,2,
6891,hb,1,0,306.112,,dropped_radio_down,0,
6892,cmd,0,5,306.112,,expired,0,
6893,cmd,0,1,306.176,,expired,0,
6894,hb,2,0,306.24,306.303,delivered,3,
6895,hb,3,0,306.304,306.326,delivered,1,
6896,cmd,0,2,306.304,306.388,delivered,3,
6897,cmd,0,3,306.368,306.389,delivered,1,
6898,thumb,1,0,306.432,,dropped_radio_down,0,
6899,hb,4,0,306.432,306.474,delivered,2,
6900,cmd,0,4,306.496,306.538,delivered,2,
6901,cmd,0,5,306.56,,expired,0,
6902,hb,1,0,306.624,,dropped_radio_down,0,
6903,cmd,0,1,306.688,,expired,0,
6904,hb,2,0,306.752,306.816,delivered,3,
6905,thumb,2,0,306.752,306.87,delivered,3,
6906,cmd,0,2,306.752,306.817,delivered,3,
6907,hb,3,0,306.816,306.837,delivered,1,
6908,cmd,0,3,306.88,306.901,delivered,1,
6909,hb,4,0,306.944,306.986,delivered,2,
6910,cmd,0,4,307.008,307.05,delivered,2,
6911,cmd,0,5,307.072,,expired,0,
6912,hb,1,0,307.136,,dropped_radio_down,0,
6913,thumb,3,0,307.136,307.209,delivered,1,
6914,cmd,0,1,307.2,,expired,0,
6915,hb,2,0,307.264,307.348,delivered,3,
6916,cmd,0,2,307.264,307.349,delivered,3,
6917,hb,3,0,307.328,307.35,delivered,1,
6918,cmd,0,3,307.392,307.413,delivered,1,
6919,hb,4,0,307.456,307.498,delivered,2,
6920,cmd,0,4,307.456,307.499,delivered,2,
6921,thumb,4,0,307.52,307.593,delivered,2,
6922,cmd,0,5,307.584,,expired,0,
6923,hb,1,0,307.648,,dropped_radio_down,0,
6924,hb,2,0,307.712,307.775,delivered,3,
6925,cmd,0,1,307.712,,expired,0,
6926,cmd,0,2,307.776,307.839,delivered,3,
6927,hb,3,0,307.84,307.861,delivered,1,
6928,hb,4,0,307.904,307.946,delivered,2,
6929,cmd,0,3,307.904,307.925,delivered,1,
6930,cmd,0,4,307.968,308.01,delivered,2,
6931,cmd,0,5,308.096,,expired,0,
6932,hb,1,0,308.16,,dropped_radio_down,0,
6933,cmd,0,1,308.16,,expired,0,
6934,hb,2,0,308.224,308.287,delivered,3,
6935,cmd,0,2,308.288,308.351,delivered,3,
6936,hb,3,0,308.352,308.374,delivered,1,
6937,cmd,0,3,308.352,308.373,delivered,1,
6938,thumb,1,0,308.416,,dropped_radio_down,0,
6939,hb,4,0,308.416,308.458,delivered,2,
6940,cmd,0,4,308.48,308.543,delivered,2,
6941,hb,1,0,308.608,,dropped_radio_down,0,
6942,cmd,0,5,308.608,,expired,0,
6943,cmd,0,1,308.672,,expired,0,
6944,hb,2,0,308.736,308.799,delivered,3,
6945,thumb,2,0,308.8,308.946,delivered,3,
6946,cmd,0,2,308.8,308.874,delivered,3,
6947,hb,3,0,308.864,308.886,delivered,1,
6948,cmd,0,3,308.864,308.885,delivered,1,
6949,hb,4,0,308.928,308.97,delivered,2,
6950,cmd,0,4,308.992,309.034,delivered,2,
6951,cmd,0,5,309.056,,expired,0,
6952,hb,1,0,309.12,,dropped_radio_down,0,
6953,thumb,3,0,309.12,309.229,delivered,1,
6954,cmd,0,1,309.184,,expired,0,
6955,hb,2,0,309.248,309.311,delivered,3,
6956,hb,3,0,309.312,309.376,delivered,1,
6957,cmd,0,2,309.312,309.398,delivered,3,
6958,cmd,0,3,309.376,309.418,delivered,1,
6959,hb,4,0,309.44,309.482,delivered,2,
6960,thumb,4,0,309.504,309.577,delivered,2,
6961,cmd,0,4,309.504,309.546,delivered,2,
6962,cmd,0,5,309.568,,expired,0,
6963,hb,1,0,309.632,,dropped_radio_down,0,
6964,cmd,0,1,309.696,,expired,0,
6965,hb,2,0,309.76,309.844,delivered,3,
6966,cmd,0,2,309.76,309.845,delivered,3,
6967,hb,3,0,309.824,309.866,delivered,1,
6968,cmd,0,3,309.888,309.93,delivered,1,
6969,hb,4,0,309.952,309.994,delivered,2,
6970,cmd,0,4,309.952,309.995,delivered,2,
6971,cmd,0,5,310.08,,expired,0,
6972,hb,1,0,310.144,,dropped_radio_down,0,
6973,hb,2,0,310.208,310.271,delivered,3,
6974,cmd,0,1,310.208,,expired,0,
6975,cmd,0,2,310.272,310.335,delivered,3,
6976,hb,3,0,310.336,310.357,delivered,1,
6977,thumb,1,0,310.4,,dropped_radio_down,0,
6978,cmd,0,3,310.4,310.421,delivered,1,
6979,hb,4,0,310.464,310.506,delivered,2,
6980,cmd,0,4,310.464,310.507,delivered,2,
6981,cmd,0,5,310.592,,expired,0,
6982,hb,1,0,310.656,,dropped_radio_down,0,
6983,cmd,0,1,310.656,,expired,0,
6984,hb,2,0,310.72,310.783,delivered,3,
6985,thumb,2,0,310.784,310.893,delivered,3,
6986,cmd,0,2,310.784,310.858,delivered,3,
6987,hb,3,0,310.848,310.869,delivered,1,
6988,hb,4,0,310.912,310.954,delivered,2,
6989,cmd,0,3,310.912,310.933,delivered,1,
6990,cmd,0,4,310.976,311.018,delivered,2,
6991,hb,1,0,311.104,,dropped_radio_down,0,
6992,cmd,0,5,311.104,,expired,0,
6993,thumb,3,0,311.168,311.204,delivered,1,
6994,cmd,0,1,311.168,,expired,0,
6995,hb,2,0,311.232,311.295,delivered,3,
6996,cmd,0,2,311.296,311.359,delivered,3,
6997,hb,3,0,311.36,311.382,delivered,1,
6998,cmd,0,3,311.36,311.381,delivered,1,
6999,hb,4,0,311.424,311.466,delivered,2,
7000,thumb,4,0,311.488,311.561,delivered,2,
7001,cmd,0,4,311.488,311.53,delivered,2,
7002,cmd,0,5,311.552,,expired,0,
7003,hb,1,0,311.616,,dropped_radio_down,0,
7004,cmd,0,1,311.68,,expired,0,
7005,hb,2,0,311.744,311.828,delivered,3,
7006,hb,3,0,311.808,311.83,delivered,1,
7007,cmd,0,2,311.808,311.871,delivered,3,
7008,cmd,0,3,311.872,311.893,delivered,1,
7009,hb,4,0,311.936,311.978,delivered,2,
7010,cmd,0,4,312.0,312.042,delivered,2,
7011,cmd,0,5,312.064,,expired,0,
7012,hb,1,0,312.128,,dropped_radio_down,0,
7013,cmd,0,1,312.192,,expired,0,
7014,hb,2,0,312.256,312.32,delivered,3,
7015,cmd,0,2,312.256,312.321,delivered,3,
7016,hb,3,0,312.32,312.341,delivered,1,
7017,thumb,1,0,312.384,,dropped_radio_down,0,
7018,cmd,0,3,312.384,312.405,delivered,1,
7019,hb,4,0,312.448,312.49,delivered,2,
7020,cmd,0,4,312.512,312.575,delivered,2,
7021,cmd,0,5,312.576,,expired,0,
7022,hb,1,0,312.64,,dropped_radio_down,0,
7023,hb,2,0,312.704,312.767,delivered,3,
7024,cmd,0,1,312.704,,expired,0,
7025,thumb,2,0,312.768,312.914,delivered,3,
7026,cmd,0,2,312.768,312.842,delivered,3,
7027,hb,3,0,312.832,312.853,delivered,1,
7028,cmd,0,3,312.896,312.917,delivered,1,
7029,hb,4,0,312.96,313.002,delivered,2,
7030,cmd,0,4,312.96,313.003,delivered,2,
7031,cmd,0,5,313.088,,expired,0,
7032,hb,1,0,313.152,,dropped_radio_down,0,
7033,thumb,3,0,313.152,313.188,delivered,1,
7034,cmd,0,1,313.152,,expired,0,
7035,hb,2,0,313.216,313.279,delivered,3,
7036,cmd,0,2,313.28,313.364,delivered,3,
7037,hb,3,0,313.344,313.365,delivered,1,
7038,hb,4,0,313.408,313.45,delivered,2,
7039,cmd,0,3,313.408,313.429,delivered,1,
7040,cmd,0,4,313.472,313.514,delivered,2,
7041,thumb,4,0,313.536,313.609,delivered,2,
7042,cmd,0,5,313.6,,expired,0,
7043,hb,1,0,313.664,,dropped_radio_down,0,
7044,cmd,0,1,313.664,,expired,0,
7045,hb,2,0,313.728,313.791,delivered,3,
7046,cmd,0,2,313.792,313.855,delivered,3,
7047,hb,3,0,313.856,313.899,delivered,1,
7048,cmd,0,3,313.856,313.898,delivered,1,
7049,hb,4,0,313.92,313.962,delivered,2,
7050,cmd,0,4,313.984,314.026,delivered,2,
7051,hb,1,0,314.112,,dropped_radio_down,0,
7052,cmd,0,5,314.112,,expired,0,
7053,cmd,0,1,314.176,,expired,0,
7054,hb,2,0,314.24,314.303,delivered,3,
7055,hb,3,0,314.304,314.326,delivered,1,
7056,cmd,0,2,314.304,314.367,delivered,3,
7057,cmd,0,3,314.368,314.389,delivered,1,
7058,thumb,1,0,314.432,,dropped_radio_down,0,
7059,hb,4,0,314.432,314.474,delivered,2,
7060,cmd,0,4,314.496,314.538,delivered,2,
7061,cmd,0,5,314.56,,expired,0,
7062,hb,1,0,314.624,,dropped_radio_down,0,
7063,cmd,0,1,314.688,,expired,0,
7064,hb,2,0,314.752,314.815,delivered,3,
7065,thumb,2,0,314.752,314.87,delivered,3,
7066,cmd,0,2,314.752,314.853,delivered,3,
7067,hb,3,0,314.816,314.837,delivered,1,
7068,cmd,0,3,314.88,314.901,delivered,1,
7069,hb,4,0,314.944,315.007,delivered,2,
7070,cmd,0,4,315.008,315.071,delivered,2,
7071,cmd,0,5,315.072,,expired,0,
7072,hb,1,0,315.136,,dropped_radio_down,0,
7073,thumb,3,0,315.136,315.172,delivered,1,
7074,cmd,0,1,315.2,,expired,0,
7075,hb,2,0,315.264,315.328,delivered,3,
7076,cmd,0,2,315.264,315.329,delivered,3,
7077,hb,3,0,315.328,315.349,delivered,1,
7078,cmd,0,3,315.392,315.413,delivered,1,
7079,hb,4,0,315.456,315.541,delivered,2,
7080,cmd,0,4,315.456,315.498,delivered,2,
7081,thumb,4,0,315.52,315.594,delivered,2,
7082,cmd,0,5,315.584,,expired,0,
7083,hb,1,0,315.648,,dropped_radio_down,0,
7084,hb,2,0,315.712,315.775,delivered,3,
7085,cmd,0,1,315.712,,expired,0,
7086,cmd,0,2,315.776,315.839,delivered,3,
7087,hb,3,0,315.84,315.861,delivered,1,
7088,hb,4,0,315.904,315.946,delivered,2,
7089,cmd,0,3,315.904,315.925,delivered,1,
7090,cmd,0,4,315.968,316.031,delivered,2,
7091,cmd,0,5,316.096,,expired,0,
7092,hb,1,0,316.16,,dropped_radio_down,0,
7093,cmd,0,1,316.16,,expired,0,
7094,hb,2,0,316.224,316.287,delivered,3,
7095,cmd,0,2,316.288,316.372,delivered,3,
7096,hb,3,0,316.352,316.374,delivered,1,
7097,cmd,0,3,316.352,316.373,delivered,1,
7098,thumb,1,0,316.416,,dropped_radio_down,0,
7099,hb,4,0,316.416,316.458,delivered,2,
7100,cmd,0,4,316.48,316.522,delivered,2,
7101,hb,1,0,316.608,,dropped_radio_down,0,
7102,cmd,0,5,316.608,,expired,0,
7103,cmd,0,1,316.672,,expired,0,
7104,hb,2,0,316.736,316.799,delivered,3,
7105,thumb,2,0,316.8,316.909,delivered,3,
7106,cmd,0,2,316.8,316.874,delivered,3,
7107,hb,3,0,316.864,316.886,delivered,1,
7108,cmd,0,3,316.864,316.885,delivered,1,
7109,hb,4,0,316.928,316.97,delivered,2,
7110,cmd,0,4,316.992,317.034,delivered,2,
7111,cmd,0,5,317.056,,expired,0,
7112,hb,1,0,317.12,,dropped_radio_down,0,
7113,thumb,3,0,317.12,317.156,delivered,1,
7114,cmd,0,1,317.184,,expired,0,
7115,hb,2,0,317.248,317.311,delivered,3,
7116,hb,3,0,317.312,317.355,delivered,1,
7117,cmd,0,2,317.312,317.377,delivered,3,
7118,cmd,0,3,317.376,317.418,delivered,1,
7119,hb,4,0,317.44,317.482,delivered,2,
7120,thumb,4,0,317.504,317.584,delivered,2,
7121,cmd,0,4,317.504,317.567,delivered,2,
7122,cmd,0,5,317.568,,expired,0,
7123,hb,1,0,317.632,,dropped_radio_down,0,
7124,cmd,0,1,317.696,,expired,0,
7125,hb,2,0,317.76,317.824,delivered,3,
7126,cmd,0,2,317.76,317.825,delivered,3,
7127,hb,3,0,317.824,317.845,delivered,1,
7128,cmd,0,3,317.888,317.909,delivered,1,
7129,hb,4,0,317.952,317.994,delivered,2,
7130,cmd,0,4,317.952,317.995,delivered,2,
7131,cmd,0,5,318.08,,expired,0,
7132,hb,1,0,318.144,,dropped_radio_down,0,
7133,hb,2,0,318.208,318.271,delivered,3,
7134,cmd,0,1,318.208,,expired,0,
7135,cmd,0,2,318.272,318.335,delivered,3,
7136,hb,3,0,318.336,318.357,delivered,1,
7137,thumb,1,0,318.4,,dropped_radio_down,0,
7138,cmd,0,3,318.4,318.421,delivered,1,
7139,hb,4,0,318.464,318.506,delivered,2,
7140,cmd,0,4,318.464,318.507,delivered,2,
7141,cmd,0,5,318.592,,expired,0,
7142,hb,1,0,318.656,,dropped_radio_down,0,
7143,cmd,0,1,318.656,,expired,0,
7144,hb,2,0,318.72,318.824,delivered,3,
7145,thumb,2,0,318.784,318.906,delivered,3,
7146,cmd,0,2,318.784,318.889,delivered,3,
7147,hb,3,0,318.848,318.869,delivered,1,
7148,hb,4,0,318.912,318.954,delivered,2,
7149,cmd,0,3,318.912,318.933,delivered,1,
7150,cmd,0,4,318.976,319.039,delivered,2,
7151,hb,1,0,319.104,,dropped_radio_down,0,
7152,cmd,0,5,319.104,,expired,0,
7153,thumb,3,0,319.168,319.204,delivered,1,
7154,cmd,0,1,319.168,,expired,0,
7155,hb,2,0,319.232,319.295,delivered,3,
7156,cmd,0,2,319.296,319.359,delivered,3,
7157,hb,3,0,319.36,319.382,delivered,1,
7158,cmd,0,3,319.36,319.381,delivered,1,
7159,hb,4,0,319.424,319.487,delivered,2,
7160,thumb,4,0,319.488,319.561,delivered,2,
7161,cmd,0,4,319.488,319.53,delivered,2,
7162,cmd,0,5,319.552,,expired,0,
7163,hb,1,0,319.616,,dropped_radio_down,0,
7164,cmd,0,1,319.68,,expired,0,
7165,hb,2,0,319.744,319.807,delivered,3,
7166,hb,3,0,319.808,319.83,delivered,1,
7167,cmd,0,2,319.808,319.871,delivered,3,
7168,cmd,0,3,319.872,319.893,delivered,1,
7169,hb,4,0,319.936,319.978,delivered,2,
7170,cmd,0,4,320.0,320.042,delivered,2,
7171,cmd,0,5,320.064,,expired,0,
7172,hb,1,0,320.128,,dropped_radio_down,0,
7173,cmd,0,1,320.192,,expired,0,
7174,hb,2,0,320.256,320.34,delivered,3,
7175,cmd,0,2,320.256,320.362,delivered,3,
7176,hb,3,0,320.32,320.342,delivered,1,
7177,thumb,1,0,320.384,,dropped_radio_down,0,
7178,cmd,0,3,320.384,320.405,delivered,1,
7179,hb,4,0,320.448,320.49,delivered,2,
7180,cmd,0,4,320.512,320.575,delivered,2,
7181,cmd,0,5,320.576,,expired,0,
7182,hb,1,0,320.64,,dropped_radio_down,0,
7183,hb,2,0,320.704,320.788,delivered,3,
7184,cmd,0,1,320.704,,expired,0,
7185,thumb,2,0,320.768,320.878,delivered,3,
7186,cmd,0,2,320.768,320.842,delivered,3,
7187,hb,3,0,320.832,320.853,delivered,1,
7188,cmd,0,3,320.896,320.917,delivered,1,
7189,hb,4,0,320.96,321.002,delivered,2,
7190,cmd,0,4,320.96,321.003,delivered,2,
7191,cmd,0,5,321.088,,expired,0,
7192,hb,1,0,321.152,,dropped_radio_down,0,
7193,thumb,3,0,321.152,321.189,delivered,1,
7194,cmd,0,1,321.152,,expired,0,
7195,hb,2,0,321.216,321.279,delivered,3,
7196,cmd,0,2,321.28,321.343,delivered,3,
7197,hb,3,0,321.344,321.365,delivered,1,
7198,hb,4,0,321.408,321.45,delivered,2,
7199,cmd,0,3,321.408,321.429,delivered,1,
7200,cmd,0,4,321.472,321.514,delivered,2,
7201,thumb,4,0,321.536,321.609,delivered,2,
7202,hb,1,0,321.6,,dropped_radio_down,0,
7203,cmd,0,5,321.6,,expired,0,
7204,cmd,0,1,321.664,,expired,0,
7205,hb,2,0,321.728,321.791,delivered,3,
7206,cmd,0,2,321.792,321.855,delivered,3,
7207,hb,3,0,321.856,321.878,delivered,1,
7208,cmd,0,3,321.856,321.898,delivered,1,
7209,hb,4,0,321.92,321.983,delivered,2,
7210,cmd,0,4,321.984,322.026,delivered,2,
7211,hb,1,0,322.112,,dropped_radio_down,0,
7212,cmd,0,5,322.112,,expired,0,
7213,cmd,0,1,322.176,,expired,0,
7214,hb,2,0,322.24,322.303,delivered,3,
7215,hb,3,0,322.304,322.326,delivered,1,
7216,cmd,0,2,322.304,322.367,delivered,3,
7217,cmd,0,3,322.368,322.389,delivered,1,
7218,thumb,1,0,322.432,,dropped_radio_down,0,
7219,hb,4,0,322.432,322.474,delivered,2,
7220,cmd,0,4,322.496,322.58,delivered,2,
7221,cmd,0,5,322.56,,expired,0,
7222,hb,1,0,322.624,,dropped_radio_down,0,
7223,cmd,0,1,322.688,,expired,0,
7224,hb,2,0,322.752,322.837,delivered,3,
7225,thumb,2,0,322.752,322.891,delivered,3,
7226,cmd,0,2,322.752,322.817,delivered,3,
7227,hb,3,0,322.816,322.838,delivered,1,
7228,cmd,0,3,322.88,322.901,delivered,1,
7229,hb,4,0,322.944,322.986,delivered,2,
7230,cmd,0,4,323.008,323.05,delivered,2,
7231,cmd,0,5,323.072,,expired,0,
7232,hb,1,0,323.136,,dropped_radio_down,0,
7233,thumb,3,0,323.136,323.173,delivered,1,
7234,hb,2,0,323.2,323.263,delivered,3,
7235,cmd,0,1,323.2,,expired,0,
7236,cmd,0,2,323.264,323.327,delivered,3,
7237,hb,3,0,323.328,323.349,delivered,1,
7238,cmd,0,3,323.392,323.413,delivered,1,
7239,hb,4,0,323.456,323.52,delivered,2,
7240,cmd,0,4,323.456,323.498,delivered,2,
7241,thumb,4,0,323.52,323.593,delivered,2,
7242,cmd,0,5,323.584,,expired,0,
7243,hb,1,0,323.648,,dropped_radio_down,0,
7244,hb,2,0,323.712,323.775,delivered,3,
7245,cmd,0,1,323.712,,expired,0,
7246,cmd,0,2,323.776,323.839,delivered,3,
7247,hb,3,0,323.84,323.861,delivered,1,
7248,hb,4,0,323.904,323.946,delivered,2,
7249,cmd,0,3,323.904,323.925,delivered,1,
7250,cmd,0,4,323.968,324.01,delivered,2,
7251,cmd,0,5,324.096,,expired,0,
7252,hb,1,0,324.16,,dropped_radio_down,0,
7253,cmd,0,1,324.16,,expired,0,
7254,hb,2,0,324.224,324.287,delivered,3,
7255,cmd,0,2,324.288,324.351,delivered,3,
7256,hb,3,0,324.352,324.374,delivered,1,
7257,cmd,0,3,324.352,324.373,delivered,1,
7258,thumb,1,0,324.416,,dropped_radio_down,0,
7259,hb,4,0,324.416,324.458,delivered,2,
7260,cmd,0,4,324.48,324.522,delivered,2,
7261,hb,1,0,324.608,,dropped_radio_down,0,
7262,cmd,0,5,324.608,,expired,0,
7263,cmd,0,1,324.672,,expired,0,
7264,hb,2,0,324.736,324.799,delivered,3,
7265,thumb,2,0,324.8,324.946,delivered,3,
7266,hb,3,0,324.8,324.843,delivered,1,
7267,cmd,0,2,324.8,324.911,delivered,3,
7268,cmd,0,3,324.864,324.885,delivered,1,
7269,hb,4,0,324.928,324.97,delivered,2,
7270,cmd,0,4,324.992,325.034,delivered,2,
7271,cmd,0,5,325.056,,expired,0,
7272,hb,1,0,325.12,,dropped_radio_down,0,
7273,thumb,3,0,325.12,325.157,delivered,1,
7274,cmd,0,1,325.184,,expired,0,
7275,hb,2,0,325.248,325.311,delivered,3,
7276,hb,3,0,325.312,325.334,delivered,1,
7277,cmd,0,2,325.312,325.396,delivered,3,
7278,cmd,0,3,325.376,325.397,delivered,1,
7279,hb,4,0,325.44,325.482,delivered,2,
7280,thumb,4,0,325.504,325.577,delivered,2,
7281,cmd,0,4,325.504,325.546,delivered,2,
7282,cmd,0,5,325.568,,expired,0,
7283,hb,1,0,325.632,,dropped_radio_down,0,
7284,cmd,0,1,325.696,,expired,0,
7285,hb,2,0,325.76,325.824,delivered,3,
7286,cmd,0,2,325.76,325.825,delivered,3,
7287,hb,3,0,325.824,325.845,delivered,1,
7288,cmd,0,3,325.888,325.909,delivered,1,
7289,hb,4,0,325.952,325.994,delivered,2,
7290,cmd,0,4,325.952,326.016,delivered,2,
7291,cmd,0,5,326.08,,expired,0,
7292,hb,1,0,326.144,,dropped_radio_down,0,
7293,hb,2,0,326.208,326.292,delivered,3,
7294,cmd,0,1,326.208,,expired,0,
7295,cmd,0,2,326.272,326.356,delivered,3,
7296,hb,3,0,326.336,326.357,delivered,1,
7297,thumb,1,0,326.4,,dropped_radio_down,0,
7298,hb,4,0,326.4,326.463,delivered,2,
7299,cmd,0,3,326.4,326.421,delivered,1,
7300,cmd,0,4,326.464,326.506,delivered,2,
7301,cmd,0,5,326.592,,expired,0,
7302,hb,1,0,326.656,,dropped_radio_down,0,
7303,cmd,0,1,326.656,,expired,0,
7304,hb,2,0,326.72,326.804,delivered,3,
7305,thumb,2,0,326.784,326.896,delivered,3,
7306,cmd,0,2,326.784,326.879,delivered,3,
7307,hb,3,0,326.848,326.869,delivered,1,
7308,hb,4,0,326.912,326.954,delivered,2,
7309,cmd,0,3,326.912,326.933,delivered,1,
7310,cmd,0,4,326.976,327.039,delivered,2,
7311,hb,1,0,327.104,,dropped_radio_down,0,
7312,cmd,0,5,327.104,,expired,0,
7313,thumb,3,0,327.168,327.205,delivered,1,
7314,cmd,0,1,327.168,,expired,0,
7315,hb,2,0,327.232,327.295,delivered,3,
7316,cmd,0,2,327.296,327.359,delivered,3,
7317,hb,3,0,327.36,327.382,delivered,1,
7318,cmd,0,3,327.36,327.381,delivered,1,
7319,hb,4,0,327.424,327.466,delivered,2,
7320,thumb,4,0,327.488,327.561,delivered,2,
7321,cmd,0,4,327.488,327.53,delivered,2,
7322,cmd,0,5,327.552,,expired,0,
7323,hb,1,0,327.616,,dropped_radio_down,0,
7324,cmd,0,1,327.68,,expired,0,
7325,hb,2,0,327.744,327.807,delivered,3,
7326,hb,3,0,327.808,327.83,delivered,1,
7327,cmd,0,2,327.808,327.871,delivered,3,
7328,cmd,0,3,327.872,327.893,delivered,1,
7329,hb,4,0,327.936,327.978,delivered,2,
7330,cmd,0,4,328.0,328.042,delivered,2,
7331,cmd,0,5,328.064,,expired,0,
7332,hb,1,0,328.128,,dropped_radio_down,0,
7333,cmd,0,1,328.192,,expired,0,
7334,hb,2,0,328.256,328.32,delivered,3,
7335,cmd,0,2,328.256,328.321,delivered,3,
7336,hb,3,0,328.32,328.362,delivered,1,
7337,thumb,1,0,328.384,,dropped_radio_down,0,
7338,cmd,0,3,328.384,328.405,delivered,1,
7339,hb,4,0,328.448,328.49,delivered,2,
7340,cmd,0,4,328.512,328.554,delivered,2,
7341,cmd,0,5,328.576,,expired,0,
7342,hb,1,0,328.64,,dropped_radio_down,0,
7343,hb,2,0,328.704,328.767,delivered,3,
7344,cmd,0,1,328.704,,expired,0,
7345,thumb,2,0,328.768,328.878,delivered,3,
7346,cmd,0,2,328.768,328.842,delivered,3,
7347,hb,3,0,328.832,328.853,delivered,1,
7348,cmd,0,3,328.896,328.917,delivered,1,
7349,hb,4,0,328.96,329.002,delivered,2,
7350,cmd,0,4,328.96,329.003,delivered,2,
7351,cmd,0,5,329.088,,expired,0,
7352,hb,1,0,329.152,,dropped_radio_down,0,
7353,thumb,3,0,329.152,329.262,delivered,1,
7354,cmd,0,1,329.152,,expired,0,
7355,hb,2,0,329.216,329.283,delivered,3,
7356,cmd,0,2,329.28,329.343,delivered,3,
7357,hb,3,0,329.344,329.365,delivered,1,
7358,hb,4,0,329.408,329.471,delivered,2,
7359,cmd,0,3,329.408,329.429,delivered,1,
7360,cmd,0,4,329.472,329.514,delivered,2,
7361,thumb,4,0,329.536,329.609,delivered,2,
7362,hb,1,0,329.6,,dropped_radio_down,0,
7363,cmd,0,5,329.6,,expired,0,
7364,cmd,0,1,329.664,,expired,0,
7365,hb,2,0,329.728,329.791,delivered,3,
7366,cmd,0,2,329.792,329.855,delivered,3,
7367,hb,3,0,329.856,329.899,delivered,1,
7368,cmd,0,3,329.856,329.877,delivered,1,
7369,hb,4,0,329.92,329.962,delivered,2,
7370,cmd,0,4,329.984,330.047,delivered,2,
7371,hb,1,0,330.112,,dropped_radio_down,0,
7372,cmd,0,5,330.112,,expired,0,
7373,cmd,0,1,330.176,,expired,0,
7374,hb,2,0,330.24,330.303,delivered,3,
7375,hb,3,0,330.304,330.326,delivered,1,
7376,cmd,0,2,330.304,330.367,delivered,3,
7377,cmd,0,3,330.368,330.389,delivered,1,
7378,thumb,1,0,330.432,,dropped_radio_down,0,
7379,hb,4,0,330.432,330.495,delivered,2,
7380,cmd,0,4,330.496,330.538,delivered,2,
7381,cmd,0,5,330.56,,expired,0,
7382,hb,1,0,330.624,,dropped_radio_down,0,
7383,cmd,0,1,330.688,,expired,0,
7384,hb,2,0,330.752,330.816,delivered,3,
7385,thumb,2,0,330.752,330.87,delivered,3,
7386,cmd,0,2,330.752,330.817,delivered,3,
7387,hb,3,0,330.816,330.837,delivered,1,
7388,cmd,0,3,330.88,330.901,delivered,1,
7389,hb,4,0,330.944,330.986,delivered,2,
7390,cmd,0,4,331.008,331.05,delivered,2,
7391,cmd,0,5,331.072,,expired,0,
7392,hb,1,0,331.136,,dropped_radio_down,0,
7393,thumb,3,0,331.136,331.173,delivered,1,
7394,hb,2,0,331.2,331.263,delivered,3,
7395,cmd,0,1,331.2,,expired,0,
7396,cmd,0,2,331.264,331.327,delivered,3,
7397,hb,3,0,331.328,331.349,delivered,1,
7398,cmd,0,3,331.392,331.413,delivered,1,
7399,hb,4,0,331.456,331.498,delivered,2,
7400,cmd,0,4,331.456,331.499,delivered,2,
7401,thumb,4,0,331.52,331.593,delivered,2,
7402,cmd,0,5,331.584,,expired,0,
7403,hb,1,0,331.648,,dropped_radio_down,0,
7404,hb,2,0,331.712,331.775,delivered,3,
7405,cmd,0,1,331.712,,expired,0,
7406,cmd,0,2,331.776,331.839,delivered,3,
7407,hb,3,0,331.84,331.861,delivered,1,
7408,hb,4,0,331.904,331.946,delivered,2,
7409,cmd,0,3,331.904,331.925,delivered,1,
7410,cmd,0,4,331.968,332.01,delivered,2,
7411,cmd,0,5,332.096,,expired,0,
7412,hb,1,0,332.16,,dropped_radio_down,0,
7413,cmd,0,1,332.16,,expired,0,
7414,hb,2,0,332.224,332.287,delivered,3,
7415,cmd,0,2,332.288,332.351,delivered,3,
7416,hb,3,0,332.352,332.374,delivered,1,
7417,cmd,0,3,332.352,332.373,delivered,1,
7418,thumb,1,0,332.416,,dropped_radio_down,0,
7419,hb,4,0,332.416,332.458,delivered,2,
7420,cmd,0,4,332.48,332.522,delivered,2,
7421,hb,1,0,332.608,,dropped_radio_down,0,
7422,cmd,0,5,332.608,,expired,0,
7423,cmd,0,1,332.672,,expired,0,
7424,hb,2,0,332.736,332.82,delivered,3,
7425,thumb,2,0,332.8,332.91,delivered,3,
7426,hb,3,0,332.8,332.822,delivered,1,
7427,cmd,0,2,332.8,332.874,delivered,3,
7428,cmd,0,3,332.864,332.885,delivered,1,
7429,hb,4,0,332.928,332.97,delivered,2,
7430,cmd,0,4,332.992,333.034,delivered,2,
7431,cmd,0,5,333.056,,expired,0,
7432,hb,1,0,333.12,,dropped_radio_down,0,
7433,thumb,3,0,333.12,333.157,delivered,1,
7434,cmd,0,1,333.184,,expired,0,
7435,hb,2,0,333.248,333.311,delivered,3,
7436,hb,3,0,333.312,333.334,delivered,1,
7437,cmd,0,2,333.312,333.375,delivered,3,
7438,cmd,0,3,333.376,333.397,delivered,1,
7439,hb,4,0,333.44,333.482,delivered,2,
7440,thumb,4,0,333.504,333.577,delivered,2,
7441,cmd,0,4,333.504,333.546,delivered,2,
7442,cmd,0,5,333.568,,expired,0,
7443,hb,1,0,333.632,,dropped_radio_down,0,
7444,cmd,0,1,333.696,,expired,0,
7445,hb,2,0,333.76,333.824,delivered,3,
7446,cmd,0,2,333.76,333.825,delivered,3,
7447,hb,3,0,333.824,333.845,delivered,1,
7448,cmd,0,3,333.888,333.909,delivered,1,
7449,hb,4,0,333.952,333.994,delivered,2,
7450,cmd,0,4,333.952,333.995,delivered,2,
7451,cmd,0,5,334.08,,expired,0,
7452,hb,1,0,334.144,,dropped_radio_down,0,
7453,hb,2,0,334.208,334.271,delivered,3,
7454,cmd,0,1,334.208,,expired,0,
7455,cmd,0,2,334.272,334.335,delivered,3,
7456,hb,3,0,334.336,334.357,delivered,1,
7457,thumb,1,0,334.4,,dropped_radio_down,0,
7458,hb,4,0,334.4,334.443,delivered,2,
7459,cmd,0,3,334.4,334.442,delivered,1,
7460,cmd,0,4,334.464,334.506,delivered,2,
7461,cmd,0,5,334.592,,expired,0,
7462,hb,1,0,334.656,,dropped_radio_down,0,
7463,cmd,0,1,334.656,,expired,0,
7464,hb,2,0,334.72,334.783,delivered,3,
7465,thumb,2,0,334.784,334.894,delivered,3,
7466,cmd,0,2,334.784,334.858,delivered,3,
7467,hb,3,0,334.848,334.869,delivered,1,
7468,hb,4,0,334.912,334.954,delivered,2,
7469,cmd,0,3,334.912,334.933,delivered,1,
7470,cmd,0,4,334.976,335.018,delivered,2,
7471,hb,1,0,335.104,,dropped_radio_down,0,
7472,cmd,0,5,335.104,,expired,0,
7473,thumb,3,0,335.168,335.205,delivered,1,
7474,cmd,0,1,335.168,,expired,0,
7475,hb,2,0,335.232,335.295,delivered,3,
7476,cmd,0,2,335.296,335.359,delivered,3,
7477,hb,3,0,335.36,335.382,delivered,1,
7478,cmd,0,3,335.36,335.381,delivered,1,
7479,hb,4,0,335.424,335.466,delivered,2,
7480,thumb,4,0,335.488,335.561,delivered,2,
7481,cmd,0,4,335.488,335.53,delivered,2,
7482,cmd,0,5,335.552,,expired,0,
7483,hb,1,0,335.616,,dropped_radio_down,0,
7484,cmd,0,1,335.68,,expired,0,
7485,hb,2,0,335.744,335.807,delivered,3,
7486,hb,3,0,335.808,335.83,delivered,1,
7487,cmd,0,2,335.808,335.871,delivered,3,
7488,cmd,0,3,335.872,335.893,delivered,1,
7489,hb,4,0,335.936,335.999,delivered,2,
7490,cmd,0,4,336.0,336.042,delivered,2,
7491,cmd,0,5,336.064,,expired,0,
7492,hb,1,0,336.128,,dropped_radio_down,0,
7493,cmd,0,1,336.192,,expired,0,
7494,hb,2,0,336.256,336.32,delivered,3,
7495,cmd,0,2,336.256,336.321,delivered,3,
7496,hb,3,0,336.32,336.341,delivered,1,
7497,thumb,1,0,336.384,,dropped_radio_down,0,
7498,cmd,0,3,336.384,336.405,delivered,1,
7499,hb,4,0,336.448,336.49,delivered,2,
7500,cmd,0,4,336.512,336.554,delivered,2,
7501,cmd,0,5,336.576,,expired,0,
7502,hb,1,0,336.64,,dropped_radio_down,0,
7503,hb,2,0,336.704,336.767,delivered,3,
7504,cmd,0,1,336.704,,expired,0,
7505,thumb,2,0,336.768,336.878,delivered,3,
7506,cmd,0,2,336.768,336.842,delivered,3,
7507,hb,3,0,336.832,336.853,delivered,1,
7508,cmd,0,3,336.896,336.917,delivered,1,
7509,hb,4,0,336.96,337.002,delivered,2,
7510,cmd,0,4,336.96,337.003,delivered,2,
7511,cmd,0,5,337.088,,expired,0,
7512,hb,1,0,337.152,,dropped_radio_down,0,
7513,thumb,3,0,337.152,337.189,delivered,1,
7514,cmd,0,1,337.152,,expired,0,
7515,hb,2,0,337.216,337.279,delivered,3,
7516,cmd,0,2,337.28,337.343,delivered,3,
7517,hb,3,0,337.344,337.386,delivered,1,
7518,hb,4,0,337.408,337.45,delivered,2,
7519,cmd,0,3,337.408,337.429,delivered,1,
7520,cmd,0,4,337.472,337.514,delivered,2,
7521,thumb,4,0,337.536,337.609,delivered,2,
7522,hb,1,0,337.6,,dropped_radio_down,0,
7523,cmd,0,5,337.6,,expired,0,
7524,cmd,0,1,337.664,,expired,0,
7525,hb,2,0,337.728,337.791,delivered,3,
7526,cmd,0,2,337.792,337.855,delivered,3,
7527,hb,3,0,337.856,337.878,delivered,1,
7528,cmd,0,3,337.856,337.877,delivered,1,
7529,hb,4,0,337.92,337.962,delivered,2,
7530,cmd,0,4,337.984,338.026,delivered,2,
7531,hb,1,0,338.112,,dropped_radio_down,0,
7532,cmd,0,5,338.112,,expired,0,
7533,cmd,0,1,338.176,,expired,0,
7534,hb,2,0,338.24,338.303,delivered,3,
7535,hb,3,0,338.304,338.326,delivered,1,
7536,cmd,0,2,338.304,338.367,delivered,3,
7537,cmd,0,3,338.368,338.389,delivered,1,
7538,thumb,1,0,338.432,,dropped_radio_down,0,
7539,hb,4,0,338.432,338.474,delivered,2,
7540,cmd,0,4,338.496,338.538,delivered,2,
7541,cmd,0,5,338.56,,expired,0,
7542,hb,1,0,338.624,,dropped_radio_down,0,
7543,cmd,0,1,338.688,,expired,0,
7544,hb,2,0,338.752,338.816,delivered,3,
7545,thumb,2,0,338.752,338.87,delivered,3,
7546,cmd,0,2,338.752,338.817,delivered,3,
7547,hb,3,0,338.816,338.837,delivered,1,
7548,cmd,0,3,338.88,338.901,delivered,1,
7549,hb,4,0,338.944,338.986,delivered,2,
7550,cmd,0,4,339.008,339.071,delivered,2,
7551,cmd,0,5,339.072,,expired,0,
7552,hb,1,0,339.136,,dropped_radio_down,0,
7553,thumb,3,0,339.136,339.173,delivered,1,
7554,hb,2,0,339.2,339.263,delivered,3,
7555,cmd,0,1,339.2,,expired,0,
7556,cmd,0,2,339.264,339.348,delivered,3,
7557,hb,3,0,339.328,339.349,delivered,1,
7558,cmd,0,3,339.392,339.434,delivered,1,
7559,hb,4,0,339.456,339.498,delivered,2,
7560,cmd,0,4,339.456,339.499,delivered,2,
7561,thumb,4,0,339.52,339.593,delivered,2,
7562,cmd,0,5,339.584,,expired,0,
7563,hb,1,0,339.648,,dropped_radio_down,0,
7564,hb,2,0,339.712,339.796,delivered,3,
7565,cmd,0,1,339.712,,expired,0,
7566,cmd,0,2,339.776,339.839,delivered,3,
7567,hb,3,0,339.84,339.861,delivered,1,
7568,hb,4,0,339.904,339.946,delivered,2,
7569,cmd,0,3,339.904,339.925,delivered,1,
7570,cmd,0,4,339.968,340.01,delivered,2,
7571,cmd,0,5,340.096,,expired,0,
7572,hb,1,0,340.16,,dropped_radio_down,0,
7573,cmd,0,1,340.16,,expired,0,
7574,hb,2,0,340.224,340.287,delivered,3,
7575,cmd,0,2,340.288,340.351,delivered,3,
7576,hb,3,0,340.352,340.374,delivered,1,
7577,cmd,0,3,340.352,340.373,delivered,1,
7578,thumb,1,0,340.416,,dropped_radio_down,0,
7579,hb,4,0,340.416,340.458,delivered,2,
7580,cmd,0,4,340.48,340.543,delivered,2,
7581,hb,1,0,340.608,,dropped_radio_down,0,
7582,cmd,0,5,340.608,,expired,0,
7583,cmd,0,1,340.672,,expired,0,
7584,hb,2,0,340.736,340.799,delivered,3,
7585,thumb,2,0,340.8,340.91,delivered,3,
7586,hb,3,0,340.8,340.822,delivered,1,
7587,cmd,0,2,340.8,340.874,delivered,3,
7588,cmd,0,3,340.864,340.911,delivered,1,
7589,hb,4,0,340.928,340.97,delivered,2,
7590,cmd,0,4,340.992,341.034,delivered,2,
7591,cmd,0,5,341.056,,expired,0,
7592,hb,1,0,341.12,,dropped_radio_down,0,
7593,thumb,3,0,341.12,341.157,delivered,1,
7594,cmd,0,1,341.184,,expired,0,
7595,hb,2,0,341.248,341.311,delivered,3,
7596,hb,3,0,341.312,341.334,delivered,1,
7597,cmd,0,2,341.312,341.375,delivered,3,
7598,cmd,0,3,341.376,341.397,delivered,1,
7599,hb,4,0,341.44,341.482,delivered,2,
7600,thumb,4,0,341.504,341.577,delivered,2,
7601,cmd,0,4,341.504,341.546,delivered,2,
7602,cmd,0,5,341.568,,expired,0,
7603,hb,1,0,341.632,,dropped_radio_down,0,
7604,cmd,0,1,341.696,,expired,0,
7605,hb,2,0,341.76,341.824,delivered,3,
7606,cmd,0,2,341.76,341.825,delivered,3,
7607,hb,3,0,341.824,341.845,delivered,1,
7608,cmd,0,3,341.888,341.909,delivered,1,
7609,hb,4,0,341.952,342.015,delivered,2,
7610,cmd,0,4,341.952,342.016,delivered,2,
7611,cmd,0,5,342.08,,expired,0,
7612,hb,1,0,342.144,,dropped_radio_down,0,
7613,hb,2,0,342.208,342.292,delivered,3,
7614,cmd,0,1,342.208,,expired,0,
7615,cmd,0,2,342.272,342.335,delivered,3,
7616,hb,3,0,342.336,342.357,delivered,1,
7617,thumb,1,0,342.4,,dropped_radio_down,0,
7618,hb,4,0,342.4,342.443,delivered,2,
7619,cmd,0,3,342.4,342.442,delivered,1,
7620,cmd,0,4,342.464,342.506,delivered,2,
7621,cmd,0,5,342.592,,expired,0,
7622,hb,1,0,342.656,,dropped_radio_down,0,
7623,cmd,0,1,342.656,,expired,0,
7624,hb,2,0,342.72,342.783,delivered,3,
7625,thumb,2,0,342.784,342.894,delivered,3,
7626,cmd,0,2,342.784,342.858,delivered,3,
7627,hb,3,0,342.848,342.869,delivered,1,
7628,hb,4,0,342.912,342.976,delivered,2,
7629,cmd,0,3,342.912,342.954,delivered,1,
7630,cmd,0,4,342.976,343.018,delivered,2,
7631,hb,1,0,343.104,,dropped_radio_down,0,
7632,cmd,0,5,343.104,,expired,0,
7633,thumb,3,0,343.168,343.205,delivered,1,
7634,cmd,0,1,343.168,345.087,delivered,3,
7635,hb,2,0,343.232,343.295,delivered,3,
7636,cmd,0,2,343.296,343.359,delivered,3,
7637,hb,3,0,343.36,343.382,delivered,1,
7638,cmd,0,3,343.36,343.381,delivered,1,
7639,hb,4,0,343.424,343.487,delivered,2,
7640,thumb,4,0,343.488,343.561,delivered,2,
7641,cmd,0,4,343.488,343.53,delivered,2,
7642,cmd,0,5,343.552,,expired,0,
7643,hb,1,0,343.616,,dropped_radio_down,0,
7644,cmd,0,1,343.68,345.09,delivered,3,
7645,hb,2,0,343.744,343.807,delivered,3,
7646,hb,3,0,343.808,343.83,delivered,1,
7647,cmd,0,2,343.808,343.871,delivered,3,
7648,cmd,0,3,343.872,343.893,delivered,1,
7649,hb,4,0,343.936,343.978,delivered,2,
7650,cmd,0,4,344.0,344.084,delivered,2,
7651,cmd,0,5,344.064,,expired,0,
7652,hb,1,0,344.128,,dropped_radio_down,0,
7653,cmd,0,1,344.192,345.191,delivered,3,
7654,hb,2,0,344.256,344.319,delivered,3,
7655,cmd,0,2,344.256,344.341,delivered,3,
7656,hb,3,0,344.32,344.342,delivered,1,
7657,thumb,1,0,344.384,,dropped_radio_down,0,
7658,cmd,0,3,344.384,344.405,delivered,1,
7659,hb,4,0,344.448,344.49,delivered,2,
7660,cmd,0,4,344.512,344.554,delivered,2,
7661,cmd,0,5,344.576,,expired,0,
7662,hb,1,0,344.64,,dropped_radio_down,0,
7663,hb,2,0,344.704,344.767,delivered,3,
7664,cmd,0,1,344.704,345.546,delivered,3,
7665,thumb,2,0,344.768,344.914,delivered,3,
7666,cmd,0,2,344.768,344.842,delivered,3,
7667,hb,3,0,344.832,344.853,delivered,1,
7668,cmd,0,3,344.896,344.917,delivered,1,
7669,hb,4,0,344.96,345.002,delivered,2,
7670,cmd,0,4,344.96,345.003,delivered,2,
7671,data,1,0,345.088,345.76,delivered,3,1|H1|0
7672,data,1,0,345.088,346.096,delivered,3,1|H1|1
7673,data,1,0,345.088,346.162,delivered,3,1|H1|2
7674,data,1,0,345.088,346.229,delivered,3,1|H1|3
7675,cmd,0,5,345.088,,expired,0,
7676,hb,1,0,345.152,345.618,delivered,3,
7677,thumb,3,0,345.152,345.19,delivered,1,
7678,cmd,0,1,345.152,345.549,delivered,3,
7679,hb,2,0,345.216,345.64,delivered,3,
7680,cmd,0,2,345.28,345.55,delivered,3,
7681,hb,3,0,345.344,345.365,delivered,1,
7682,hb,4,0,345.408,345.62,delivered,2,
7683,cmd,0,3,345.408,345.429,delivered,1,
7684,cmd,0,4,345.472,345.547,delivered,2,
7685,thumb,4,0,345.536,345.693,delivered,2,
7686,hb,1,0,345.6,345.783,delivered,3,
7687,cmd,0,5,345.6,,expired,0,
7688,cmd,0,1,345.664,345.806,delivered,3,
7689,hb,2,0,345.728,345.805,delivered,3,
7690,cmd,0,2,345.792,346.027,delivered,3,
7691,ack,0,1,345.76,346.029,delivered,3,
7692,hb,3,0,345.856,345.939,delivered,1,
7693,cmd,0,3,345.856,345.877,delivered,1,
7694,hb,4,0,345.92,346.03,delivered,2,
7695,cmd,0,4,345.984,346.028,delivered,2,
7696,hb,1,0,346.112,346.252,delivered,3,
7697,data,1,0,346.112,346.435,delivered,3,1|H1|4
7698,cmd,0,5,346.112,,expired,0,
7699,ack,0,1,346.096,346.251,delivered,3,
7700,cmd,0,1,346.176,346.32,delivered,3,
7701,ack,0,1,346.162,346.339,delivered,3,
7702,hb,2,0,346.24,346.368,delivered,3,
7703,ack,0,1,346.229,346.369,delivered,3,
7704,hb,3,0,346.304,346.326,delivered,1,
7705,cmd,0,2,346.304,346.472,delivered,3,
7706,data,1,0,346.368,346.954,delivered,3,1|H1|5
7707,cmd,0,3,346.368,346.436,delivered,1,
7708,data,1,0,346.432,347.282,delivered,3,1|H1|6
7709,thumb,1,0,346.432,346.869,delivered,3,
7710,hb,4,0,346.432,346.712,delivered,2,
7711,data,1,0,346.496,347.35,delivered,3,1|H1|7
7712,cmd,0,4,346.496,346.538,delivered,2,
7713,ack,0,1,346.435,346.692,delivered,3,
7714,cmd,0,5,346.56,,expired,0,
7715,hb,1,0,346.624,346.818,delivered,3,
7716,cmd,0,1,346.688,346.798,delivered,3,
7717,hb,2,0,346.752,347.023,delivered,3,
7718,thumb,2,0,346.752,346.888,delivered,3,
7719,cmd,0,2,346.752,346.956,delivered,3,
7720,data,1,0,346.816,347.663,delivered,3,1|H1|8
7721,hb,3,0,346.816,346.852,delivered,1,
7722,cmd,0,3,346.88,346.955,delivered,1,
7723,hb,4,0,346.944,347.091,delivered,2,
7724,cmd,0,4,347.008,347.158,delivered,2,
7725,ack,0,1,346.954,347.2,delivered,3,
7726,cmd,0,5,347.072,,expired,0,
7727,hb,1,0,347.136,347.199,delivered,3,
7728,thumb,3,0,347.136,347.216,delivered,1,
7729,hb,2,0,347.2,347.439,delivered,3,
7730,cmd,0,1,347.2,347.438,delivered,3,
7731,data,1,0,347.264,347.594,delivered,3,1|H1|9
7732,cmd,0,2,347.264,347.458,delivered,3,
7733,hb,3,0,347.328,347.352,delivered,1,
7734,ack,0,1,347.282,347.595,delivered,3,
7735,cmd,0,3,347.392,347.413,delivered,1,
7736,ack,0,1,347.35,347.597,delivered,3,
7737,hb,4,0,347.456,347.596,delivered,2,
7738,cmd,0,4,347.456,347.595,delivered,2,
7739,thumb,4,0,347.52,347.716,delivered,2,
7740,cmd,0,5,347.584,,expired,0,
7741,hb,1,0,347.648,347.738,delivered,3,
7742,ack,0,1,347.594,347.866,delivered,3,
7743,data,1,0,347.712,348.108,delivered,3,1|H1|10
7744,data,1,0,347.712,348.465,delivered,3,1|H1|11
7745,hb,2,0,347.712,347.907,delivered,3,
7746,cmd,0,1,347.712,347.867,delivered,3,
7747,ack,0,1,347.663,347.867,delivered,3,
7748,cmd,0,2,347.776,347.868,delivered,3,
7749,hb,3,0,347.84,347.861,delivered,1,
7750,hb,4,0,347.904,348.041,delivered,2,
7751,cmd,0,3,347.904,347.925,delivered,1,
7752,data,1,0,347.968,348.531,delivered,3,1|H1|12
7753,data,1,0,347.968,348.599,delivered,3,1|H1|13
7754,cmd,0,4,347.968,348.042,delivered,2,
7755,cmd,0,5,348.096,,expired,0,
7756,hb,1,0,348.16,348.376,delivered,3,
7757,cmd,0,1,348.16,348.377,delivered,3,
7758,ack,0,1,348.108,348.379,delivered,3,
7759,hb,2,0,348.224,348.396,delivered,3,
7760,cmd,0,2,348.288,348.399,delivered,3,
7761,hb,3,0,348.352,348.374,delivered,1,
7762,cmd,0,3,348.352,348.373,delivered,1,
7763,thumb,1,0,348.416,348.696,delivered,3,
7764,hb,4,0,348.416,348.637,delivered,2,
7765,data,1,0,348.48,348.848,delivered,3,1|H1|14
7766,cmd,0,4,348.48,348.6,delivered,2,
7767,ack,0,1,348.465,348.64,delivered,3,
7768,ack,0,1,348.531,348.662,delivered,3,
7769,hb,1,0,348.608,348.679,delivered,3,
7770,cmd,0,5,348.608,,expired,0,
7771,ack,0,1,348.599,348.68,delivered,3,
7772,cmd,0,1,348.672,348.983,delivered,3,
7773,data,1,0,348.736,349.326,delivered,3,1|H1|15
7774,data,1,0,348.736,349.392,delivered,3,1|H1|16
7775,hb,2,0,348.736,349.093,delivered,3,
7776,data,1,0,348.8,349.461,delivered,3,1|H1|17
7777,thumb,2,0,348.8,349.243,delivered,3,
7778,hb,3,0,348.8,348.85,delivered,1,
7779,cmd,0,2,348.8,349.006,delivered,3,
7780,cmd,0,3,348.864,348.885,delivered,1,
7781,ack,0,1,348.848,349.007,delivered,3,
7782,hb,4,0,348.928,349.026,delivered,2,
7783,cmd,0,4,348.992,349.16,delivered,2,
7784,cmd,0,5,349.056,,expired,0,
7785,hb,1,0,349.12,349.465,delivered,3,
7786,data,1,0,349.12,349.695,delivered,3,1|H1|18
7787,thumb,3,0,349.12,349.26,delivered,1,
7788,cmd,0,1,349.184,349.465,delivered,3,
7789,hb,2,0,349.248,349.487,delivered,3,
7790,hb,3,0,349.312,349.394,delivered,1,
7791,cmd,0,2,349.312,349.488,delivered,3,
7792,cmd,0,3,349.376,349.462,delivered,1,
7793,ack,0,1,349.326,349.505,delivered,3,
7794,hb,4,0,349.44,349.506,delivered,2,
7795,ack,0,1,349.392,349.509,delivered,3,
7796,thumb,4,0,349.504,349.629,delivered,2,
7797,cmd,0,4,349.504,349.593,delivered,2,
7798,ack,0,1,349.461,349.629,delivered,3,
7799,cmd,0,5,349.568,,expired,0,
7800,hb,1,0,349.632,349.874,delivered,3,
7801,data,1,0,349.632,350.096,delivered,3,1|H1|19
7802,data,1,0,349.632,350.164,delivered,3,1|H1|20
7803,data,1,0,349.696,350.414,delivered,3,1|H1|21
7804,cmd,0,1,349.696,349.875,delivered,3,
7805,ack,0,1,349.695,349.875,delivered,3,
7806,hb,2,0,349.76,349.898,delivered,3,
7807,cmd,0,2,349.76,349.876,delivered,3,
7808,hb,3,0,349.824,349.845,delivered,1,
7809,cmd,0,3,349.888,349.909,delivered,1,
7810,data,1,0,349.952,350.482,delivered,3,1|H1|22
7811,hb,4,0,349.952,350.254,delivered,2,
7812,cmd,0,4,349.952,350.097,delivered,2,
7813,cmd,0,5,350.08,,expired,0,
7814,hb,1,0,350.144,350.279,delivered,3,
7815,ack,0,1,350.096,350.276,delivered,3,
7816,hb,2,0,350.208,350.346,delivered,3,
7817,cmd,0,1,350.208,350.278,delivered,3,
7818,ack,0,1,350.164,350.347,delivered,3,
7819,cmd,0,2,350.272,350.416,delivered,3,
7820,hb,3,0,350.336,350.415,delivered,1,
7821,data,1,0,350.4,350.869,delivered,3,1|H1|23
7822,thumb,1,0,350.4,350.669,delivered,3,
7823,hb,4,0,350.4,350.504,delivered,2,
7824,cmd,0,3,350.4,350.483,delivered,1,
7825,data,1,0,350.464,351.558,delivered,3,1|H1|24
7826,cmd,0,4,350.464,350.506,delivered,2,
7827,ack,0,1,350.414,350.615,delivered,3,
7828,ack,0,1,350.482,350.616,delivered,3,
7829,cmd,0,5,350.592,,expired,0,
7830,hb,1,0,350.656,350.957,delivered,3,
7831,cmd,0,1,350.656,350.958,delivered,3,
7832,data,1,0,350.72,351.625,delivered,3,1|H1|25
7833,data,1,0,350.72,351.746,delivered,3,1|H1|26
7834,hb,2,0,350.72,351.024,delivered,3,
7835,thumb,2,0,350.784,351.331,delivered,3,
7836,cmd,0,2,350.784,350.981,delivered,3,
7837,hb,3,0,350.848,350.871,delivered,1,
7838,hb,4,0,350.912,351.158,delivered,2,
7839,cmd,0,3,350.912,350.933,delivered,1,
7840,ack,0,1,350.869,350.983,delivered,3,
7841,cmd,0,4,350.976,351.091,delivered,2,
7842,hb,1,0,351.104,351.313,delivered,3,
7843,data,1,0,351.104,351.815,delivered,3,1|H1|27
7844,cmd,0,5,351.104,,expired,0,
7845,thumb,3,0,351.168,351.258,delivered,1,
7846,cmd,0,1,351.168,351.314,delivered,3,
7847,hb,2,0,351.232,351.469,delivered,3,
7848,cmd,0,2,351.296,351.491,delivered,3,
7849,hb,3,0,351.36,351.4,delivered,1,
7850,cmd,0,3,351.36,351.399,delivered,1,
7851,hb,4,0,351.424,351.49,delivered,2,
7852,thumb,4,0,351.488,351.679,delivered,2,
7853,cmd,0,4,351.488,351.626,delivered,2,
7854,cmd,0,5,351.552,,expired,0,
7855,hb,1,0,351.616,351.748,delivered,3,
7856,ack,0,1,351.558,351.749,delivered,3,
7857,cmd,0,1,351.68,351.851,delivered,3,
7858,ack,0,1,351.625,351.86,delivered,3,
7859,hb,2,0,351.744,351.859,delivered,3,
7860,hb,3,0,351.808,351.83,delivered,1,
7861,cmd,0,2,351.808,351.871,delivered,3,
7862,ack,0,1,351.746,351.881,delivered,3,
7863,data,1,0,351.872,352.265,delivered,3,1|H1|28
7864,cmd,0,3,351.872,351.893,delivered,1,
7865,ack,0,1,351.815,352.112,delivered,3,
7866,data,1,0,351.936,352.521,delivered,3,1|H1|29
7867,hb,4,0,351.936,352.112,delivered,2,
7868,data,1,0,352.0,352.587,delivered,3,1|H1|30
7869,cmd,0,4,352.0,352.042,delivered,2,
7870,cmd,0,5,352.064,,expired,0,
7871,hb,1,0,352.128,352.309,delivered,3,
7872,data,1,0,352.192,352.802,delivered,3,1|H1|31
7873,cmd,0,1,352.192,352.31,delivered,3,
7874,hb,2,0,352.256,352.321,delivered,3,
7875,cmd,0,2,352.256,352.322,delivered,3,
7876,hb,3,0,352.32,352.389,delivered,1,
7877,ack,0,1,352.265,352.589,delivered,3,
7878,thumb,1,0,352.384,352.735,delivered,3,
7879,cmd,0,3,352.384,352.405,delivered,1,
7880,hb,4,0,352.448,352.609,delivered,2,
7881,cmd,0,4,352.512,352.676,delivered,2,
7882,cmd,0,5,352.576,,expired,0,
7883,ack,0,1,352.521,352.698,delivered,3,
7884,hb,1,0,352.64,352.718,delivered,3,
7885,ack,0,1,352.587,352.719,delivered,3,
7886,data,1,0,352.704,353.175,delivered,3,1|H1|32
7887,hb,2,0,352.704,353.032,delivered,3,
7888,cmd,0,1,352.704,352.924,delivered,3,
7889,data,1,0,352.768,353.348,delivered,3,1|H1|33
7890,thumb,2,0,352.768,353.087,delivered,3,
7891,cmd,0,2,352.768,352.945,delivered,3,
7892,data,1,0,352.832,353.552,delivered,3,1|H1|34
7893,hb,3,0,352.832,352.853,delivered,1,
7894,ack,0,1,352.802,352.962,delivered,3,
7895,cmd,0,3,352.896,352.917,delivered,1,
7896,hb,4,0,352.96,353.109,delivered,2,
7897,cmd,0,4,352.96,353.034,delivered,2,
7898,data,1,0,353.088,353.62,delivered,3,1|H1|35
7899,cmd,0,5,353.088,,expired,0,
7900,hb,1,0,353.152,353.281,delivered,3,
7901,thumb,3,0,353.152,353.192,delivered,1,
7902,cmd,0,1,353.152,353.282,delivered,3,
7903,hb,2,0,353.216,353.35,delivered,3,
7904,ack,0,1,353.175,353.351,delivered,3,
7905,cmd,0,2,353.28,353.623,delivered,3,
7906,hb,3,0,353.344,353.418,delivered,1,
7907,hb,4,0,353.408,353.554,delivered,2,
7908,cmd,0,3,353.408,353.429,delivered,1,
7909,ack,0,1,353.348,353.643,delivered,3,
7910,data,1,0,353.472,354.196,delivered,3,1|H1|36
7911,cmd,0,4,353.472,353.624,delivered,2,
7912,thumb,4,0,353.536,353.769,delivered,2,
7913,hb,1,0,353.6,353.75,delivered,3,
7914,cmd,0,5,353.6,,expired,0,
7915,ack,0,1,353.552,353.924,delivered,3,
7916,cmd,0,1,353.664,353.926,delivered,3,
7917,ack,0,1,353.62,353.927,delivered,3,
7918,data,1,0,353.728,354.129,delivered,3,1|H1|37
7919,hb,2,0,353.728,353.995,delivered,3,
7920,cmd,0,2,353.792,354.219,delivered,3,
7921,hb,3,0,353.856,353.924,delivered,1,
7922,cmd,0,3,353.856,353.923,delivered,1,
7923,hb,4,0,353.92,354.223,delivered,2,
7924,cmd,0,4,353.984,354.13,delivered,2,
7925,data,1,0,354.048,354.581,delivered,3,1|H1|38
7926,data,1,0,354.048,354.515,delivered,3,1|H1|39
7927,hb,1,0,354.112,354.245,delivered,3,
7928,cmd,0,5,354.112,,expired,0,
7929,cmd,0,1,354.176,354.239,delivered,3,
7930,ack,0,1,354.129,354.245,delivered,3,
7931,hb,2,0,354.24,354.449,delivered,3,
7932,ack,0,1,354.196,354.603,delivered,3,
7933,hb,3,0,354.304,354.379,delivered,1,
7934,cmd,0,2,354.304,354.605,delivered,3,
7935,data,1,0,354.368,354.854,delivered,3,1|H1|40
7936,cmd,0,3,354.368,354.389,delivered,1,
7937,thumb,1,0,354.432,354.659,delivered,3,
7938,hb,4,0,354.432,354.602,delivered,2,
7939,cmd,0,4,354.496,354.604,delivered,2,
7940,cmd,0,5,354.56,,expired,0,
7941,ack,0,1,354.515,354.659,delivered,3,
7942,hb,1,0,354.624,354.702,delivered,3,
7943,ack,0,1,354.581,354.702,delivered,3,
7944,data,1,0,354.688,355.326,delivered,3,1|H1|41
7945,cmd,0,1,354.688,354.968,delivered,3,
7946,data,1,0,354.752,355.393,delivered,3,1|H1|42
7947,hb,2,0,354.752,355.093,delivered,3,
7948,thumb,2,0,354.752,355.176,delivered,3,
7949,cmd,0,2,354.752,354.986,delivered,3,
7950,data,1,0,354.816,355.464,delivered,3,1|H1|43
7951,hb,3,0,354.816,354.876,delivered,1,
7952,cmd,0,3,354.88,354.901,delivered,1,
7953,ack,0,1,354.854,355.008,delivered,3,
7954,hb,4,0,354.944,355.008,delivered,2,
7955,cmd,0,4,355.008,355.094,delivered,2,
7956,cmd,0,5,355.072,,expired,0,
7957,hb,1,0,355.136,355.467,delivered,3,
7958,data,1,0,355.136,355.676,delivered,3,1|H1|44
7959,thumb,3,0,355.136,355.259,delivered,1,
7960,hb,2,0,355.2,355.535,delivered,3,
7961,cmd,0,1,355.2,355.398,delivered,3,
7962,cmd,0,2,355.264,355.536,delivered,3,
7963,hb,3,0,355.328,355.395,delivered,1,
7964,ack,0,1,355.326,355.539,delivered,3,
7965,cmd,0,3,355.392,355.465,delivered,1,
7966,hb,4,0,355.456,355.574,delivered,2,
7967,cmd,0,4,355.456,355.538,delivered,2,
7968,ack,0,1,355.393,355.577,delivered,3,
7969,thumb,4,0,355.52,355.61,delivered,2,
7970,ack,0,1,355.464,355.676,delivered,3,
7971,cmd,0,5,355.584,,expired,0,
7972,hb,1,0,355.648,355.765,delivered,3,
7973,data,1,0,355.648,355.932,delivered,3,1|H1|45
7974,hb,2,0,355.712,355.843,delivered,3,
7975,cmd,0,1,355.712,355.775,delivered,3,
7976,ack,0,1,355.676,355.843,delivered,3,
7977,cmd,0,2,355.776,355.866,delivered,3,
7978,hb,3,0,355.84,355.861,delivered,1,
7979,hb,4,0,355.904,355.953,delivered,2,
7980,cmd,0,3,355.904,355.933,delivered,1,
7981,cmd,0,4,355.968,356.01,delivered,2,
7982,ack,0,1,355.932,356.031,delivered,3,
7983,cmd,0,5,356.096,,expired,0,
7984,hb,1,0,356.16,356.224,delivered,3,
7985,cmd,0,1,356.16,356.225,delivered,3,
7986,hb,2,0,356.224,356.287,delivered,3,
7987,cmd,0,2,356.288,356.351,delivered,3,
7988,hb,3,0,356.352,356.374,delivered,1,
7989,cmd,0,3,356.352,356.373,delivered,1,
7990,thumb,1,0,356.416,356.527,delivered,3,
7991,hb,4,0,356.416,356.474,delivered,2,
7992,cmd,0,4,356.48,356.55,delivered,2,
7993,hb,1,0,356.608,356.671,delivered,3,
7994,cmd,0,5,356.608,,expired,0,
7995,cmd,0,1,356.672,356.735,delivered,3,
7996,hb,2,0,356.736,356.799,delivered,3,
7997,thumb,2,0,356.8,356.91,delivered,3,
7998,hb,3,0,356.8,356.822,delivered,1,
7999,cmd,0,2,356.8,356.874,delivered,3,
8000,cmd,0,3,356.864,356.885,delivered,1,
8001,hb,4,0,356.928,356.97,delivered,2,
8002,cmd,0,4,356.992,357.034,delivered,2,
8003,cmd,0,5,357.056,,expired,0,
8004,hb,1,0,357.12,357.183,delivered,3,
8005,thumb,3,0,357.12,357.157,delivered,1,
8006,cmd,0,1,357.184,357.247,delivered,3,
8007,hb,2,0,357.248,357.332,delivered,3,
8008,hb,3,0,357.312,357.334,delivered,1,
8009,cmd,0,2,357.312,357.375,delivered,3,
8010,cmd,0,3,357.376,357.397,delivered,1,
8011,hb,4,0,357.44,357.482,delivered,2,
8012,thumb,4,0,357.504,357.577,delivered,2,
8013,cmd,0,4,357.504,357.578,delivered,2,
8014,cmd,0,5,357.568,,expired,0,
8015,hb,1,0,357.632,357.695,delivered,3,
8016,cmd,0,1,357.696,357.759,delivered,3,
8017,hb,2,0,357.76,357.824,delivered,3,
8018,cmd,0,2,357.76,357.825,delivered,3,
8019,hb,3,0,357.824,357.845,delivered,1,
8020,cmd,0,3,357.888,357.909,delivered,1,
8021,hb,4,0,357.952,357.994,delivered,2,
8022,cmd,0,4,357.952,357.995,delivered,2,
8023,cmd,0,5,358.08,,expired,0,
8024,hb,1,0,358.144,358.207,delivered,3,
8025,hb,2,0,358.208,358.293,delivered,3,
8026,cmd,0,1,358.208,358.294,delivered,3,
8027,cmd,0,2,358.272,358.336,delivered,3,
8028,hb,3,0,358.336,358.357,delivered,1,
8029,thumb,1,0,358.4,358.548,delivered,3,
8030,hb,4,0,358.4,358.458,delivered,2,
8031,cmd,0,3,358.4,358.421,delivered,1,
8032,cmd,0,4,358.464,358.512,delivered,2,
8033,cmd,0,5,358.592,,expired,0,
8034,hb,1,0,358.656,358.741,delivered,3,
8035,cmd,0,1,358.656,358.762,delivered,3,
8036,hb,2,0,358.72,358.783,delivered,3,
8037,thumb,2,0,358.784,358.896,delivered,3,
8038,cmd,0,2,358.784,358.879,delivered,3,
8039,hb,3,0,358.848,358.869,delivered,1,
8040,hb,4,0,358.912,358.954,delivered,2,
8041,cmd,0,3,358.912,358.933,delivered,1,
8042,cmd,0,4,358.976,359.018,delivered,2,
8043,hb,1,0,359.104,359.167,delivered,3,
8044,cmd,0,5,359.104,,expired,0,
8045,thumb,3,0,359.168,359.206,delivered,1,
8046,cmd,0,1,359.168,359.252,delivered,3,
8047,hb,2,0,359.232,359.295,delivered,3,
8048,cmd,0,2,359.296,359.359,delivered,3,
8049,hb,3,0,359.36,359.382,delivered,1,
8050,cmd,0,3,359.36,359.381,delivered,1,
8051,hb,4,0,359.424,359.466,delivered,2,
8052,thumb,4,0,359.488,359.561,delivered,2,
8053,cmd,0,4,359.488,359.53,delivered,2,
8054,cmd,0,5,359.552,,expired,0,
8055,hb,1,0,359.616,359.7,delivered,3,
8056,cmd,0,1,359.68,359.743,delivered,3,
8057,hb,2,0,359.744,359.807,delivered,3,
8058,hb,3,0,359.808,359.83,delivered,1,
8059,cmd,0,2,359.808,359.871,delivered,3,
8060,cmd,0,3,359.872,359.893,delivered,1,
8061,hb,4,0,359.936,359.978,delivered,2,
8062,cmd,0,4,360.0,360.063,delivered,2,
8063,cmd,0,5,360.064,,expired,0,
8064,hb,1,0,360.128,360.191,delivered,3,
8065,cmd,0,1,360.192,360.276,delivered,3,
8066,hb,2,0,360.256,360.32,delivered,3,
8067,cmd,0,2,360.256,360.321,delivered,3,
8068,hb,3,0,360.32,360.341,delivered,1,
8069,thumb,1,0,360.384,360.543,delivered,3,
8070,cmd,0,3,360.384,360.405,delivered,1,
8071,hb,4,0,360.448,360.49,delivered,2,
8072,cmd,0,4,360.512,360.565,delivered,2,
8073,cmd,0,5,360.576,,expired,0,
8074,hb,1,0,360.64,360.703,delivered,3,
8075,hb,2,0,360.704,360.768,delivered,3,
8076,cmd,0,1,360.704,360.769,delivered,3,
8077,thumb,2,0,360.768,360.914,delivered,3,
8078,cmd,0,2,360.768,360.842,delivered,3,
8079,hb,3,0,360.832,360.853,delivered,1,
8080,cmd,0,3,360.896,360.917,delivered,1,
8081,hb,4,0,360.96,361.002,delivered,2,
8082,cmd,0,4,360.96,361.003,delivered,2,
8083,cmd,0,5,361.088,,expired,0,
8084,hb,1,0,361.152,361.237,delivered,3,
8085,thumb,3,0,361.152,361.19,delivered,1,
8086,cmd,0,1,361.152,361.238,delivered,3,
8087,hb,2,0,361.216,361.279,delivered,3,
8088,cmd,0,2,361.28,361.364,delivered,3,
8089,hb,3,0,361.344,361.386,delivered,1,
8090,hb,4,0,361.408,361.45,delivered,2,
8091,cmd,0,3,361.408,361.429,delivered,1,
8092,cmd,0,4,361.472,361.514,delivered,2,
8093,thumb,4,0,361.536,361.609,delivered,2,
8094,hb,1,0,361.6,361.663,delivered,3,
8095,cmd,0,5,361.6,,expired,0,
8096,cmd,0,1,361.664,361.727,delivered,3,
8097,hb,2,0,361.728,361.791,delivered,3,
8098,cmd,0,2,361.792,361.855,delivered,3,
8099,hb,3,0,361.856,361.878,delivered,1,
8100,cmd,0,3,361.856,361.898,delivered,1,
8101,hb,4,0,361.92,361.962,delivered,2,
8102,cmd,0,4,361.984,362.026,delivered,2,
8103,hb,1,0,362.112,362.175,delivered,3,
8104,cmd,0,5,362.112,,expired,0,
8105,cmd,0,1,362.176,362.26,delivered,3,
8106,hb,2,0,362.24,362.303,delivered,3,
8107,hb,3,0,362.304,362.326,delivered,1,
8108,cmd,0,2,362.304,362.367,delivered,3,
8109,cmd,0,3,362.368,362.389,delivered,1,
8110,thumb,1,0,362.432,362.543,delivered,3,
8111,hb,4,0,362.432,362.49,delivered,2,
8112,cmd,0,4,362.496,362.544,delivered,2,
8113,cmd,0,5,362.56,,expired,0,
8114,hb,1,0,362.624,362.708,delivered,3,
8115,cmd,0,1,362.688,362.751,delivered,3,
8116,hb,2,0,362.752,362.816,delivered,3,
8117,thumb,2,0,362.752,362.907,delivered,3,
8118,cmd,0,2,362.752,362.817,delivered,3,
8119,hb,3,0,362.816,362.837,delivered,1,
8120,cmd,0,3,362.88,362.908,delivered,1,
8121,hb,4,0,362.944,362.986,delivered,2,
8122,cmd,0,4,363.008,363.05,delivered,2,
8123,cmd,0,5,363.072,,expired,0,
8124,hb,1,0,363.136,363.199,delivered,3,
8125,thumb,3,0,363.136,363.173,delivered,1,
8126,hb,2,0,363.2,363.264,delivered,3,
8127,cmd,0,1,363.2,363.265,delivered,3,
8128,cmd,0,2,363.264,363.327,delivered,3,
8129,hb,3,0,363.328,363.349,delivered,1,
8130,cmd,0,3,363.392,363.413,delivered,1,
8131,hb,4,0,363.456,363.498,delivered,2,
8132,cmd,0,4,363.456,363.499,delivered,2,
8133,thumb,4,0,363.52,363.593,delivered,2,
8134,cmd,0,5,363.584,,expired,0,
8135,hb,1,0,363.648,363.711,delivered,3,
8136,hb,2,0,363.712,363.776,delivered,3,
8137,cmd,0,1,363.712,363.777,delivered,3,
8138,cmd,0,2,363.776,363.839,delivered,3,
8139,hb,3,0,363.84,363.861,delivered,1,
8140,hb,4,0,363.904,363.946,delivered,2,
8141,cmd,0,3,363.904,363.925,delivered,1,
8142,cmd,0,4,363.968,364.01,delivered,2,
8143,cmd,0,5,364.096,,expired,0,
8144,hb,1,0,364.16,364.224,delivered,3,
8145,cmd,0,1,364.16,364.225,delivered,3,
8146,hb,2,0,364.224,364.287,delivered,3,
8147,cmd,0,2,364.288,364.372,delivered,3,
8148,hb,3,0,364.352,364.374,delivered,1,
8149,cmd,0,3,364.352,364.373,delivered,1,
8150,thumb,1,0,364.416,364.527,delivered,3,
8151,hb,4,0,364.416,364.474,delivered,2,
8152,cmd,0,4,364.48,364.528,delivered,2,
8153,hb,1,0,364.608,364.671,delivered,3,
8154,cmd,0,5,364.608,,expired,0,
8155,cmd,0,1,364.672,364.735,delivered,3,
8156,hb,2,0,364.736,364.82,delivered,3,
8157,thumb,2,0,364.8,364.91,delivered,3,
8158,hb,3,0,364.8,364.822,delivered,1,
8159,cmd,0,2,364.8,364.911,delivered,3,
8160,cmd,0,3,364.864,364.885,delivered,1,
8161,hb,4,0,364.928,364.97,delivered,2,
8162,cmd,0,4,364.992,365.034,delivered,2,
8163,cmd,0,5,365.056,,expired,0,
8164,hb,1,0,365.12,365.183,delivered,3,
8165,thumb,3,0,365.12,365.157,delivered,1,
8166,cmd,0,1,365.184,365.247,delivered,3,
8167,hb,2,0,365.248,365.332,delivered,3,
8168,hb,3,0,365.312,365.334,delivered,1,
8169,cmd,0,2,365.312,365.375,delivered,3,
8170,cmd,0,3,365.376,365.397,delivered,1,
8171,hb,4,0,365.44,365.482,delivered,2,
8172,thumb,4,0,365.504,365.577,delivered,2,
8173,cmd,0,4,365.504,365.546,delivered,2,
8174,cmd,0,5,365.568,,expired,0,
8175,hb,1,0,365.632,365.695,delivered,3,
8176,cmd,0,1,365.696,365.759,delivered,3,
8177,hb,2,0,365.76,365.824,delivered,3,
8178,cmd,0,2,365.76,365.825,delivered,3,
8179,hb,3,0,365.824,365.845,delivered,1,
8180,cmd,0,3,365.888,365.909,delivered,1,
8181,hb,4,0,365.952,365.994,delivered,2,
8182,cmd,0,4,365.952,365.995,delivered,2,
8183,cmd,0,5,366.08,,expired,0,
8184,hb,1,0,366.144,366.207,delivered,3,
8185,hb,2,0,366.208,366.272,delivered,3,
8186,cmd,0,1,366.208,366.273,delivered,3,
8187,cmd,0,2,366.272,366.335,delivered,3,
8188,hb,3,0,366.336,366.357,delivered,1,
8189,thumb,1,0,366.4,366.511,delivered,3,
8190,hb,4,0,366.4,366.458,delivered,2,
8191,cmd,0,3,366.4,366.421,delivered,1,
8192,cmd,0,4,366.464,366.512,delivered,2,
8193,cmd,0,5,366.592,,expired,0,
8194,hb,1,0,366.656,366.72,delivered,3,
8195,cmd,0,1,366.656,366.721,delivered,3,
8196,hb,2,0,366.72,366.804,delivered,3,
8197,thumb,2,0,366.784,366.894,delivered,3,
8198,cmd,0,2,366.784,366.858,delivered,3,
8199,hb,3,0,366.848,366.869,delivered,1,
8200,hb,4,0,366.912,366.975,delivered,2,
8201,cmd,0,3,366.912,366.933,delivered,1,
8202,cmd,0,4,366.976,367.018,delivered,2,
8203,hb,1,0,367.104,367.167,delivered,3,
8204,cmd,0,5,367.104,,expired,0,
8205,thumb,3,0,367.168,367.206,delivered,1,
8206,cmd,0,1,367.168,367.231,delivered,3,
8207,hb,2,0,367.232,367.295,delivered,3,
8208,cmd,0,2,367.296,367.359,delivered,3,
8209,hb,3,0,367.36,367.382,delivered,1,
8210,cmd,0,3,367.36,367.381,delivered,1,
8211,hb,4,0,367.424,367.487,delivered,2,
8212,thumb,4,0,367.488,367.561,delivered,2,
8213,cmd,0,4,367.488,367.53,delivered,2,
8214,cmd,0,5,367.552,,expired,0,
8215,hb,1,0,367.616,367.679,delivered,3,
8216,cmd,0,1,367.68,367.743,delivered,3,
8217,hb,2,0,367.744,367.849,delivered,3,
8218,hb,3,0,367.808,367.83,delivered,1,
8219,cmd,0,2,367.808,367.892,delivered,3,
8220,cmd,0,3,367.872,367.893,delivered,1,
8221,hb,4,0,367.936,367.978,delivered,2,
8222,cmd,0,4,368.0,368.042,delivered,2,
8223,cmd,0,5,368.064,,expired,0,
8224,hb,1,0,368.128,368.191,delivered,3,
8225,cmd,0,1,368.192,368.255,delivered,3,
8226,hb,2,0,368.256,368.32,delivered,3,
8227,cmd,0,2,368.256,368.321,delivered,3,
8228,hb,3,0,368.32,368.341,delivered,1,
8229,thumb,1,0,368.384,368.494,delivered,3,
8230,cmd,0,3,368.384,368.405,delivered,1,
8231,hb,4,0,368.448,368.515,delivered,2,
8232,cmd,0,4,368.512,368.554,delivered,2,
8233,cmd,0,5,368.576,,expired,0,
8234,hb,1,0,368.64,368.703,delivered,3,
8235,hb,2,0,368.704,368.768,delivered,3,
8236,cmd,0,1,368.704,368.769,delivered,3,
8237,thumb,2,0,368.768,368.914,delivered,3,
8238,cmd,0,2,368.768,368.842,delivered,3,
8239,hb,3,0,368.832,368.853,delivered,1,
8240,cmd,0,3,368.896,368.917,delivered,1,
8241,hb,4,0,368.96,369.024,delivered,2,
8242,cmd,0,4,368.96,369.002,delivered,2,
8243,cmd,0,5,369.088,,expired,0,
8244,hb,1,0,369.152,369.216,delivered,3,
8245,thumb,3,0,369.152,369.19,delivered,1,
8246,cmd,0,1,369.152,369.217,delivered,3,
8247,hb,2,0,369.216,369.279,delivered,3,
8248,cmd,0,2,369.28,369.343,delivered,3,
8249,hb,3,0,369.344,369.365,delivered,1,
8250,hb,4,0,369.408,369.45,delivered,2,
8251,cmd,0,3,369.408,369.429,delivered,1,
8252,cmd,0,4,369.472,369.514,delivered,2,
8253,thumb,4,0,369.536,369.609,delivered,2,
8254,hb,1,0,369.6,369.663,delivered,3,
8255,cmd,0,5,369.6,,expired,0,
8256,cmd,0,1,369.664,369.727,delivered,3,
8257,hb,2,0,369.728,369.791,delivered,3,
8258,cmd,0,2,369.792,369.876,delivered,3,
8259,hb,3,0,369.856,369.878,delivered,1,
8260,cmd,0,3,369.856,369.877,delivered,1,
8261,hb,4,0,369.92,369.962,delivered,2,
8262,cmd,0,4,369.984,370.026,delivered,2,
8263,hb,1,0,370.112,370.175,delivered,3,
8264,cmd,0,5,370.112,,expired,0,
8265,cmd,0,1,370.176,370.26,delivered,3,
8266,hb,2,0,370.24,370.303,delivered,3,
8267,hb,3,0,370.304,370.326,delivered,1,
8268,cmd,0,2,370.304,370.367,delivered,3,
8269,cmd,0,3,370.368,370.389,delivered,1,
8270,thumb,1,0,370.432,370.543,delivered,3,
8271,hb,4,0,370.432,370.49,delivered,2,
8272,cmd,0,4,370.496,370.544,delivered,2,
8273,cmd,0,5,370.56,,expired,0,
8274,hb,1,0,370.624,370.687,delivered,3,
8275,cmd,0,1,370.688,370.751,delivered,3,
8276,hb,2,0,370.752,370.869,delivered,4,
8277,thumb,2,0,370.752,370.944,delivered,4,
8278,cmd,0,2,370.752,370.891,delivered,4,
8279,hb,3,0,370.816,370.837,delivered,1,
8280,cmd,0,3,370.88,370.901,delivered,1,
8281,hb,4,0,370.944,370.986,delivered,2,
8282,cmd,0,4,371.008,371.05,delivered,2,
8283,cmd,0,5,371.072,,expired,0,
8284,hb,1,0,371.136,371.199,delivered,3,
8285,thumb,3,0,371.136,371.173,delivered,1,
8286,hb,2,0,371.2,371.284,delivered,4,
8287,cmd,0,1,371.2,371.285,delivered,3,
8288,cmd,0,2,371.264,371.348,delivered,4,
8289,hb,3,0,371.328,371.349,delivered,1,
8290,cmd,0,3,371.392,371.413,delivered,1,
8291,hb,4,0,371.456,371.498,delivered,2,
8292,cmd,0,4,371.456,371.499,delivered,2,
8293,thumb,4,0,371.52,371.593,delivered,2,
8294,cmd,0,5,371.584,,expired,0,
8295,hb,1,0,371.648,371.711,delivered,3,
8296,hb,2,0,371.712,371.796,delivered,4,
8297,cmd,0,1,371.712,371.797,delivered,3,
8298,cmd,0,2,371.776,371.882,delivered,4,
8299,hb,3,0,371.84,371.861,delivered,1,
8300,hb,4,0,371.904,371.946,delivered,2,
8301,cmd,0,3,371.904,371.925,delivered,1,
8302,cmd,0,4,371.968,372.01,delivered,2,
8303,cmd,0,5,372.096,,expired,0,
8304,hb,1,0,372.16,372.224,delivered,3,
8305,cmd,0,1,372.16,372.225,delivered,3,
8306,hb,2,0,372.224,372.308,delivered,4,
8307,cmd,0,2,372.288,372.394,delivered,4,
8308,hb,3,0,372.352,372.374,delivered,1,
8309,cmd,0,3,372.352,372.373,delivered,1,
8310,thumb,1,0,372.416,372.527,delivered,3,
8311,hb,4,0,372.416,372.474,delivered,2,
8312,cmd,0,4,372.48,372.528,delivered,2,
8313,hb,1,0,372.608,372.671,delivered,3,
8314,cmd,0,5,372.608,,expired,0,
8315,cmd,0,1,372.672,372.735,delivered,3,
8316,hb,2,0,372.736,372.82,delivered,4,
8317,thumb,2,0,372.8,372.959,delivered,4,
8318,hb,3,0,372.8,372.822,delivered,1,
8319,cmd,0,2,372.8,372.906,delivered,4,
8320,cmd,0,3,372.864,372.885,delivered,1,
8321,hb,4,0,372.928,372.98,delivered,2,
8322,cmd,0,4,372.992,373.034,delivered,2,
8323,cmd,0,5,373.056,,expired,0,
8324,hb,1,0,373.12,373.204,delivered,3,
8325,thumb,3,0,373.12,373.157,delivered,1,
8326,cmd,0,1,373.184,373.247,delivered,3,
8327,hb,2,0,373.248,373.356,delivered,4,
8328,hb,3,0,373.312,373.355,delivered,1,
8329,cmd,0,2,373.312,373.399,delivered,4,
8330,cmd,0,3,373.376,373.397,delivered,1,
8331,hb,4,0,373.44,373.482,delivered,2,
8332,thumb,4,0,373.504,373.614,delivered,2,
8333,cmd,0,4,373.504,373.546,delivered,2,
8334,cmd,0,5,373.568,,expired,0,
8335,hb,1,0,373.632,373.695,delivered,3,
8336,cmd,0,1,373.696,373.759,delivered,3,
8337,hb,2,0,373.76,373.844,delivered,4,
8338,cmd,0,2,373.76,373.866,delivered,4,
8339,hb,3,0,373.824,373.846,delivered,1,
8340,cmd,0,3,373.888,373.909,delivered,1,
8341,hb,4,0,373.952,373.994,delivered,2,
8342,cmd,0,4,373.952,373.995,delivered,2,
8343,cmd,0,5,374.08,,expired,0,
8344,hb,1,0,374.144,374.207,delivered,3,
8345,hb,2,0,374.208,374.292,delivered,4,
8346,cmd,0,1,374.208,374.293,delivered,3,
8347,cmd,0,2,374.272,374.356,delivered,4,
8348,hb,3,0,374.336,374.357,delivered,1,
8349,thumb,1,0,374.4,374.511,delivered,3,
8350,hb,4,0,374.4,374.458,delivered,2,
8351,cmd,0,3,374.4,374.421,delivered,1,
8352,cmd,0,4,374.464,374.512,delivered,2,
8353,cmd,0,5,374.592,,expired,0,
8354,hb,1,0,374.656,374.72,delivered,3,
8355,cmd,0,1,374.656,374.721,delivered,3,
8356,hb,2,0,374.72,374.804,delivered,4,
8357,thumb,2,0,374.784,374.969,delivered,4,
8358,cmd,0,2,374.784,374.879,delivered,4,
8359,hb,3,0,374.848,374.869,delivered,1,
8360,hb,4,0,374.912,374.991,delivered,2,
8361,cmd,0,3,374.912,374.933,delivered,1,
8362,cmd,0,4,374.976,375.018,delivered,2,
8363,hb,1,0,375.104,375.167,delivered,3,
8364,cmd,0,5,375.104,,expired,0,
8365,thumb,3,0,375.168,375.206,delivered,1,
8366,cmd,0,1,375.168,375.231,delivered,3,
8367,hb,2,0,375.232,375.316,delivered,4,
8368,cmd,0,2,375.296,375.38,delivered,4,
8369,hb,3,0,375.36,375.382,delivered,1,
8370,cmd,0,3,375.36,375.381,delivered,1,
8371,hb,4,0,375.424,375.466,delivered,2,
8372,thumb,4,0,375.488,375.561,delivered,2,
8373,cmd,0,4,375.488,375.53,delivered,2,
8374,cmd,0,5,375.552,,expired,0,
8375,hb,1,0,375.616,375.679,delivered,3,
8376,cmd,0,1,375.68,375.743,delivered,3,
8377,hb,2,0,375.744,375.828,delivered,4,
8378,hb,3,0,375.808,375.83,delivered,1,
8379,cmd,0,2,375.808,375.935,delivered,4,
8380,cmd,0,3,375.872,375.893,delivered,1,
8381,hb,4,0,375.936,375.978,delivered,2,
8382,cmd,0,4,376.0,376.063,delivered,2,
8383,cmd,0,5,376.064,,expired,0,
8384,hb,1,0,376.128,376.212,delivered,3,
8385,cmd,0,1,376.192,376.255,delivered,3,
8386,hb,2,0,376.256,376.34,delivered,4,
8387,cmd,0,2,376.256,376.362,delivered,4,
8388,hb,3,0,376.32,376.342,delivered,1,
8389,thumb,1,0,376.384,376.494,delivered,3,
8390,cmd,0,3,376.384,376.405,delivered,1,
8391,hb,4,0,376.448,376.515,delivered,2,
8392,cmd,0,4,376.512,376.554,delivered,2,
8393,cmd,0,5,376.576,,expired,0,
8394,hb,1,0,376.64,376.703,delivered,3,
8395,hb,2,0,376.704,376.788,delivered,4,
8396,cmd,0,1,376.704,376.789,delivered,3,
8397,thumb,2,0,376.768,376.916,delivered,4,
8398,cmd,0,2,376.768,376.863,delivered,4,
8399,hb,3,0,376.832,376.853,delivered,1,
8400,cmd,0,3,376.896,376.917,delivered,1,
8401,hb,4,0,376.96,377.002,delivered,2,
8402,cmd,0,4,376.96,377.003,delivered,2,
8403,cmd,0,5,377.088,,expired,0,
8404,hb,1,0,377.152,377.216,delivered,3,
8405,thumb,3,0,377.152,377.19,delivered,1,
8406,cmd,0,1,377.152,377.217,delivered,3,
8407,hb,2,0,377.216,377.3,delivered,4,
8408,cmd,0,2,377.28,377.364,delivered,4,
8409,hb,3,0,377.344,377.365,delivered,1,
8410,hb,4,0,377.408,377.45,delivered,2,
8411,cmd,0,3,377.408,377.429,delivered,1,
8412,cmd,0,4,377.472,377.514,delivered,2,
8413,thumb,4,0,377.536,377.609,delivered,2,
8414,hb,1,0,377.6,377.663,delivered,3,
8415,cmd,0,5,377.6,,expired,0,
8416,cmd,0,1,377.664,377.727,delivered,3,
8417,hb,2,0,377.728,377.812,delivered,4,
8418,cmd,0,2,377.792,377.876,delivered,4,
8419,hb,3,0,377.856,377.878,delivered,1,
8420,cmd,0,3,377.856,377.877,delivered,1,
8421,hb,4,0,377.92,377.962,delivered,2,
8422,cmd,0,4,377.984,378.026,delivered,2,
8423,hb,1,0,378.112,378.196,delivered,3,
8424,cmd,0,5,378.112,,expired,0,
8425,cmd,0,1,378.176,378.239,delivered,3,
8426,hb,2,0,378.24,378.324,delivered,4,
8427,hb,3,0,378.304,378.326,delivered,1,
8428,cmd,0,2,378.304,378.388,delivered,4,
8429,cmd,0,3,378.368,378.389,delivered,1,
8430,thumb,1,0,378.432,378.543,delivered,3,
8431,hb,4,0,378.432,378.49,delivered,2,
8432,cmd,0,4,378.496,378.544,delivered,2,
8433,cmd,0,5,378.56,,expired,0,
8434,hb,1,0,378.624,378.687,delivered,3,
8435,cmd,0,1,378.688,378.751,delivered,3,
8436,hb,2,0,378.752,378.869,delivered,4,
8437,thumb,2,0,378.752,378.944,delivered,4,
8438,cmd,0,2,378.752,378.891,delivered,4,
8439,hb,3,0,378.816,378.837,delivered,1,
8440,cmd,0,3,378.88,378.901,delivered,1,
8441,hb,4,0,378.944,378.986,delivered,2,
8442,cmd,0,4,379.008,379.05,delivered,2,
8443,cmd,0,5,379.072,,expired,0,
8444,hb,1,0,379.136,379.22,delivered,3,
8445,thumb,3,0,379.136,379.173,delivered,1,
8446,hb,2,0,379.2,379.305,delivered,4,
8447,cmd,0,1,379.2,379.306,delivered,3,
8448,cmd,0,2,379.264,379.349,delivered,4,
8449,hb,3,0,379.328,379.349,delivered,1,
8450,cmd,0,3,379.392,379.413,delivered,1,
8451,hb,4,0,379.456,379.498,delivered,2,
8452,cmd,0,4,379.456,379.499,delivered,2,
8453,thumb,4,0,379.52,379.593,delivered,2,
8454,cmd,0,5,379.584,,expired,0,
8455,hb,1,0,379.648,379.732,delivered,3,
8456,hb,2,0,379.712,379.796,delivered,4,
8457,cmd,0,1,379.712,379.797,delivered,3,
8458,cmd,0,2,379.776,379.86,delivered,4,
8459,hb,3,0,379.84,379.861,delivered,1,
8460,hb,4,0,379.904,379.946,delivered,2,
8461,cmd,0,3,379.904,379.925,delivered,1,
8462,cmd,0,4,379.968,380.01,delivered,2,
8463,cmd,0,5,380.096,,expired,0,
8464,hb,1,0,380.16,380.245,delivered,3,
8465,cmd,0,1,380.16,380.246,delivered,3,
8466,hb,2,0,380.224,380.329,delivered,4,
8467,cmd,0,2,380.288,380.372,delivered,4,
8468,hb,3,0,380.352,380.374,delivered,1,
8469,cmd,0,3,380.352,380.373,delivered,1,
8470,thumb,1,0,380.416,380.527,delivered,3,
8471,hb,4,0,380.416,380.474,delivered,2,
8472,cmd,0,4,380.48,380.528,delivered,2,
8473,hb,1,0,380.608,380.671,delivered,3,
8474,cmd,0,5,380.608,,expired,0,
8475,cmd,0,1,380.672,380.735,delivered,3,
8476,hb,2,0,380.736,380.82,delivered,4,
8477,thumb,2,0,380.8,380.959,delivered,4,
8478,hb,3,0,380.8,380.822,delivered,1,
8479,cmd,0,2,380.8,380.906,delivered,4,
8480,cmd,0,3,380.864,380.885,delivered,1,
8481,hb,4,0,380.928,380.98,delivered,2,
8482,cmd,0,4,380.992,381.034,delivered,2,
8483,cmd,0,5,381.056,,expired,0,
8484,hb,1,0,381.12,381.215,delivered,3,
8485,thumb,3,0,381.12,381.193,delivered,1,
8486,cmd,0,1,381.184,381.247,delivered,3,
8487,hb,2,0,381.248,381.332,delivered,4,
8488,hb,3,0,381.312,381.334,delivered,1,
8489,cmd,0,2,381.312,381.396,delivered,4,
8490,cmd,0,3,381.376,381.397,delivered,1,
8491,hb,4,0,381.44,381.482,delivered,2,
8492,thumb,4,0,381.504,381.577,delivered,2,
8493,cmd,0,4,381.504,381.546,delivered,2,
8494,cmd,0,5,381.568,,expired,0,
8495,hb,1,0,381.632,381.716,delivered,3,
8496,cmd,0,1,381.696,381.759,delivered,3,
8497,hb,2,0,381.76,381.844,delivered,4,
8498,cmd,0,2,381.76,381.866,delivered,4,
8499,hb,3,0,381.824,381.846,delivered,1,
8500,cmd,0,3,381.888,381.909,delivered,1,
8501,hb,4,0,381.952,381.994,delivered,2,
8502,cmd,0,4,381.952,381.995,delivered,2,
8503,cmd,0,5,382.08,,expired,0,
8504,hb,1,0,382.144,382.207,delivered,3,
8505,hb,2,0,382.208,382.313,delivered,4,
8506,cmd,0,1,382.208,382.293,delivered,3,
8507,cmd,0,2,382.272,382.378,delivered,4,
8508,hb,3,0,382.336,382.357,delivered,1,
8509,thumb,1,0,382.4,382.511,delivered,3,
8510,hb,4,0,382.4,382.458,delivered,2,
8511,cmd,0,3,382.4,382.421,delivered,1,
8512,cmd,0,4,382.464,382.512,delivered,2,
8513,cmd,0,5,382.592,,expired,0,
8514,hb,1,0,382.656,382.72,delivered,3,
8515,cmd,0,1,382.656,382.721,delivered,3,
8516,hb,2,0,382.72,382.804,delivered,4,
8517,thumb,2,0,382.784,382.932,delivered,4,
8518,cmd,0,2,382.784,382.879,delivered,4,
8519,hb,3,0,382.848,382.869,delivered,1,
8520,hb,4,0,382.912,382.954,delivered,2,
8521,cmd,0,3,382.912,382.933,delivered,1,
8522,cmd,0,4,382.976,383.018,delivered,2,
8523,hb,1,0,383.104,383.167,delivered,3,
8524,cmd,0,5,383.104,,expired,0,
8525,thumb,3,0,383.168,383.206,delivered,1,
8526,cmd,0,1,383.168,383.274,delivered,3,
8527,hb,2,0,383.232,383.316,delivered,4,
8528,cmd,0,2,383.296,383.381,delivered,4,
8529,hb,3,0,383.36,383.382,delivered,1,
8530,cmd,0,3,383.36,383.381,delivered,1,
8531,hb,4,0,383.424,383.466,delivered,2,
8532,thumb,4,0,383.488,383.561,delivered,2,
8533,cmd,0,4,383.488,383.53,delivered,2,
8534,cmd,0,5,383.552,,expired,0,
8535,hb,1,0,383.616,383.679,delivered,3,
8536,cmd,0,1,383.68,383.743,delivered,3,
8537,hb,2,0,383.744,383.828,delivered,4,
8538,hb,3,0,383.808,383.83,delivered,1,
8539,cmd,0,2,383.808,383.914,delivered,4,
8540,cmd,0,3,383.872,383.893,delivered,1,
8541,hb,4,0,383.936,383.978,delivered,2,
8542,cmd,0,4,384.0,384.042,delivered,2,
8543,cmd,0,5,384.064,,expired,0,
8544,hb,1,0,384.128,384.191,delivered,3,
8545,cmd,0,1,384.192,384.255,delivered,3,
8546,hb,2,0,384.256,384.342,delivered,4,
8547,cmd,0,2,384.256,384.362,delivered,4,
8548,hb,3,0,384.32,384.341,delivered,1,
8549,thumb,1,0,384.384,384.494,delivered,3,
8550,cmd,0,3,384.384,384.405,delivered,1,
8551,hb,4,0,384.448,384.515,delivered,2,
8552,cmd,0,4,384.512,384.554,delivered,2,
8553,cmd,0,5,384.576,,expired,0,
8554,hb,1,0,384.64,384.703,delivered,3,
8555,hb,2,0,384.704,384.79,delivered,4,
8556,cmd,0,1,384.704,384.788,delivered,3,
8557,thumb,2,0,384.768,384.916,delivered,4,
8558,cmd,0,2,384.768,384.863,delivered,4,
8559,hb,3,0,384.832,384.853,delivered,1,
8560,cmd,0,3,384.896,384.917,delivered,1,
8561,hb,4,0,384.96,385.044,delivered,2,
8562,cmd,0,4,384.96,385.045,delivered,2,
8563,cmd,0,5,385.088,,expired,0,
8564,hb,1,0,385.152,385.216,delivered,3,
8565,thumb,3,0,385.152,385.19,delivered,1,
8566,cmd,0,1,385.152,385.217,delivered,3,
8567,hb,2,0,385.216,385.3,delivered,4,
8568,cmd,0,2,385.28,385.364,delivered,4,
8569,hb,3,0,385.344,385.365,delivered,1,
8570,hb,4,0,385.408,385.45,delivered,2,
8571,cmd,0,3,385.408,385.429,delivered,1,
8572,cmd,0,4,385.472,385.514,delivered,2,
8573,thumb,4,0,385.536,385.609,delivered,2,
8574,hb,1,0,385.6,385.663,delivered,3,
8575,cmd,0,5,385.6,,expired,0,
8576,cmd,0,1,385.664,385.727,delivered,3,
8577,hb,2,0,385.728,385.812,delivered,4,
8578,cmd,0,2,385.792,385.876,delivered,4,
8579,hb,3,0,385.856,385.878,delivered,1,
8580,cmd,0,3,385.856,385.877,delivered,1,
8581,hb,4,0,385.92,385.983,delivered,2,
8582,cmd,0,4,385.984,386.047,delivered,2,
8583,hb,1,0,386.112,386.196,delivered,3,
8584,cmd,0,5,386.112,,expired,0,
8585,cmd,0,1,386.176,386.239,delivered,3,
8586,hb,2,0,386.24,386.324,delivered,4,
8587,hb,3,0,386.304,386.326,delivered,1,
8588,cmd,0,2,386.304,386.388,delivered,4,
8589,cmd,0,3,386.368,386.389,delivered,1,
8590,thumb,1,0,386.432,386.543,delivered,3,
8591,hb,4,0,386.432,386.49,delivered,2,
8592,cmd,0,4,386.496,386.544,delivered,2,
8593,cmd,0,5,386.56,,expired,0,
8594,hb,1,0,386.624,386.687,delivered,3,
8595,cmd,0,1,386.688,386.751,delivered,3,
8596,hb,2,0,386.752,386.869,delivered,4,
8597,thumb,2,0,386.752,386.944,delivered,4,
8598,cmd,0,2,386.752,386.891,delivered,4,
8599,hb,3,0,386.816,386.837,delivered,1,
8600,cmd,0,3,386.88,386.901,delivered,1,
8601,hb,4,0,386.944,386.986,delivered,2,
8602,cmd,0,4,387.008,387.071,delivered,2,
8603,cmd,0,5,387.072,,expired,0,
8604,hb,1,0,387.136,387.199,delivered,3,
8605,thumb,3,0,387.136,387.173,delivered,1,
8606,hb,2,0,387.2,387.286,delivered,4,
8607,cmd,0,1,387.2,387.284,delivered,3,
8608,cmd,0,2,387.264,387.348,delivered,4,
8609,hb,3,0,387.328,387.349,delivered,1,
8610,cmd,0,3,387.392,387.434,delivered,1,
8611,hb,4,0,387.456,387.498,delivered,2,
8612,cmd,0,4,387.456,387.499,delivered,2,
8613,thumb,4,0,387.52,387.593,delivered,2,
8614,cmd,0,5,387.584,,expired,0,
8615,hb,1,0,387.648,387.711,delivered,3,
8616,hb,2,0,387.712,387.837,delivered,4,
8617,cmd,0,1,387.712,387.776,delivered,3,
8618,cmd,0,2,387.776,387.86,delivered,4,
8619,hb,3,0,387.84,387.861,delivered,1,
8620,hb,4,0,387.904,387.946,delivered,2,
8621,cmd,0,3,387.904,387.925,delivered,1,
8622,cmd,0,4,387.968,388.01,delivered,2,
8623,cmd,0,5,388.096,,expired,0,
8624,hb,1,0,388.16,388.224,delivered,3,
8625,cmd,0,1,388.16,388.225,delivered,3,
8626,hb,2,0,388.224,388.308,delivered,4,
8627,cmd,0,2,388.288,388.372,delivered,4,
8628,hb,3,0,388.352,388.374,delivered,1,
8629,cmd,0,3,388.352,388.373,delivered,1,
8630,thumb,1,0,388.416,388.564,delivered,3,
8631,hb,4,0,388.416,388.474,delivered,2,
8632,cmd,0,4,388.48,388.528,delivered,2,
8633,hb,1,0,388.608,388.671,delivered,3,
8634,cmd,0,5,388.608,,expired,0,
8635,cmd,0,1,388.672,388.735,delivered,3,
8636,hb,2,0,388.736,388.82,delivered,4,
8637,thumb,2,0,388.8,388.948,delivered,4,
8638,hb,3,0,388.8,388.822,delivered,1,
8639,cmd,0,2,388.8,388.895,delivered,4,
8640,cmd,0,3,388.864,388.885,delivered,1,
8641,hb,4,0,388.928,388.97,delivered,2,
8642,cmd,0,4,388.992,389.034,delivered,2,
8643,cmd,0,5,389.056,,expired,0,
8644,hb,1,0,389.12,389.183,delivered,3,
8645,thumb,3,0,389.12,389.157,delivered,1,
8646,cmd,0,1,389.184,389.247,delivered,3,
8647,hb,2,0,389.248,389.332,delivered,4,
8648,hb,3,0,389.312,389.334,delivered,1,
8649,cmd,0,2,389.312,389.396,delivered,4,
8650,cmd,0,3,389.376,389.397,delivered,1,
8651,hb,4,0,389.44,389.482,delivered,2,
8652,thumb,4,0,389.504,389.577,delivered,2,
8653,cmd,0,4,389.504,389.546,delivered,2,
8654,cmd,0,5,389.568,,expired,0,
8655,hb,1,0,389.632,389.695,delivered,3,
8656,cmd,0,1,389.696,389.759,delivered,3,
8657,hb,2,0,389.76,389.844,delivered,4,
8658,cmd,0,2,389.76,389.866,delivered,4,
8659,hb,3,0,389.824,389.846,delivered,1,
8660,cmd,0,3,389.888,389.909,delivered,1,
8661,hb,4,0,389.952,389.994,delivered,2,
8662,cmd,0,4,389.952,389.995,delivered,2,
8663,cmd,0,5,390.08,,expired,0,
8664,hb,1,0,390.144,390.207,delivered,3,
8665,hb,2,0,390.208,390.292,delivered,4,
8666,cmd,0,1,390.208,390.293,delivered,3,
8667,cmd,0,2,390.272,390.356,delivered,4,
8668,hb,3,0,390.336,390.357,delivered,1,
8669,thumb,1,0,390.4,390.511,delivered,3,
8670,hb,4,0,390.4,390.458,delivered,2,
8671,cmd,0,3,390.4,390.421,delivered,1,
8672,cmd,0,4,390.464,390.512,delivered,2,
8673,cmd,0,5,390.592,,expired,0,
8674,hb,1,0,390.656,390.72,delivered,3,
8675,cmd,0,1,390.656,390.721,delivered,3,
8676,hb,2,0,390.72,390.845,delivered,4,
8677,thumb,2,0,390.784,390.932,delivered,4,
8678,cmd,0,2,390.784,390.879,delivered,4,
8679,hb,3,0,390.848,390.869,delivered,1,
8680,hb,4,0,390.912,390.954,delivered,2,
8681,cmd,0,3,390.912,390.933,delivered,1,
8682,cmd,0,4,390.976,391.018,delivered,2,
8683,hb,1,0,391.104,391.167,delivered,3,
8684,cmd,0,5,391.104,,expired,0,
8685,thumb,3,0,391.168,391.206,delivered,1,
8686,cmd,0,1,391.168,391.231,delivered,3,
8687,hb,2,0,391.232,391.316,delivered,4,
8688,cmd,0,2,391.296,391.38,delivered,4,
8689,hb,3,0,391.36,391.382,delivered,1,
8690,cmd,0,3,391.36,391.381,delivered,1,
8691,hb,4,0,391.424,391.466,delivered,2,
8692,thumb,4,0,391.488,391.561,delivered,2,
8693,cmd,0,4,391.488,391.53,delivered,2,
8694,cmd,0,5,391.552,,expired,0,
8695,hb,1,0,391.616,391.679,delivered,3,
8696,cmd,0,1,391.68,391.743,delivered,3,
8697,hb,2,0,391.744,391.828,delivered,4,
8698,hb,3,0,391.808,391.83,delivered,1,
8699,cmd,0,2,391.808,391.892,delivered,4,
8700,cmd,0,3,391.872,391.893,delivered,1,
8701,hb,4,0,391.936,391.978,delivered,2,
8702,cmd,0,4,392.0,392.042,delivered,2,
8703,cmd,0,5,392.064,,expired,0,
8704,hb,1,0,392.128,392.191,delivered,3,
8705,cmd,0,1,392.192,392.255,delivered,3,
8706,hb,2,0,392.256,392.34,delivered,4,
8707,cmd,0,2,392.256,392.362,delivered,4,
8708,hb,3,0,392.32,392.342,delivered,1,
8709,thumb,1,0,392.384,392.494,delivered,3,
8710,cmd,0,3,392.384,392.405,delivered,1,
8711,hb,4,0,392.448,392.515,delivered,2,
8712,cmd,0,4,392.512,392.554,delivered,2,
8713,cmd,0,5,392.576,,expired,0,
8714,hb,1,0,392.64,392.724,delivered,3,
8715,hb,2,0,392.704,392.788,delivered,4,
8716,cmd,0,1,392.704,392.789,delivered,3,
8717,thumb,2,0,392.768,392.948,delivered,4,
8718,cmd,0,2,392.768,392.895,delivered,4,
8719,hb,3,0,392.832,392.853,delivered,1,
8720,cmd,0,3,392.896,392.917,delivered,1,
8721,hb,4,0,392.96,393.002,delivered,2,
8722,cmd,0,4,392.96,393.003,delivered,2,
8723,cmd,0,5,393.088,,expired,0,
8724,hb,1,0,393.152,393.216,delivered,3,
8725,thumb,3,0,393.152,393.19,delivered,1,
8726,cmd,0,1,393.152,393.217,delivered,3,
8727,hb,2,0,393.216,393.3,delivered,4,
8728,cmd,0,2,393.28,393.364,delivered,4,
8729,hb,3,0,393.344,393.365,delivered,1,
8730,hb,4,0,393.408,393.45,delivered,2,
8731,cmd,0,3,393.408,393.429,delivered,1,
8732,cmd,0,4,393.472,393.514,delivered,2,
8733,thumb,4,0,393.536,393.609,delivered,2,
8734,hb,1,0,393.6,393.663,delivered,3,
8735,cmd,0,5,393.6,,expired,0,
8736,cmd,0,1,393.664,393.727,delivered,3,
8737,hb,2,0,393.728,393.812,delivered,4,
8738,cmd,0,2,393.792,393.876,delivered,4,
8739,hb,3,0,393.856,393.878,delivered,1,
8740,cmd,0,3,393.856,393.877,delivered,1,
8741,hb,4,0,393.92,393.962,delivered,2,
8742,cmd,0,4,393.984,394.026,delivered,2,
8743,hb,1,0,394.112,394.175,delivered,3,
8744,cmd,0,5,394.112,,expired,0,
8745,cmd,0,1,394.176,394.239,delivered,3,
8746,hb,2,0,394.24,394.345,delivered,4,
8747,hb,3,0,394.304,394.326,delivered,1,
8748,cmd,0,2,394.304,394.388,delivered,4,
8749,cmd,0,3,394.368,394.389,delivered,1,
8750,thumb,1,0,394.432,394.543,delivered,3,
8751,hb,4,0,394.432,394.49,delivered,2,
8752,cmd,0,4,394.496,394.544,delivered,2,
8753,cmd,0,5,394.56,,expired,0,
8754,hb,1,0,394.624,394.687,delivered,3,
8755,cmd,0,1,394.688,394.772,delivered,3,
8756,hb,2,0,394.752,394.869,delivered,4,
8757,thumb,2,0,394.752,394.944,delivered,4,
8758,cmd,0,2,394.752,394.891,delivered,4,
8759,hb,3,0,394.816,394.837,delivered,1,
8760,cmd,0,3,394.88,394.901,delivered,1,
8761,hb,4,0,394.944,394.986,delivered,2,
8762,cmd,0,4,395.008,395.05,delivered,2,
8763,cmd,0,5,395.072,,expired,0,
8764,hb,1,0,395.136,395.199,delivered,3,
8765,thumb,3,0,395.136,395.173,delivered,1,
8766,hb,2,0,395.2,395.284,delivered,4,
8767,cmd,0,1,395.2,395.285,delivered,3,
8768,cmd,0,2,395.264,395.348,delivered,4,
8769,hb,3,0,395.328,395.349,delivered,1,
8770,cmd,0,3,395.392,395.413,delivered,1,
8771,hb,4,0,395.456,395.498,delivered,2,
8772,cmd,0,4,395.456,395.499,delivered,2,
8773,thumb,4,0,395.52,395.593,delivered,2,
8774,cmd,0,5,395.584,,expired,0,
8775,hb,1,0,395.648,395.732,delivered,3,
8776,hb,2,0,395.712,395.796,delivered,4,
8777,cmd,0,1,395.712,395.797,delivered,3,
8778,cmd,0,2,395.776,395.86,delivered,4,
8779,hb,3,0,395.84,395.861,delivered,1,
8780,hb,4,0,395.904,395.946,delivered,2,
8781,cmd,0,3,395.904,395.925,delivered,1,
8782,cmd,0,4,395.968,396.01,delivered,2,
8783,cmd,0,5,396.096,,expired,0,
8784,hb,1,0,396.16,396.224,delivered,3,
8785,cmd,0,1,396.16,396.225,delivered,3,
8786,hb,2,0,396.224,396.329,delivered,4,
8787,cmd,0,2,396.288,396.372,delivered,4,
8788,hb,3,0,396.352,396.374,delivered,1,
8789,cmd,0,3,396.352,396.373,delivered,1,
8790,thumb,1,0,396.416,396.527,delivered,3,
8791,hb,4,0,396.416,396.474,delivered,2,
8792,cmd,0,4,396.48,396.528,delivered,2,
8793,hb,1,0,396.608,396.671,delivered,3,
8794,cmd,0,5,396.608,,expired,0,
8795,cmd,0,1,396.672,396.756,delivered,3,
8796,hb,2,0,396.736,396.82,delivered,4,
8797,thumb,2,0,396.8,396.985,delivered,4,
8798,hb,3,0,396.8,396.843,delivered,1,
8799,cmd,0,2,396.8,396.932,delivered,4,
8800,cmd,0,3,396.864,396.885,delivered,1,
8801,hb,4,0,396.928,397.007,delivered,2,
8802,cmd,0,4,396.992,397.055,delivered,2,
8803,cmd,0,5,397.056,,expired,0,
8804,hb,1,0,397.12,397.183,delivered,3,
8805,thumb,3,0,397.12,397.157,delivered,1,
8806,cmd,0,1,397.184,397.247,delivered,3,
8807,hb,2,0,397.248,397.332,delivered,4,
8808,hb,3,0,397.312,397.397,delivered,1,
8809,cmd,0,2,397.312,397.462,delivered,4,
8810,cmd,0,3,397.376,397.398,delivered,1,
8811,hb,4,0,397.44,397.484,delivered,2,
8812,thumb,4,0,397.504,397.577,delivered,2,
8813,cmd,0,4,397.504,397.546,delivered,2,
8814,cmd,0,5,397.568,,expired,0,
8815,hb,1,0,397.632,397.695,delivered,3,
8816,cmd,0,1,397.696,397.759,delivered,3,
8817,hb,2,0,397.76,397.867,delivered,4,
8818,cmd,0,2,397.76,397.845,delivered,4,
8819,hb,3,0,397.824,397.845,delivered,1,
8820,cmd,0,3,397.888,397.909,delivered,1,
8821,hb,4,0,397.952,397.994,delivered,2,
8822,cmd,0,4,397.952,397.995,delivered,2,
8823,cmd,0,5,398.08,,expired,0,
8824,hb,1,0,398.144,398.207,delivered,3,
8825,hb,2,0,398.208,398.292,delivered,4,
8826,cmd,0,1,398.208,398.293,delivered,3,
8827,cmd,0,2,398.272,398.356,delivered,4,
8828,hb,3,0,398.336,398.357,delivered,1,
8829,thumb,1,0,398.4,398.548,delivered,3,
8830,hb,4,0,398.4,398.458,delivered,2,
8831,cmd,0,3,398.4,398.421,delivered,1,
8832,cmd,0,4,398.464,398.512,delivered,2,
8833,cmd,0,5,398.592,,expired,0,
8834,hb,1,0,398.656,398.741,delivered,3,
8835,cmd,0,1,398.656,398.74,delivered,3,
8836,hb,2,0,398.72,398.804,delivered,4,
8837,thumb,2,0,398.784,398.943,delivered,4,
8838,cmd,0,2,398.784,398.89,delivered,4,
8839,hb,3,0,398.848,398.869,delivered,1,
8840,hb,4,0,398.912,398.964,delivered,2,
8841,cmd,0,3,398.912,398.944,delivered,1,
8842,cmd,0,4,398.976,399.018,delivered,2,
8843,hb,1,0,399.104,399.167,delivered,3,
8844,data,2,0,399.104,399.596,delivered,4,2|P5|0
8845,data,2,0,399.104,399.982,delivered,4,2|P5|1
8846,data,2,0,399.104,400.134,delivered,4,2|P5|2
8847,data,2,0,399.104,400.403,delivered,4,2|P5|3
8848,cmd,0,5,399.104,,expired,0,
8849,thumb,3,0,399.168,399.206,delivered,1,
8850,cmd,0,1,399.168,399.364,delivered,3,
8851,hb,2,0,399.232,399.522,delivered,4,
8852,cmd,0,2,399.296,399.499,delivered,4,
8853,hb,3,0,399.36,399.382,delivered,1,
8854,cmd,0,3,399.36,399.381,delivered,1,
8855,hb,4,0,399.424,399.521,delivered,2,
8856,thumb,4,0,399.488,399.76,delivered,2,
8857,cmd,0,4,399.488,399.53,delivered,2,
8858,cmd,0,5,399.552,,expired,0,
8859,hb,1,0,399.616,399.74,delivered,3,
8860,ack,0,2,399.596,399.826,delivered,4,
8861,cmd,0,1,399.68,399.743,delivered,3,
8862,hb,2,0,399.744,400.274,delivered,4,
8863,hb,3,0,399.808,399.894,delivered,1,
8864,cmd,0,2,399.808,400.273,delivered,4,
8865,cmd,0,3,399.872,399.893,delivered,1,
8866,data,2,0,399.936,400.471,delivered,4,2|P5|4
8867,hb,4,0,399.936,400.273,delivered,2,
8868,cmd,0,4,400.0,400.136,delivered,2,
8869,ack,0,2,399.982,400.294,delivered,4,
8870,cmd,0,5,400.064,,expired,0,
8871,hb,1,0,400.128,400.3,delivered,3,
8872,cmd,0,1,400.192,400.298,delivered,3,
8873,ack,0,2,400.134,400.358,delivered,4,
8874,hb,2,0,400.256,400.615,delivered,4,
8875,cmd,0,2,400.256,400.661,delivered,4,
8876,hb,3,0,400.32,400.404,delivered,1,
8877,thumb,1,0,400.384,400.962,delivered,3,
8878,data,2,0,400.384,401.028,delivered,4,2|P5|5
8879,cmd,0,3,400.384,400.405,delivered,1,
8880,data,2,0,400.448,401.095,delivered,4,2|P5|6
8881,hb,4,0,400.448,400.662,delivered,2,
8882,ack,0,2,400.403,400.749,delivered,4,
8883,cmd,0,4,400.512,400.575,delivered,2,
8884,ack,0,2,400.471,400.771,delivered,4,
8885,cmd,0,5,400.576,,expired,0,
8886,hb,1,0,400.64,400.773,delivered,3,
8887,hb,2,0,400.704,400.796,delivered,4,
8888,cmd,0,1,400.704,400.774,delivered,3,
8889,thumb,2,0,400.768,401.329,delivered,4,
8890,cmd,0,2,400.768,401.186,delivered,4,
8891,data,2,0,400.832,401.417,delivered,4,2|P5|7
8892,hb,3,0,400.832,400.863,delivered,1,
8893,data,2,0,400.896,401.602,delivered,4,2|P5|8
8894,cmd,0,3,400.896,400.917,delivered,1,
8895,hb,4,0,400.96,401.118,delivered,2,
8896,cmd,0,4,400.96,401.096,delivered,2,
8897,cmd,0,5,401.088,,expired,0,
8898,ack,0,2,401.028,401.227,delivered,4,
8899,hb,1,0,401.152,401.249,delivered,3,
8900,thumb,3,0,401.152,401.312,delivered,1,
8901,cmd,0,1,401.152,401.295,delivered,3,
8902,ack,0,2,401.095,401.35,delivered,4,
8903,hb,2,0,401.216,401.42,delivered,4,
8904,cmd,0,2,401.28,401.487,delivered,4,
8905,data,2,0,401.344,401.771,delivered,4,2|P5|9
8906,hb,3,0,401.344,401.418,delivered,1,
8907,hb,4,0,401.408,401.509,delivered,2,
8908,cmd,0,3,401.408,401.429,delivered,1,
8909,data,2,0,401.472,402.043,delivered,4,2|P5|10
8910,cmd,0,4,401.472,401.535,delivered,2,
8911,ack,0,2,401.417,401.687,delivered,4,
8912,thumb,4,0,401.536,401.887,delivered,2,
8913,hb,1,0,401.6,401.795,delivered,3,
8914,cmd,0,5,401.6,,expired,0,
8915,cmd,0,1,401.664,401.794,delivered,3,
8916,ack,0,2,401.602,401.879,delivered,4,
8917,hb,2,0,401.728,401.817,delivered,4,
8918,data,2,0,401.792,402.37,delivered,4,2|P5|11
8919,cmd,0,2,401.792,401.891,delivered,4,
8920,ack,0,2,401.771,401.957,delivered,4,
8921,hb,3,0,401.856,401.889,delivered,1,
8922,cmd,0,3,401.856,401.888,delivered,1,
8923,hb,4,0,401.92,402.132,delivered,2,
8924,data,2,0,401.984,402.579,delivered,4,2|P5|12
8925,cmd,0,4,401.984,402.133,delivered,2,
8926,data,2,0,402.048,402.646,delivered,4,2|P5|13
8927,ack,0,2,402.043,402.287,delivered,4,
8928,hb,1,0,402.112,402.445,delivered,3,
8929,cmd,0,5,402.112,,expired,0,
8930,cmd,0,1,402.176,402.444,delivered,3,
8931,hb,2,0,402.24,402.512,delivered,4,
8932,hb,3,0,402.304,402.372,delivered,1,
8933,cmd,0,2,402.304,402.689,delivered,4,
8934,data,2,0,402.368,402.897,delivered,4,2|P5|14
8935,cmd,0,3,402.368,402.389,delivered,1,
8936,thumb,1,0,402.432,402.831,delivered,3,
8937,hb,4,0,402.432,402.669,delivered,2,
8938,ack,0,2,402.37,402.774,delivered,4,
8939,cmd,0,4,402.496,402.647,delivered,2,
8940,cmd,0,5,402.56,,expired,0,
8941,hb,1,0,402.624,402.775,delivered,3,
8942,ack,0,2,402.579,402.792,delivered,4,
8943,cmd,0,1,402.688,402.813,delivered,3,
8944,ack,0,2,402.646,402.919,delivered,4,
8945,hb,2,0,402.752,402.92,delivered,4,
8946,thumb,2,0,402.752,402.973,delivered,4,
8947,cmd,0,2,402.752,402.986,delivered,4,
8948,hb,3,0,402.816,402.898,delivered,1,
8949,data,2,0,402.88,403.376,delivered,4,2|P5|15
8950,data,2,0,402.88,403.667,delivered,4,2|P5|16
8951,cmd,0,3,402.88,402.901,delivered,1,
8952,hb,4,0,402.944,403.029,delivered,2,
8953,ack,0,2,402.897,403.053,delivered,4,
8954,data,2,0,403.008,403.836,delivered,4,2|P5|17
8955,cmd,0,4,403.008,403.051,delivered,2,
8956,cmd,0,5,403.072,,expired,0,
8957,hb,1,0,403.136,403.54,delivered,3,
8958,data,2,0,403.136,404.187,delivered,4,2|P5|18
8959,thumb,3,0,403.136,403.287,delivered,1,
8960,hb,2,0,403.2,403.584,delivered,4,
8961,cmd,0,1,403.2,403.471,delivered,3,
8962,cmd,0,2,403.264,403.542,delivered,4,
8963,hb,3,0,403.328,403.376,delivered,1,
8964,cmd,0,3,403.392,403.413,delivered,1,
8965,ack,0,2,403.376,403.563,delivered,4,
8966,hb,4,0,403.456,403.561,delivered,2,
8967,cmd,0,4,403.456,403.542,delivered,2,
8968,thumb,4,0,403.52,403.684,delivered,2,
8969,cmd,0,5,403.584,,expired,0,
8970,hb,1,0,403.648,403.882,delivered,3,
8971,data,2,0,403.648,404.427,delivered,4,2|P5|19
8972,hb,2,0,403.712,403.904,delivered,4,
8973,cmd,0,1,403.712,403.863,delivered,3,
8974,ack,0,2,403.667,403.923,delivered,4,
8975,cmd,0,2,403.776,403.945,delivered,4,
8976,hb,3,0,403.84,403.862,delivered,1,
8977,ack,0,2,403.836,403.988,delivered,4,
8978,hb,4,0,403.904,403.967,delivered,2,
8979,cmd,0,3,403.904,403.925,delivered,1,
8980,cmd,0,4,403.968,404.055,delivered,2,
8981,data,2,0,404.032,404.497,delivered,4,2|P5|20
8982,data,2,0,404.096,404.71,delivered,4,2|P5|21
8983,cmd,0,5,404.096,,expired,0,
8984,hb,1,0,404.16,404.43,delivered,3,
8985,cmd,0,1,404.16,404.34,delivered,3,
8986,hb,2,0,404.224,404.625,delivered,4,
8987,ack,0,2,404.187,404.45,delivered,4,
8988,cmd,0,2,404.288,404.5,delivered,4,
8989,hb,3,0,404.352,404.498,delivered,1,
8990,cmd,0,3,404.352,404.428,delivered,1,
8991,thumb,1,0,404.416,404.643,delivered,3,
8992,hb,4,0,404.416,404.541,delivered,2,
8993,cmd,0,4,404.48,404.522,delivered,2,
8994,ack,0,2,404.427,404.646,delivered,4,
8995,data,2,0,404.544,404.942,delivered,4,2|P5|22
8996,ack,0,2,404.497,404.737,delivered,4,
8997,hb,1,0,404.608,404.82,delivered,3,
8998,cmd,0,5,404.608,,expired,0,
8999,cmd,0,1,404.672,404.753,delivered,3,
9000,hb,2,0,404.736,404.875,delivered,4,
9001,data,2,0,404.736,405.383,delivered,4,2|P5|23
9002,ack,0,2,404.71,404.94,delivered,4,
9003,thumb,2,0,404.8,404.995,delivered,4,
9004,hb,3,0,404.8,404.822,delivered,1,
9005,cmd,0,2,404.8,405.007,delivered,4,
9006,data,2,0,404.864,405.452,delivered,4,2|P5|24
9007,cmd,0,3,404.864,404.943,delivered,1,
9008,hb,4,0,404.928,405.029,delivered,2,
9009,cmd,0,4,404.992,405.034,delivered,2,
9010,ack,0,2,404.942,405.249,delivered,4,
9011,data,2,0,405.056,405.802,delivered,4,2|P5|25
9012,cmd,0,5,405.056,,expired,0,
9013,hb,1,0,405.12,405.25,delivered,3,
9014,thumb,3,0,405.12,405.157,delivered,1,
9015,cmd,0,1,405.184,405.386,delivered,3,
9016,hb,2,0,405.248,405.632,delivered,4,
9017,hb,3,0,405.312,405.385,delivered,1,
9018,cmd,0,2,405.312,405.61,delivered,4,
9019,data,2,0,405.376,406.0,delivered,4,2|P5|26
9020,cmd,0,3,405.376,405.453,delivered,1,
9021,hb,4,0,405.44,405.543,delivered,2,
9022,ack,0,2,405.383,405.717,delivered,4,
9023,thumb,4,0,405.504,405.732,delivered,2,
9024,cmd,0,4,405.504,405.546,delivered,2,
9025,ack,0,2,405.452,405.825,delivered,4,
9026,cmd,0,5,405.568,,expired,0,
9027,hb,1,0,405.632,405.848,delivered,3,
9028,cmd,0,1,405.696,405.845,delivered,3,
9029,hb,2,0,405.76,405.915,delivered,4,
9030,cmd,0,2,405.76,405.915,delivered,4,
9031,data,2,0,405.824,406.262,delivered,4,2|P5|27
9032,hb,3,0,405.824,405.846,delivered,1,
9033,ack,0,2,405.802,406.09,delivered,4,
9034,cmd,0,3,405.888,405.909,delivered,1,
9035,data,2,0,405.952,406.548,delivered,4,2|P5|28
9036,hb,4,0,405.952,406.022,delivered,2,
9037,cmd,0,4,405.952,406.091,delivered,2,
9038,ack,0,2,406.0,406.352,delivered,4,
9039,cmd,0,5,406.08,,expired,0,
9040,hb,1,0,406.144,406.353,delivered,3,
9041,hb,2,0,406.208,406.355,delivered,4,
9042,data,2,0,406.208,406.855,delivered,4,2|P5|29
9043,cmd,0,1,406.208,406.421,delivered,3,
9044,cmd,0,2,406.272,406.481,delivered,4,
9045,ack,0,2,406.262,406.502,delivered,4,
9046,hb,3,0,406.336,406.357,delivered,1,
9047,thumb,1,0,406.4,406.601,delivered,3,
9048,hb,4,0,406.4,406.48,delivered,2,
9049,cmd,0,3,406.4,406.421,delivered,1,
9050,data,2,0,406.464,406.922,delivered,4,2|P5|30
9051,cmd,0,4,406.464,406.57,delivered,2,
9052,data,2,0,406.592,407.189,delivered,4,2|P5|31
9053,cmd,0,5,406.592,,expired,0,
9054,ack,0,2,406.548,406.944,delivered,4,
9055,hb,1,0,406.656,406.967,delivered,3,
9056,cmd,0,1,406.656,406.968,delivered,3,
9057,hb,2,0,406.72,407.013,delivered,4,
9058,thumb,2,0,406.784,407.119,delivered,4,
9059,cmd,0,2,406.784,407.014,delivered,4,
9060,hb,3,0,406.848,406.923,delivered,1,
9061,hb,4,0,406.912,406.991,delivered,2,
9062,cmd,0,3,406.912,406.933,delivered,1,
9063,ack,0,2,406.855,407.08,delivered,4,
9064,cmd,0,4,406.976,407.081,delivered,2,
9065,ack,0,2,406.922,407.148,delivered,4,
9066,data,2,0,407.04,407.408,delivered,4,2|P5|32
9067,hb,1,0,407.104,407.254,delivered,3,
9068,cmd,0,5,407.104,,expired,0,
9069,data,2,0,407.168,407.805,delivered,4,2|P5|33
9070,thumb,3,0,407.168,407.206,delivered,1,
9071,cmd,0,1,407.168,407.256,delivered,3,
9072,hb,2,0,407.232,407.571,delivered,4,
9073,data,2,0,407.232,407.872,delivered,4,2|P5|34
9074,ack,0,2,407.189,407.569,delivered,4,
9075,cmd,0,2,407.296,407.571,delivered,4,
9076,hb,3,0,407.36,407.41,delivered,1,
9077,cmd,0,3,407.36,407.409,delivered,1,
9078,hb,4,0,407.424,407.569,delivered,2,
9079,ack,0,2,407.408,407.591,delivered,4,
9080,thumb,4,0,407.488,407.673,delivered,2,
9081,cmd,0,4,407.488,407.589,delivered,2,
9082,cmd,0,5,407.552,,expired,0,
9083,hb,1,0,407.616,407.969,delivered,3,
9084,data,2,0,407.68,408.043,delivered,4,2|P5|35
9085,data,2,0,407.68,408.22,delivered,4,2|P5|36
9086,cmd,0,1,407.68,407.877,delivered,3,
9087,hb,2,0,407.744,407.971,delivered,4,
9088,hb,3,0,407.808,407.944,delivered,1,
9089,cmd,0,2,407.808,408.136,delivered,4,
9090,ack,0,2,407.805,408.135,delivered,4,
9091,cmd,0,3,407.872,407.893,delivered,1,
9092,hb,4,0,407.936,408.065,delivered,2,
9093,ack,0,2,407.872,408.137,delivered,4,
9094,cmd,0,4,408.0,408.067,delivered,2,
9095,cmd,0,5,408.064,,expired,0,
9096,ack,0,2,408.043,408.242,delivered,4,
9097,hb,1,0,408.128,408.264,delivered,3,
9098,cmd,0,1,408.192,408.266,delivered,3,
9099,hb,2,0,408.256,408.34,delivered,4,
9100,data,2,0,408.256,408.992,delivered,4,2|P5|37
9101,data,2,0,408.256,409.553,delivered,4,2|P5|38
9102,cmd,0,2,408.256,408.365,delivered,4,
9103,ack,0,2,408.22,408.45,delivered,4,
9104,data,2,0,408.32,409.621,delivered,4,2|P5|39
9105,hb,3,0,408.32,408.341,delivered,1,
9106,thumb,1,0,408.384,408.763,delivered,3,
9107,cmd,0,3,408.384,408.405,delivered,1,
9108,hb,4,0,408.448,408.688,delivered,2,
9109,cmd,0,4,408.512,408.554,delivered,2,
9110,data,2,0,408.576,409.922,delivered,4,2|P5|40
9111,cmd,0,5,408.576,,expired,0,
9112,hb,1,0,408.64,408.71,delivered,3,
9113,hb,2,0,408.704,409.118,delivered,4,
9114,cmd,0,1,408.704,408.819,delivered,3,
9115,thumb,2,0,408.768,409.307,delivered,4,
9116,cmd,0,2,408.768,409.097,delivered,4,
9117,hb,3,0,408.832,408.907,delivered,1,
9118,cmd,0,3,408.896,408.917,delivered,1,
9119,hb,4,0,408.96,409.121,delivered,2,
9120,cmd,0,4,408.96,409.014,delivered,2,
9121,ack,0,2,408.992,409.14,delivered,4,
9122,cmd,0,5,409.088,,expired,0,
9123,hb,1,0,409.152,409.312,delivered,3,
9124,thumb,3,0,409.152,409.223,delivered,1,
9125,cmd,0,1,409.152,409.313,delivered,3,
9126,hb,2,0,409.216,409.351,delivered,4,
9127,data,2,0,409.216,409.992,delivered,4,2|P5|41
9128,cmd,0,2,409.28,409.486,delivered,4,
9129,hb,3,0,409.344,409.486,delivered,1,
9130,hb,4,0,409.408,409.555,delivered,2,
9131,cmd,0,3,409.408,409.429,delivered,1,
9132,cmd,0,4,409.472,409.623,delivered,2,
9133,thumb,4,0,409.536,409.681,delivered,2,
9134,hb,1,0,409.6,409.664,delivered,3,
9135,cmd,0,5,409.6,,expired,0,
9136,ack,0,2,409.553,409.748,delivered,4,
9137,cmd,0,1,409.664,409.836,delivered,3,
9138,ack,0,2,409.621,409.876,delivered,4,
9139,hb,2,0,409.728,409.837,delivered,4,
9140,cmd,0,2,409.792,409.947,delivered,4,
9141,data,2,0,409.856,410.277,delivered,4,2|P5|42
9142,hb,3,0,409.856,409.924,delivered,1,
9143,cmd,0,3,409.856,409.923,delivered,1,
9144,hb,4,0,409.92,410.013,delivered,2,
9145,data,2,0,409.984,410.505,delivered,4,2|P5|43
9146,cmd,0,4,409.984,410.026,delivered,2,
9147,ack,0,2,409.922,410.125,delivered,4,
9148,ack,0,2,409.992,410.372,delivered,4,
9149,hb,1,0,410.112,410.304,delivered,3,
9150,cmd,0,5,410.112,,expired,0,
9151,cmd,0,1,410.176,410.305,delivered,3,
9152,hb,2,0,410.24,410.374,delivered,4,
9153,data,2,0,410.24,410.717,delivered,4,2|P5|44
9154,hb,3,0,410.304,410.373,delivered,1,
9155,cmd,0,2,410.304,410.46,delivered,4,
9156,ack,0,2,410.277,410.631,delivered,4,
9157,cmd,0,3,410.368,410.389,delivered,1,
9158,thumb,1,0,410.432,410.647,delivered,3,
9159,hb,4,0,410.432,410.548,delivered,2,
9160,data,2,0,410.496,410.949,delivered,4,2|P5|45
9161,cmd,0,4,410.496,410.538,delivered,2,
9162,cmd,0,5,410.56,,expired,0,
9163,ack,0,2,410.505,410.738,delivered,4,
9164,hb,1,0,410.624,410.761,delivered,3,
9165,cmd,0,1,410.688,410.762,delivered,3,
9166,hb,2,0,410.752,410.951,delivered,4,
9167,thumb,2,0,410.752,411.005,delivered,4,
9168,cmd,0,2,410.752,410.973,delivered,4,
9169,ack,0,2,410.717,411.007,delivered,4,
9170,hb,3,0,410.816,410.837,delivered,1,
9171,cmd,0,3,410.88,410.95,delivered,1,
9172,hb,4,0,410.944,411.048,delivered,2,
9173,cmd,0,4,411.008,411.05,delivered,2,
9174,ack,0,2,410.949,411.11,delivered,4,
9175,cmd,0,5,411.072,,expired,0,
9176,hb,1,0,411.136,411.199,delivered,3,
9177,thumb,3,0,411.136,411.173,delivered,1,
9178,hb,2,0,411.2,411.284,delivered,4,
9179,cmd,0,1,411.2,411.285,delivered,3,
9180,cmd,0,2,411.264,411.348,delivered,4,
9181,hb,3,0,411.328,411.349,delivered,1,
9182,cmd,0,3,411.392,411.413,delivered,1,
9183,hb,4,0,411.456,411.498,delivered,2,
9184,cmd,0,4,411.456,411.499,delivered,2,
9185,thumb,4,0,411.52,411.593,delivered,2,
9186,cmd,0,5,411.584,,expired,0,
9187,hb,1,0,411.648,411.711,delivered,3,
9188,hb,2,0,411.712,411.798,delivered,4,
9189,cmd,0,1,411.712,411.796,delivered,3,
9190,cmd,0,2,411.776,411.882,delivered,4,
9191,hb,3,0,411.84,411.861,delivered,1,
9192,hb,4,0,411.904,411.946,delivered,2,
9193,cmd,0,3,411.904,411.925,delivered,1,
9194,cmd,0,4,411.968,412.01,delivered,2,
9195,cmd,0,5,412.096,,expired,0,
9196,hb,1,0,412.16,412.224,delivered,3,
9197,cmd,0,1,412.16,412.225,delivered,3,
9198,hb,2,0,412.224,412.308,delivered,4,
9199,cmd,0,2,412.288,412.372,delivered,4,
9200,hb,3,0,412.352,412.374,delivered,1,
9201,cmd,0,3,412.352,412.373,delivered,1,
9202,thumb,1,0,412.416,412.527,delivered,3,
9203,hb,4,0,412.416,412.474,delivered,2,
9204,cmd,0,4,412.48,412.528,delivered,2,
9205,hb,1,0,412.608,412.671,delivered,3,
9206,cmd,0,5,412.608,,expired,0,
9207,cmd,0,1,412.672,412.735,delivered,3,
9208,hb,2,0,412.736,412.82,delivered,4,
9209,thumb,2,0,412.8,412.948,delivered,4,
9210,hb,3,0,412.8,412.822,delivered,1,
9211,cmd,0,2,412.8,412.895,delivered,4,
9212,cmd,0,3,412.864,412.885,delivered,1,
9213,hb,4,0,412.928,412.97,delivered,2,
9214,cmd,0,4,412.992,413.034,delivered,2,
9215,cmd,0,5,413.056,,expired,0,
9216,hb,1,0,413.12,413.183,delivered,3,
9217,thumb,3,0,413.12,413.157,delivered,1,
9218,cmd,0,1,413.184,413.247,delivered,3,
9219,hb,2,0,413.248,413.332,delivered,4,
9220,hb,3,0,413.312,413.334,delivered,1,
9221,cmd,0,2,413.312,413.396,delivered,4,
9222,cmd,0,3,413.376,413.397,delivered,1,
9223,hb,4,0,413.44,413.482,delivered,2,
9224,thumb,4,0,413.504,413.577,delivered,2,
9225,cmd,0,4,413.504,413.546,delivered,2,
9226,cmd,0,5,413.568,,expired,0,
9227,hb,1,0,413.632,413.695,delivered,3,
9228,cmd,0,1,413.696,413.759,delivered,3,
9229,hb,2,0,413.76,413.844,delivered,4,
9230,cmd,0,2,413.76,413.866,delivered,4,
9231,hb,3,0,413.824,413.846,delivered,1,
9232,cmd,0,3,413.888,413.909,delivered,1,
9233,hb,4,0,413.952,413.994,delivered,2,
9234,cmd,0,4,413.952,413.995,delivered,2,
9235,cmd,0,5,414.08,,expired,0,
9236,hb,1,0,414.144,414.228,delivered,3,
9237,hb,2,0,414.208,414.313,delivered,4,
9238,cmd,0,1,414.208,414.272,delivered,3,
9239,cmd,0,2,414.272,414.356,delivered,4,
9240,hb,3,0,414.336,414.399,delivered,1,
9241,thumb,1,0,414.4,414.511,delivered,3,
9242,hb,4,0,414.4,414.458,delivered,2,
9243,cmd,0,3,414.4,414.421,delivered,1,
9244,cmd,0,4,414.464,414.512,delivered,2,
9245,cmd,0,5,414.592,,expired,0,
9246,hb,1,0,414.656,414.72,delivered,3,
9247,cmd,0,1,414.656,414.721,delivered,3,
9248,hb,2,0,414.72,414.804,delivered,4,
9249,thumb,2,0,414.784,414.932,delivered,4,
9250,cmd,0,2,414.784,414.879,delivered,4,
9251,hb,3,0,414.848,414.869,delivered,1,
9252,hb,4,0,414.912,414.954,delivered,2,
9253,cmd,0,3,414.912,414.933,delivered,1,
9254,cmd,0,4,414.976,415.018,delivered,2,
9255,hb,1,0,415.104,415.167,delivered,3,
9256,cmd,0,5,415.104,,expired,0,
9257,thumb,3,0,415.168,415.206,delivered,1,
9258,cmd,0,1,415.168,415.231,delivered,3,
9259,hb,2,0,415.232,415.337,delivered,4,
9260,cmd,0,2,415.296,415.38,delivered,4,
9261,hb,3,0,415.36,415.382,delivered,1,
9262,cmd,0,3,415.36,415.381,delivered,1,
9263,hb,4,0,415.424,415.466,delivered,2,
9264,thumb,4,0,415.488,415.561,delivered,2,
9265,cmd,0,4,415.488,415.53,delivered,2,
9266,cmd,0,5,415.552,,expired,0,
9267,hb,1,0,415.616,415.679,delivered,3,
9268,cmd,0,1,415.68,415.764,delivered,3,
9269,hb,2,0,415.744,415.828,delivered,4,
9270,hb,3,0,415.808,415.83,delivered,1,
9271,cmd,0,2,415.808,415.892,delivered,4,
9272,cmd,0,3,415.872,415.893,delivered,1,
9273,hb,4,0,415.936,415.978,delivered,2,
9274,cmd,0,4,416.0,416.042,delivered,2,
9275,cmd,0,5,416.064,,expired,0,
9276,hb,1,0,416.128,416.212,delivered,3,
9277,cmd,0,1,416.192,416.255,delivered,3,
9278,hb,2,0,416.256,416.34,delivered,4,
9279,cmd,0,2,416.256,416.362,delivered,4,
9280,hb,3,0,416.32,416.342,delivered,1,
9281,thumb,1,0,416.384,416.494,delivered,3,
9282,cmd,0,3,416.384,416.405,delivered,1,
9283,hb,4,0,416.448,416.515,delivered,2,
9284,cmd,0,4,416.512,416.554,delivered,2,
9285,cmd,0,5,416.576,,expired,0,
9286,hb,1,0,416.64,416.724,delivered,3,
9287,hb,2,0,416.704,416.809,delivered,4,
9288,cmd,0,1,416.704,416.789,delivered,3,
9289,thumb,2,0,416.768,416.953,delivered,4,
9290,cmd,0,2,416.768,416.863,delivered,4,
9291,hb,3,0,416.832,416.853,delivered,1,
9292,cmd,0,3,416.896,416.917,delivered,1,
9293,hb,4,0,416.96,417.002,delivered,2,
9294,cmd,0,4,416.96,417.003,delivered,2,
9295,cmd,0,5,417.088,,expired,0,
9296,hb,1,0,417.152,417.216,delivered,3,
9297,thumb,3,0,417.152,417.19,delivered,1,
9298,cmd,0,1,417.152,417.217,delivered,3,
9299,hb,2,0,417.216,417.3,delivered,4,
9300,cmd,0,2,417.28,417.364,delivered,4,
9301,hb,3,0,417.344,417.365,delivered,1,
9302,hb,4,0,417.408,417.45,delivered,2,
9303,cmd,0,3,417.408,417.429,delivered,1,
9304,cmd,0,4,417.472,417.514,delivered,2,
9305,thumb,4,0,417.536,417.609,delivered,2,
9306,hb,1,0,417.6,417.663,delivered,3,
9307,cmd,0,5,417.6,,expired,0,
9308,cmd,0,1,417.664,417.727,delivered,3,
9309,hb,2,0,417.728,417.812,delivered,4,
9310,cmd,0,2,417.792,417.898,delivered,4,
9311,hb,3,0,417.856,417.878,delivered,1,
9312,cmd,0,3,417.856,417.898,delivered,1,
9313,hb,4,0,417.92,417.962,delivered,2,
9314,cmd,0,4,417.984,418.047,delivered,2,
9315,hb,1,0,418.112,418.175,delivered,3,
9316,cmd,0,5,418.112,,expired,0,
9317,cmd,0,1,418.176,418.239,delivered,3,
9318,hb,2,0,418.24,418.324,delivered,4,
9319,hb,3,0,418.304,418.326,delivered,1,
9320,cmd,0,2,418.304,418.388,delivered,4,
9321,cmd,0,3,418.368,418.389,delivered,1,
9322,thumb,1,0,418.432,418.543,delivered,3,
9323,hb,4,0,418.432,418.49,delivered,2,
9324,cmd,0,4,418.496,418.544,delivered,2,
9325,cmd,0,5,418.56,,expired,0,
9326,hb,1,0,418.624,418.687,delivered,3,
9327,cmd,0,1,418.688,418.751,delivered,3,
9328,hb,2,0,418.752,418.869,delivered,4,
9329,thumb,2,0,418.752,418.944,delivered,4,
9330,cmd,0,2,418.752,418.891,delivered,4,
9331,hb,3,0,418.816,418.837,delivered,1,
9332,cmd,0,3,418.88,418.901,delivered,1,
9333,hb,4,0,418.944,418.986,delivered,2,
9334,cmd,0,4,419.008,419.05,delivered,2,
9335,cmd,0,5,419.072,,expired,0,
9336,hb,1,0,419.136,419.199,delivered,3,
9337,thumb,3,0,419.136,419.173,delivered,1,
9338,hb,2,0,419.2,419.284,delivered,4,
9339,cmd,0,1,419.2,419.285,delivered,3,
9340,cmd,0,2,419.264,419.348,delivered,4,
9341,hb,3,0,419.328,419.349,delivered,1,
9342,cmd,0,3,419.392,419.413,delivered,1,
9343,hb,4,0,419.456,419.498,delivered,2,
9344,cmd,0,4,419.456,419.499,delivered,2,
9345,thumb,4,0,419.52,419.593,delivered,2,
9346,cmd,0,5,419.584,,expired,0,
9347,hb,1,0,419.648,419.711,delivered,3,
9348,hb,2,0,419.712,419.837,delivered,4,
9349,cmd,0,1,419.712,419.775,delivered,3,
9350,cmd,0,2,419.776,419.86,delivered,4,
9351,hb,3,0,419.84,419.861,delivered,1,
9352,hb,4,0,419.904,419.946,delivered,2,
9353,cmd,0,3,419.904,419.925,delivered,1,
9354,cmd,0,4,419.968,420.01,delivered,2,
9355,cmd,0,5,420.096,,expired,0,
9356,hb,1,0,420.16,420.224,delivered,3,
9357,cmd,0,1,420.16,420.225,delivered,3,
9358,hb,2,0,420.224,420.308,delivered,4,
9359,cmd,0,2,420.288,420.372,delivered,4,
9360,hb,3,0,420.352,420.374,delivered,1,
9361,cmd,0,3,420.352,420.373,delivered,1,
9362,thumb,1,0,420.416,420.527,delivered,3,
9363,hb,4,0,420.416,420.474,delivered,2,
9364,cmd,0,4,420.48,420.55,delivered,2,
9365,hb,1,0,420.608,420.671,delivered,3,
9366,cmd,0,5,420.608,,expired,0,
9367,cmd,0,1,420.672,420.735,delivered,3,
9368,hb,2,0,420.736,420.82,delivered,4,
9369,thumb,2,0,420.8,420.959,delivered,4,
9370,hb,3,0,420.8,420.822,delivered,1,
9371,cmd,0,2,420.8,420.927,delivered,4,
9372,cmd,0,3,420.864,420.906,delivered,1,
9373,hb,4,0,420.928,420.98,delivered,2,
9374,cmd,0,4,420.992,421.034,delivered,2,
9375,cmd,0,5,421.056,,expired,0,
9376,hb,1,0,421.12,421.215,delivered,3,
9377,thumb,3,0,421.12,421.193,delivered,1,
9378,cmd,0,1,421.184,421.247,delivered,3,
9379,hb,2,0,421.248,421.332,delivered,4,
9380,hb,3,0,421.312,421.376,delivered,1,
9381,cmd,0,2,421.312,421.419,delivered,4,
9382,cmd,0,3,421.376,421.397,delivered,1,
9383,hb,4,0,421.44,421.482,delivered,2,
9384,thumb,4,0,421.504,421.614,delivered,2,
9385,cmd,0,4,421.504,421.546,delivered,2,
9386,cmd,0,5,421.568,,expired,0,
9387,hb,1,0,421.632,421.695,delivered,3,
9388,cmd,0,1,421.696,421.78,delivered,3,
9389,hb,2,0,421.76,421.844,delivered,4,
9390,cmd,0,2,421.76,421.866,delivered,4,
9391,hb,3,0,421.824,421.846,delivered,1,
9392,cmd,0,3,421.888,421.909,delivered,1,
9393,hb,4,0,421.952,421.994,delivered,2,
9394,cmd,0,4,421.952,421.995,delivered,2,
9395,cmd,0,5,422.08,,expired,0,
9396,hb,1,0,422.144,422.207,delivered,3,
9397,hb,2,0,422.208,422.292,delivered,4,
9398,cmd,0,1,422.208,422.293,delivered,3,
9399,cmd,0,2,422.272,422.378,delivered,4,
9400,hb,3,0,422.336,422.357,delivered,1,
9401,thumb,1,0,422.4,422.511,delivered,3,
9402,hb,4,0,422.4,422.458,delivered,2,
9403,cmd,0,3,422.4,422.421,delivered,1,
9404,cmd,0,4,422.464,422.512,delivered,2,
9405,cmd,0,5,422.592,,expired,0,
9406,hb,1,0,422.656,422.74,delivered,3,
9407,cmd,0,1,422.656,422.741,delivered,3,
9408,hb,2,0,422.72,422.825,delivered,4,
9409,thumb,2,0,422.784,422.932,delivered,4,
9410,cmd,0,2,422.784,422.879,delivered,4,
9411,hb,3,0,422.848,422.869,delivered,1,
9412,hb,4,0,422.912,422.954,delivered,2,
9413,cmd,0,3,422.912,422.933,delivered,1,
9414,cmd,0,4,422.976,423.018,delivered,2,
9415,hb,1,0,423.104,423.167,delivered,3,
9416,cmd,0,5,423.104,,expired,0,
9417,thumb,3,0,423.168,423.206,delivered,1,
9418,cmd,0,1,423.168,423.231,delivered,3,
9419,hb,2,0,423.232,423.316,delivered,4,
9420,cmd,0,2,423.296,423.38,delivered,4,
9421,hb,3,0,423.36,423.382,delivered,1,
9422,cmd,0,3,423.36,423.381,delivered,1,
9423,hb,4,0,423.424,423.466,delivered,2,
9424,thumb,4,0,423.488,423.561,delivered,2,
9425,cmd,0,4,423.488,423.53,delivered,2,
9426,cmd,0,5,423.552,,expired,0,
9427,hb,1,0,423.616,423.7,delivered,3,
9428,cmd,0,1,423.68,423.743,delivered,3,
9429,hb,2,0,423.744,423.828,delivered,4,
9430,hb,3,0,423.808,423.83,delivered,1,
9431,cmd,0,2,423.808,423.892,delivered,4,
9432,cmd,0,3,423.872,423.893,delivered,1,
9433,hb,4,0,423.936,423.978,delivered,2,
9434,cmd,0,4,424.0,424.042,delivered,2,
9435,cmd,0,5,424.064,,expired,0,
9436,hb,1,0,424.128,424.212,delivered,3,
9437,cmd,0,1,424.192,424.255,delivered,3,
9438,hb,2,0,424.256,424.363,delivered,4,
9439,cmd,0,2,424.256,424.341,delivered,4,
9440,hb,3,0,424.32,424.341,delivered,1,
9441,thumb,1,0,424.384,424.494,delivered,3,
9442,cmd,0,3,424.384,424.405,delivered,1,
9443,hb,4,0,424.448,424.515,delivered,2,
9444,cmd,0,4,424.512,424.554,delivered,2,
9445,cmd,0,5,424.576,,expired,0,
9446,hb,1,0,424.64,424.703,delivered,3,
9447,hb,2,0,424.704,424.788,delivered,4,
9448,cmd,0,1,424.704,424.789,delivered,3,
9449,thumb,2,0,424.768,424.916,delivered,4,
9450,cmd,0,2,424.768,424.863,delivered,4,
9451,hb,3,0,424.832,424.853,delivered,1,
9452,cmd,0,3,424.896,424.917,delivered,1,
9453,hb,4,0,424.96,425.002,delivered,2,
9454,cmd,0,4,424.96,425.003,delivered,2,
9455,cmd,0,5,425.088,,expired,0,
9456,hb,1,0,425.152,425.236,delivered,3,
9457,thumb,3,0,425.152,425.19,delivered,1,
9458,cmd,0,1,425.152,425.237,delivered,3,
9459,hb,2,0,425.216,425.3,delivered,4,
9460,cmd,0,2,425.28,425.386,delivered,4,
9461,hb,3,0,425.344,425.365,delivered,1,
9462,hb,4,0,425.408,425.45,delivered,2,
9463,cmd,0,3,425.408,425.429,delivered,1,
9464,cmd,0,4,425.472,425.514,delivered,2,
9465,thumb,4,0,425.536,425.609,delivered,2,
9466,hb,1,0,425.6,425.663,delivered,3,
9467,cmd,0,5,425.6,,expired,0,
9468,cmd,0,1,425.664,425.727,delivered,3,
9469,hb,2,0,425.728,425.812,delivered,4,
9470,cmd,0,2,425.792,425.898,delivered,4,
9471,hb,3,0,425.856,425.878,delivered,1,
9472,cmd,0,3,425.856,425.877,delivered,1,
9473,hb,4,0,425.92,425.962,delivered,2,
9474,cmd,0,4,425.984,426.026,delivered,2,
9475,hb,1,0,426.112,426.175,delivered,3,
9476,cmd,0,5,426.112,,expired,0,
9477,cmd,0,1,426.176,426.239,delivered,3,
9478,hb,2,0,426.24,426.324,delivered,4,
9479,hb,3,0,426.304,426.347,delivered,1,
9480,cmd,0,2,426.304,426.39,delivered,4,
9481,cmd,0,3,426.368,426.389,delivered,1,
9482,thumb,1,0,426.432,426.578,delivered,3,
9483,hb,4,0,426.432,426.49,delivered,2,
9484,cmd,0,4,426.496,426.543,delivered,2,
9485,cmd,0,5,426.56,,expired,0,
9486,hb,1,0,426.624,426.687,delivered,3,
9487,cmd,0,1,426.688,426.751,delivered,3,
9488,hb,2,0,426.752,426.869,delivered,4,
9489,thumb,2,0,426.752,426.944,delivered,4,
9490,cmd,0,2,426.752,426.891,delivered,4,
9491,hb,3,0,426.816,426.837,delivered,1,
9492,cmd,0,3,426.88,426.901,delivered,1,
9493,hb,4,0,426.944,427.007,delivered,2,
9494,cmd,0,4,427.008,427.05,delivered,2,
9495,cmd,0,5,427.072,,expired,0,
9496,hb,1,0,427.136,427.199,delivered,3,
9497,thumb,3,0,427.136,427.173,delivered,1,
9498,hb,2,0,427.2,427.284,delivered,4,
9499,cmd,0,1,427.2,427.285,delivered,3,
9500,cmd,0,2,427.264,427.37,delivered,4,
9501,hb,3,0,427.328,427.349,delivered,1,
9502,cmd,0,3,427.392,427.413,delivered,1,
9503,hb,4,0,427.456,427.498,delivered,2,
9504,cmd,0,4,427.456,427.499,delivered,2,
9505,thumb,4,0,427.52,427.593,delivered,2,
9506,cmd,0,5,427.584,,expired,0,
9507,hb,1,0,427.648,427.711,delivered,3,
9508,hb,2,0,427.712,427.796,delivered,4,
9509,cmd,0,1,427.712,427.818,delivered,3,
9510,cmd,0,2,427.776,427.861,delivered,4,
9511,hb,3,0,427.84,427.861,delivered,1,
9512,hb,4,0,427.904,427.946,delivered,2,
9513,cmd,0,3,427.904,427.925,delivered,1,
9514,cmd,0,4,427.968,428.01,delivered,2,
9515,cmd,0,5,428.096,,expired,0,
9516,hb,1,0,428.16,428.224,delivered,3,
9517,cmd,0,1,428.16,428.225,delivered,3,
9518,hb,2,0,428.224,428.329,delivered,4,
9519,cmd,0,2,428.288,428.372,delivered,4,
9520,hb,3,0,428.352,428.374,delivered,1,
9521,cmd,0,3,428.352,428.373,delivered,1,
9522,thumb,1,0,428.416,428.527,delivered,3,
9523,hb,4,0,428.416,428.474,delivered,2,
9524,cmd,0,4,428.48,428.528,delivered,2,
9525,hb,1,0,428.608,428.671,delivered,3,
9526,cmd,0,5,428.608,,expired,0,
9527,cmd,0,1,428.672,428.735,delivered,3,
9528,hb,2,0,428.736,428.82,delivered,4,
9529,thumb,2,0,428.8,428.948,delivered,4,
9530,hb,3,0,428.8,428.822,delivered,1,
9531,cmd,0,2,428.8,428.895,delivered,4,
9532,cmd,0,3,428.864,428.885,delivered,1,
9533,hb,4,0,428.928,428.991,delivered,2,
9534,cmd,0,4,428.992,429.034,delivered,2,
9535,cmd,0,5,429.056,,expired,0,
9536,hb,1,0,429.12,429.183,delivered,3,
9537,thumb,3,0,429.12,429.157,delivered,1,
9538,cmd,0,1,429.184,429.247,delivered,3,
9539,hb,2,0,429.248,429.332,delivered,4,
9540,hb,3,0,429.312,429.334,delivered,1,
9541,cmd,0,2,429.312,429.396,delivered,4,
9542,cmd,0,3,429.376,429.397,delivered,1,
9543,hb,4,0,429.44,429.482,delivered,2,
9544,thumb,4,0,429.504,429.577,delivered,2,
9545,cmd,0,4,429.504,429.546,delivered,2,
9546,cmd,0,5,429.568,,expired,0,
9547,hb,1,0,429.632,429.695,delivered,3,
9548,cmd,0,1,429.696,429.759,delivered,3,
9549,hb,2,0,429.76,429.867,delivered,4,
9550,cmd,0,2,429.76,429.845,delivered,4,
9551,hb,3,0,429.824,429.845,delivered,1,
9552,cmd,0,3,429.888,429.909,delivered,1,
9553,hb,4,0,429.952,429.994,delivered,2,
9554,cmd,0,4,429.952,429.995,delivered,2,
9555,cmd,0,5,430.08,,expired,0,
9556,hb,1,0,430.144,430.228,delivered,3,
9557,hb,2,0,430.208,430.292,delivered,4,
9558,cmd,0,1,430.208,430.293,delivered,3,
9559,cmd,0,2,430.272,430.356,delivered,4,
9560,hb,3,0,430.336,430.357,delivered,1,
9561,thumb,1,0,430.4,430.511,delivered,3,
9562,hb,4,0,430.4,430.458,delivered,2,
9563,cmd,0,3,430.4,430.421,delivered,1,
9564,cmd,0,4,430.464,430.512,delivered,2,
9565,cmd,0,5,430.592,,expired,0,
9566,hb,1,0,430.656,430.72,delivered,3,
9567,cmd,0,1,430.656,430.721,delivered,3,
9568,hb,2,0,430.72,430.804,delivered,4,
9569,thumb,2,0,430.784,430.932,delivered,4,
9570,cmd,0,2,430.784,430.879,delivered,4,
9571,hb,3,0,430.848,430.869,delivered,1,
9572,hb,4,0,430.912,430.954,delivered,2,
9573,cmd,0,3,430.912,430.933,delivered,1,
9574,cmd,0,4,430.976,431.018,delivered,2,
9575,hb,1,0,431.104,431.188,delivered,3,
9576,cmd,0,5,431.104,,expired,0,
9577,thumb,3,0,431.168,431.206,delivered,1,
9578,cmd,0,1,431.168,431.231,delivered,3,
9579,hb,2,0,431.232,431.337,delivered,4,
9580,cmd,0,2,431.296,431.38,delivered,4,
9581,hb,3,0,431.36,431.382,delivered,1,
9582,cmd,0,3,431.36,431.381,delivered,1,
9583,hb,4,0,431.424,431.487,delivered,2,
9584,thumb,4,0,431.488,431.561,delivered,2,
9585,cmd,0,4,431.488,431.53,delivered,2,
9586,cmd,0,5,431.552,,expired,0,
9587,hb,1,0,431.616,431.679,delivered,3,
9588,cmd,0,1,431.68,431.743,delivered,3,
9589,hb,2,0,431.744,431.828,delivered,4,
9590,hb,3,0,431.808,431.851,delivered,1,
9591,cmd,0,2,431.808,431.894,delivered,4,
9592,cmd,0,3,431.872,431.893,delivered,1,
9593,hb,4,0,431.936,431.978,delivered,2,
9594,cmd,0,4,432.0,432.042,delivered,2,
9595,cmd,0,5,432.064,,expired,0,
9596,hb,1,0,432.128,432.212,delivered,3,
9597,cmd,0,1,432.192,432.255,delivered,3,
9598,hb,2,0,432.256,432.363,delivered,4,
9599,cmd,0,2,432.256,432.341,delivered,4,
9600,hb,3,0,432.32,432.341,delivered,1,
9601,thumb,1,0,432.384,432.494,delivered,3,
9602,cmd,0,3,432.384,432.405,delivered,1,
9603,hb,4,0,432.448,432.515,delivered,2,
9604,cmd,0,4,432.512,432.554,delivered,2,
9605,cmd,0,5,432.576,,expired,0,
9606,hb,1,0,432.64,432.724,delivered,3,
9607,hb,2,0,432.704,432.788,delivered,4,
9608,cmd,0,1,432.704,432.789,delivered,3,
9609,thumb,2,0,432.768,432.916,delivered,4,
9610,cmd,0,2,432.768,432.863,delivered,4,
9611,hb,3,0,432.832,432.853,delivered,1,
9612,cmd,0,3,432.896,432.917,delivered,1,
9613,hb,4,0,432.96,433.002,delivered,2,
9614,cmd,0,4,432.96,433.003,delivered,2,
9615,cmd,0,5,433.088,,expired,0,
9616,hb,1,0,433.152,433.216,delivered,3,
9617,thumb,3,0,433.152,433.19,delivered,1,
9618,cmd,0,1,433.152,433.217,delivered,3,
9619,hb,2,0,433.216,433.341,delivered,4,
9620,cmd,0,2,433.28,433.364,delivered,4,
9621,hb,3,0,433.344,433.365,delivered,1,
9622,hb,4,0,433.408,433.45,delivered,2,
9623,cmd,0,3,433.408,433.429,delivered,1,
9624,cmd,0,4,433.472,433.514,delivered,2,
9625,thumb,4,0,433.536,433.609,delivered,2,
9626,hb,1,0,433.6,433.663,delivered,3,
9627,cmd,0,5,433.6,,expired,0,
9628,cmd,0,1,433.664,433.727,delivered,3,
9629,hb,2,0,433.728,433.812,delivered,4,
9630,cmd,0,2,433.792,433.876,delivered,4,
9631,hb,3,0,433.856,433.878,delivered,1,
9632,cmd,0,3,433.856,433.877,delivered,1,
9633,hb,4,0,433.92,433.962,delivered,2,
9634,cmd,0,4,433.984,434.026,delivered,2,
9635,hb,1,0,434.112,434.175,delivered,3,
9636,cmd,0,5,434.112,,expired,0,
9637,cmd,0,1,434.176,434.26,delivered,3,
9638,hb,2,0,434.24,434.324,delivered,4,
9639,hb,3,0,434.304,434.326,delivered,1,
9640,cmd,0,2,434.304,434.388,delivered,4,
9641,cmd,0,3,434.368,434.389,delivered,1,
9642,thumb,1,0,434.432,434.543,delivered,3,
9643,hb,4,0,434.432,434.49,delivered,2,
9644,cmd,0,4,434.496,434.544,delivered,2,
9645,cmd,0,5,434.56,,expired,0,
9646,hb,1,0,434.624,434.687,delivered,3,
9647,cmd,0,1,434.688,434.751,delivered,3,
9648,hb,2,0,434.752,434.869,delivered,4,
9649,thumb,2,0,434.752,434.933,delivered,4,
9650,cmd,0,2,434.752,434.88,delivered,4,
9651,hb,3,0,434.816,434.858,delivered,1,
9652,cmd,0,3,434.88,434.901,delivered,1,
9653,hb,4,0,434.944,434.986,delivered,2,
9654,cmd,0,4,435.008,435.05,delivered,2,
9655,cmd,0,5,435.072,,expired,0,
9656,hb,1,0,435.136,435.199,delivered,3,
9657,thumb,3,0,435.136,435.173,delivered,1,
9658,hb,2,0,435.2,435.284,delivered,4,
9659,cmd,0,1,435.2,435.285,delivered,3,
9660,cmd,0,2,435.264,435.348,delivered,4,
9661,hb,3,0,435.328,435.349,delivered,1,
9662,cmd,0,3,435.392,435.413,delivered,1,
9663,hb,4,0,435.456,435.498,delivered,2,
9664,cmd,0,4,435.456,435.499,delivered,2,
9665,thumb,4,0,435.52,435.593,delivered,2,
9666,cmd,0,5,435.584,,expired,0,
9667,hb,1,0,435.648,435.711,delivered,3,
9668,hb,2,0,435.712,435.796,delivered,4,
9669,cmd,0,1,435.712,435.797,delivered,3,
9670,cmd,0,2,435.776,435.86,delivered,4,
9671,hb,3,0,435.84,435.861,delivered,1,
9672,hb,4,0,435.904,435.946,delivered,2,
9673,cmd,0,3,435.904,435.925,delivered,1,
9674,cmd,0,4,435.968,436.01,delivered,2,
9675,cmd,0,5,436.096,,expired,0,
9676,hb,1,0,436.16,436.244,delivered,3,
9677,cmd,0,1,436.16,436.245,delivered,3,
9678,hb,2,0,436.224,436.308,delivered,4,
9679,cmd,0,2,436.288,436.372,delivered,4,
9680,hb,3,0,436.352,436.374,delivered,1,
9681,cmd,0,3,436.352,436.394,delivered,1,
9682,thumb,1,0,436.416,436.527,delivered,3,
9683,hb,4,0,436.416,436.474,delivered,2,
9684,cmd,0,4,436.48,436.55,delivered,2,
9685,hb,1,0,436.608,436.671,delivered,3,
9686,cmd,0,5,436.608,,expired,0,
9687,cmd,0,1,436.672,436.735,delivered,3,
9688,hb,2,0,436.736,436.82,delivered,4,
9689,thumb,2,0,436.8,436.948,delivered,4,
9690,hb,3,0,436.8,436.822,delivered,1,
9691,cmd,0,2,436.8,436.895,delivered,4,
9692,cmd,0,3,436.864,436.885,delivered,1,
9693,hb,4,0,436.928,436.97,delivered,2,
9694,cmd,0,4,436.992,437.055,delivered,2,
9695,cmd,0,5,437.056,,expired,0,
9696,hb,1,0,437.12,437.183,delivered,3,
9697,thumb,3,0,437.12,437.157,delivered,1,
9698,cmd,0,1,437.184,437.247,delivered,3,
9699,hb,2,0,437.248,437.353,delivered,4,
9700,hb,3,0,437.312,437.334,delivered,1,
9701,cmd,0,2,437.312,437.396,delivered,4,
9702,cmd,0,3,437.376,437.397,delivered,1,
9703,hb,4,0,437.44,437.503,delivered,2,
9704,thumb,4,0,437.504,437.577,delivered,2,
9705,cmd,0,4,437.504,437.546,delivered,2,
9706,cmd,0,5,437.568,,expired,0,
9707,hb,1,0,437.632,437.716,delivered,3,
9708,cmd,0,1,437.696,437.759,delivered,3,
9709,hb,2,0,437.76,437.844,delivered,4,
9710,cmd,0,2,437.76,437.866,delivered,4,
9711,hb,3,0,437.824,437.846,delivered,1,
9712,cmd,0,3,437.888,437.909,delivered,1,
9713,hb,4,0,437.952,438.015,delivered,2,
9714,cmd,0,4,437.952,438.016,delivered,2,
9715,cmd,0,5,438.08,,expired,0,
9716,hb,1,0,438.144,438.207,delivered,3,
9717,hb,2,0,438.208,438.292,delivered,4,
9718,cmd,0,1,438.208,438.293,delivered,3,
9719,cmd,0,2,438.272,438.356,delivered,4,
9720,hb,3,0,438.336,438.357,delivered,1,
9721,thumb,1,0,438.4,438.511,delivered,3,
9722,hb,4,0,438.4,438.458,delivered,2,
9723,cmd,0,3,438.4,438.421,delivered,1,
9724,cmd,0,4,438.464,438.512,delivered,2,
9725,cmd,0,5,438.592,,expired,0,
9726,hb,1,0,438.656,438.72,delivered,3,
9727,cmd,0,1,438.656,438.721,delivered,3,
9728,hb,2,0,438.72,438.825,delivered,4,
9729,thumb,2,0,438.784,438.932,delivered,4,
9730,cmd,0,2,438.784,438.879,delivered,4,
9731,hb,3,0,438.848,438.869,delivered,1,
9732,hb,4,0,438.912,438.954,delivered,2,
9733,cmd,0,3,438.912,438.933,delivered,1,
9734,cmd,0,4,438.976,439.018,delivered,2,
9735,hb,1,0,439.104,439.188,delivered,3,
9736,cmd,0,5,439.104,,expired,0,
9737,thumb,3,0,439.168,439.206,delivered,1,
9738,cmd,0,1,439.168,439.231,delivered,3,
9739,hb,2,0,439.232,439.357,delivered,4,
9740,cmd,0,2,439.296,439.38,delivered,4,
9741,hb,3,0,439.36,439.382,delivered,1,
9742,cmd,0,3,439.36,439.381,delivered,1,
9743,hb,4,0,439.424,439.466,delivered,2,
9744,thumb,4,0,439.488,439.561,delivered,2,
9745,cmd,0,4,439.488,439.53,delivered,2,
9746,cmd,0,5,439.552,,expired,0,
9747,hb,1,0,439.616,439.7,delivered,3,
9748,cmd,0,1,439.68,439.764,delivered,3,
9749,hb,2,0,439.744,439.849,delivered,4,
9750,hb,3,0,439.808,439.851,delivered,1,
9751,cmd,0,2,439.808,439.914,delivered,4,
9752,cmd,0,3,439.872,439.893,delivered,1,
9753,hb,4,0,439.936,439.978,delivered,2,
9754,cmd,0,4,440.0,440.042,delivered,2,
9755,cmd,0,5,440.064,,expired,0,
9756,hb,1,0,440.128,440.191,delivered,3,
9757,cmd,0,1,440.192,440.255,delivered,3,
9758,hb,2,0,440.256,440.363,delivered,4,
9759,cmd,0,2,440.256,440.341,delivered,4,
9760,hb,3,0,440.32,440.341,delivered,1,
9761,thumb,1,0,440.384,440.494,delivered,3,
9762,cmd,0,3,440.384,440.405,delivered,1,
9763,hb,4,0,440.448,440.515,delivered,2,
9764,cmd,0,4,440.512,440.554,delivered,2,
9765,cmd,0,5,440.576,,expired,0,
9766,hb,1,0,440.64,440.703,delivered,2,
9767,hb,2,0,440.704,440.809,delivered,3,
9768,cmd,0,1,440.704,440.747,delivered,2,
9769,thumb,2,0,440.768,440.916,delivered,3,
9770,cmd,0,2,440.768,440.863,delivered,3,
9771,hb,3,0,440.832,440.853,delivered,1,
9772,cmd,0,3,440.896,440.917,delivered,1,
9773,hb,4,0,440.96,440.982,delivered,1,
9774,cmd,0,4,440.96,440.981,delivered,1,
9775,cmd,0,5,441.088,,expired,0,
9776,hb,1,0,441.152,441.194,delivered,2,
9777,thumb,3,0,441.152,441.19,delivered,1,
9778,cmd,0,1,441.152,441.195,delivered,2,
9779,hb,2,0,441.216,441.321,delivered,3,
9780,cmd,0,2,441.28,441.343,delivered,3,
9781,hb,3,0,441.344,441.365,delivered,1,
9782,hb,4,0,441.408,441.43,delivered,1,
9783,cmd,0,3,441.408,441.429,delivered,1,
9784,cmd,0,4,441.472,441.514,delivered,1,
9785,thumb,4,0,441.536,441.573,delivered,1,
9786,hb,1,0,441.6,441.642,delivered,2,
9787,cmd,0,5,441.6,,expired,0,
9788,cmd,0,1,441.664,441.727,delivered,2,
9789,hb,2,0,441.728,441.791,delivered,3,
9790,cmd,0,2,441.792,441.855,delivered,3,
9791,hb,3,0,441.856,441.878,delivered,1,
9792,cmd,0,3,441.856,441.877,delivered,1,
9793,hb,4,0,441.92,441.941,delivered,1,
9794,cmd,0,4,441.984,442.026,delivered,1,
9795,hb,1,0,442.112,442.154,delivered,2,
9796,cmd,0,5,442.112,,expired,0,
9797,cmd,0,1,442.176,442.218,delivered,2,
9798,hb,2,0,442.24,442.303,delivered,3,
9799,hb,3,0,442.304,442.326,delivered,1,
9800,cmd,0,2,442.304,442.367,delivered,3,
9801,cmd,0,3,442.368,442.389,delivered,1,
9802,thumb,1,0,442.432,442.542,delivered,2,
9803,hb,4,0,442.432,442.469,delivered,1,
9804,cmd,0,4,442.496,442.517,delivered,1,
9805,cmd,0,5,442.56,,expired,0,
9806,hb,1,0,442.624,442.687,delivered,2,
9807,cmd,0,1,442.688,442.751,delivered,2,
9808,hb,2,0,442.752,442.817,delivered,3,
9809,thumb,2,0,442.752,442.883,delivered,3,
9810,cmd,0,2,442.752,442.816,delivered,3,
9811,hb,3,0,442.816,442.837,delivered,1,
9812,cmd,0,3,442.88,442.901,delivered,1,
9813,hb,4,0,442.944,442.965,delivered,1,
9814,cmd,0,4,443.008,443.05,delivered,1,
9815,cmd,0,5,443.072,,expired,0,
9816,hb,1,0,443.136,443.199,delivered,2,
9817,thumb,3,0,443.136,443.173,delivered,1,
9818,hb,2,0,443.2,443.263,delivered,3,
9819,cmd,0,1,443.2,443.243,delivered,2,
9820,cmd,0,2,443.264,443.327,delivered,3,
9821,hb,3,0,443.328,443.37,delivered,1,
9822,cmd,0,3,443.392,443.413,delivered,1,
9823,hb,4,0,443.456,443.478,delivered,1,
9824,cmd,0,4,443.456,443.477,delivered,1,
9825,thumb,4,0,443.52,443.557,delivered,1,
9826,cmd,0,5,443.584,,expired,0,
9827,hb,1,0,443.648,443.69,delivered,2,
9828,hb,2,0,443.712,443.817,delivered,3,
9829,cmd,0,1,443.712,443.755,delivered,2,
9830,cmd,0,2,443.776,443.839,delivered,3,
9831,hb,3,0,443.84,443.861,delivered,1,
9832,hb,4,0,443.904,443.947,delivered,1,
9833,cmd,0,3,443.904,443.946,delivered,1,
9834,cmd,0,4,443.968,443.989,delivered,1,
9835,cmd,0,5,444.096,,expired,0,
9836,hb,1,0,444.16,444.203,delivered,2,
9837,cmd,0,1,444.16,444.223,delivered,2,
9838,hb,2,0,444.224,444.308,delivered,3,
9839,cmd,0,2,444.288,444.372,delivered,3,
9840,hb,3,0,444.352,444.374,delivered,1,
9841,cmd,0,3,444.352,444.373,delivered,1,
9842,thumb,1,0,444.416,444.489,delivered,2,
9843,hb,4,0,444.416,444.453,delivered,1,
9844,cmd,0,4,444.48,444.501,delivered,1,
9845,hb,1,0,444.608,444.65,delivered,2,
9846,cmd,0,5,444.608,,expired,0,
9847,cmd,0,1,444.672,444.714,delivered,2,
9848,hb,2,0,444.736,444.799,delivered,3,
9849,thumb,2,0,444.8,444.912,delivered,3,
9850,hb,3,0,444.8,444.822,delivered,1,
9851,cmd,0,2,444.8,444.916,delivered,3,
9852,cmd,0,3,444.864,444.885,delivered,1,
9853,hb,4,0,444.928,444.949,delivered,1,
9854,cmd,0,4,444.992,445.013,delivered,1,
9855,cmd,0,5,445.056,,expired,0,
9856,hb,1,0,445.12,445.162,delivered,2,
9857,thumb,3,0,445.12,445.157,delivered,1,
9858,cmd,0,1,445.184,445.226,delivered,2,
9859,hb,2,0,445.248,445.373,delivered,3,
9860,hb,3,0,445.312,445.334,delivered,1,
9861,cmd,0,2,445.312,445.438,delivered,3,
9862,cmd,0,3,445.376,445.397,delivered,1,
9863,hb,4,0,445.44,445.461,delivered,1,
9864,thumb,4,0,445.504,445.542,delivered,1,
9865,cmd,0,4,445.504,445.525,delivered,1,
9866,cmd,0,5,445.568,,expired,0,
9867,hb,1,0,445.632,445.695,delivered,2,
9868,cmd,0,1,445.696,445.738,delivered,2,
9869,hb,2,0,445.76,445.844,delivered,3,
9870,cmd,0,2,445.76,445.866,delivered,3,
9871,hb,3,0,445.824,445.846,delivered,1,
9872,cmd,0,3,445.888,445.909,delivered,1,
9873,hb,4,0,445.952,445.974,delivered,1,
9874,cmd,0,4,445.952,445.973,delivered,1,
9875,cmd,0,5,446.08,,expired,0,
9876,hb,1,0,446.144,446.186,delivered,2,
9877,hb,2,0,446.208,446.292,delivered,3,
9878,cmd,0,1,446.208,446.251,delivered,2,
9879,cmd,0,2,446.272,446.335,delivered,3,
9880,hb,3,0,446.336,446.357,delivered,1,
9881,thumb,1,0,446.4,446.473,delivered,2,
9882,hb,4,0,446.4,446.437,delivered,1,
9883,cmd,0,3,446.4,446.421,delivered,1,
9884,cmd,0,4,446.464,446.485,delivered,1,
9885,cmd,0,5,446.592,,expired,0,
9886,hb,1,0,446.656,446.698,delivered,2,
9887,cmd,0,1,446.656,446.699,delivered,2,
9888,hb,2,0,446.72,446.783,delivered,3,
9889,thumb,2,0,446.784,446.896,delivered,3,
9890,cmd,0,2,446.784,446.879,delivered,3,
9891,hb,3,0,446.848,446.869,delivered,1,
9892,hb,4,0,446.912,446.934,delivered,1,
9893,cmd,0,3,446.912,446.933,delivered,1,
9894,cmd,0,4,446.976,446.997,delivered,1,
9895,hb,1,0,447.104,447.146,delivered,2,
9896,cmd,0,5,447.104,,expired,0,
9897,thumb,3,0,447.168,447.206,delivered,1,
9898,cmd,0,1,447.168,447.21,delivered,2,
9899,hb,2,0,447.232,447.295,delivered,3,
9900,cmd,0,2,447.296,447.359,delivered,3,
9901,hb,3,0,447.36,447.382,delivered,1,
9902,cmd,0,3,447.36,447.381,delivered,1,
9903,hb,4,0,447.424,447.445,delivered,1,
9904,thumb,4,0,447.488,447.526,delivered,1,
9905,cmd,0,4,447.488,447.509,delivered,1,
9906,cmd,0,5,447.552,,expired,0,
9907,hb,1,0,447.616,447.658,delivered,2,
9908,cmd,0,1,447.68,447.722,delivered,2,
9909,hb,2,0,447.744,447.807,delivered,3,
9910,hb,3,0,447.808,447.83,delivered,1,
9911,cmd,0,2,447.808,447.871,delivered,3,
9912,cmd,0,3,447.872,447.893,delivered,1,
9913,hb,4,0,447.936,447.957,delivered,1,
9914,cmd,0,4,448.0,448.021,delivered,1,
9915,cmd,0,5,448.064,,expired,0,
9916,hb,1,0,448.128,448.17,delivered,2,
9917,cmd,0,1,448.192,448.255,delivered,2,
9918,hb,2,0,448.256,448.321,delivered,3,
9919,cmd,0,2,448.256,448.32,delivered,3,
9920,hb,3,0,448.32,448.362,delivered,1,
9921,thumb,1,0,448.384,448.457,delivered,2,
9922,cmd,0,3,448.384,448.405,delivered,1,
9923,hb,4,0,448.448,448.469,delivered,1,
9924,cmd,0,4,448.512,448.533,delivered,1,
9925,cmd,0,5,448.576,,expired,0,
9926,hb,1,0,448.64,448.703,delivered,2,
9927,hb,2,0,448.704,448.767,delivered,3,
9928,cmd,0,1,448.704,448.747,delivered,2,
9929,thumb,2,0,448.768,448.916,delivered,3,
9930,cmd,0,2,448.768,448.863,delivered,3,
9931,hb,3,0,448.832,448.881,delivered,1,
9932,cmd,0,3,448.896,448.917,delivered,1,
9933,hb,4,0,448.96,448.982,delivered,1,
9934,cmd,0,4,448.96,448.981,delivered,1,
9935,cmd,0,5,449.088,,expired,0,
9936,hb,1,0,449.152,449.215,delivered,2,
9937,thumb,3,0,449.152,449.19,delivered,1,
9938,cmd,0,1,449.152,449.216,delivered,2,
9939,hb,2,0,449.216,449.3,delivered,3,
9940,cmd,0,2,449.28,449.343,delivered,3,
9941,hb,3,0,449.344,449.365,delivered,1,
9942,hb,4,0,449.408,449.43,delivered,1,
9943,cmd,0,3,449.408,449.429,delivered,1,
9944,cmd,0,4,449.472,449.514,delivered,1,
9945,thumb,4,0,449.536,449.573,delivered,1,
9946,hb,1,0,449.6,449.642,delivered,2,
9947,cmd,0,5,449.6,,expired,0,
9948,cmd,0,1,449.664,449.706,delivered,2,
9949,hb,2,0,449.728,449.791,delivered,3,
9950,cmd,0,2,449.792,449.855,delivered,3,
9951,hb,3,0,449.856,449.878,delivered,1,
9952,cmd,0,3,449.856,449.877,delivered,1,
9953,hb,4,0,449.92,449.941,delivered,1,
9954,cmd,0,4,449.984,450.005,delivered,1,
9955,hb,1,0,450.112,450.175,delivered,2,
9956,cmd,0,5,450.112,,expired,0,
9957,cmd,0,1,450.176,450.218,delivered,2,
9958,hb,2,0,450.24,450.303,delivered,3,
9959,hb,3,0,450.304,450.326,delivered,1,
9960,cmd,0,2,450.304,450.367,delivered,3,
9961,cmd,0,3,450.368,450.389,delivered,1,
9962,thumb,1,0,450.432,450.505,delivered,2,
9963,hb,4,0,450.432,450.469,delivered,1,
9964,cmd,0,4,450.496,450.517,delivered,1,
9965,cmd,0,5,450.56,,expired,0,
9966,hb,1,0,450.624,450.666,delivered,2,
9967,cmd,0,1,450.688,450.73,delivered,2,
9968,hb,2,0,450.752,450.817,delivered,3,
9969,thumb,2,0,450.752,450.883,delivered,3,
9970,cmd,0,2,450.752,450.816,delivered,3,
9971,hb,3,0,450.816,450.837,delivered,1,
9972,cmd,0,3,450.88,450.901,delivered,1,
9973,hb,4,0,450.944,450.965,delivered,1,
9974,cmd,0,4,451.008,451.05,delivered,1,
9975,cmd,0,5,451.072,,expired,0,
9976,hb,1,0,451.136,451.178,delivered,2,
9977,thumb,3,0,451.136,451.173,delivered,1,
9978,hb,2,0,451.2,451.284,delivered,3,
9979,cmd,0,1,451.2,451.243,delivered,2,
9980,cmd,0,2,451.264,451.37,delivered,3,
9981,hb,3,0,451.328,451.349,delivered,1,
9982,cmd,0,3,451.392,451.413,delivered,1,
9983,hb,4,0,451.456,451.478,delivered,1,
9984,cmd,0,4,451.456,451.477,delivered,1,
9985,thumb,4,0,451.52,451.557,delivered,1,
9986,cmd,0,5,451.584,,expired,0,
9987,hb,1,0,451.648,451.69,delivered,2,
9988,hb,2,0,451.712,451.777,delivered,3,
9989,cmd,0,1,451.712,451.776,delivered,2,
9990,cmd,0,2,451.776,451.839,delivered,3,
9991,hb,3,0,451.84,451.861,delivered,1,
9992,hb,4,0,451.904,451.926,delivered,1,
9993,cmd,0,3,451.904,451.925,delivered,1,
9994,cmd,0,4,451.968,451.989,delivered,1,
9995,cmd,0,5,452.096,,expired,0,
9996,hb,1,0,452.16,452.202,delivered,2,
9997,cmd,0,1,452.16,452.203,delivered,2,
9998,hb,2,0,452.224,452.308,delivered,3,
9999,cmd,0,2,452.288,452.351,delivered,3,
10000,hb,3,0,452.352,452.416,delivered,1,
10001,cmd,0,3,452.352,452.373,delivered,1,
10002,thumb,1,0,452.416,452.526,delivered,2,
10003,hb,4,0,452.416,452.453,delivered,1,
10004,cmd,0,4,452.48,452.501,delivered,1,
10005,hb,1,0,452.608,452.65,delivered,2,
10006,cmd,0,5,452.608,,expired,0,
10007,cmd,0,1,452.672,452.714,delivered,2,
10008,hb,2,0,452.736,452.841,delivered,3,
10009,thumb,2,0,452.8,452.912,delivered,3,
10010,hb,3,0,452.8,452.822,delivered,1,
10011,cmd,0,2,452.8,452.895,delivered,3,
10012,cmd,0,3,452.864,452.885,delivered,1,
10013,hb,4,0,452.928,452.949,delivered,1,
10014,cmd,0,4,452.992,453.013,delivered,1,
10015,cmd,0,5,453.056,,expired,0,
10016,hb,1,0,453.12,453.183,delivered,2,
10017,thumb,3,0,453.12,453.157,delivered,1,
10018,cmd,0,1,453.184,453.226,delivered,2,
10019,hb,2,0,453.248,453.353,delivered,3,
10020,hb,3,0,453.312,453.334,delivered,1,
10021,cmd,0,2,453.312,453.396,delivered,3,
10022,cmd,0,3,453.376,453.397,delivered,1,
10023,hb,4,0,453.44,453.461,delivered,1,
10024,thumb,4,0,453.504,453.542,delivered,1,
10025,cmd,0,4,453.504,453.546,delivered,1,
10026,cmd,0,5,453.568,,expired,0,
10027,hb,1,0,453.632,453.674,delivered,2,
10028,cmd,0,1,453.696,453.759,delivered,2,
10029,hb,2,0,453.76,453.825,delivered,3,
10030,cmd,0,2,453.76,453.824,delivered,3,
10031,hb,3,0,453.824,453.845,delivered,1,
10032,cmd,0,3,453.888,453.909,delivered,1,
10033,hb,4,0,453.952,453.974,delivered,1,
10034,cmd,0,4,453.952,453.973,delivered,1,
10035,cmd,0,5,454.08,,expired,0,
10036,hb,1,0,454.144,454.186,delivered,2,
10037,hb,2,0,454.208,454.271,delivered,3,
10038,cmd,0,1,454.208,454.251,delivered,2,
10039,cmd,0,2,454.272,454.335,delivered,3,
10040,hb,3,0,454.336,454.357,delivered,1,
10041,thumb,1,0,454.4,454.473,delivered,2,
10042,hb,4,0,454.4,454.437,delivered,1,
10043,cmd,0,3,454.4,454.421,delivered,1,
10044,cmd,0,4,454.464,454.485,delivered,1,
10045,cmd,0,5,454.592,,expired,0,
10046,hb,1,0,454.656,454.698,delivered,2,
10047,cmd,0,1,454.656,454.72,delivered,2,
10048,hb,2,0,454.72,454.783,delivered,3,
10049,thumb,2,0,454.784,454.897,delivered,3,
10050,cmd,0,2,454.784,454.879,delivered,3,
10051,hb,3,0,454.848,454.88,delivered,1,
10052,hb,4,0,454.912,454.934,delivered,1,
10053,cmd,0,3,454.912,454.933,delivered,1,
10054,cmd,0,4,454.976,454.997,delivered,1,
10055,hb,1,0,455.104,455.146,delivered,2,
10056,cmd,0,5,455.104,,expired,0,
10057,thumb,3,0,455.168,455.206,delivered,1,
10058,cmd,0,1,455.168,455.21,delivered,2,
10059,hb,2,0,455.232,455.295,delivered,3,
10060,cmd,0,2,455.296,455.359,delivered,3,
10061,hb,3,0,455.36,455.382,delivered,1,
10062,cmd,0,3,455.36,455.381,delivered,1,
10063,hb,4,0,455.424,455.445,delivered,1,
10064,thumb,4,0,455.488,455.526,delivered,1,
10065,cmd,0,4,455.488,455.509,delivered,1,
10066,cmd,0,5,455.552,,expired,0,
10067,hb,1,0,455.616,455.658,delivered,2,
10068,cmd,0,1,455.68,455.722,delivered,2,
10069,hb,2,0,455.744,455.807,delivered,3,
10070,hb,3,0,455.808,455.83,delivered,1,
10071,cmd,0,2,455.808,455.871,delivered,3,
10072,cmd,0,3,455.872,455.914,delivered,1,
10073,hb,4,0,455.936,455.957,delivered,1,
10074,cmd,0,4,456.0,456.021,delivered,1,
10075,cmd,0,5,456.064,,expired,0,
10076,hb,1,0,456.128,456.212,delivered,2,
10077,cmd,0,1,456.192,456.298,delivered,2,
10078,hb,2,0,456.256,456.322,delivered,3,
10079,cmd,0,2,456.256,456.321,delivered,3,
10080,hb,3,0,456.32,456.362,delivered,1,
10081,thumb,1,0,456.384,456.457,delivered,2,
10082,cmd,0,3,456.384,456.405,delivered,1,
10083,hb,4,0,456.448,456.469,delivered,1,
10084,cmd,0,4,456.512,456.533,delivered,1,
10085,cmd,0,5,456.576,,expired,0,
10086,hb,1,0,456.64,456.682,delivered,2,
10087,hb,2,0,456.704,456.767,delivered,3,
10088,cmd,0,1,456.704,456.747,delivered,2,
10089,thumb,2,0,456.768,456.917,delivered,3,
10090,cmd,0,2,456.768,456.863,delivered,3,
10091,hb,3,0,456.832,456.864,delivered,1,
10092,cmd,0,3,456.896,456.918,delivered,1,
10093,hb,4,0,456.96,456.982,delivered,1,
10094,cmd,0,4,456.96,456.981,delivered,1,
10095,cmd,0,5,457.088,,expired,0,
10096,hb,1,0,457.152,457.215,delivered,2,
10097,thumb,3,0,457.152,457.19,delivered,1,
10098,cmd,0,1,457.152,457.237,delivered,2,
10099,hb,2,0,457.216,457.321,delivered,3,
10100,cmd,0,2,457.28,457.343,delivered,3,
10101,hb,3,0,457.344,457.365,delivered,1,
10102,hb,4,0,457.408,457.43,delivered,1,
10103,cmd,0,3,457.408,457.429,delivered,1,
10104,cmd,0,4,457.472,457.493,delivered,1,
10105,thumb,4,0,457.536,457.573,delivered,1,
10106,hb,1,0,457.6,457.663,delivered,2,
10107,cmd,0,5,457.6,,expired,0,
10108,cmd,0,1,457.664,457.706,delivered,2,
10109,hb,2,0,457.728,457.791,delivered,3,
10110,cmd,0,2,457.792,457.855,delivered,3,
10111,hb,3,0,457.856,457.878,delivered,1,
10112,cmd,0,3,457.856,457.877,delivered,1,
10113,hb,4,0,457.92,457.941,delivered,1,
10114,cmd,0,4,457.984,458.005,delivered,1,
10115,hb,1,0,458.112,458.154,delivered,2,
10116,cmd,0,5,458.112,,expired,0,
10117,cmd,0,1,458.176,458.26,delivered,2,
10118,hb,2,0,458.24,458.303,delivered,3,
10119,hb,3,0,458.304,458.347,delivered,1,
10120,cmd,0,2,458.304,458.39,delivered,3,
10121,cmd,0,3,458.368,458.389,delivered,1,
10122,thumb,1,0,458.432,458.505,delivered,2,
10123,hb,4,0,458.432,458.469,delivered,1,
10124,cmd,0,4,458.496,458.517,delivered,1,
10125,cmd,0,5,458.56,,expired,0,
10126,hb,1,0,458.624,458.666,delivered,2,
10127,cmd,0,1,458.688,458.73,delivered,2,
10128,hb,2,0,458.752,458.85,delivered,3,
10129,thumb,2,0,458.752,458.92,delivered,3,
10130,cmd,0,2,458.752,458.848,delivered,3,
10131,hb,3,0,458.816,458.849,delivered,1,
10132,cmd,0,3,458.88,458.901,delivered,1,
10133,hb,4,0,458.944,458.965,delivered,1,
10134,cmd,0,4,459.008,459.029,delivered,1,
10135,cmd,0,5,459.072,,expired,0,
10136,hb,1,0,459.136,459.178,delivered,2,
10137,thumb,3,0,459.136,459.173,delivered,1,
10138,hb,2,0,459.2,459.263,delivered,3,
10139,cmd,0,1,459.2,459.264,delivered,2,
10140,cmd,0,2,459.264,459.37,delivered,3,
10141,hb,3,0,459.328,459.37,delivered,1,
10142,cmd,0,3,459.392,459.413,delivered,1,
10143,hb,4,0,459.456,459.478,delivered,1,
10144,cmd,0,4,459.456,459.477,delivered,1,
10145,thumb,4,0,459.52,459.557,delivered,1,
10146,cmd,0,5,459.584,,expired,0,
10147,hb,1,0,459.648,459.711,delivered,2,
10148,hb,2,0,459.712,459.775,delivered,3,
10149,cmd,0,1,459.712,459.755,delivered,2,
10150,cmd,0,2,459.776,459.839,delivered,3,
10151,hb,3,0,459.84,459.861,delivered,1,
10152,hb,4,0,459.904,459.926,delivered,1,
10153,cmd,0,3,459.904,459.925,delivered,1,
10154,cmd,0,4,459.968,459.989,delivered,1,
10155,cmd,0,5,460.096,,expired,0,
10156,hb,1,0,460.16,460.203,delivered,2,
10157,cmd,0,1,460.16,460.223,delivered,2,
10158,hb,2,0,460.224,460.308,delivered,3,
10159,cmd,0,2,460.288,460.372,delivered,3,
10160,hb,3,0,460.352,460.374,delivered,1,
10161,cmd,0,3,460.352,460.373,delivered,1,
10162,thumb,1,0,460.416,460.489,delivered,2,
10163,hb,4,0,460.416,460.453,delivered,1,
10164,cmd,0,4,460.48,460.522,delivered,1,
10165,hb,1,0,460.608,460.65,delivered,2,
10166,cmd,0,5,460.608,,expired,0,
10167,cmd,0,1,460.672,460.714,delivered,2,
10168,hb,2,0,460.736,460.799,delivered,3,
10169,thumb,2,0,460.8,460.983,delivered,3,
10170,hb,3,0,460.8,460.822,delivered,1,
10171,cmd,0,2,460.8,460.874,delivered,3,
10172,cmd,0,3,460.864,460.885,delivered,1,
10173,hb,4,0,460.928,460.949,delivered,1,
10174,cmd,0,4,460.992,461.013,delivered,1,
10175,cmd,0,5,461.056,,expired,0,
10176,hb,1,0,461.12,461.162,delivered,2,
10177,thumb,3,0,461.12,461.157,delivered,1,
10178,cmd,0,1,461.184,461.226,delivered,2,
10179,hb,2,0,461.248,461.332,delivered,3,
10180,hb,3,0,461.312,461.334,delivered,1,
10181,cmd,0,2,461.312,461.375,delivered,3,
10182,cmd,0,3,461.376,461.418,delivered,1,
10183,hb,4,0,461.44,461.461,delivered,1,
10184,thumb,4,0,461.504,461.578,delivered,1,
10185,cmd,0,4,461.504,461.525,delivered,1,
10186,cmd,0,5,461.568,,expired,0,
10187,hb,1,0,461.632,461.674,delivered,2,
10188,cmd,0,1,461.696,461.738,delivered,2,
10189,hb,2,0,461.76,461.868,delivered,3,
10190,cmd,0,2,461.76,461.866,delivered,3,
10191,hb,3,0,461.824,461.867,delivered,1,
10192,cmd,0,3,461.888,461.909,delivered,1,
10193,hb,4,0,461.952,461.974,delivered,1,
10194,cmd,0,4,461.952,461.973,delivered,1,
10195,cmd,0,5,462.08,,expired,0,
10196,hb,1,0,462.144,462.207,delivered,2,
10197,hb,2,0,462.208,462.271,delivered,3,
10198,cmd,0,1,462.208,462.251,delivered,2,
10199,cmd,0,2,462.272,462.335,delivered,3,
10200,hb,3,0,462.336,462.357,delivered,1,
10201,thumb,1,0,462.4,462.546,delivered,2,
10202,hb,4,0,462.4,462.437,delivered,1,
10203,cmd,0,3,462.4,462.421,delivered,1,
10204,cmd,0,4,462.464,462.485,delivered,1,
10205,cmd,0,5,462.592,,expired,0,
10206,hb,1,0,462.656,462.698,delivered,2,
10207,cmd,0,1,462.656,462.699,delivered,2,
10208,hb,2,0,462.72,462.804,delivered,3,
10209,thumb,2,0,462.784,462.897,delivered,3,
10210,cmd,0,2,462.784,462.879,delivered,3,
10211,hb,3,0,462.848,462.88,delivered,1,
10212,hb,4,0,462.912,462.934,delivered,1,
10213,cmd,0,3,462.912,462.933,delivered,1,
10214,cmd,0,4,462.976,462.997,delivered,1,
10215,hb,1,0,463.104,463.146,delivered,2,
10216,cmd,0,5,463.104,,expired,0,
10217,thumb,3,0,463.168,463.206,delivered,1,
10218,cmd,0,1,463.168,463.21,delivered,2,
10219,hb,2,0,463.232,463.316,delivered,3,
10220,cmd,0,2,463.296,463.359,delivered,3,
10221,hb,3,0,463.36,463.382,delivered,1,
10222,cmd,0,3,463.36,463.381,delivered,1,
10223,hb,4,0,463.424,463.445,delivered,1,
10224,thumb,4,0,463.488,463.526,delivered,1,
10225,cmd,0,4,463.488,463.509,delivered,1,
10226,cmd,0,5,463.552,,expired,0,
10227,hb,1,0,463.616,463.658,delivered,2,
10228,cmd,0,1,463.68,463.722,delivered,2,
10229,hb,2,0,463.744,,expired,0,
10230,hb,3,0,463.808,463.829,delivered,1,
10231,cmd,0,2,463.808,,expired,0,
10232,cmd,0,3,463.872,463.914,delivered,1,
10233,hb,4,0,463.936,463.957,delivered,1,
10234,cmd,0,4,464.0,464.042,delivered,1,
10235,cmd,0,5,464.064,,expired,0,
10236,hb,1,0,464.128,464.17,delivered,2,
10237,cmd,0,1,464.192,464.255,delivered,2,
10238,hb,2,0,464.256,,expired,0,
10239,cmd,0,2,464.256,,expired,0,
10240,hb,3,0,464.32,464.341,delivered,1,
10241,thumb,1,0,464.384,464.494,delivered,2,
10242,cmd,0,3,464.384,464.405,delivered,1,
10243,hb,4,0,464.448,464.469,delivered,1,
10244,cmd,0,4,464.512,464.533,delivered,1,
10245,cmd,0,5,464.576,,expired,0,
10246,hb,1,0,464.64,464.682,delivered,2,
10247,hb,2,0,464.704,,expired,0,
10248,cmd,0,1,464.704,464.746,delivered,2,
10249,thumb,2,0,464.768,,expired,0,
10250,cmd,0,2,464.768,,expired,0,
10251,hb,3,0,464.832,464.853,delivered,1,
10252,cmd,0,3,464.896,464.917,delivered,1,
10253,hb,4,0,464.96,464.982,delivered,1,
10254,cmd,0,4,464.96,464.981,delivered,1,
10255,cmd,0,5,465.088,,expired,0,
10256,hb,1,0,465.152,465.194,delivered,2,
10257,thumb,3,0,465.152,465.19,delivered,1,
10258,cmd,0,1,465.152,465.195,delivered,2,
10259,hb,2,0,465.216,,expired,0,
10260,cmd,0,2,465.28,,expired,0,
10261,hb,3,0,465.344,465.386,delivered,1,
10262,hb,4,0,465.408,465.43,delivered,1,
10263,cmd,0,3,465.408,465.429,delivered,1,
10264,cmd,0,4,465.472,465.493,delivered,1,
10265,thumb,4,0,465.536,465.573,delivered,1,
10266,hb,1,0,465.6,465.642,delivered,2,
10267,cmd,0,5,465.6,,expired,0,
10268,cmd,0,1,465.664,465.706,delivered,2,
10269,hb,2,0,465.728,,expired,0,
10270,cmd,0,2,465.792,,expired,0,
10271,hb,3,0,465.856,465.878,delivered,1,
10272,cmd,0,3,465.856,465.877,delivered,1,
10273,hb,4,0,465.92,465.941,delivered,1,
10274,cmd,0,4,465.984,466.005,delivered,1,
10275,hb,1,0,466.112,466.196,delivered,2,
10276,cmd,0,5,466.112,,expired,0,
10277,cmd,0,1,466.176,466.218,delivered,2,
10278,hb,2,0,466.24,,expired,0,
10279,hb,3,0,466.304,466.325,delivered,1,
10280,cmd,0,2,466.304,,expired,0,
10281,cmd,0,3,466.368,466.389,delivered,1,
10282,thumb,1,0,466.432,466.505,delivered,2,
10283,hb,4,0,466.432,466.469,delivered,1,
10284,cmd,0,4,466.496,466.517,delivered,1,
10285,cmd,0,5,466.56,,expired,0,
10286,hb,1,0,466.624,466.666,delivered,2,
10287,cmd,0,1,466.688,466.73,delivered,2,
10288,hb,2,0,466.752,,expired,0,
10289,thumb,2,0,466.752,,expired,0,
10290,cmd,0,2,466.752,,expired,0,
10291,hb,3,0,466.816,466.837,delivered,1,
10292,cmd,0,3,466.88,466.901,delivered,1,
10293,hb,4,0,466.944,466.986,delivered,1,
10294,cmd,0,4,467.008,467.029,delivered,1,
10295,cmd,0,5,467.072,,expired,0,
10296,hb,1,0,467.136,467.178,delivered,2,
10297,thumb,3,0,467.136,467.173,delivered,1,
10298,hb,2,0,467.2,,expired,0,
10299,cmd,0,1,467.2,467.242,delivered,2,
10300,cmd,0,2,467.264,,expired,0,
10301,hb,3,0,467.328,467.349,delivered,1,
10302,cmd,0,3,467.392,467.413,delivered,1,
10303,hb,4,0,467.456,467.478,delivered,1,
10304,cmd,0,4,467.456,467.477,delivered,1,
10305,thumb,4,0,467.52,467.557,delivered,1,
10306,cmd,0,5,467.584,,expired,0,
10307,hb,1,0,467.648,467.69,delivered,2,
10308,hb,2,0,467.712,,expired,0,
10309,cmd,0,1,467.712,467.754,delivered,2,
10310,cmd,0,2,467.776,,expired,0,
10311,hb,3,0,467.84,467.882,delivered,1,
10312,hb,4,0,467.904,467.926,delivered,1,
10313,cmd,0,3,467.904,467.925,delivered,1,
10314,cmd,0,4,467.968,467.989,delivered,1,
10315,cmd,0,5,468.096,,expired,0,
10316,hb,1,0,468.16,468.202,delivered,2,
10317,cmd,0,1,468.16,468.203,delivered,2,
10318,hb,2,0,468.224,,expired,0,
10319,cmd,0,2,468.288,,expired,0,
10320,hb,3,0,468.352,468.374,delivered,1,
10321,cmd,0,3,468.352,468.373,delivered,1,
10322,thumb,1,0,468.416,468.489,delivered,2,
10323,hb,4,0,468.416,468.453,delivered,1,
10324,cmd,0,4,468.48,468.501,delivered,1,
10325,hb,1,0,468.608,468.65,delivered,2,
10326,cmd,0,5,468.608,,expired,0,
10327,cmd,0,1,468.672,468.714,delivered,2,
10328,hb,2,0,468.736,,expired,0,
10329,thumb,2,0,468.8,,expired,0,
10330,hb,3,0,468.8,468.821,delivered,1,
10331,cmd,0,2,468.8,,expired,0,
10332,cmd,0,3,468.864,468.885,delivered,1,
10333,hb,4,0,468.928,468.949,delivered,1,
10334,cmd,0,4,468.992,469.013,delivered,1,
10335,cmd,0,5,469.056,,expired,0,
10336,hb,1,0,469.12,469.162,delivered,2,
10337,thumb,3,0,469.12,469.157,delivered,1,
10338,cmd,0,1,469.184,469.226,delivered,2,
10339,hb,2,0,469.248,,expired,0,
10340,hb,3,0,469.312,469.333,delivered,1,
10341,cmd,0,2,469.312,,expired,0,
10342,cmd,0,3,469.376,469.397,delivered,1,
10343,hb,4,0,469.44,469.461,delivered,1,
10344,thumb,4,0,469.504,469.542,delivered,1,
10345,cmd,0,4,469.504,469.525,delivered,1,
10346,cmd,0,5,469.568,,expired,0,
10347,hb,1,0,469.632,469.674,delivered,2,
10348,cmd,0,1,469.696,469.759,delivered,2,
10349,hb,2,0,469.76,,expired,0,
10350,cmd,0,2,469.76,,expired,0,
10351,hb,3,0,469.824,469.845,delivered,1,
10352,cmd,0,3,469.888,469.909,delivered,1,
10353,hb,4,0,469.952,469.974,delivered,1,
10354,cmd,0,4,469.952,469.973,delivered,1,
10355,cmd,0,5,470.08,,expired,0,
10356,hb,1,0,470.144,470.186,delivered,2,
10357,hb,2,0,470.208,,expired,0,
10358,cmd,0,1,470.208,470.25,delivered,2,
10359,cmd,0,2,470.272,,expired,0,
10360,hb,3,0,470.336,470.357,delivered,1,
10361,thumb,1,0,470.4,470.473,delivered,2,
10362,hb,4,0,470.4,470.437,delivered,1,
10363,cmd,0,3,470.4,470.421,delivered,1,
10364,cmd,0,4,470.464,470.485,delivered,1,
10365,cmd,0,5,470.592,,expired,0,
10366,hb,1,0,470.656,470.698,delivered,2,
10367,cmd,0,1,470.656,470.699,delivered,2,
10368,hb,2,0,470.72,,expired,0,
10369,thumb,2,0,470.784,,expired,0,
10370,cmd,0,2,470.784,,expired,0,
10371,hb,3,0,470.848,470.869,delivered,1,
10372,hb,4,0,470.912,470.934,delivered,1,
10373,cmd,0,3,470.912,470.933,delivered,1,
10374,cmd,0,4,470.976,470.997,delivered,1,
10375,hb,1,0,471.104,471.146,delivered,2,
10376,cmd,0,5,471.104,,expired,0,
10377,thumb,3,0,471.168,471.206,delivered,1,
10378,cmd,0,1,471.168,471.21,delivered,2,
10379,hb,2,0,471.232,,expired,0,
10380,cmd,0,2,471.296,,expired,0,
10381,hb,3,0,471.36,471.382,delivered,1,
10382,cmd,0,3,471.36,471.381,delivered,1,
10383,hb,4,0,471.424,471.445,delivered,1,
10384,thumb,4,0,471.488,471.526,delivered,1,
10385,cmd,0,4,471.488,471.509,delivered,1,
10386,cmd,0,5,471.552,,expired,0,
10387,hb,1,0,471.616,471.658,delivered,2,
10388,cmd,0,1,471.68,471.722,delivered,2,
10389,hb,2,0,471.744,,expired,0,
10390,hb,3,0,471.808,471.829,delivered,1,
10391,cmd,0,2,471.808,,expired,0,
10392,cmd,0,3,471.872,471.893,delivered,1,
10393,hb,4,0,471.936,471.957,delivered,1,
10394,cmd,0,4,472.0,472.021,delivered,1,
10395,cmd,0,5,472.064,,expired,0,
10396,hb,1,0,472.128,472.17,delivered,2,
10397,cmd,0,1,472.192,472.234,delivered,2,
10398,hb,2,0,472.256,,expired,0,
10399,cmd,0,2,472.256,,expired,0,
10400,hb,3,0,472.32,472.341,delivered,1,
10401,thumb,1,0,472.384,472.494,delivered,2,
10402,cmd,0,3,472.384,472.405,delivered,1,
10403,hb,4,0,472.448,472.469,delivered,1,
10404,cmd,0,4,472.512,472.533,delivered,1,
10405,cmd,0,5,472.576,,expired,0,
10406,hb,1,0,472.64,472.682,delivered,2,
10407,hb,2,0,472.704,,expired,0,
10408,cmd,0,1,472.704,472.767,delivered,2,
10409,thumb,2,0,472.768,,expired,0,
10410,cmd,0,2,472.768,,expired,0,
10411,hb,3,0,472.832,472.853,delivered,1,
10412,cmd,0,3,472.896,472.917,delivered,1,
10413,hb,4,0,472.96,472.982,delivered,1,
10414,cmd,0,4,472.96,472.981,delivered,1,
10415,cmd,0,5,473.088,,expired,0,
10416,hb,1,0,473.152,473.194,delivered,2,
10417,thumb,3,0,473.152,473.19,delivered,1,
10418,cmd,0,1,473.152,473.195,delivered,2,
10419,hb,2,0,473.216,,expired,0,
10420,cmd,0,2,473.28,,expired,0,
10421,hb,3,0,473.344,473.365,delivered,1,
10422,hb,4,0,473.408,473.43,delivered,1,
10423,cmd,0,3,473.408,473.45,delivered,1,
10424,cmd,0,4,473.472,473.514,delivered,1,
10425,thumb,4,0,473.536,473.573,delivered,1,
10426,hb,1,0,473.6,473.642,delivered,2,
10427,cmd,0,5,473.6,,expired,0,
10428,cmd,0,1,473.664,473.706,delivered,2,
10429,hb,2,0,473.728,,expired,0,
10430,cmd,0,2,473.792,,expired,0,
10431,hb,3,0,473.856,473.878,delivered,1,
10432,cmd,0,3,473.856,473.877,delivered,1,
10433,hb,4,0,473.92,473.941,delivered,1,
10434,cmd,0,4,473.984,474.005,delivered,1,
10435,hb,1,0,474.112,474.154,delivered,2,
10436,cmd,0,5,474.112,,expired,0,
10437,cmd,0,1,474.176,474.239,delivered,2,
10438,hb,2,0,474.24,,expired,0,
10439,hb,3,0,474.304,474.325,delivered,1,
10440,cmd,0,2,474.304,,expired,0,
10441,cmd,0,3,474.368,474.389,delivered,1,
10442,thumb,1,0,474.432,474.505,delivered,2,
10443,hb,4,0,474.432,474.469,delivered,1,
10444,cmd,0,4,474.496,474.517,delivered,1,
10445,cmd,0,5,474.56,,expired,0,
10446,hb,1,0,474.624,474.666,delivered,2,
10447,cmd,0,1,474.688,474.73,delivered,2,
10448,hb,2,0,474.752,,expired,0,
10449,thumb,2,0,474.752,,expired,0,
10450,cmd,0,2,474.752,,expired,0,
10451,hb,3,0,474.816,474.837,delivered,1,
10452,cmd,0,3,474.88,474.901,delivered,1,
10453,hb,4,0,474.944,474.965,delivered,1,
10454,cmd,0,4,475.008,475.029,delivered,1,
10455,cmd,0,5,475.072,,expired,0,
10456,hb,1,0,475.136,475.178,delivered,2,
10457,thumb,3,0,475.136,475.173,delivered,1,
10458,hb,2,0,475.2,,expired,0,
10459,cmd,0,1,475.2,475.242,delivered,2,
10460,cmd,0,2,475.264,,expired,0,
10461,hb,3,0,475.328,475.349,delivered,1,
10462,cmd,0,3,475.392,475.434,delivered,1,
10463,hb,4,0,475.456,475.478,delivered,1,
10464,cmd,0,4,475.456,475.477,delivered,1,
10465,thumb,4,0,475.52,475.557,delivered,1,
10466,cmd,0,5,475.584,,expired,0,
10467,hb,1,0,475.648,475.69,delivered,2,
10468,hb,2,0,475.712,,expired,0,
10469,cmd,0,1,475.712,475.754,delivered,2,
10470,cmd,0,2,475.776,,expired,0,
10471,hb,3,0,475.84,475.861,delivered,1,
10472,hb,4,0,475.904,475.926,delivered,1,
10473,cmd,0,3,475.904,475.925,delivered,1,
10474,cmd,0,4,475.968,475.989,delivered,1,
10475,cmd,0,5,476.096,,expired,0,
10476,hb,1,0,476.16,476.202,delivered,2,
10477,cmd,0,1,476.16,476.203,delivered,2,
10478,hb,2,0,476.224,,expired,0,
10479,cmd,0,2,476.288,,expired,0,
10480,hb,3,0,476.352,476.374,delivered,1,
10481,cmd,0,3,476.352,476.373,delivered,1,
10482,thumb,1,0,476.416,476.526,delivered,2,
10483,hb,4,0,476.416,476.453,delivered,1,
10484,cmd,0,4,476.48,476.501,delivered,1,
10485,hb,1,0,476.608,476.65,delivered,2,
10486,cmd,0,5,476.608,,expired,0,
10487,cmd,0,1,476.672,476.735,delivered,2,
10488,hb,2,0,476.736,,expired,0,
10489,thumb,2,0,476.8,,expired,0,
10490,hb,3,0,476.8,476.821,delivered,1,
10491,cmd,0,2,476.8,,expired,0,
10492,cmd,0,3,476.864,476.885,delivered,1,
10493,hb,4,0,476.928,476.949,delivered,1,
10494,cmd,0,4,476.992,477.013,delivered,1,
10495,cmd,0,5,477.056,,expired,0,
10496,hb,1,0,477.12,477.162,delivered,2,
10497,thumb,3,0,477.12,477.157,delivered,1,
10498,cmd,0,1,477.184,477.226,delivered,2,
10499,hb,2,0,477.248,,expired,0,
10500,hb,3,0,477.312,477.333,delivered,1,
10501,cmd,0,2,477.312,,expired,0,
10502,cmd,0,3,477.376,477.397,delivered,1,
10503,hb,4,0,477.44,477.461,delivered,1,
10504,thumb,4,0,477.504,477.578,delivered,1,
10505,cmd,0,4,477.504,477.525,delivered,1,
10506,cmd,0,5,477.568,,expired,0,
10507,hb,1,0,477.632,477.674,delivered,2,
10508,cmd,0,1,477.696,477.738,delivered,2,
10509,hb,2,0,477.76,,expired,0,
10510,cmd,0,2,477.76,,expired,0,
10511,hb,3,0,477.824,477.845,delivered,1,
10512,cmd,0,3,477.888,477.909,delivered,1,
10513,hb,4,0,477.952,477.974,delivered,1,
10514,cmd,0,4,477.952,477.973,delivered,1,
10515,cmd,0,5,478.08,,expired,0,
10516,hb,1,0,478.144,478.186,delivered,2,
10517,hb,2,0,478.208,,expired,0,
10518,cmd,0,1,478.208,478.25,delivered,2,
10519,cmd,0,2,478.272,,expired,0,
10520,hb,3,0,478.336,478.357,delivered,1,
10521,thumb,1,0,478.4,478.473,delivered,2,
10522,hb,4,0,478.4,478.437,delivered,1,
10523,cmd,0,3,478.4,478.421,delivered,1,
10524,cmd,0,4,478.464,478.485,delivered,1,
10525,cmd,0,5,478.592,,expired,0,
10526,hb,1,0,478.656,478.698,delivered,2,
10527,cmd,0,1,478.656,478.699,delivered,2,
10528,hb,2,0,478.72,,expired,0,
10529,thumb,2,0,478.784,,expired,0,
10530,cmd,0,2,478.784,,expired,0,
10531,hb,3,0,478.848,478.869,delivered,1,
10532,hb,4,0,478.912,478.955,delivered,1,
10533,cmd,0,3,478.912,478.933,delivered,1,
10534,cmd,0,4,478.976,478.997,delivered,1,
10535,hb,1,0,479.104,479.146,delivered,2,
10536,cmd,0,5,479.104,,expired,0,
10537,thumb,3,0,479.168,479.206,delivered,1,
10538,cmd,0,1,479.168,479.21,delivered,2,
10539,hb,2,0,479.232,,expired,0,
10540,cmd,0,2,479.296,,expired,0,
10541,hb,3,0,479.36,479.382,delivered,1,
10542,cmd,0,3,479.36,479.381,delivered,1,
10543,hb,4,0,479.424,479.445,delivered,1,
10544,thumb,4,0,479.488,479.526,delivered,1,
10545,cmd,0,4,479.488,479.509,delivered,1,
10546,cmd,0,5,479.552,,expired,0,
10547,hb,1,0,479.616,479.658,delivered,2,
10548,cmd,0,1,479.68,479.722,delivered,2,
10549,hb,2,0,479.744,,expired,0,
10550,hb,3,0,479.808,479.829,delivered,1,
10551,cmd,0,2,479.808,,expired,0,
10552,cmd,0,3,479.872,479.893,delivered,1,
10553,hb,4,0,479.936,479.957,delivered,1,
10554,cmd,0,4,480.0,480.021,delivered,1,
10555,cmd,0,5,480.064,,expired,0,
10556,hb,1,0,480.128,480.191,delivered,2,
10557,cmd,0,1,480.192,480.234,delivered,2,
10558,hb,2,0,480.256,,expired,0,
10559,cmd,0,2,480.256,,expired,0,
10560,hb,3,0,480.32,480.341,delivered,1,
10561,thumb,1,0,480.384,480.457,delivered,2,
10562,cmd,0,3,480.384,480.405,delivered,1,
10563,hb,4,0,480.448,480.469,delivered,1,
10564,cmd,0,4,480.512,480.554,delivered,1,
10565,cmd,0,5,480.576,,expired,0,
10566,hb,1,0,480.64,480.682,delivered,2,
10567,hb,2,0,480.704,,expired,0,
10568,cmd,0,1,480.704,480.746,delivered,2,
10569,thumb,2,0,480.768,,expired,0,
10570,cmd,0,2,480.768,,expired,0,
10571,hb,3,0,480.832,480.853,delivered,1,
10572,cmd,0,3,480.896,480.917,delivered,1,
10573,hb,4,0,480.96,480.982,delivered,1,
10574,cmd,0,4,480.96,480.981,delivered,1,
10575,cmd,0,5,481.088,,expired,0,
10576,hb,1,0,481.152,481.215,delivered,2,
10577,thumb,3,0,481.152,481.19,delivered,1,
10578,cmd,0,1,481.152,481.195,delivered,2,
10579,hb,2,0,481.216,,expired,0,
10580,cmd,0,2,481.28,,expired,0,
10581,hb,3,0,481.344,481.365,delivered,1,
10582,hb,4,0,481.408,481.43,delivered,1,
10583,cmd,0,3,481.408,481.429,delivered,1,
10584,cmd,0,4,481.472,481.493,delivered,1,
10585,thumb,4,0,481.536,481.573,delivered,1,
10586,hb,1,0,481.6,481.642,delivered,2,
10587,cmd,0,5,481.6,,expired,0,
10588,cmd,0,1,481.664,481.706,delivered,2,
10589,hb,2,0,481.728,,expired,0,
10590,cmd,0,2,481.792,,expired,0,
10591,hb,3,0,481.856,481.878,delivered,1,
10592,cmd,0,3,481.856,481.877,delivered,1,
10593,hb,4,0,481.92,481.941,delivered,1,
10594,cmd,0,4,481.984,482.005,delivered,1,
10595,hb,1,0,482.112,482.154,delivered,2,
10596,cmd,0,5,482.112,,expired,0,
10597,cmd,0,1,482.176,482.218,delivered,2,
10598,hb,2,0,482.24,,expired,0,
10599,hb,3,0,482.304,482.325,delivered,1,
10600,cmd,0,2,482.304,,expired,0,
10601,cmd,0,3,482.368,482.389,delivered,1,
10602,thumb,1,0,482.432,482.505,delivered,2,
10603,hb,4,0,482.432,482.469,delivered,1,
10604,cmd,0,4,482.496,482.517,delivered,1,
10605,cmd,0,5,482.56,,expired,0,
10606,hb,1,0,482.624,482.687,delivered,2,
10607,cmd,0,1,482.688,482.73,delivered,2,
10608,hb,2,0,482.752,,expired,0,
10609,thumb,2,0,482.752,,expired,0,
10610,cmd,0,2,482.752,,expired,0,
10611,hb,3,0,482.816,482.837,delivered,1,
10612,cmd,0,3,482.88,482.901,delivered,1,
10613,hb,4,0,482.944,482.986,delivered,1,
10614,cmd,0,4,483.008,483.05,delivered,1,
10615,cmd,0,5,483.072,,expired,0,
10616,hb,1,0,483.136,483.178,delivered,2,
10617,thumb,3,0,483.136,483.173,delivered,1,
10618,hb,2,0,483.2,,expired,0,
10619,cmd,0,1,483.2,483.284,delivered,2,
10620,cmd,0,2,483.264,,expired,0,
10621,hb,3,0,483.328,483.349,delivered,1,
10622,cmd,0,3,483.392,483.413,delivered,1,
10623,hb,4,0,483.456,483.478,delivered,1,
10624,cmd,0,4,483.456,483.477,delivered,1,
10625,thumb,4,0,483.52,483.593,delivered,1,
10626,cmd,0,5,483.584,,expired,0,
10627,hb,1,0,483.648,483.711,delivered,2,
10628,hb,2,0,483.712,,expired,0,
10629,cmd,0,1,483.712,483.775,delivered,2,
10630,cmd,0,2,483.776,,expired,0,
10631,hb,3,0,483.84,483.861,delivered,1,
10632,hb,4,0,483.904,483.947,delivered,1,
10633,cmd,0,3,483.904,483.925,delivered,1,
10634,cmd,0,4,483.968,483.989,delivered,1,
10635,cmd,0,5,484.096,,expired,0,
10636,hb,1,0,484.16,484.203,delivered,2,
10637,cmd,0,1,484.16,484.223,delivered,2,
10638,hb,2,0,484.224,,expired,0,
10639,cmd,0,2,484.288,,expired,0,
10640,hb,3,0,484.352,484.374,delivered,1,
10641,cmd,0,3,484.352,484.373,delivered,1,
10642,thumb,1,0,484.416,484.526,delivered,2,
10643,hb,4,0,484.416,484.453,delivered,1,
10644,cmd,0,4,484.48,484.527,delivered,1,
10645,hb,1,0,484.608,484.65,delivered,2,
10646,cmd,0,5,484.608,,expired,0,
10647,cmd,0,1,484.672,484.735,delivered,2,
10648,hb,2,0,484.736,,expired,0,
10649,thumb,2,0,484.8,,expired,0,
10650,hb,3,0,484.8,484.821,delivered,1,
10651,cmd,0,2,484.8,,expired,0,
10652,cmd,0,3,484.864,484.885,delivered,1,
10653,hb,4,0,484.928,484.949,delivered,1,
10654,cmd,0,4,484.992,485.013,delivered,1,
10655,cmd,0,5,485.056,,expired,0,
10656,hb,1,0,485.12,485.162,delivered,2,
10657,thumb,3,0,485.12,485.157,delivered,1,
10658,cmd,0,1,485.184,485.226,delivered,2,
10659,hb,2,0,485.248,,expired,0,
10660,hb,3,0,485.312,485.333,delivered,1,
10661,cmd,0,2,485.312,,expired,0,
10662,cmd,0,3,485.376,485.397,delivered,1,
10663,hb,4,0,485.44,485.461,delivered,1,
10664,thumb,4,0,485.504,485.542,delivered,1,
10665,cmd,0,4,485.504,485.525,delivered,1,
10666,cmd,0,5,485.568,,expired,0,
10667,hb,1,0,485.632,485.674,delivered,2,
10668,cmd,0,1,485.696,485.738,delivered,2,
10669,hb,2,0,485.76,,expired,0,
10670,cmd,0,2,485.76,,expired,0,
10671,hb,3,0,485.824,485.845,delivered,1,
10672,cmd,0,3,485.888,485.909,delivered,1,
10673,hb,4,0,485.952,485.974,delivered,1,
10674,cmd,0,4,485.952,485.973,delivered,1,
10675,cmd,0,5,486.08,,expired,0,
10676,hb,1,0,486.144,486.186,delivered,2,
10677,hb,2,0,486.208,,expired,0,
10678,cmd,0,1,486.208,486.25,delivered,2,
10679,cmd,0,2,486.272,,expired,0,
10680,hb,3,0,486.336,486.357,delivered,1,
10681,thumb,1,0,486.4,486.51,delivered,2,
10682,hb,4,0,486.4,486.437,delivered,1,
10683,cmd,0,3,486.4,486.421,delivered,1,
10684,cmd,0,4,486.464,486.485,delivered,1,
10685,cmd,0,5,486.592,,expired,0,
10686,hb,1,0,486.656,486.698,delivered,2,
10687,cmd,0,1,486.656,486.699,delivered,2,
10688,hb,2,0,486.72,,expired,0,
10689,thumb,2,0,486.784,,expired,0,
10690,cmd,0,2,486.784,,expired,0,
10691,hb,3,0,486.848,486.869,delivered,1,
10692,hb,4,0,486.912,486.934,delivered,1,
10693,cmd,0,3,486.912,486.933,delivered,1,
10694,cmd,0,4,486.976,486.997,delivered,1,
10695,hb,1,0,487.104,487.146,delivered,2,
10696,cmd,0,5,487.104,,expired,0,
10697,thumb,3,0,487.168,487.206,delivered,1,
10698,cmd,0,1,487.168,487.21,delivered,2,
10699,hb,2,0,487.232,,expired,0,
10700,cmd,0,2,487.296,,expired,0,
10701,hb,3,0,487.36,487.382,delivered,1,
10702,cmd,0,3,487.36,487.381,delivered,1,
10703,hb,4,0,487.424,487.445,delivered,1,
10704,thumb,4,0,487.488,487.526,delivered,1,
10705,cmd,0,4,487.488,487.509,delivered,1,
10706,cmd,0,5,487.552,,expired,0,
10707,hb,1,0,487.616,487.658,delivered,2,
10708,cmd,0,1,487.68,487.722,delivered,2,
10709,hb,2,0,487.744,,expired,0,
10710,hb,3,0,487.808,487.829,delivered,1,
10711,cmd,0,2,487.808,,expired,0,
10712,cmd,0,3,487.872,487.893,delivered,1,
10713,hb,4,0,487.936,487.978,delivered,1,
10714,cmd,0,4,488.0,488.021,delivered,1,
10715,cmd,0,5,488.064,,expired,0,
10716,hb,1,0,488.128,488.191,delivered,2,
10717,cmd,0,1,488.192,488.234,delivered,2,
10718,hb,2,0,488.256,,expired,0,
10719,cmd,0,2,488.256,,expired,0,
10720,hb,3,0,488.32,488.341,delivered,1,
10721,thumb,1,0,488.384,488.494,delivered,2,
10722,cmd,0,3,488.384,488.405,delivered,1,
10723,hb,4,0,488.448,488.469,delivered,1,
10724,cmd,0,4,488.512,488.533,delivered,1,
10725,cmd,0,5,488.576,,expired,0,
10726,hb,1,0,488.64,488.682,delivered,2,
10727,hb,2,0,488.704,,expired,0,
10728,cmd,0,1,488.704,488.746,delivered,2,
10729,thumb,2,0,488.768,,expired,0,
10730,cmd,0,2,488.768,,expired,0,
10731,hb,3,0,488.832,488.853,delivered,1,
10732,cmd,0,3,488.896,488.917,delivered,1,
10733,hb,4,0,488.96,488.982,delivered,1,
10734,cmd,0,4,488.96,488.981,delivered,1,
10735,cmd,0,5,489.088,,expired,0,
10736,hb,1,0,489.152,489.194,delivered,2,
10737,thumb,3,0,489.152,489.19,delivered,1,
10738,cmd,0,1,489.152,489.195,delivered,2,
10739,hb,2,0,489.216,,expired,0,
10740,cmd,0,2,489.28,,expired,0,
10741,hb,3,0,489.344,489.365,delivered,1,
10742,hb,4,0,489.408,489.43,delivered,1,
10743,cmd,0,3,489.408,489.429,delivered,1,
10744,cmd,0,4,489.472,489.493,delivered,1,
10745,thumb,4,0,489.536,489.573,delivered,1,
10746,hb,1,0,489.6,489.642,delivered,2,
10747,cmd,0,5,489.6,,expired,0,
10748,cmd,0,1,489.664,489.706,delivered,2,
10749,hb,2,0,489.728,,expired,0,
10750,cmd,0,2,489.792,,expired,0,
10751,hb,3,0,489.856,489.878,delivered,1,
10752,cmd,0,3,489.856,489.877,delivered,1,
10753,hb,4,0,489.92,489.941,delivered,1,
10754,cmd,0,4,489.984,490.005,delivered,1,
10755,hb,1,0,490.112,490.154,delivered,2,
10756,cmd,0,5,490.112,,expired,0,
10757,cmd,0,1,490.176,490.239,delivered,2,
10758,hb,2,0,490.24,,expired,0,
10759,hb,3,0,490.304,490.325,delivered,1,
10760,cmd,0,2,490.304,,expired,0,
10761,cmd,0,3,490.368,490.389,delivered,1,
10762,thumb,1,0,490.432,490.507,delivered,2,
10763,hb,4,0,490.432,490.49,delivered,1,
10764,cmd,0,4,490.496,490.517,delivered,1,
10765,cmd,0,5,490.56,,expired,0,
10766,hb,1,0,490.624,490.687,delivered,2,
10767,cmd,0,1,490.688,490.73,delivered,2,
10768,hb,2,0,490.752,,expired,0,
10769,thumb,2,0,490.752,,expired,0,
10770,cmd,0,2,490.752,,expired,0,
10771,hb,3,0,490.816,490.837,delivered,1,
10772,cmd,0,3,490.88,490.901,delivered,1,
10773,hb,4,0,490.944,490.986,delivered,1,
10774,cmd,0,4,491.008,491.029,delivered,1,
10775,cmd,0,5,491.072,,expired,0,
10776,hb,1,0,491.136,491.178,delivered,2,
10777,thumb,3,0,491.136,491.173,delivered,1,
10778,hb,2,0,491.2,,expired,0,
10779,cmd,0,1,491.2,491.242,delivered,2,
10780,cmd,0,2,491.264,,expired,0,
10781,hb,3,0,491.328,491.349,delivered,1,
10782,cmd,0,3,491.392,491.413,delivered,1,
10783,hb,4,0,491.456,491.478,delivered,1,
10784,cmd,0,4,491.456,491.477,delivered,1,
10785,thumb,4,0,491.52,491.557,delivered,1,
10786,cmd,0,5,491.584,,expired,0,
10787,hb,1,0,491.648,491.711,delivered,2,
10788,hb,2,0,491.712,,expired,0,
10789,cmd,0,1,491.712,491.775,delivered,2,
10790,cmd,0,2,491.776,,expired,0,
10791,hb,3,0,491.84,491.861,delivered,1,
10792,hb,4,0,491.904,491.926,delivered,1,
10793,cmd,0,3,491.904,491.925,delivered,1,
10794,cmd,0,4,491.968,491.989,delivered,1,
10795,cmd,0,5,492.096,,expired,0,
10796,hb,1,0,492.16,492.202,delivered,2,
10797,cmd,0,1,492.16,492.203,delivered,2,
10798,hb,2,0,492.224,,expired,0,
10799,cmd,0,2,492.288,,expired,0,
10800,hb,3,0,492.352,492.374,delivered,1,
10801,cmd,0,3,492.352,492.373,delivered,1,
10802,thumb,1,0,492.416,492.489,delivered,2,
10803,hb,4,0,492.416,492.453,delivered,1,
10804,cmd,0,4,492.48,492.501,delivered,1,
10805,hb,1,0,492.608,492.65,delivered,2,
10806,cmd,0,5,492.608,,expired,0,
10807,cmd,0,1,492.672,492.714,delivered,2,
10808,hb,2,0,492.736,,expired,0,
10809,thumb,2,0,492.8,,expired,0,
10810,hb,3,0,492.8,492.821,delivered,1,
10811,cmd,0,2,492.8,,expired,0,
10812,cmd,0,3,492.864,492.885,delivered,1,
10813,hb,4,0,492.928,492.949,delivered,1,
10814,cmd,0,4,492.992,493.034,delivered,1,
10815,cmd,0,5,493.056,,expired,0,
10816,hb,1,0,493.12,493.162,delivered,2,
10817,thumb,3,0,493.12,493.157,delivered,1,
10818,cmd,0,1,493.184,493.247,delivered,2,
10819,hb,2,0,493.248,,expired,0,
10820,hb,3,0,493.312,493.333,delivered,1,
10821,cmd,0,2,493.312,,expired,0,
10822,cmd,0,3,493.376,493.397,delivered,1,
10823,hb,4,0,493.44,493.482,delivered,1,
10824,thumb,4,0,493.504,493.542,delivered,1,
10825,cmd,0,4,493.504,493.525,delivered,1,
10826,cmd,0,5,493.568,,expired,0,
10827,hb,1,0,493.632,493.674,delivered,2,
10828,cmd,0,1,493.696,493.738,delivered,2,
10829,hb,2,0,493.76,,expired,0,
10830,cmd,0,2,493.76,,expired,0,
10831,hb,3,0,493.824,493.845,delivered,1,
10832,cmd,0,3,493.888,493.909,delivered,1,
10833,hb,4,0,493.952,493.974,delivered,1,
10834,cmd,0,4,493.952,493.973,delivered,1,
10835,cmd,0,5,494.08,,expired,0,
10836,hb,1,0,494.144,494.186,delivered,2,
10837,hb,2,0,494.208,,expired,0,
10838,cmd,0,1,494.208,494.271,delivered,2,
10839,cmd,0,2,494.272,,expired,0,
10840,hb,3,0,494.336,494.357,delivered,1,
10841,thumb,1,0,494.4,494.473,delivered,2,
10842,hb,4,0,494.4,494.437,delivered,1,
10843,cmd,0,3,494.4,494.421,delivered,1,
10844,cmd,0,4,494.464,494.485,delivered,1,
10845,cmd,0,5,494.592,,expired,0,
10846,hb,1,0,494.656,494.699,delivered,2,
10847,cmd,0,1,494.656,494.719,delivered,2,
10848,hb,2,0,494.72,,expired,0,
10849,thumb,2,0,494.784,,expired,0,
10850,cmd,0,2,494.784,,expired,0,
10851,hb,3,0,494.848,494.869,delivered,1,
10852,hb,4,0,494.912,494.934,delivered,1,
10853,cmd,0,3,494.912,494.933,delivered,1,
10854,cmd,0,4,494.976,494.997,delivered,1,
10855,hb,1,0,495.104,495.146,delivered,2,
10856,cmd,0,5,495.104,,expired,0,
10857,thumb,3,0,495.168,495.206,delivered,1,
10858,cmd,0,1,495.168,495.21,delivered,2,
10859,hb,2,0,495.232,,expired,0,
10860,cmd,0,2,495.296,,expired,0,
10861,hb,3,0,495.36,495.382,delivered,1,
10862,cmd,0,3,495.36,495.381,delivered,1,
10863,hb,4,0,495.424,495.445,delivered,1,
10864,thumb,4,0,495.488,495.526,delivered,1,
10865,cmd,0,4,495.488,495.509,delivered,1,
10866,cmd,0,5,495.552,,expired,0,
10867,hb,1,0,495.616,495.658,delivered,2,
10868,cmd,0,1,495.68,495.743,delivered,2,
10869,hb,2,0,495.744,,expired,0,
10870,hb,3,0,495.808,495.829,delivered,1,
10871,cmd,0,2,495.808,,expired,0,
10872,cmd,0,3,495.872,495.893,delivered,1,
10873,hb,4,0,495.936,495.957,delivered,1,
10874,cmd,0,4,496.0,496.063,delivered,1,
10875,cmd,0,5,496.064,,expired,0,
10876,hb,1,0,496.128,496.17,delivered,2,
10877,cmd,0,1,496.192,496.234,delivered,2,
10878,hb,2,0,496.256,,expired,0,
10879,cmd,0,2,496.256,,expired,0,
10880,hb,3,0,496.32,496.341,delivered,1,
10881,thumb,1,0,496.384,496.457,delivered,2,
10882,cmd,0,3,496.384,496.405,delivered,1,
10883,hb,4,0,496.448,496.469,delivered,1,
10884,cmd,0,4,496.512,496.533,delivered,1,
10885,cmd,0,5,496.576,,expired,0,
10886,hb,1,0,496.64,496.682,delivered,2,
10887,hb,2,0,496.704,,expired,0,
10888,cmd,0,1,496.704,496.746,delivered,2,
10889,thumb,2,0,496.768,,expired,0,
10890,cmd,0,2,496.768,,expired,0,
10891,hb,3,0,496.832,496.853,delivered,1,
10892,cmd,0,3,496.896,496.917,delivered,1,
10893,hb,4,0,496.96,496.982,delivered,1,
10894,cmd,0,4,496.96,496.981,delivered,1,
10895,cmd,0,5,497.088,,expired,0,
10896,hb,1,0,497.152,497.194,delivered,2,
10897,thumb,3,0,497.152,497.19,delivered,1,
10898,cmd,0,1,497.152,497.195,delivered,2,
10899,hb,2,0,497.216,,expired,0,
10900,cmd,0,2,497.28,,expired,0,
10901,hb,3,0,497.344,497.365,delivered,1,
10902,hb,4,0,497.408,497.451,delivered,1,
10903,cmd,0,3,497.408,497.429,delivered,1,
10904,cmd,0,4,497.472,497.493,delivered,1,
10905,thumb,4,0,497.536,497.573,delivered,1,
10906,hb,1,0,497.6,497.642,delivered,2,
10907,cmd,0,5,497.6,,expired,0,
10908,cmd,0,1,497.664,497.706,delivered,2,
10909,hb,2,0,497.728,,expired,0,
10910,cmd,0,2,497.792,,expired,0,
10911,hb,3,0,497.856,497.878,delivered,1,
10912,cmd,0,3,497.856,497.877,delivered,1,
10913,hb,4,0,497.92,497.941,delivered,1,
10914,cmd,0,4,497.984,498.005,delivered,1,
10915,hb,1,0,498.112,498.154,delivered,2,
10916,cmd,0,5,498.112,,expired,0,
10917,cmd,0,1,498.176,498.239,delivered,2,
10918,hb,2,0,498.24,,expired,0,
10919,hb,3,0,498.304,498.325,delivered,1,
10920,cmd,0,2,498.304,,expired,0,
10921,cmd,0,3,498.368,498.389,delivered,1,
10922,thumb,1,0,498.432,498.505,delivered,2,
10923,hb,4,0,498.432,498.469,delivered,1,
10924,cmd,0,4,498.496,498.517,delivered,1,
10925,cmd,0,5,498.56,,expired,0,
10926,hb,1,0,498.624,498.666,delivered,2,
10927,cmd,0,1,498.688,498.73,delivered,2,
10928,hb,2,0,498.752,,expired,0,
10929,thumb,2,0,498.752,,expired,0,
10930,cmd,0,2,498.752,,expired,0,
10931,hb,3,0,498.816,498.837,delivered,1,
10932,cmd,0,3,498.88,498.901,delivered,1,
10933,hb,4,0,498.944,498.965,delivered,1,
10934,cmd,0,4,499.008,499.029,delivered,1,
10935,cmd,0,5,499.072,,expired,0,
10936,hb,1,0,499.136,499.178,delivered,2,
10937,thumb,3,0,499.136,499.173,delivered,1,
10938,hb,2,0,499.2,,expired,0,
10939,cmd,0,1,499.2,499.242,delivered,2,
10940,cmd,0,2,499.264,,expired,0,
10941,hb,3,0,499.328,499.349,delivered,1,
10942,cmd,0,3,499.392,499.413,delivered,1,
10943,hb,4,0,499.456,499.478,delivered,1,
10944,cmd,0,4,499.456,499.477,delivered,1,
10945,thumb,4,0,499.52,499.557,delivered,1,
10946,cmd,0,5,499.584,,expired,0,
10947,hb,1,0,499.648,499.711,delivered,2,
10948,hb,2,0,499.712,,expired,0,
10949,cmd,0,1,499.712,499.754,delivered,2,
10950,cmd,0,2,499.776,,expired,0,
10951,hb,3,0,499.84,499.861,delivered,1,
10952,hb,4,0,499.904,499.926,delivered,1,
10953,cmd,0,3,499.904,499.925,delivered,1,
10954,cmd,0,4,499.968,499.989,delivered,1,
10955,cmd,0,5,500.096,,expired,0,
10956,hb,1,0,500.16,500.223,delivered,2,
10957,cmd,0,1,500.16,500.224,delivered,2,
10958,hb,2,0,500.224,,expired,0,
10959,cmd,0,2,500.288,,expired,0,
10960,hb,3,0,500.352,500.374,delivered,1,
10961,cmd,0,3,500.352,500.373,delivered,1,
10962,thumb,1,0,500.416,500.489,delivered,2,
10963,hb,4,0,500.416,500.453,delivered,1,
10964,cmd,0,4,500.48,500.501,delivered,1,
10965,hb,1,0,500.608,500.65,delivered,2,
10966,cmd,0,5,500.608,,expired,0,
10967,cmd,0,1,500.672,500.714,delivered,2,
10968,hb,2,0,500.736,,expired,0,
10969,thumb,2,0,500.8,,expired,0,
10970,hb,3,0,500.8,500.821,delivered,1,
10971,cmd,0,2,500.8,,expired,0,
10972,cmd,0,3,500.864,500.885,delivered,1,
10973,hb,4,0,500.928,500.949,delivered,1,
10974,cmd,0,4,500.992,501.013,delivered,1,
10975,cmd,0,5,501.056,,expired,0,
10976,hb,1,0,501.12,501.162,delivered,2,
10977,thumb,3,0,501.12,501.157,delivered,1,
10978,cmd,0,1,501.184,501.247,delivered,2,
10979,hb,2,0,501.248,,expired,0,
10980,hb,3,0,501.312,501.333,delivered,1,
10981,cmd,0,2,501.312,,expired,0,
10982,cmd,0,3,501.376,501.397,delivered,1,
10983,hb,4,0,501.44,501.461,delivered,1,
10984,thumb,4,0,501.504,501.542,delivered,1,
10985,cmd,0,4,501.504,501.525,delivered,1,
10986,cmd,0,5,501.568,,expired,0,
10987,hb,1,0,501.632,501.674,delivered,2,
10988,cmd,0,1,501.696,501.738,delivered,2,
10989,hb,2,0,501.76,,expired,0,
10990,cmd,0,2,501.76,,expired,0,
10991,hb,3,0,501.824,501.845,delivered,1,
10992,cmd,0,3,501.888,501.909,delivered,1,
10993,hb,4,0,501.952,501.974,delivered,1,
10994,cmd,0,4,501.952,501.973,delivered,1,
10995,cmd,0,5,502.08,,expired,0,
10996,hb,1,0,502.144,502.186,delivered,2,
10997,hb,2,0,502.208,,expired,0,
10998,cmd,0,1,502.208,502.25,delivered,2,
10999,cmd,0,2,502.272,,expired,0,
11000,hb,3,0,502.336,502.357,delivered,1,
11001,thumb,1,0,502.4,502.473,delivered,2,
11002,hb,4,0,502.4,502.437,delivered,1,
11003,cmd,0,3,502.4,502.421,delivered,1,
11004,cmd,0,4,502.464,502.485,delivered,1,
11005,cmd,0,5,502.592,,expired,0,
11006,hb,1,0,502.656,502.719,delivered,2,
11007,cmd,0,1,502.656,502.699,delivered,2,
11008,hb,2,0,502.72,,expired,0,
11009,thumb,2,0,502.784,,expired,0,
11010,cmd,0,2,502.784,,expired,0,
11011,hb,3,0,502.848,502.869,delivered,1,
11012,hb,4,0,502.912,502.955,delivered,1,
11013,cmd,0,3,502.912,502.933,delivered,1,
11014,cmd,0,4,502.976,502.997,delivered,1,
11015,hb,1,0,503.104,503.146,delivered,2,
11016,cmd,0,5,503.104,,expired,0,
11017,thumb,3,0,503.168,503.206,delivered,1,
11018,cmd,0,1,503.168,503.21,delivered,2,
11019,hb,2,0,503.232,,expired,0,
11020,cmd,0,2,503.296,,expired,0,
11021,hb,3,0,503.36,503.382,delivered,1,
11022,cmd,0,3,503.36,503.381,delivered,1,
11023,hb,4,0,503.424,503.445,delivered,1,
11024,thumb,4,0,503.488,503.526,delivered,1,
11025,cmd,0,4,503.488,503.509,delivered,1,
11026,cmd,0,5,503.552,,expired,0,
11027,hb,1,0,503.616,503.679,delivered,2,
11028,cmd,0,1,503.68,503.722,delivered,2,
11029,hb,2,0,503.744,,expired,0,
11030,hb,3,0,503.808,503.829,delivered,1,
11031,cmd,0,2,503.808,,expired,0,
11032,cmd,0,3,503.872,503.893,delivered,1,
11033,hb,4,0,503.936,503.957,delivered,1,
11034,cmd,0,4,504.0,504.021,delivered,1,
11035,cmd,0,5,504.064,,expired,0,
11036,hb,1,0,504.128,504.17,delivered,2,
11037,cmd,0,1,504.192,504.234,delivered,2,
11038,hb,2,0,504.256,,expired,0,
11039,cmd,0,2,504.256,,expired,0,
11040,hb,3,0,504.32,504.341,delivered,1,
11041,thumb,1,0,504.384,504.457,delivered,2,
11042,cmd,0,3,504.384,504.405,delivered,1,
11043,hb,4,0,504.448,504.469,delivered,1,
11044,cmd,0,4,504.512,504.533,delivered,1,
11045,cmd,0,5,504.576,,expired,0,
11046,hb,1,0,504.64,504.682,delivered,2,
11047,hb,2,0,504.704,,expired,0,
11048,cmd,0,1,504.704,504.746,delivered,2,
11049,thumb,2,0,504.768,,expired,0,
11050,cmd,0,2,504.768,,expired,0,
11051,hb,3,0,504.832,504.853,delivered,1,
11052,cmd,0,3,504.896,504.917,delivered,1,
11053,hb,4,0,504.96,504.982,delivered,1,
11054,cmd,0,4,504.96,504.981,delivered,1,
11055,cmd,0,5,505.088,,expired,0,
11056,hb,1,0,505.152,505.215,delivered,2,
11057,cmd,0,1,505.152,505.216,delivered,2,
11058,hb,2,0,505.216,,expired,0,
11059,cmd,0,2,505.28,,expired,0,
11060,hb,3,0,505.344,505.365,delivered,1,
11061,hb,4,0,505.408,505.43,delivered,1,
11062,cmd,0,3,505.408,505.429,delivered,1,
11063,cmd,0,4,505.472,505.493,delivered,1,
11064,thumb,4,0,505.536,505.573,delivered,1,
11065,hb,1,0,505.6,505.642,delivered,2,
11066,cmd,0,5,505.6,,expired,0,
11067,cmd,0,1,505.664,505.706,delivered,2,
11068,hb,2,0,505.728,,expired,0,
11069,cmd,0,2,505.792,,expired,0,
11070,hb,3,0,505.856,505.878,delivered,1,
11071,cmd,0,3,505.856,505.877,delivered,1,
11072,hb,4,0,505.92,505.941,delivered,1,
11073,cmd,0,4,505.984,506.005,delivered,1,
11074,hb,1,0,506.112,506.154,delivered,2,
11075,data,2,0,506.112,515.113,delivered,3,2|P6|0
11076,data,2,0,506.112,515.265,delivered,3,2|P6|1
11077,data,2,0,506.112,515.333,delivered,3,2|P6|2
11078,data,2,0,506.112,515.401,delivered,3,2|P6|3
11079,cmd,0,5,506.112,,expired,0,
11080,cmd,0,1,506.176,506.218,delivered,2,
11081,hb,2,0,506.24,,expired,0,
11082,hb,3,0,506.304,506.325,delivered,1,
11083,cmd,0,2,506.304,,expired,0,
11084,cmd,0,3,506.368,506.389,delivered,1,
11085,thumb,1,0,506.432,506.505,delivered,2,
11086,hb,4,0,506.432,506.469,delivered,1,
11087,cmd,0,4,506.496,506.517,delivered,1,
11088,cmd,0,5,506.56,,expired,0,
11089,hb,1,0,506.624,506.666,delivered,2,
11090,cmd,0,1,506.688,506.73,delivered,2,
11091,hb,2,0,506.752,,expired,0,
11092,thumb,2,0,506.752,,expired,0,
11093,cmd,0,2,506.752,,expired,0,
11094,hb,3,0,506.816,506.837,delivered,1,
11095,cmd,0,3,506.88,506.901,delivered,1,
11096,hb,4,0,506.944,506.965,delivered,1,
11097,cmd,0,4,507.008,507.029,delivered,1,
11098,cmd,0,5,507.072,,expired,0,
11099,hb,1,0,507.136,507.178,delivered,2,
11100,hb,2,0,507.2,,expired,0,
11101,cmd,0,1,507.2,507.242,delivered,2,
11102,cmd,0,2,507.264,,expired,0,
11103,hb,3,0,507.328,507.349,delivered,1,
11104,cmd,0,3,507.392,507.413,delivered,1,
11105,hb,4,0,507.456,507.478,delivered,1,
11106,cmd,0,4,507.456,507.477,delivered,1,
11107,thumb,4,0,507.52,507.557,delivered,1,
11108,cmd,0,5,507.584,,expired,0,
11109,hb,1,0,507.648,507.711,delivered,2,
11110,hb,2,0,507.712,,expired,0,
11111,cmd,0,1,507.712,507.754,delivered,2,
11112,cmd,0,2,507.776,,expired,0,
11113,hb,3,0,507.84,507.861,delivered,1,
11114,hb,4,0,507.904,507.926,delivered,1,
11115,cmd,0,3,507.904,507.946,delivered,1,
11116,cmd,0,4,507.968,507.989,delivered,1,
11117,cmd,0,5,508.096,,expired,0,
11118,hb,1,0,508.16,508.202,delivered,2,
11119,cmd,0,1,508.16,508.203,delivered,2,
11120,hb,2,0,508.224,,expired,0,
11121,cmd,0,2,508.288,,expired,0,
11122,hb,3,0,508.352,508.374,delivered,1,
11123,cmd,0,3,508.352,508.373,delivered,1,
11124,thumb,1,0,508.416,508.489,delivered,2,
11125,hb,4,0,508.416,508.453,delivered,1,
11126,cmd,0,4,508.48,508.501,delivered,1,
11127,hb,1,0,508.608,508.65,delivered,2,
11128,cmd,0,5,508.608,,expired,0,
11129,cmd,0,1,508.672,508.714,delivered,2,
11130,hb,2,0,508.736,,expired,0,
11131,thumb,2,0,508.8,,expired,0,
11132,hb,3,0,508.8,508.821,delivered,1,
11133,cmd,0,2,508.8,,expired,0,
11134,cmd,0,3,508.864,508.885,delivered,1,
11135,hb,4,0,508.928,508.97,delivered,1,
11136,cmd,0,4,508.992,509.013,delivered,1,
11137,cmd,0,5,509.056,,expired,0,
11138,hb,1,0,509.12,509.183,delivered,2,
11139,cmd,0,1,509.184,509.226,delivered,2,
11140,hb,2,0,509.248,,expired,0,
11141,hb,3,0,509.312,509.333,delivered,1,
11142,cmd,0,2,509.312,,expired,0,
11143,cmd,0,3,509.376,509.397,delivered,1,
11144,hb,4,0,509.44,509.461,delivered,1,
11145,thumb,4,0,509.504,509.542,delivered,1,
11146,cmd,0,4,509.504,509.525,delivered,1,
11147,cmd,0,5,509.568,,expired,0,
11148,hb,1,0,509.632,509.674,delivered,2,
11149,cmd,0,1,509.696,509.759,delivered,2,
11150,hb,2,0,509.76,,expired,0,
11151,cmd,0,2,509.76,,expired,0,
11152,hb,3,0,509.824,509.845,delivered,1,
11153,cmd,0,3,509.888,509.909,delivered,1,
11154,hb,4,0,509.952,509.974,delivered,1,
11155,cmd,0,4,509.952,509.973,delivered,1,
11156,cmd,0,5,510.08,,expired,0,
11157,hb,1,0,510.144,510.186,delivered,2,
11158,data,2,0,510.144,515.468,delivered,3,2|P6|0
11159,data,2,0,510.144,515.535,delivered,3,2|P6|1
11160,data,2,0,510.144,515.603,delivered,3,2|P6|2
11161,data,2,0,510.144,515.771,delivered,3,2|P6|3
11162,hb,2,0,510.208,,expired,0,
11163,cmd,0,1,510.208,510.25,delivered,2,
11164,cmd,0,2,510.272,,expired,0,
11165,hb,3,0,510.336,510.357,delivered,1,
11166,thumb,1,0,510.4,510.473,delivered,2,
11167,hb,4,0,510.4,510.437,delivered,1,
11168,cmd,0,3,510.4,510.421,delivered,1,
11169,cmd,0,4,510.464,510.485,delivered,1,
11170,cmd,0,5,510.592,,expired,0,
11171,hb,1,0,510.656,510.698,delivered,2,
11172,cmd,0,1,510.656,510.699,delivered,2,
11173,hb,2,0,510.72,,expired,0,
11174,thumb,2,0,510.784,,expired,0,
11175,cmd,0,2,510.784,,expired,0,
11176,hb,3,0,510.848,510.869,delivered,1,
11177,hb,4,0,510.912,510.934,delivered,1,
11178,cmd,0,3,510.912,510.954,delivered,1,
11179,cmd,0,4,510.976,510.997,delivered,1,
11180,hb,1,0,511.104,511.146,delivered,2,
11181,cmd,0,5,511.104,,expired,0,
11182,cmd,0,1,511.168,511.21,delivered,2,
11183,hb,2,0,511.232,,expired,0,
11184,cmd,0,2,511.296,,expired,0,
11185,hb,3,0,511.36,511.382,delivered,1,
11186,cmd,0,3,511.36,511.381,delivered,1,
11187,hb,4,0,511.424,511.445,delivered,1,
11188,thumb,4,0,511.488,511.526,delivered,1,
11189,cmd,0,4,511.488,511.509,delivered,1,
11190,cmd,0,5,511.552,,expired,0,
11191,hb,1,0,511.616,511.7,delivered,2,
11192,cmd,0,1,511.68,511.743,delivered,2,
11193,hb,2,0,511.744,513.67,delivered,3,
11194,hb,3,0,511.808,511.829,delivered,1,
11195,cmd,0,2,511.808,513.838,delivered,3,
11196,cmd,0,3,511.872,511.893,delivered,1,
11197,hb,4,0,511.936,511.957,delivered,1,
11198,cmd,0,4,512.0,512.021,delivered,1,
11199,cmd,0,5,512.064,,expired,0,
11200,hb,1,0,512.128,512.191,delivered,2,
11201,cmd,0,1,512.192,512.234,delivered,2,
11202,hb,2,0,512.256,513.686,delivered,3,
11203,cmd,0,2,512.256,514.039,delivered,3,
11204,hb,3,0,512.32,512.341,delivered,1,
11205,thumb,1,0,512.384,512.457,delivered,2,
11206,cmd,0,3,512.384,512.405,delivered,1,
11207,hb,4,0,512.448,512.49,delivered,1,
11208,cmd,0,4,512.512,512.533,delivered,1,
11209,cmd,0,5,512.576,,expired,0,
11210,hb,1,0,512.64,512.703,delivered,2,
11211,hb,2,0,512.704,513.792,delivered,3,
11212,cmd,0,1,512.704,512.788,delivered,2,
11213,thumb,2,0,512.768,,expired,2,
11214,cmd,0,2,512.768,514.106,delivered,3,
11215,hb,3,0,512.832,512.853,delivered,1,
11216,cmd,0,3,512.896,512.917,delivered,1,
11217,hb,4,0,512.96,512.982,delivered,1,
11218,cmd,0,4,512.96,512.981,delivered,1,
11219,cmd,0,5,513.088,,expired,0,
11220,hb,1,0,513.152,513.215,delivered,2,
11221,cmd,0,1,513.152,513.195,delivered,2,
11222,hb,2,0,513.216,513.993,delivered,3,
11223,cmd,0,2,513.28,514.173,delivered,3,
11224,hb,3,0,513.344,513.365,delivered,1,
11225,hb,4,0,513.408,513.43,delivered,1,
11226,cmd,0,3,513.408,513.429,delivered,1,
11227,cmd,0,4,513.472,513.535,delivered,1,
11228,thumb,4,0,513.536,513.573,delivered,1,
11229,hb,1,0,513.6,513.644,delivered,2,
11230,cmd,0,5,513.6,,expired,0,
11231,cmd,0,1,513.664,513.706,delivered,2,
11232,hb,2,0,513.728,514.261,delivered,3,
11233,cmd,0,2,513.792,514.307,delivered,3,
11234,hb,3,0,513.856,513.878,delivered,1,
11235,cmd,0,3,513.856,513.877,delivered,1,
11236,hb,4,0,513.92,513.973,delivered,1,
11237,cmd,0,4,513.984,514.005,delivered,1,
11238,hb,1,0,514.112,514.475,delivered,2,
11239,cmd,0,5,514.112,,expired,0,
11240,data,2,0,514.176,527.527,delivered,3,2|P6|0
11241,data,2,0,514.176,515.946,delivered,3,2|P6|1
11242,data,2,0,514.176,527.647,delivered,3,2|P6|2
11243,data,2,0,514.176,527.714,delivered,3,2|P6|3
11244,cmd,0,1,514.176,514.241,delivered,2,
11245,hb,2,0,514.24,,expired,0,
11246,hb,3,0,514.304,514.326,delivered,1,
11247,cmd,0,2,514.304,,expired,1,
11248,cmd,0,3,514.368,514.389,delivered,1,
11249,thumb,1,0,514.432,515.047,delivered,2,
11250,hb,4,0,514.432,514.675,delivered,1,
11251,cmd,0,4,514.496,514.517,delivered,1,
11252,cmd,0,5,514.56,,expired,0,
11253,hb,1,0,514.624,515.006,delivered,2,
11254,cmd,0,1,514.688,515.028,delivered,2,
11255,hb,2,0,514.752,,expired,0,
11256,thumb,2,0,514.752,,expired,0,
11257,cmd,0,2,514.752,,expired,0,
11258,hb,3,0,514.816,514.837,delivered,1,
11259,cmd,0,3,514.88,514.901,delivered,1,
11260,hb,4,0,514.944,515.03,delivered,1,
11261,cmd,0,4,515.008,515.029,delivered,1,
11262,cmd,0,5,515.072,,expired,0,
11263,hb,1,0,515.136,515.334,delivered,2,
11264,ack,0,2,515.113,,expired,0,
11265,hb,2,0,515.2,,expired,0,
11266,cmd,0,1,515.2,515.335,delivered,2,
11267,cmd,0,2,515.264,,expired,0,
11268,hb,3,0,515.328,515.402,delivered,1,
11269,ack,0,2,515.265,520.19,delivered,3,
11270,cmd,0,3,515.392,515.469,delivered,1,
11271,ack,0,2,515.333,,expired,2,
11272,hb,4,0,515.456,515.537,delivered,1,
11273,cmd,0,4,515.456,515.536,delivered,1,
11274,ack,0,2,515.401,,expired,1,
11275,thumb,4,0,515.52,515.619,delivered,1,
11276,ack,0,2,515.468,,expired,0,
11277,cmd,0,5,515.584,,expired,0,
11278,ack,0,2,515.535,,expired,0,
11279,hb,1,0,515.648,515.773,delivered,2,
11280,ack,0,2,515.603,,expired,0,
11281,hb,2,0,515.712,,expired,0,
11282,cmd,0,1,515.712,515.794,delivered,2,
11283,cmd,0,2,515.776,,expired,0,
11284,ack,0,2,515.771,,expired,0,
11285,hb,3,0,515.84,515.861,delivered,1,
11286,hb,4,0,515.904,515.948,delivered,1,
11287,cmd,0,3,515.904,515.947,delivered,1,
11288,cmd,0,4,515.968,515.989,delivered,1,
11289,ack,0,2,515.946,,expired,0,
11290,cmd,0,5,516.096,,expired,0,
11291,hb,1,0,516.16,516.202,delivered,2,
11292,cmd,0,1,516.16,516.203,delivered,2,
11293,hb,2,0,516.224,,expired,0,
11294,cmd,0,2,516.288,,expired,0,
11295,hb,3,0,516.352,516.374,delivered,1,
11296,cmd,0,3,516.352,516.373,delivered,1,
11297,thumb,1,0,516.416,516.489,delivered,2,
11298,hb,4,0,516.416,516.453,delivered,1,
11299,cmd,0,4,516.48,516.501,delivered,1,
11300,hb,1,0,516.608,516.65,delivered,2,
11301,cmd,0,5,516.608,,expired,0,
11302,cmd,0,1,516.672,516.714,delivered,2,
11303,hb,2,0,516.736,,expired,0,
11304,thumb,2,0,516.8,,expired,0,
11305,hb,3,0,516.8,516.821,delivered,1,
11306,cmd,0,2,516.8,,expired,0,
11307,cmd,0,3,516.864,516.885,delivered,1,
11308,hb,4,0,516.928,516.949,delivered,1,
11309,cmd,0,4,516.992,517.013,delivered,1,
11310,cmd,0,5,517.056,,expired,0,
11311,hb,1,0,517.12,517.162,delivered,2,
11312,cmd,0,1,517.184,517.226,delivered,2,
11313,hb,2,0,517.248,,expired,0,
11314,hb,3,0,517.312,517.333,delivered,1,
11315,cmd,0,2,517.312,,expired,0,
11316,cmd,0,3,517.376,517.397,delivered,1,
11317,hb,4,0,517.44,517.461,delivered,1,
11318,thumb,4,0,517.504,517.542,delivered,1,
11319,cmd,0,4,517.504,517.525,delivered,1,
11320,cmd,0,5,517.568,,expired,0,
11321,hb,1,0,517.632,517.674,delivered,2,
11322,cmd,0,1,517.696,517.738,delivered,2,
11323,hb,2,0,517.76,,expired,0,
11324,cmd,0,2,517.76,,expired,0,
11325,hb,3,0,517.824,517.845,delivered,1,
11326,cmd,0,3,517.888,517.909,delivered,1,
11327,hb,4,0,517.952,517.974,delivered,1,
11328,cmd,0,4,517.952,517.973,delivered,1,
11329,cmd,0,5,518.08,,expired,0,
11330,hb,1,0,518.144,518.186,delivered,2,
11331,hb,2,0,518.208,520.255,delivered,3,
11332,data,2,0,518.208,527.803,delivered,3,2|P6|0
11333,data,2,0,518.208,528.022,delivered,3,2|P6|1
11334,data,2,0,518.208,527.955,delivered,3,2|P6|2
11335,data,2,0,518.208,528.09,delivered,3,2|P6|3
11336,cmd,0,1,518.208,518.25,delivered,2,
11337,cmd,0,2,518.272,,expired,0,
11338,hb,3,0,518.336,518.357,delivered,1,
11339,thumb,1,0,518.4,518.473,delivered,2,
11340,hb,4,0,518.4,518.437,delivered,1,
11341,cmd,0,3,518.4,518.421,delivered,1,
11342,cmd,0,4,518.464,518.485,delivered,1,
11343,cmd,0,5,518.592,,expired,0,
11344,hb,1,0,518.656,518.719,delivered,2,
11345,cmd,0,1,518.656,518.72,delivered,2,
11346,hb,2,0,518.72,520.256,delivered,3,
11347,thumb,2,0,518.784,,expired,0,
11348,cmd,0,2,518.784,,expired,0,
11349,hb,3,0,518.848,518.869,delivered,1,
11350,hb,4,0,518.912,518.934,delivered,1,
11351,cmd,0,3,518.912,518.933,delivered,1,
11352,cmd,0,4,518.976,519.018,delivered,1,
11353,hb,1,0,519.104,519.146,delivered,2,
11354,cmd,0,5,519.104,,expired,0,
11355,cmd,0,1,519.168,519.21,delivered,2,
11356,hb,2,0,519.232,,expired,0,
11357,cmd,0,2,519.296,,expired,0,
11358,hb,3,0,519.36,519.382,delivered,1,
11359,cmd,0,3,519.36,519.381,delivered,1,
11360,hb,4,0,519.424,519.445,delivered,1,
11361,thumb,4,0,519.488,519.562,delivered,1,
11362,cmd,0,4,519.488,519.509,delivered,1,
11363,cmd,0,5,519.552,,expired,0,
11364,hb,1,0,519.616,519.658,delivered,2,
11365,cmd,0,1,519.68,519.743,delivered,2,
11366,hb,2,0,519.744,520.258,delivered,3,
11367,hb,3,0,519.808,519.829,delivered,1,
11368,cmd,0,2,519.808,,expired,0,
11369,cmd,0,3,519.872,519.893,delivered,1,
11370,hb,4,0,519.936,519.957,delivered,1,
11371,cmd,0,4,520.0,520.021,delivered,1,
11372,cmd,0,5,520.064,,expired,0,
11373,hb,1,0,520.128,520.191,delivered,2,
11374,cmd,0,1,520.192,520.257,delivered,2,
11375,hb,2,0,520.256,,expired,0,
11376,data,2,0,520.256,539.189,delivered,3,2|P6|4
11377,cmd,0,2,520.256,,expired,0,
11378,hb,3,0,520.32,520.341,delivered,1,
11379,thumb,1,0,520.384,520.457,delivered,2,
11380,cmd,0,3,520.384,520.405,delivered,1,
11381,hb,4,0,520.448,520.469,delivered,1,
11382,cmd,0,4,520.512,520.533,delivered,1,
11383,cmd,0,5,520.576,,expired,0,
11384,hb,1,0,520.64,520.682,delivered,2,
11385,hb,2,0,520.704,,expired,0,
11386,cmd,0,1,520.704,520.746,delivered,2,
11387,thumb,2,0,520.768,,expired,0,
11388,cmd,0,2,520.768,,expired,0,
11389,hb,3,0,520.832,520.853,delivered,1,
11390,cmd,0,3,520.896,520.917,delivered,1,
11391,hb,4,0,520.96,520.982,delivered,1,
11392,cmd,0,4,520.96,520.981,delivered,1,
11393,cmd,0,5,521.088,,expired,0,
11394,hb,1,0,521.152,521.194,delivered,2,
11395,cmd,0,1,521.152,521.195,delivered,2,
11396,hb,2,0,521.216,,expired,0,
11397,cmd,0,2,521.28,,expired,0,
11398,hb,3,0,521.344,521.365,delivered,1,
11399,hb,4,0,521.408,521.43,delivered,1,
11400,cmd,0,3,521.408,521.429,delivered,1,
11401,cmd,0,4,521.472,521.493,delivered,1,
11402,thumb,4,0,521.536,521.609,delivered,1,
11403,hb,1,0,521.6,521.642,delivered,2,
11404,cmd,0,5,521.6,,expired,0,
11405,cmd,0,1,521.664,521.706,delivered,2,
11406,hb,2,0,521.728,,expired,0,
11407,cmd,0,2,521.792,,expired,0,
11408,hb,3,0,521.856,521.878,delivered,1,
11409,cmd,0,3,521.856,521.877,delivered,1,
11410,hb,4,0,521.92,521.941,delivered,1,
11411,cmd,0,4,521.984,522.005,delivered,1,
11412,hb,1,0,522.112,522.154,delivered,2,
11413,cmd,0,5,522.112,,expired,0,
11414,cmd,0,1,522.176,522.239,delivered,2,
11415,hb,2,0,522.24,,expired,0,
11416,data,2,0,522.24,545.258,delivered,3,2|P6|0
11417,data,2,0,522.24,551.47,delivered,3,2|P6|2
11418,data,2,0,522.24,551.537,delivered,3,2|P6|3
11419,hb,3,0,522.304,522.325,delivered,1,
11420,cmd,0,2,522.304,,expired,0,
11421,cmd,0,3,522.368,522.389,delivered,1,
11422,thumb,1,0,522.432,522.505,delivered,2,
11423,hb,4,0,522.432,522.469,delivered,1,
11424,cmd,0,4,522.496,522.517,delivered,1,
11425,cmd,0,5,522.56,,expired,0,
11426,hb,1,0,522.624,522.666,delivered,2,
11427,cmd,0,1,522.688,522.772,delivered,2,
11428,hb,2,0,522.752,,expired,0,
11429,thumb,2,0,522.752,,expired,0,
11430,cmd,0,2,522.752,,expired,0,
11431,hb,3,0,522.816,522.837,delivered,1,
11432,cmd,0,3,522.88,522.901,delivered,1,
11433,hb,4,0,522.944,522.965,delivered,1,
11434,cmd,0,4,523.008,523.029,delivered,1,
11435,cmd,0,5,523.072,,expired,0,
11436,hb,1,0,523.136,523.178,delivered,2,
11437,hb,2,0,523.2,,expired,0,
11438,cmd,0,1,523.2,523.242,delivered,2,
11439,cmd,0,2,523.264,,expired,0,
11440,hb,3,0,523.328,523.349,delivered,1,
11441,cmd,0,3,523.392,523.413,delivered,1,
11442,hb,4,0,523.456,523.478,delivered,1,
11443,cmd,0,4,523.456,523.498,delivered,1,
11444,thumb,4,0,523.52,523.557,delivered,1,
11445,cmd,0,5,523.584,,expired,0,
11446,hb,1,0,523.648,523.69,delivered,2,
11447,hb,2,0,523.712,,expired,0,
11448,cmd,0,1,523.712,523.754,delivered,2,
11449,cmd,0,2,523.776,,expired,0,
11450,hb,3,0,523.84,523.861,delivered,1,
11451,hb,4,0,523.904,523.926,delivered,1,
11452,cmd,0,3,523.904,523.925,delivered,1,
11453,cmd,0,4,523.968,523.989,delivered,1,
11454,cmd,0,5,524.096,,expired,0,
11455,hb,1,0,524.16,524.202,delivered,2,
11456,cmd,0,1,524.16,524.203,delivered,2,
11457,hb,2,0,524.224,526.212,delivered,3,
11458,data,2,0,524.288,557.435,delivered,3,2|P6|4
11459,cmd,0,2,524.288,526.296,delivered,3,
11460,hb,3,0,524.352,524.374,delivered,1,
11461,cmd,0,3,524.352,524.373,delivered,1,
11462,thumb,1,0,524.416,524.489,delivered,2,
11463,hb,4,0,524.416,524.453,delivered,1,
11464,cmd,0,4,524.48,524.501,delivered,1,
11465,hb,1,0,524.608,524.65,delivered,2,
11466,cmd,0,5,524.608,,expired,0,
11467,cmd,0,1,524.672,524.714,delivered,2,
11468,hb,2,0,524.736,526.23,delivered,3,
11469,thumb,2,0,524.8,,expired,1,
11470,hb,3,0,524.8,524.821,delivered,1,
11471,cmd,0,2,524.8,526.497,delivered,3,
11472,cmd,0,3,524.864,524.885,delivered,1,
11473,hb,4,0,524.928,524.949,delivered,1,
11474,cmd,0,4,524.992,525.034,delivered,1,
11475,cmd,0,5,525.056,,expired,0,
11476,hb,1,0,525.12,525.162,delivered,2,
11477,cmd,0,1,525.184,525.226,delivered,2,
11478,hb,2,0,525.248,526.315,delivered,3,
11479,hb,3,0,525.312,525.333,delivered,1,
11480,cmd,0,2,525.312,526.564,delivered,3,
11481,cmd,0,3,525.376,525.397,delivered,1,
11482,hb,4,0,525.44,525.461,delivered,1,
11483,thumb,4,0,525.504,525.542,delivered,1,
11484,cmd,0,4,525.504,525.525,delivered,1,
11485,cmd,0,5,525.568,,expired,0,
11486,hb,1,0,525.632,525.674,delivered,2,
11487,cmd,0,1,525.696,525.738,delivered,2,
11488,hb,2,0,525.76,526.384,delivered,3,
11489,cmd,0,2,525.76,526.784,delivered,3,
11490,hb,3,0,525.824,525.845,delivered,1,
11491,cmd,0,3,525.888,525.909,delivered,1,
11492,hb,4,0,525.952,525.974,delivered,1,
11493,cmd,0,4,525.952,525.973,delivered,1,
11494,cmd,0,5,526.08,,expired,0,
11495,hb,1,0,526.144,526.188,delivered,2,
11496,hb,2,0,526.208,526.807,delivered,3,
11497,cmd,0,1,526.208,526.25,delivered,2,
11498,data,2,0,526.272,563.487,delivered,3,2|P6|0
11499,data,2,0,526.272,563.576,delivered,3,2|P6|2
11500,data,2,0,526.272,567.485,delivered,3,2|P6|3
11501,cmd,0,2,526.272,,expired,2,
11502,hb,3,0,526.336,526.357,delivered,1,
11503,thumb,1,0,526.4,527.457,delivered,2,
11504,hb,4,0,526.4,526.431,delivered,1,
11505,cmd,0,3,526.4,526.421,delivered,1,
11506,cmd,0,4,526.464,526.485,delivered,1,
11507,cmd,0,5,526.592,,expired,0,
11508,hb,1,0,526.656,526.891,delivered,2,
11509,cmd,0,1,526.656,526.699,delivered,2,
11510,hb,2,0,526.72,526.909,delivered,3,
11511,thumb,2,0,526.784,,expired,0,
11512,cmd,0,2,526.784,,expired,2,
11513,hb,3,0,526.848,526.869,delivered,1,
11514,hb,4,0,526.912,527.174,delivered,1,
11515,cmd,0,3,526.912,526.933,delivered,1,
11516,cmd,0,4,526.976,527.018,delivered,1,
11517,hb,1,0,527.104,527.46,delivered,2,
11518,cmd,0,5,527.104,,expired,0,
11519,cmd,0,1,527.168,527.441,delivered,2,
11520,hb,2,0,527.232,,expired,0,
11521,cmd,0,2,527.296,,expired,0,
11522,hb,3,0,527.36,527.382,delivered,1,
11523,cmd,0,3,527.36,527.381,delivered,1,
11524,hb,4,0,527.424,527.461,delivered,1,
11525,thumb,4,0,527.488,527.581,delivered,1,
11526,cmd,0,4,527.488,527.528,delivered,1,
11527,cmd,0,5,527.552,,expired,0,
11528,ack,0,2,527.527,,expired,0,
11529,hb,1,0,527.616,527.716,delivered,2,
11530,cmd,0,1,527.68,527.737,delivered,2,
11531,ack,0,2,527.647,,expired,0,
11532,hb,2,0,527.744,,expired,0,
11533,ack,0,2,527.714,532.735,delivered,3,
11534,hb,3,0,527.808,527.87,delivered,1,
11535,cmd,0,2,527.808,,expired,0,
11536,ack,0,2,527.803,,expired,1,
11537,cmd,0,3,527.872,527.956,delivered,1,
11538,hb,4,0,527.936,528.024,delivered,1,
11539,cmd,0,4,528.0,528.023,delivered,1,
11540,ack,0,2,527.955,,expired,1,
11541,cmd,0,5,528.064,,expired,0,
11542,ack,0,2,528.022,,expired,1,
11543,hb,1,0,528.128,528.17,delivered,2,
11544,ack,0,2,528.09,,expired,0,
11545,cmd,0,1,528.192,528.234,delivered,2,
11546,hb,2,0,528.256,,expired,0,
11547,cmd,0,2,528.256,,expired,0,
11548,data,2,0,528.32,567.816,delivered,3,2|P6|4
11549,hb,3,0,528.32,528.341,delivered,1,
11550,thumb,1,0,528.384,528.457,delivered,2,
11551,cmd,0,3,528.384,528.405,delivered,1,
11552,hb,4,0,528.448,528.469,delivered,1,
11553,cmd,0,4,528.512,528.533,delivered,1,
11554,cmd,0,5,528.576,,expired,0,
11555,hb,1,0,528.64,528.682,delivered,2,
11556,hb,2,0,528.704,,expired,0,
11557,cmd,0,1,528.704,528.746,delivered,2,
11558,thumb,2,0,528.768,,expired,0,
11559,cmd,0,2,528.768,,expired,0,
11560,hb,3,0,528.832,528.853,delivered,1,
11561,cmd,0,3,528.896,528.917,delivered,1,
11562,hb,4,0,528.96,528.982,delivered,1,
11563,cmd,0,4,528.96,528.981,delivered,1,
11564,cmd,0,5,529.088,,expired,0,
11565,hb,1,0,529.152,529.194,delivered,2,
11566,cmd,0,1,529.152,529.195,delivered,2,
11567,hb,2,0,529.216,,expired,0,
11568,cmd,0,2,529.28,,expired,0,
11569,hb,3,0,529.344,529.365,delivered,1,
11570,hb,4,0,529.408,529.43,delivered,1,
11571,cmd,0,3,529.408,529.429,delivered,1,
11572,cmd,0,4,529.472,529.493,delivered,1,
11573,thumb,4,0,529.536,529.573,delivered,1,
11574,hb,1,0,529.6,529.642,delivered,2,
11575,cmd,0,5,529.6,,expired,0,
11576,cmd,0,1,529.664,529.706,delivered,2,
11577,hb,2,0,529.728,,expired,0,
11578,cmd,0,2,529.792,,expired,0,
11579,hb,3,0,529.856,529.878,delivered,1,
11580,cmd,0,3,529.856,529.877,delivered,1,
11581,hb,4,0,529.92,529.962,delivered,1,
11582,cmd,0,4,529.984,530.005,delivered,1,
11583,hb,1,0,530.112,530.154,delivered,2,
11584,cmd,0,5,530.112,,expired,0,
11585,cmd,0,1,530.176,530.218,delivered,2,
11586,hb,2,0,530.24,,expired,0,
11587,data,2,0,530.304,567.953,delivered,3,2|P6|0
11588,data,2,0,530.304,568.021,delivered,3,2|P6|2
11589,data,2,0,530.304,568.196,delivered,3,2|P6|3
11590,hb,3,0,530.304,530.325,delivered,1,
11591,cmd,0,2,530.304,,expired,0,
11592,cmd,0,3,530.368,530.389,delivered,1,
11593,thumb,1,0,530.432,530.542,delivered,2,
11594,hb,4,0,530.432,530.469,delivered,1,
11595,cmd,0,4,530.496,530.517,delivered,1,
11596,cmd,0,5,530.56,,expired,0,
11597,hb,1,0,530.624,530.687,delivered,2,
11598,cmd,0,1,530.688,530.73,delivered,2,
11599,hb,2,0,530.752,532.779,delivered,3,
11600,thumb,2,0,530.752,,expired,0,
11601,cmd,0,2,530.752,,expired,0,
11602,hb,3,0,530.816,530.837,delivered,1,
11603,cmd,0,3,530.88,530.901,delivered,1,
11604,hb,4,0,530.944,530.965,delivered,1,
11605,cmd,0,4,531.008,531.029,delivered,1,
11606,cmd,0,5,531.072,,expired,0,
11607,hb,1,0,531.136,531.178,delivered,2,
11608,hb,2,0,531.2,532.799,delivered,3,
11609,cmd,0,1,531.2,531.242,delivered,2,
11610,cmd,0,2,531.264,,expired,0,
11611,hb,3,0,531.328,531.349,delivered,1,
11612,cmd,0,3,531.392,531.413,delivered,1,
11613,hb,4,0,531.456,531.478,delivered,1,
11614,cmd,0,4,531.456,531.477,delivered,1,
11615,thumb,4,0,531.52,531.557,delivered,1,
11616,cmd,0,5,531.584,,expired,0,
11617,hb,1,0,531.648,531.711,delivered,2,
11618,hb,2,0,531.712,532.819,delivered,3,
11619,cmd,0,1,531.712,531.754,delivered,2,
11620,cmd,0,2,531.776,,expired,0,
11621,hb,3,0,531.84,531.861,delivered,1,
11622,hb,4,0,531.904,531.926,delivered,1,
11623,cmd,0,3,531.904,531.925,delivered,1,
11624,cmd,0,4,531.968,531.989,delivered,1,
11625,cmd,0,5,532.096,,expired,0,
11626,hb,1,0,532.16,532.202,delivered,2,
11627,cmd,0,1,532.16,532.203,delivered,2,
11628,hb,2,0,532.224,,expired,0,
11629,cmd,0,2,532.288,,expired,0,
11630,data,2,0,532.352,568.264,delivered,3,2|P6|4
11631,hb,3,0,532.352,532.374,delivered,1,
11632,cmd,0,3,532.352,532.373,delivered,1,
11633,thumb,1,0,532.416,532.526,delivered,2,
11634,hb,4,0,532.416,532.453,delivered,1,
11635,cmd,0,4,532.48,532.501,delivered,1,
11636,hb,1,0,532.608,532.65,delivered,2,
11637,cmd,0,5,532.608,,expired,0,
11638,cmd,0,1,532.672,532.801,delivered,2,
11639,hb,2,0,532.736,,expired,0,
11640,data,2,0,532.8,568.331,delivered,3,2|P6|5
11641,thumb,2,0,532.8,,expired,0,
11642,hb,3,0,532.8,532.821,delivered,1,
11643,cmd,0,2,532.8,,expired,0,
11644,cmd,0,3,532.864,532.885,delivered,1,
11645,hb,4,0,532.928,532.949,delivered,1,
11646,cmd,0,4,532.992,533.013,delivered,1,
11647,cmd,0,5,533.056,,expired,0,
11648,hb,1,0,533.12,533.162,delivered,2,
11649,cmd,0,1,533.184,533.226,delivered,2,
11650,hb,2,0,533.248,,expired,0,
11651,hb,3,0,533.312,533.333,delivered,1,
11652,cmd,0,2,533.312,,expired,0,
11653,cmd,0,3,533.376,533.397,delivered,1,
11654,hb,4,0,533.44,533.461,delivered,1,
11655,thumb,4,0,533.504,533.542,delivered,1,
11656,cmd,0,4,533.504,533.525,delivered,1,
11657,cmd,0,5,533.568,,expired,0,
11658,hb,1,0,533.632,533.674,delivered,2,
11659,cmd,0,1,533.696,533.738,delivered,2,
11660,hb,2,0,533.76,,expired,0,
11661,cmd,0,2,533.76,,expired,0,
11662,hb,3,0,533.824,533.845,delivered,1,
11663,cmd,0,3,533.888,533.909,delivered,1,
11664,hb,4,0,533.952,533.974,delivered,1,
11665,cmd,0,4,533.952,533.973,delivered,1,
11666,cmd,0,5,534.08,,expired,0,
11667,hb,1,0,534.144,534.186,delivered,2,
11668,hb,2,0,534.208,,expired,0,
11669,cmd,0,1,534.208,534.25,delivered,2,
11670,cmd,0,2,534.272,,expired,0,
11671,data,2,0,534.336,568.469,delivered,3,2|P6|0
11672,data,2,0,534.336,568.747,delivered,3,2|P6|2
11673,hb,3,0,534.336,534.357,delivered,1,
11674,thumb,1,0,534.4,534.473,delivered,2,
11675,hb,4,0,534.4,534.437,delivered,1,
11676,cmd,0,3,534.4,534.421,delivered,1,
11677,cmd,0,4,534.464,534.485,delivered,1,
11678,cmd,0,5,534.592,,expired,0,
11679,hb,1,0,534.656,534.698,delivered,2,
11680,cmd,0,1,534.656,534.699,delivered,2,
11681,hb,2,0,534.72,,expired,0,
11682,thumb,2,0,534.784,,expired,0,
11683,cmd,0,2,534.784,,expired,0,
11684,hb,3,0,534.848,534.869,delivered,1,
11685,hb,4,0,534.912,534.934,delivered,1,
11686,cmd,0,3,534.912,534.933,delivered,1,
11687,cmd,0,4,534.976,534.997,delivered,1,
11688,hb,1,0,535.104,535.146,delivered,2,
11689,cmd,0,5,535.104,,expired,0,
11690,cmd,0,1,535.168,535.21,delivered,2,
11691,hb,2,0,535.232,,expired,0,
11692,cmd,0,2,535.296,,expired,0,
11693,hb,3,0,535.36,535.382,delivered,1,
11694,cmd,0,3,535.36,535.381,delivered,1,
11695,hb,4,0,535.424,535.445,delivered,1,
11696,thumb,4,0,535.488,535.562,delivered,1,
11697,cmd,0,4,535.488,535.509,delivered,1,
11698,cmd,0,5,535.552,,expired,0,
11699,hb,1,0,535.616,535.658,delivered,2,
11700,cmd,0,1,535.68,535.722,delivered,2,
11701,hb,2,0,535.744,,expired,0,
11702,hb,3,0,535.808,535.829,delivered,1,
11703,cmd,0,2,535.808,,expired,0,
11704,cmd,0,3,535.872,535.893,delivered,1,
11705,hb,4,0,535.936,535.957,delivered,1,
11706,cmd,0,4,536.0,536.042,delivered,1,
11707,cmd,0,5,536.064,,expired,0,
11708,hb,1,0,536.128,536.17,delivered,2,
11709,cmd,0,1,536.192,536.234,delivered,2,
11710,hb,2,0,536.256,,expired,0,
11711,cmd,0,2,536.256,,expired,0,
11712,hb,3,0,536.32,536.341,delivered,1,
11713,thumb,1,0,536.384,536.457,delivered,2,
11714,data,2,0,536.384,570.325,delivered,3,2|P6|4
11715,cmd,0,3,536.384,536.405,delivered,1,
11716,hb,4,0,536.448,536.49,delivered,1,
11717,cmd,0,4,536.512,536.533,delivered,1,
11718,cmd,0,5,536.576,,expired,0,
11719,hb,1,0,536.64,536.682,delivered,2,
11720,hb,2,0,536.704,538.755,delivered,3,
11721,cmd,0,1,536.704,536.746,delivered,2,
11722,thumb,2,0,536.768,,expired,1,
11723,cmd,0,2,536.768,538.754,delivered,3,
11724,data,2,0,536.832,570.414,delivered,3,2|P6|5
11725,hb,3,0,536.832,536.853,delivered,1,
11726,cmd,0,3,536.896,536.917,delivered,1,
11727,hb,4,0,536.96,536.982,delivered,1,
11728,cmd,0,4,536.96,536.981,delivered,1,
11729,cmd,0,5,537.088,,expired,0,
11730,hb,1,0,537.152,537.194,delivered,2,
11731,cmd,0,1,537.152,537.195,delivered,2,
11732,hb,2,0,537.216,538.773,delivered,3,
11733,cmd,0,2,537.28,538.84,delivered,3,
11734,hb,3,0,537.344,537.365,delivered,1,
11735,hb,4,0,537.408,537.43,delivered,1,
11736,cmd,0,3,537.408,537.429,delivered,1,
11737,cmd,0,4,537.472,537.493,delivered,1,
11738,thumb,4,0,537.536,537.573,delivered,1,
11739,hb,1,0,537.6,537.642,delivered,2,
11740,cmd,0,5,537.6,,expired,0,
11741,cmd,0,1,537.664,537.706,delivered,2,
11742,hb,2,0,537.728,538.859,delivered,3,
11743,cmd,0,2,537.792,,expired,2,
11744,hb,3,0,537.856,537.878,delivered,1,
11745,cmd,0,3,537.856,537.877,delivered,1,
11746,hb,4,0,537.92,537.941,delivered,1,
11747,cmd,0,4,537.984,538.005,delivered,1,
11748,hb,1,0,538.112,538.196,delivered,2,
11749,cmd,0,5,538.112,,expired,0,
11750,cmd,0,1,538.176,538.218,delivered,2,
11751,hb,2,0,538.24,538.916,delivered,3,
11752,hb,3,0,538.304,538.325,delivered,1,
11753,cmd,0,2,538.304,,expired,2,
11754,data,2,0,538.368,570.57,delivered,3,2|P6|0
11755,data,2,0,538.368,572.75,delivered,4,2|P6|2
11756,cmd,0,3,538.368,538.389,delivered,1,
11757,thumb,1,0,538.432,538.507,delivered,2,
11758,hb,4,0,538.432,538.49,delivered,1,
11759,cmd,0,4,538.496,538.538,delivered,1,
11760,cmd,0,5,538.56,,expired,0,
11761,hb,1,0,538.624,538.666,delivered,2,
11762,cmd,0,1,538.688,538.777,delivered,2,
11763,hb,2,0,538.752,538.951,delivered,3,
11764,thumb,2,0,538.752,539.035,delivered,3,
11765,cmd,0,2,538.752,,expired,2,
11766,hb,3,0,538.816,538.837,delivered,1,
11767,cmd,0,3,538.88,538.901,delivered,1,
11768,hb,4,0,538.944,539.018,delivered,1,
11769,cmd,0,4,539.008,539.036,delivered,1,
11770,cmd,0,5,539.072,,expired,0,
11771,hb,1,0,539.136,539.211,delivered,2,
11772,hb,2,0,539.2,,expired,0,
11773,cmd,0,1,539.2,539.242,delivered,2,
11774,ack,0,2,539.189,,expired,0,
11775,cmd,0,2,539.264,,expired,0,
11776,hb,3,0,539.328,539.349,delivered,1,
11777,cmd,0,3,539.392,539.413,delivered,1,
11778,hb,4,0,539.456,539.478,delivered,1,
11779,cmd,0,4,539.456,539.477,delivered,1,
11780,thumb,4,0,539.52,539.557,delivered,1,
11781,cmd,0,5,539.584,,expired,0,
11782,hb,1,0,539.648,539.69,delivered,2,
11783,hb,2,0,539.712,,expired,0,
11784,cmd,0,1,539.712,539.754,delivered,2,
11785,cmd,0,2,539.776,,expired,0,
11786,hb,3,0,539.84,539.861,delivered,1,
11787,hb,4,0,539.904,539.926,delivered,1,
11788,cmd,0,3,539.904,539.925,delivered,1,
11789,cmd,0,4,539.968,539.989,delivered,1,
11790,cmd,0,5,540.096,,expired,0,
11791,hb,1,0,540.16,540.202,delivered,2,
11792,cmd,0,1,540.16,540.203,delivered,2,
11793,hb,2,0,540.224,,expired,0,
11794,cmd,0,2,540.288,,expired,0,
11795,hb,3,0,540.352,540.374,delivered,1,
11796,cmd,0,3,540.352,540.373,delivered,1,
11797,thumb,1,0,540.416,540.512,delivered,2,
11798,data,2,0,540.416,572.628,delivered,4,2|P6|4
11799,hb,4,0,540.416,540.495,delivered,1,
11800,cmd,0,4,540.48,540.513,delivered,1,
11801,hb,1,0,540.608,540.65,delivered,2,
11802,cmd,0,5,540.608,,expired,0,
11803,cmd,0,1,540.672,540.714,delivered,2,
11804,hb,2,0,540.736,,expired,0,
11805,thumb,2,0,540.8,,expired,0,
11806,hb,3,0,540.8,540.821,delivered,1,
11807,cmd,0,2,540.8,,expired,0,
11808,data,2,0,540.864,570.637,delivered,3,2|P6|5
11809,cmd,0,3,540.864,540.885,delivered,1,
11810,hb,4,0,540.928,540.949,delivered,1,
11811,cmd,0,4,540.992,541.013,delivered,1,
11812,cmd,0,5,541.056,,expired,0,
11813,hb,1,0,541.12,541.183,delivered,2,
11814,cmd,0,1,541.184,541.226,delivered,2,
11815,hb,2,0,541.248,,expired,0,
11816,hb,3,0,541.312,541.333,delivered,1,
11817,cmd,0,2,541.312,,expired,0,
11818,cmd,0,3,541.376,541.397,delivered,1,
11819,hb,4,0,541.44,541.461,delivered,1,
11820,thumb,4,0,541.504,541.542,delivered,1,
11821,cmd,0,4,541.504,541.525,delivered,1,
11822,cmd,0,5,541.568,,expired,0,
11823,hb,1,0,541.632,541.695,delivered,2,
11824,cmd,0,1,541.696,541.738,delivered,2,
11825,hb,2,0,541.76,,expired,0,
11826,cmd,0,2,541.76,,expired,0,
11827,hb,3,0,541.824,541.845,delivered,1,
11828,cmd,0,3,541.888,541.909,delivered,1,
11829,hb,4,0,541.952,541.974,delivered,1,
11830,cmd,0,4,541.952,541.973,delivered,1,
11831,cmd,0,5,542.08,,expired,0,
11832,hb,1,0,542.144,542.186,delivered,2,
11833,hb,2,0,542.208,,expired,0,
11834,cmd,0,1,542.208,542.25,delivered,2,
11835,cmd,0,2,542.272,,expired,0,
11836,hb,3,0,542.336,542.357,delivered,1,
11837,thumb,1,0,542.4,542.473,delivered,2,
11838,data,2,0,542.4,572.819,delivered,4,2|P6|0
11839,data,2,0,542.4,579.841,delivered,4,2|P6|2
11840,hb,4,0,542.4,542.437,delivered,1,
11841,cmd,0,3,542.4,542.421,delivered,1,
11842,cmd,0,4,542.464,542.485,delivered,1,
11843,cmd,0,5,542.592,,expired,0,
11844,hb,1,0,542.656,542.742,delivered,2,
11845,cmd,0,1,542.656,542.72,delivered,2,
11846,hb,2,0,542.72,,expired,0,
11847,thumb,2,0,542.784,,expired,0,
11848,cmd,0,2,542.784,,expired,0,
11849,hb,3,0,542.848,542.869,delivered,1,
11850,hb,4,0,542.912,542.934,delivered,1,
11851,cmd,0,3,542.912,542.933,delivered,1,
11852,cmd,0,4,542.976,542.997,delivered,1,
11853,hb,1,0,543.104,543.146,delivered,2,
11854,cmd,0,5,543.104,,expired,0,
11855,cmd,0,1,543.168,543.21,delivered,2,
11856,hb,2,0,543.232,544.937,delivered,3,
11857,cmd,0,2,543.296,544.918,delivered,3,
11858,hb,3,0,543.36,543.382,delivered,1,
11859,cmd,0,3,543.36,543.381,delivered,1,
11860,hb,4,0,543.424,543.445,delivered,1,
11861,thumb,4,0,543.488,543.526,delivered,1,
11862,cmd,0,4,543.488,543.509,delivered,1,
11863,cmd,0,5,543.552,,expired,0,
11864,hb,1,0,543.616,543.658,delivered,2,
11865,cmd,0,1,543.68,543.722,delivered,2,
11866,hb,2,0,543.744,544.939,delivered,3,
11867,hb,3,0,543.808,543.829,delivered,1,
11868,cmd,0,2,543.808,544.98,delivered,3,
11869,cmd,0,3,543.872,543.893,delivered,1,
11870,hb,4,0,543.936,543.957,delivered,1,
11871,cmd,0,4,544.0,544.021,delivered,1,
11872,cmd,0,5,544.064,,expired,0,
11873,hb,1,0,544.128,544.17,delivered,2,
11874,cmd,0,1,544.192,544.255,delivered,2,
11875,hb,2,0,544.256,545.089,delivered,3,
11876,cmd,0,2,544.256,,expired,2,
11877,hb,3,0,544.32,544.341,delivered,1,
11878,thumb,1,0,544.384,544.457,delivered,2,
11879,cmd,0,3,544.384,544.405,delivered,1,
11880,data,2,0,544.448,579.908,delivered,4,2|P6|4
11881,hb,4,0,544.448,544.469,delivered,1,
11882,cmd,0,4,544.512,544.533,delivered,1,
11883,cmd,0,5,544.576,,expired,0,
11884,hb,1,0,544.64,544.682,delivered,2,
11885,hb,2,0,544.704,545.106,delivered,3,
11886,cmd,0,1,544.704,544.746,delivered,2,
11887,thumb,2,0,544.768,545.188,delivered,3,
11888,cmd,0,2,544.768,,expired,2,
11889,hb,3,0,544.832,544.854,delivered,1,
11890,data,2,0,544.896,582.326,delivered,4,2|P6|5
11891,cmd,0,3,544.896,544.917,delivered,1,
11892,hb,4,0,544.96,544.983,delivered,1,
11893,cmd,0,4,544.96,544.982,delivered,1,
11894,cmd,0,5,545.088,,expired,0,
11895,hb,1,0,545.152,545.259,delivered,2,
11896,cmd,0,1,545.152,545.26,delivered,2,
11897,hb,2,0,545.216,,expired,0,
11898,cmd,0,2,545.28,,expired,0,
11899,ack,0,2,545.258,,expired,0,
11900,hb,3,0,545.344,545.365,delivered,1,
11901,hb,4,0,545.408,545.43,delivered,1,
11902,cmd,0,3,545.408,545.429,delivered,1,
11903,cmd,0,4,545.472,545.493,delivered,1,
11904,thumb,4,0,545.536,545.573,delivered,1,
11905,hb,1,0,545.6,545.642,delivered,2,
11906,cmd,0,5,545.6,,expired,0,
11907,cmd,0,1,545.664,545.706,delivered,2,
11908,hb,2,0,545.728,,expired,0,
11909,cmd,0,2,545.792,,expired,0,
11910,hb,3,0,545.856,545.878,delivered,1,
11911,cmd,0,3,545.856,545.877,delivered,1,
11912,hb,4,0,545.92,545.941,delivered,1,
11913,cmd,0,4,545.984,546.005,delivered,1,
11914,hb,1,0,546.112,546.154,delivered,2,
11915,cmd,0,5,546.112,,expired,0,
11916,cmd,0,1,546.176,546.218,delivered,2,
11917,hb,2,0,546.24,,expired,0,
11918,hb,3,0,546.304,546.325,delivered,1,
11919,cmd,0,2,546.304,,expired,0,
11920,cmd,0,3,546.368,546.389,delivered,1,
11921,thumb,1,0,546.432,546.505,delivered,2,
11922,data,2,0,546.432,582.525,delivered,4,2|P6|0
11923,data,2,0,546.432,582.859,delivered,4,2|P6|2
11924,hb,4,0,546.432,546.469,delivered,1,
11925,cmd,0,4,546.496,546.517,delivered,1,
11926,cmd,0,5,546.56,,expired,0,
11927,hb,1,0,546.624,546.666,delivered,2,
11928,cmd,0,1,546.688,546.73,delivered,2,
11929,hb,2,0,546.752,,expired,0,
11930,thumb,2,0,546.752,,expired,0,
11931,cmd,0,2,546.752,,expired,0,
11932,hb,3,0,546.816,546.837,delivered,1,
11933,cmd,0,3,546.88,546.901,delivered,1,
11934,hb,4,0,546.944,546.965,delivered,1,
11935,cmd,0,4,547.008,547.029,delivered,1,
11936,cmd,0,5,547.072,,expired,0,
11937,hb,1,0,547.136,547.178,delivered,2,
11938,hb,2,0,547.2,,expired,0,
11939,cmd,0,1,547.2,547.242,delivered,2,
11940,cmd,0,2,547.264,,expired,0,
11941,hb,3,0,547.328,547.349,delivered,1,
11942,cmd,0,3,547.392,547.413,delivered,1,
11943,hb,4,0,547.456,547.499,delivered,1,
11944,cmd,0,4,547.456,547.477,delivered,1,
11945,thumb,4,0,547.52,547.557,delivered,1,
11946,cmd,0,5,547.584,,expired,0,
11947,hb,1,0,547.648,547.69,delivered,2,
11948,hb,2,0,547.712,,expired,0,
11949,cmd,0,1,547.712,547.754,delivered,2,
11950,cmd,0,2,547.776,,expired,0,
11951,hb,3,0,547.84,547.861,delivered,1,
11952,hb,4,0,547.904,547.926,delivered,1,
11953,cmd,0,3,547.904,547.925,delivered,1,
11954,cmd,0,4,547.968,547.989,delivered,1,
11955,cmd,0,5,548.096,,expired,0,
11956,hb,1,0,548.16,548.202,delivered,2,
11957,cmd,0,1,548.16,548.203,delivered,2,
11958,hb,2,0,548.224,,expired,0,
11959,cmd,0,2,548.288,,expired,0,
11960,hb,3,0,548.352,548.374,delivered,1,
11961,cmd,0,3,548.352,548.373,delivered,1,
11962,thumb,1,0,548.416,548.489,delivered,2,
11963,hb,4,0,548.416,548.453,delivered,1,
11964,data,2,0,548.48,583.084,delivered,4,2|P6|4
11965,cmd,0,4,548.48,548.522,delivered,1,
11966,hb,1,0,548.608,548.671,delivered,2,
11967,cmd,0,5,548.608,,expired,0,
11968,cmd,0,1,548.672,548.735,delivered,2,
11969,hb,2,0,548.736,,expired,0,
11970,thumb,2,0,548.8,,expired,0,
11971,hb,3,0,548.8,548.821,delivered,1,
11972,cmd,0,2,548.8,,expired,0,
11973,cmd,0,3,548.864,548.885,delivered,1,
11974,data,2,0,548.928,583.15,delivered,4,2|P6|5
11975,hb,4,0,548.928,548.949,delivered,1,
11976,cmd,0,4,548.992,549.013,delivered,1,
11977,cmd,0,5,549.056,,expired,0,
11978,hb,1,0,549.12,549.162,delivered,2,
11979,cmd,0,1,549.184,549.226,delivered,2,
11980,hb,2,0,549.248,551.06,delivered,3,
11981,hb,3,0,549.312,549.333,delivered,1,
11982,cmd,0,2,549.312,551.062,delivered,3,
11983,cmd,0,3,549.376,549.397,delivered,1,
11984,hb,4,0,549.44,549.461,delivered,1,
11985,thumb,4,0,549.504,549.542,delivered,1,
11986,cmd,0,4,549.504,549.525,delivered,1,
11987,cmd,0,5,549.568,,expired,0,
11988,hb,1,0,549.632,549.674,delivered,2,
11989,cmd,0,1,549.696,549.759,delivered,2,
11990,hb,2,0,549.76,551.063,delivered,3,
11991,cmd,0,2,549.76,551.083,delivered,3,
11992,hb,3,0,549.824,549.845,delivered,1,
11993,cmd,0,3,549.888,549.909,delivered,1,
11994,hb,4,0,549.952,549.974,delivered,1,
11995,cmd,0,4,549.952,549.973,delivered,1,
11996,cmd,0,5,550.08,,expired,0,
11997,hb,1,0,550.144,550.207,delivered,2,
11998,hb,2,0,550.208,551.17,delivered,3,
11999,cmd,0,1,550.208,550.25,delivered,2,
12000,cmd,0,2,550.272,551.085,delivered,3,
12001,hb,3,0,550.336,550.357,delivered,1,
12002,thumb,1,0,550.4,550.473,delivered,2,
12003,hb,4,0,550.4,550.437,delivered,1,
12004,cmd,0,3,550.4,550.421,delivered,1,
12005,data,2,0,550.464,583.217,delivered,4,2|P6|0
12006,data,2,0,550.464,583.714,delivered,4,2|P6|2
12007,cmd,0,4,550.464,550.485,delivered,1,
12008,cmd,0,5,550.592,,expired,0,
12009,hb,1,0,550.656,550.698,delivered,2,
12010,cmd,0,1,550.656,550.699,delivered,2,
12011,hb,2,0,550.72,551.388,delivered,3,
12012,thumb,2,0,550.784,551.404,delivered,3,
12013,cmd,0,2,550.784,,expired,2,
12014,hb,3,0,550.848,550.869,delivered,1,
12015,hb,4,0,550.912,550.934,delivered,1,
12016,cmd,0,3,550.912,550.933,delivered,1,
12017,cmd,0,4,550.976,551.043,delivered,1,
12018,hb,1,0,551.104,551.237,delivered,2,
12019,cmd,0,5,551.104,,expired,0,
12020,cmd,0,1,551.168,551.387,delivered,2,
12021,hb,2,0,551.232,,expired,0,
12022,cmd,0,2,551.296,,expired,0,
12023,hb,3,0,551.36,551.382,delivered,1,
12024,cmd,0,3,551.36,551.381,delivered,1,
12025,hb,4,0,551.424,551.471,delivered,1,
12026,thumb,4,0,551.488,551.555,delivered,1,
12027,cmd,0,4,551.488,551.538,delivered,1,
12028,ack,0,2,551.47,,expired,0,
12029,cmd,0,5,551.552,,expired,0,
12030,ack,0,2,551.537,,expired,0,
12031,hb,1,0,551.616,551.658,delivered,2,
12032,cmd,0,1,551.68,551.743,delivered,2,
12033,hb,2,0,551.744,,expired,0,
12034,hb,3,0,551.808,551.829,delivered,1,
12035,cmd,0,2,551.808,,expired,0,
12036,cmd,0,3,551.872,551.893,delivered,1,
12037,hb,4,0,551.936,551.957,delivered,1,
12038,cmd,0,4,552.0,552.021,delivered,1,
12039,cmd,0,5,552.064,,expired,0,
12040,hb,1,0,552.128,552.17,delivered,2,
12041,cmd,0,1,552.192,552.234,delivered,2,
12042,hb,2,0,552.256,,expired,0,
12043,cmd,0,2,552.256,,expired,0,
12044,hb,3,0,552.32,552.341,delivered,1,
12045,thumb,1,0,552.384,552.457,delivered,2,
12046,cmd,0,3,552.384,552.405,delivered,1,
12047,hb,4,0,552.448,552.469,delivered,1,
12048,data,2,0,552.512,583.781,delivered,4,2|P6|4
12049,cmd,0,4,552.512,552.533,delivered,1,
12050,cmd,0,5,552.576,,expired,0,
12051,hb,1,0,552.64,552.682,delivered,2,
12052,hb,2,0,552.704,,expired,0,
12053,cmd,0,1,552.704,552.746,delivered,2,
12054,thumb,2,0,552.768,,expired,0,
12055,cmd,0,2,552.768,,expired,0,
12056,hb,3,0,552.832,552.853,delivered,1,
12057,cmd,0,3,552.896,552.917,delivered,1,
12058,data,2,0,552.96,584.34,delivered,4,2|P6|5
12059,hb,4,0,552.96,552.982,delivered,1,
12060,cmd,0,4,552.96,552.981,delivered,1,
12061,cmd,0,5,553.088,,expired,0,
12062,hb,1,0,553.152,553.195,delivered,2,
12063,cmd,0,1,553.152,553.215,delivered,2,
12064,hb,2,0,553.216,,expired,0,
12065,cmd,0,2,553.28,,expired,0,
12066,hb,3,0,553.344,553.365,delivered,1,
12067,hb,4,0,553.408,553.43,delivered,1,
12068,cmd,0,3,553.408,553.45,delivered,1,
12069,cmd,0,4,553.472,553.493,delivered,1,
12070,thumb,4,0,553.536,553.573,delivered,1,
12071,hb,1,0,553.6,553.642,delivered,2,
12072,cmd,0,5,553.6,,expired,0,
12073,cmd,0,1,553.664,553.706,delivered,2,
12074,hb,2,0,553.728,,expired,0,
12075,cmd,0,2,553.792,,expired,0,
12076,hb,3,0,553.856,553.878,delivered,1,
12077,cmd,0,3,553.856,553.877,delivered,1,
12078,hb,4,0,553.92,553.941,delivered,1,
12079,cmd,0,4,553.984,554.005,delivered,1,
12080,hb,1,0,554.112,554.175,delivered,2,
12081,cmd,0,5,554.112,,expired,0,
12082,cmd,0,1,554.176,554.218,delivered,2,
12083,hb,2,0,554.24,,expired,0,
12084,hb,3,0,554.304,554.325,delivered,1,
12085,cmd,0,2,554.304,,expired,0,
12086,cmd,0,3,554.368,554.389,delivered,1,
12087,thumb,1,0,554.432,554.505,delivered,2,
12088,hb,4,0,554.432,554.469,delivered,1,
12089,data,2,0,554.496,584.517,delivered,4,2|P6|0
12090,data,2,0,554.496,584.583,delivered,4,2|P6|2
12091,cmd,0,4,554.496,554.517,delivered,1,
12092,cmd,0,5,554.56,,expired,0,
12093,hb,1,0,554.624,554.666,delivered,2,
12094,cmd,0,1,554.688,554.73,delivered,2,
12095,hb,2,0,554.752,,expired,0,
12096,thumb,2,0,554.752,,expired,0,
12097,cmd,0,2,554.752,,expired,0,
12098,hb,3,0,554.816,554.837,delivered,1,
12099,cmd,0,3,554.88,554.901,delivered,1,
12100,hb,4,0,554.944,554.965,delivered,1,
12101,cmd,0,4,555.008,555.029,delivered,1,
12102,cmd,0,5,555.072,,expired,0,
12103,hb,1,0,555.136,555.178,delivered,2,
12104,hb,2,0,555.2,557.059,delivered,3,
12105,cmd,0,1,555.2,555.242,delivered,2,
12106,cmd,0,2,555.264,557.058,delivered,3,
12107,hb,3,0,555.328,555.349,delivered,1,
12108,cmd,0,3,555.392,555.413,delivered,1,
12109,hb,4,0,555.456,555.478,delivered,1,
12110,cmd,0,4,555.456,555.477,delivered,1,
12111,thumb,4,0,555.52,555.557,delivered,1,
12112,cmd,0,5,555.584,,expired,0,
12113,hb,1,0,555.648,555.69,delivered,2,
12114,hb,2,0,555.712,557.077,delivered,3,
12115,cmd,0,1,555.712,555.754,delivered,2,
12116,cmd,0,2,555.776,,expired,2,
12117,hb,3,0,555.84,555.861,delivered,1,
12118,hb,4,0,555.904,555.947,delivered,1,
12119,cmd,0,3,555.904,555.925,delivered,1,
12120,cmd,0,4,555.968,555.989,delivered,1,
12121,cmd,0,5,556.096,,expired,0,
12122,hb,1,0,556.16,556.202,delivered,2,
12123,cmd,0,1,556.16,556.203,delivered,2,
12124,hb,2,0,556.224,557.35,delivered,3,
12125,cmd,0,2,556.288,,expired,2,
12126,hb,3,0,556.352,556.374,delivered,1,
12127,cmd,0,3,556.352,556.373,delivered,1,
12128,thumb,1,0,556.416,556.489,delivered,2,
12129,hb,4,0,556.416,556.453,delivered,1,
12130,cmd,0,4,556.48,556.501,delivered,1,
12131,data,2,0,556.544,584.652,delivered,4,2|P6|4
12132,hb,1,0,556.608,556.671,delivered,2,
12133,cmd,0,5,556.608,,expired,0,
12134,cmd,0,1,556.672,556.714,delivered,2,
12135,hb,2,0,556.736,557.351,delivered,3,
12136,thumb,2,0,556.8,557.368,delivered,3,
12137,hb,3,0,556.8,556.821,delivered,1,
12138,cmd,0,2,556.8,,expired,2,
12139,cmd,0,3,556.864,556.885,delivered,1,
12140,hb,4,0,556.928,556.949,delivered,1,
12141,data,2,0,556.992,584.91,delivered,4,2|P6|5
12142,cmd,0,4,556.992,557.06,delivered,1,
12143,cmd,0,5,557.056,,expired,0,
12144,hb,1,0,557.12,557.163,delivered,2,
12145,cmd,0,1,557.184,557.23,delivered,2,
12146,hb,2,0,557.248,,expired,0,
12147,hb,3,0,557.312,557.333,delivered,1,
12148,cmd,0,2,557.312,,expired,0,
12149,cmd,0,3,557.376,557.436,delivered,1,
12150,hb,4,0,557.44,557.461,delivered,1,
12151,ack,0,2,557.435,,expired,0,
12152,thumb,4,0,557.504,557.542,delivered,1,
12153,cmd,0,4,557.504,557.525,delivered,1,
12154,cmd,0,5,557.568,,expired,0,
12155,hb,1,0,557.632,557.674,delivered,2,
12156,cmd,0,1,557.696,557.738,delivered,2,
12157,hb,2,0,557.76,,expired,0,
12158,cmd,0,2,557.76,,expired,0,
12159,hb,3,0,557.824,557.845,delivered,1,
12160,cmd,0,3,557.888,557.909,delivered,1,
12161,hb,4,0,557.952,557.974,delivered,1,
12162,cmd,0,4,557.952,557.973,delivered,1,
12163,cmd,0,5,558.08,,expired,0,
12164,hb,1,0,558.144,558.186,delivered,2,
12165,hb,2,0,558.208,,expired,0,
12166,cmd,0,1,558.208,558.25,delivered,2,
12167,cmd,0,2,558.272,,expired,0,
12168,hb,3,0,558.336,558.357,delivered,1,
12169,thumb,1,0,558.4,558.51,delivered,2,
12170,hb,4,0,558.4,558.437,delivered,1,
12171,cmd,0,3,558.4,558.421,delivered,1,
12172,cmd,0,4,558.464,558.485,delivered,1,
12173,data,2,0,558.528,584.978,delivered,4,2|P6|0
12174,data,2,0,558.528,585.045,delivered,4,2|P6|2
12175,cmd,0,5,558.592,,expired,0,
12176,hb,1,0,558.656,558.698,delivered,2,
12177,cmd,0,1,558.656,558.699,delivered,2,
12178,hb,2,0,558.72,,expired,0,
12179,thumb,2,0,558.784,,expired,0,
12180,cmd,0,2,558.784,,expired,0,
12181,hb,3,0,558.848,558.869,delivered,1,
12182,hb,4,0,558.912,558.934,delivered,1,
12183,cmd,0,3,558.912,558.933,delivered,1,
12184,cmd,0,4,558.976,558.997,delivered,1,
12185,hb,1,0,559.104,559.167,delivered,2,
12186,cmd,0,5,559.104,,expired,0,
12187,cmd,0,1,559.168,559.21,delivered,2,
12188,hb,2,0,559.232,,expired,0,
12189,cmd,0,2,559.296,,expired,0,
12190,hb,3,0,559.36,559.382,delivered,1,
12191,cmd,0,3,559.36,559.381,delivered,1,
12192,hb,4,0,559.424,559.445,delivered,1,
12193,thumb,4,0,559.488,559.562,delivered,1,
12194,cmd,0,4,559.488,559.509,delivered,1,
12195,cmd,0,5,559.552,,expired,0,
12196,hb,1,0,559.616,559.658,delivered,2,
12197,cmd,0,1,559.68,559.764,delivered,2,
12198,hb,2,0,559.744,,expired,0,
12199,hb,3,0,559.808,559.829,delivered,1,
12200,cmd,0,2,559.808,,expired,0,
12201,cmd,0,3,559.872,559.893,delivered,1,
12202,hb,4,0,559.936,559.957,delivered,1,
12203,cmd,0,4,560.0,560.021,delivered,1,
12204,cmd,0,5,560.064,,expired,0,
12205,hb,1,0,560.128,560.17,delivered,2,
12206,cmd,0,1,560.192,560.234,delivered,2,
12207,hb,2,0,560.256,,expired,0,
12208,cmd,0,2,560.256,,expired,0,
12209,hb,3,0,560.32,560.341,delivered,1,
12210,thumb,1,0,560.384,560.457,delivered,2,
12211,cmd,0,3,560.384,560.405,delivered,1,
12212,hb,4,0,560.448,560.469,delivered,1,
12213,cmd,0,4,560.512,560.533,delivered,1,
12214,data,2,0,560.576,585.112,delivered,4,2|P6|4
12215,cmd,0,5,560.576,,expired,0,
12216,hb,1,0,560.64,560.682,delivered,2,
12217,hb,2,0,560.704,,expired,0,
12218,cmd,0,1,560.704,560.746,delivered,2,
12219,thumb,2,0,560.768,,expired,0,
12220,cmd,0,2,560.768,,expired,0,
12221,hb,3,0,560.832,560.853,delivered,1,
12222,cmd,0,3,560.896,560.917,delivered,1,
12223,hb,4,0,560.96,560.982,delivered,1,
12224,cmd,0,4,560.96,560.981,delivered,1,
12225,data,2,0,561.024,585.383,delivered,4,2|P6|5
12226,cmd,0,5,561.088,,expired,0,
12227,hb,1,0,561.152,561.194,delivered,2,
12228,cmd,0,1,561.152,561.195,delivered,2,
12229,hb,2,0,561.216,562.964,delivered,3,
12230,cmd,0,2,561.28,562.945,delivered,3,
12231,hb,3,0,561.344,561.365,delivered,1,
12232,hb,4,0,561.408,561.43,delivered,1,
12233,cmd,0,3,561.408,561.429,delivered,1,
12234,cmd,0,4,561.472,561.514,delivered,1,
12235,thumb,4,0,561.536,561.573,delivered,1,
12236,hb,1,0,561.6,561.642,delivered,2,
12237,cmd,0,5,561.6,,expired,0,
12238,cmd,0,1,561.664,561.727,delivered,2,
12239,hb,2,0,561.728,563.011,delivered,3,
12240,cmd,0,2,561.792,563.078,delivered,3,
12241,hb,3,0,561.856,561.878,delivered,1,
12242,cmd,0,3,561.856,561.877,delivered,1,
12243,hb,4,0,561.92,561.941,delivered,1,
12244,cmd,0,4,561.984,562.005,delivered,1,
12245,hb,1,0,562.112,562.175,delivered,2,
12246,cmd,0,5,562.112,,expired,0,
12247,cmd,0,1,562.176,562.239,delivered,2,
12248,hb,2,0,562.24,563.015,delivered,3,
12249,hb,3,0,562.304,562.325,delivered,1,
12250,cmd,0,2,562.304,,expired,2,
12251,cmd,0,3,562.368,562.389,delivered,1,
12252,thumb,1,0,562.432,562.505,delivered,2,
12253,hb,4,0,562.432,562.469,delivered,1,
12254,cmd,0,4,562.496,562.517,delivered,1,
12255,data,2,0,562.56,585.542,delivered,4,2|P6|0
12256,data,2,0,562.56,585.867,delivered,4,2|P6|2
12257,cmd,0,5,562.56,,expired,0,
12258,hb,1,0,562.624,562.666,delivered,2,
12259,cmd,0,1,562.688,562.73,delivered,2,
12260,hb,2,0,562.752,563.015,delivered,3,
12261,thumb,2,0,562.752,563.42,delivered,3,
12262,cmd,0,2,562.752,,expired,2,
12263,hb,3,0,562.816,562.837,delivered,1,
12264,cmd,0,3,562.88,562.969,delivered,1,
12265,hb,4,0,562.944,562.967,delivered,1,
12266,cmd,0,4,563.008,563.029,delivered,1,
12267,cmd,0,5,563.072,,expired,0,
12268,hb,1,0,563.136,563.366,delivered,2,
12269,hb,2,0,563.2,,expired,0,
12270,cmd,0,1,563.2,563.367,delivered,2,
12271,cmd,0,2,563.264,,expired,0,
12272,hb,3,0,563.328,563.349,delivered,1,
12273,cmd,0,3,563.392,563.421,delivered,1,
12274,hb,4,0,563.456,563.51,delivered,1,
12275,cmd,0,4,563.456,563.488,delivered,1,
12276,thumb,4,0,563.52,563.593,delivered,1,
12277,ack,0,2,563.487,566.479,delivered,3,
12278,cmd,0,5,563.584,,expired,0,
12279,ack,0,2,563.576,566.521,delivered,3,
12280,hb,1,0,563.648,563.69,delivered,2,
12281,hb,2,0,563.712,,expired,0,
12282,cmd,0,1,563.712,563.775,delivered,2,
12283,cmd,0,2,563.776,,expired,0,
12284,hb,3,0,563.84,563.861,delivered,1,
12285,hb,4,0,563.904,563.926,delivered,1,
12286,cmd,0,3,563.904,563.925,delivered,1,
12287,cmd,0,4,563.968,563.989,delivered,1,
12288,cmd,0,5,564.096,,expired,0,
12289,hb,1,0,564.16,564.202,delivered,2,
12290,cmd,0,1,564.16,564.203,delivered,2,
12291,hb,2,0,564.224,,expired,0,
12292,cmd,0,2,564.288,,expired,0,
12293,hb,3,0,564.352,564.374,delivered,1,
12294,cmd,0,3,564.352,564.373,delivered,1,
12295,thumb,1,0,564.416,564.489,delivered,2,
12296,hb,4,0,564.416,564.453,delivered,1,
12297,cmd,0,4,564.48,564.501,delivered,1,
12298,hb,1,0,564.608,564.65,delivered,2,
12299,data,2,0,564.608,585.934,delivered,4,2|P6|4
12300,cmd,0,5,564.608,,expired,0,
12301,cmd,0,1,564.672,564.714,delivered,2,
12302,hb,2,0,564.736,566.482,delivered,3,
12303,thumb,2,0,564.8,,expired,1,
12304,hb,3,0,564.8,564.821,delivered,1,
12305,cmd,0,2,564.8,566.525,delivered,3,
12306,cmd,0,3,564.864,564.885,delivered,1,
12307,hb,4,0,564.928,564.949,delivered,1,
12308,cmd,0,4,564.992,565.013,delivered,1,
12309,data,2,0,565.056,586.005,delivered,4,2|P6|5
12310,cmd,0,5,565.056,,expired,0,
12311,hb,1,0,565.12,565.162,delivered,2,
12312,thumb,3,0,565.12,565.157,delivered,1,
12313,cmd,0,1,565.184,565.226,delivered,2,
12314,hb,2,0,565.248,566.522,delivered,3,
12315,hb,3,0,565.312,565.354,delivered,1,
12316,cmd,0,2,565.312,566.546,delivered,3,
12317,cmd,0,3,565.376,565.397,delivered,1,
12318,hb,4,0,565.44,565.461,delivered,1,
12319,thumb,4,0,565.504,565.578,delivered,1,
12320,cmd,0,4,565.504,565.525,delivered,1,
12321,cmd,0,5,565.568,,expired,0,
12322,hb,1,0,565.632,565.674,delivered,2,
12323,cmd,0,1,565.696,565.738,delivered,2,
12324,hb,2,0,565.76,566.719,delivered,3,
12325,cmd,0,2,565.76,566.564,delivered,3,
12326,hb,3,0,565.824,565.845,delivered,1,
12327,cmd,0,3,565.888,565.909,delivered,1,
12328,hb,4,0,565.952,565.974,delivered,1,
12329,cmd,0,4,565.952,565.994,delivered,1,
12330,cmd,0,5,566.08,,expired,0,
12331,hb,1,0,566.144,566.186,delivered,2,
12332,hb,2,0,566.208,566.652,delivered,3,
12333,cmd,0,1,566.208,566.25,delivered,2,
12334,cmd,0,2,566.272,566.765,delivered,3,
12335,hb,3,0,566.336,566.357,delivered,1,
12336,thumb,1,0,566.4,566.581,delivered,2,
12337,hb,4,0,566.4,566.437,delivered,1,
12338,cmd,0,3,566.4,566.53,delivered,1,
12339,cmd,0,4,566.464,566.55,delivered,1,
12340,data,2,0,566.592,586.386,delivered,4,2|P6|6
12341,data,2,0,566.592,586.475,delivered,4,2|P6|7
12342,cmd,0,5,566.592,,expired,0,
12343,hb,1,0,566.656,566.805,delivered,2,
12344,cmd,0,1,566.656,566.699,delivered,2,
12345,hb,2,0,566.72,567.181,delivered,3,
12346,thumb,2,0,566.784,567.389,delivered,3,
12347,cmd,0,2,566.784,566.871,delivered,3,
12348,hb,3,0,566.848,566.869,delivered,1,
12349,hb,4,0,566.912,567.138,delivered,1,
12350,cmd,0,3,566.912,566.933,delivered,1,
12351,cmd,0,4,566.976,566.997,delivered,1,
12352,hb,1,0,567.104,567.18,delivered,2,
12353,cmd,0,5,567.104,,expired,0,
12354,thumb,3,0,567.168,567.265,delivered,1,
12355,cmd,0,1,567.168,567.331,delivered,2,
12356,hb,2,0,567.232,567.373,delivered,3,
12357,cmd,0,2,567.296,567.419,delivered,3,
12358,hb,3,0,567.36,567.391,delivered,1,
12359,cmd,0,3,567.36,567.39,delivered,1,
12360,hb,4,0,567.424,567.618,delivered,1,
12361,thumb,4,0,567.488,567.635,delivered,1,
12362,cmd,0,4,567.488,567.509,delivered,1,
12363,ack,0,2,567.485,567.817,delivered,3,
12364,cmd,0,5,567.552,,expired,0,
12365,hb,1,0,567.616,567.885,delivered,2,
12366,cmd,0,1,567.68,567.818,delivered,2,
12367,hb,2,0,567.744,567.955,delivered,3,
12368,hb,3,0,567.808,567.83,delivered,1,
12369,cmd,0,2,567.808,567.954,delivered,3,
12370,cmd,0,3,567.872,567.954,delivered,1,
12371,ack,0,2,567.816,568.111,delivered,3,
12372,hb,4,0,567.936,568.023,delivered,1,
12373,cmd,0,4,568.0,568.022,delivered,1,
12374,ack,0,2,567.953,568.197,delivered,3,
12375,cmd,0,5,568.064,,expired,0,
12376,ack,0,2,568.021,568.399,delivered,3,
12377,hb,1,0,568.128,568.333,delivered,2,
12378,data,2,0,568.192,586.942,delivered,4,2|P6|8
12379,cmd,0,1,568.192,568.401,delivered,2,
12380,hb,2,0,568.256,568.574,delivered,3,
12381,cmd,0,2,568.256,568.84,delivered,3,
12382,ack,0,2,568.196,568.533,delivered,3,
12383,hb,3,0,568.32,568.341,delivered,1,
12384,ack,0,2,568.264,568.666,delivered,3,
12385,thumb,1,0,568.384,569.571,delivered,2,
12386,cmd,0,3,568.384,568.47,delivered,1,
12387,ack,0,2,568.331,568.857,delivered,3,
12388,hb,4,0,568.448,568.536,delivered,1,
12389,cmd,0,4,568.512,568.533,delivered,1,
12390,ack,0,2,568.469,569.058,delivered,3,
12391,cmd,0,5,568.576,,expired,0,
12392,hb,1,0,568.64,568.945,delivered,2,
12393,hb,2,0,568.704,569.166,delivered,3,
12394,cmd,0,1,568.704,568.774,delivered,2,
12395,thumb,2,0,568.768,569.653,delivered,3,
12396,cmd,0,2,568.768,569.192,delivered,3,
12397,ack,0,2,568.747,569.258,delivered,3,
12398,hb,3,0,568.832,568.853,delivered,1,
12399,cmd,0,3,568.896,568.917,delivered,1,
12400,data,2,0,568.96,587.076,delivered,4,2|P6|9
12401,hb,4,0,568.96,568.992,delivered,1,
12402,cmd,0,4,568.96,568.981,delivered,1,
12403,cmd,0,5,569.088,,expired,0,
12404,hb,1,0,569.152,569.281,delivered,2,
12405,thumb,3,0,569.152,569.19,delivered,1,
12406,cmd,0,1,569.152,569.215,delivered,2,
12407,hb,2,0,569.216,569.348,delivered,3,
12408,cmd,0,2,569.28,569.413,delivered,3,
12409,hb,3,0,569.344,569.365,delivered,1,
12410,hb,4,0,569.408,569.637,delivered,1,
12411,cmd,0,3,569.408,569.429,delivered,1,
12412,cmd,0,4,569.472,569.493,delivered,1,
12413,thumb,4,0,569.536,569.632,delivered,1,
12414,hb,1,0,569.6,569.707,delivered,2,
12415,cmd,0,5,569.6,,expired,0,
12416,cmd,0,1,569.664,569.706,delivered,2,
12417,hb,2,0,569.728,570.328,delivered,3,
12418,cmd,0,2,569.792,570.415,delivered,3,
12419,hb,3,0,569.856,569.878,delivered,1,
12420,cmd,0,3,569.856,569.877,delivered,1,
12421,hb,4,0,569.92,570.257,delivered,1,
12422,cmd,0,4,569.984,570.026,delivered,1,
12423,hb,1,0,570.112,570.258,delivered,2,
12424,cmd,0,5,570.112,,expired,0,
12425,cmd,0,1,570.176,570.259,delivered,2,
12426,hb,2,0,570.24,570.503,delivered,3,
12427,hb,3,0,570.304,570.327,delivered,1,
12428,cmd,0,2,570.304,570.571,delivered,3,
12429,cmd,0,3,570.368,570.415,delivered,1,
12430,ack,0,2,570.325,570.638,delivered,3,
12431,thumb,1,0,570.432,571.235,delivered,2,
12432,hb,4,0,570.432,570.483,delivered,1,
12433,ack,0,2,570.414,570.704,delivered,3,
12434,cmd,0,4,570.496,570.571,delivered,1,
12435,cmd,0,5,570.56,,expired,0,
12436,hb,1,0,570.624,570.859,delivered,2,
12437,data,2,0,570.624,587.009,delivered,4,2|P6|6
12438,data,2,0,570.624,587.792,delivered,4,2|P6|7
12439,ack,0,2,570.57,570.858,delivered,3,
12440,cmd,0,1,570.688,570.772,delivered,2,
12441,ack,0,2,570.637,570.875,delivered,3,
12442,hb,2,0,570.752,570.933,delivered,3,
12443,thumb,2,0,570.752,571.339,delivered,3,
12444,cmd,0,2,570.752,571.065,delivered,3,
12445,hb,3,0,570.816,570.837,delivered,1,
12446,cmd,0,3,570.88,570.901,delivered,1,
12447,hb,4,0,570.944,570.98,delivered,1,
12448,cmd,0,4,571.008,571.029,delivered,1,
12449,cmd,0,5,571.072,,expired,0,
12450,hb,1,0,571.136,571.239,delivered,2,
12451,thumb,3,0,571.136,571.173,delivered,1,
12452,hb,2,0,571.2,571.41,delivered,3,
12453,cmd,0,1,571.2,571.257,delivered,2,
12454,cmd,0,2,571.264,571.524,delivered,3,
12455,hb,3,0,571.328,571.349,delivered,1,
12456,cmd,0,3,571.392,571.413,delivered,1,
12457,hb,4,0,571.456,571.525,delivered,1,
12458,cmd,0,4,571.456,571.477,delivered,1,
12459,thumb,4,0,571.52,571.776,delivered,2,
12460,cmd,0,5,571.584,,expired,0,
12461,hb,1,0,571.648,572.225,delivered,3,
12462,hb,2,0,571.712,572.41,delivered,4,
12463,cmd,0,1,571.712,572.209,delivered,3,
12464,cmd,0,2,571.776,572.275,delivered,4,
12465,hb,3,0,571.84,571.861,delivered,1,
12466,hb,4,0,571.904,572.247,delivered,2,
12467,cmd,0,3,571.904,571.925,delivered,1,
12468,cmd,0,4,571.968,572.052,delivered,2,
12469,cmd,0,5,572.096,,expired,0,
12470,hb,1,0,572.16,572.342,delivered,3,
12471,cmd,0,1,572.16,572.244,delivered,3,
12472,hb,2,0,572.224,572.753,delivered,4,
12473,data,2,0,572.224,587.726,delivered,4,2|P6|8
12474,cmd,0,2,572.288,573.201,delivered,4,
12475,hb,3,0,572.352,572.477,delivered,1,
12476,cmd,0,3,572.352,572.373,delivered,1,
12477,thumb,1,0,572.416,,expired,1,
12478,hb,4,0,572.416,573.178,delivered,2,
12479,cmd,0,4,572.48,572.752,delivered,2,
12480,hb,1,0,572.608,573.222,delivered,3,
12481,cmd,0,5,572.608,,expired,0,
12482,cmd,0,1,572.672,573.203,delivered,3,
12483,ack,0,2,572.628,573.267,delivered,4,
12484,hb,2,0,572.736,,expired,2,
12485,thumb,2,0,572.8,,expired,2,
12486,hb,3,0,572.8,572.823,delivered,1,
12487,cmd,0,2,572.8,573.29,delivered,4,
12488,ack,0,2,572.75,573.291,delivered,4,
12489,cmd,0,3,572.864,572.885,delivered,1,
12490,ack,0,2,572.819,573.335,delivered,4,
12491,hb,4,0,572.928,573.289,delivered,2,
12492,data,2,0,572.992,587.859,delivered,4,2|P6|9
12493,cmd,0,4,572.992,573.034,delivered,2,
12494,cmd,0,5,573.056,,expired,0,
12495,hb,1,0,573.12,573.313,delivered,3,
12496,thumb,3,0,573.12,573.157,delivered,1,
12497,cmd,0,1,573.184,,expired,2,
12498,hb,2,0,573.248,,expired,2,
12499,hb,3,0,573.312,573.334,delivered,1,
12500,cmd,0,2,573.312,,expired,2,
12501,cmd,0,3,573.376,573.397,delivered,1,
12502,hb,4,0,573.44,,expired,0,
12503,thumb,4,0,573.504,,expired,0,
12504,cmd,0,4,573.504,573.567,delivered,2,
12505,cmd,0,5,573.568,,expired,0,
12506,hb,1,0,573.632,,expired,0,
12507,cmd,0,1,573.696,,expired,0,
12508,hb,2,0,573.76,,expired,0,
12509,cmd,0,2,573.76,,expired,0,
12510,hb,3,0,573.824,573.845,delivered,1,
12511,cmd,0,3,573.888,573.909,delivered,1,
12512,hb,4,0,573.952,,expired,0,
12513,cmd,0,4,573.952,,expired,0,
12514,cmd,0,5,574.08,,expired,0,
12515,hb,1,0,574.144,,expired,0,
12516,hb,2,0,574.208,,expired,0,
12517,cmd,0,1,574.208,,expired,0,
12518,cmd,0,2,574.272,,expired,0,
12519,hb,3,0,574.336,574.357,delivered,1,
12520,thumb,1,0,574.4,,expired,0,
12521,hb,4,0,574.4,,expired,0,
12522,cmd,0,3,574.4,574.421,delivered,1,
12523,cmd,0,4,574.464,,expired,0,
12524,cmd,0,5,574.592,,expired,0,
12525,hb,1,0,574.656,,expired,0,
12526,data,2,0,574.656,588.316,delivered,4,2|P6|6
12527,data,2,0,574.656,588.043,delivered,4,2|P6|7
12528,cmd,0,1,574.656,,expired,0,
12529,hb,2,0,574.72,,expired,0,
12530,thumb,2,0,574.784,,expired,0,
12531,cmd,0,2,574.784,,expired,0,
12532,hb,3,0,574.848,574.869,delivered,1,
12533,hb,4,0,574.912,,expired,0,
12534,cmd,0,3,574.912,574.933,delivered,1,
12535,cmd,0,4,574.976,,expired,0,
12536,hb,1,0,575.104,,expired,0,
12537,cmd,0,5,575.104,,expired,0,
12538,thumb,3,0,575.168,575.205,delivered,1,
12539,cmd,0,1,575.168,,expired,0,
12540,hb,2,0,575.232,,expired,0,
12541,cmd,0,2,575.296,,expired,0,
12542,hb,3,0,575.36,575.382,delivered,1,
12543,cmd,0,3,575.36,575.381,delivered,1,
12544,hb,4,0,575.424,,expired,0,
12545,thumb,4,0,575.488,,expired,0,
12546,cmd,0,4,575.488,,expired,0,
12547,cmd,0,5,575.552,,expired,0,
12548,hb,1,0,575.616,,expired,0,
12549,cmd,0,1,575.68,,expired,0,
12550,hb,2,0,575.744,,expired,0,
12551,hb,3,0,575.808,575.829,delivered,1,
12552,cmd,0,2,575.808,,expired,0,
12553,cmd,0,3,575.872,575.893,delivered,1,
12554,hb,4,0,575.936,,expired,0,
12555,cmd,0,4,576.0,,expired,0,
12556,cmd,0,5,576.064,,expired,0,
12557,hb,1,0,576.128,,expired,0,
12558,cmd,0,1,576.192,,expired,0,
12559,hb,2,0,576.256,,expired,0,
12560,data,2,0,576.256,588.383,delivered,4,2|P6|8
12561,cmd,0,2,576.256,,expired,0,
12562,hb,3,0,576.32,576.341,delivered,1,
12563,thumb,1,0,576.384,,expired,0,
12564,cmd,0,3,576.384,576.405,delivered,1,
12565,hb,4,0,576.448,,expired,0,
12566,cmd,0,4,576.512,,expired,0,
12567,cmd,0,5,576.576,,expired,0,
12568,hb,1,0,576.64,,expired,0,
12569,hb,2,0,576.704,,expired,0,
12570,cmd,0,1,576.704,,expired,0,
12571,thumb,2,0,576.768,,expired,0,
12572,cmd,0,2,576.768,,expired,0,
12573,hb,3,0,576.832,576.853,delivered,1,
12574,cmd,0,3,576.896,576.917,delivered,1,
12575,hb,4,0,576.96,,expired,0,
12576,cmd,0,4,576.96,,expired,0,
12577,data,2,0,577.024,588.497,delivered,4,2|P6|9
12578,cmd,0,5,577.088,,expired,0,
12579,hb,1,0,577.152,,expired,0,
12580,thumb,3,0,577.152,577.189,delivered,1,
12581,cmd,0,1,577.152,,expired,0,
12582,hb,2,0,577.216,,expired,0,
12583,cmd,0,2,577.28,,expired,3,
12584,hb,3,0,577.344,577.365,delivered,1,
12585,hb,4,0,577.408,579.308,delivered,2,
12586,cmd,0,3,577.408,577.429,delivered,1,
12587,cmd,0,4,577.472,579.402,delivered,2,
12588,thumb,4,0,577.536,,expired,1,
12589,hb,1,0,577.6,579.473,delivered,3,
12590,cmd,0,5,577.6,,expired,0,
12591,cmd,0,1,577.664,579.403,delivered,3,
12592,hb,2,0,577.728,579.653,delivered,4,
12593,cmd,0,2,577.792,579.744,delivered,4,
12594,hb,3,0,577.856,577.878,delivered,1,
12595,cmd,0,3,577.856,577.877,delivered,1,
12596,hb,4,0,577.92,579.334,delivered,2,
12597,cmd,0,4,577.984,579.406,delivered,2,
12598,hb,1,0,578.112,579.542,delivered,3,
12599,cmd,0,5,578.112,,expired,0,
12600,cmd,0,1,578.176,579.611,delivered,3,
12601,hb,2,0,578.24,579.655,delivered,4,
12602,hb,3,0,578.304,578.325,delivered,1,
12603,cmd,0,2,578.304,579.776,delivered,4,
12604,cmd,0,3,578.368,578.389,delivered,1,
12605,thumb,1,0,578.432,,expired,1,
12606,hb,4,0,578.432,579.338,delivered,2,
12607,cmd,0,4,578.496,579.586,delivered,2,
12608,cmd,0,5,578.56,,expired,0,
12609,hb,1,0,578.624,579.588,delivered,3,
12610,data,2,0,578.688,588.961,delivered,4,2|P6|6
12611,data,2,0,578.688,589.027,delivered,4,2|P6|7
12612,cmd,0,1,578.688,579.613,delivered,3,
12613,hb,2,0,578.752,579.713,delivered,4,
12614,thumb,2,0,578.752,,expired,2,
12615,cmd,0,2,578.752,579.843,delivered,4,
12616,hb,3,0,578.816,578.837,delivered,1,
12617,cmd,0,3,578.88,578.901,delivered,1,
12618,hb,4,0,578.944,579.342,delivered,2,
12619,cmd,0,4,579.008,579.612,delivered,2,
12620,cmd,0,5,579.072,,expired,0,
12621,hb,1,0,579.136,579.592,delivered,3,
12622,thumb,3,0,579.136,579.173,delivered,1,
12623,hb,2,0,579.2,,lost,2,
12624,cmd,0,1,579.2,579.654,delivered,3,
12625,cmd,0,2,579.264,579.844,delivered,4,
12626,hb,3,0,579.328,579.404,delivered,1,
12627,cmd,0,3,579.392,579.413,delivered,1,
12628,hb,4,0,579.456,579.711,delivered,2,
12629,cmd,0,4,579.456,579.678,delivered,2,
12630,thumb,4,0,579.52,579.75,delivered,2,
12631,cmd,0,5,579.584,,expired,0,
12632,hb,1,0,579.648,579.933,delivered,3,
12633,hb,2,0,579.712,580.5,delivered,4,
12634,cmd,0,1,579.712,580.242,delivered,3,
12635,cmd,0,2,579.776,580.629,delivered,4,
12636,hb,3,0,579.84,579.909,delivered,1,
12637,hb,4,0,579.904,580.478,delivered,2,
12638,cmd,0,3,579.904,579.925,delivered,1,
12639,ack,0,2,579.841,580.651,delivered,4,
12640,cmd,0,4,579.968,580.031,delivered,2,
12641,ack,0,2,579.908,580.672,delivered,4,
12642,cmd,0,5,580.096,,expired,0,
12643,hb,1,0,580.16,580.694,delivered,3,
12644,cmd,0,1,580.16,581.203,delivered,3,
12645,hb,2,0,580.224,581.731,delivered,4,
12646,data,2,0,580.288,589.094,delivered,4,2|P6|8
12647,cmd,0,2,580.288,581.727,delivered,4,
12648,hb,3,0,580.352,580.395,delivered,1,
12649,cmd,0,3,580.352,580.373,delivered,1,
12650,thumb,1,0,580.416,581.85,delivered,3,
12651,hb,4,0,580.416,581.729,delivered,2,
12652,cmd,0,4,580.48,580.563,delivered,2,
12653,hb,1,0,580.608,581.736,delivered,3,
12654,cmd,0,5,580.608,,expired,0,
12655,cmd,0,1,580.672,581.712,delivered,3,
12656,hb,2,0,580.736,581.833,delivered,4,
12657,thumb,2,0,580.8,582.19,delivered,4,
12658,hb,3,0,580.8,580.822,delivered,1,
12659,cmd,0,2,580.8,581.734,delivered,4,
12660,cmd,0,3,580.864,580.885,delivered,1,
12661,hb,4,0,580.928,581.765,delivered,2,
12662,cmd,0,4,580.992,581.034,delivered,2,
12663,data,2,0,581.056,589.478,delivered,4,2|P6|9
12664,cmd,0,5,581.056,,expired,0,
12665,hb,1,0,581.12,581.767,delivered,3,
12666,thumb,3,0,581.12,581.157,delivered,1,
12667,cmd,0,1,581.184,581.716,delivered,3,
12668,hb,2,0,581.248,581.895,delivered,4,
12669,hb,3,0,581.312,581.334,delivered,1,
12670,cmd,0,2,581.312,581.893,delivered,4,
12671,cmd,0,3,581.376,581.397,delivered,1,
12672,hb,4,0,581.44,581.832,delivered,2,
12673,thumb,4,0,581.504,582.019,delivered,2,
12674,cmd,0,4,581.504,581.546,delivered,2,
12675,cmd,0,5,581.568,,expired,0,
12676,hb,1,0,581.632,581.873,delivered,3,
12677,cmd,0,1,581.696,581.896,delivered,3,
12678,hb,2,0,581.76,582.041,delivered,4,
12679,cmd,0,2,581.76,581.986,delivered,4,
12680,hb,3,0,581.824,581.851,delivered,1,
12681,cmd,0,3,581.888,581.909,delivered,1,
12682,hb,4,0,581.952,582.108,delivered,2,
12683,cmd,0,4,581.952,582.021,delivered,2,
12684,cmd,0,5,582.08,,expired,0,
12685,hb,1,0,582.144,582.421,delivered,3,
12686,hb,2,0,582.208,582.441,delivered,4,
12687,cmd,0,1,582.208,582.442,delivered,3,
12688,cmd,0,2,582.272,582.481,delivered,4,
12689,hb,3,0,582.336,582.419,delivered,1,
12690,ack,0,2,582.326,582.547,delivered,4,
12691,thumb,1,0,582.4,582.792,delivered,3,
12692,hb,4,0,582.4,582.458,delivered,2,
12693,cmd,0,3,582.4,582.422,delivered,1,
12694,cmd,0,4,582.464,,lost,1,
12695,ack,0,2,582.525,582.928,delivered,4,
12696,cmd,0,5,582.592,,expired,0,
12697,hb,1,0,582.656,582.775,delivered,3,
12698,cmd,0,1,582.656,582.776,delivered,3,
12699,hb,2,0,582.72,582.861,delivered,4,
12700,data,2,0,582.72,589.544,delivered,4,2|P6|6
12701,data,2,0,582.72,590.032,delivered,4,2|P6|7
12702,thumb,2,0,582.784,583.521,delivered,4,
12703,cmd,0,2,582.784,583.287,delivered,4,
12704,hb,3,0,582.848,582.928,delivered,1,
12705,hb,4,0,582.912,583.251,delivered,2,
12706,cmd,0,3,582.912,582.933,delivered,1,
12707,ack,0,2,582.859,583.263,delivered,4,
12708,cmd,0,4,582.976,583.018,delivered,2,
12709,hb,1,0,583.104,583.286,delivered,3,
12710,cmd,0,5,583.104,,expired,0,
12711,ack,0,2,583.084,583.329,delivered,4,
12712,thumb,3,0,583.168,583.326,delivered,1,
12713,cmd,0,1,583.168,583.285,delivered,3,
12714,ack,0,2,583.15,583.308,delivered,4,
12715,hb,2,0,583.232,583.331,delivered,4,
12716,ack,0,2,583.217,583.352,delivered,4,
12717,cmd,0,2,583.296,583.548,delivered,4,
12718,hb,3,0,583.36,583.504,delivered,1,
12719,cmd,0,3,583.36,583.381,delivered,1,
12720,hb,4,0,583.424,583.525,delivered,2,
12721,thumb,4,0,583.488,583.648,delivered,2,
12722,cmd,0,4,583.488,583.565,delivered,2,
12723,cmd,0,5,583.552,,expired,0,
12724,hb,1,0,583.616,583.915,delivered,3,
12725,cmd,0,1,583.68,583.827,delivered,3,
12726,hb,2,0,583.744,583.982,delivered,4,
12727,ack,0,2,583.714,583.848,delivered,4,
12728,hb,3,0,583.808,583.83,delivered,1,
12729,cmd,0,2,583.808,584.14,delivered,4,
12730,ack,0,2,583.781,584.275,delivered,4,
12731,cmd,0,3,583.872,583.893,delivered,1,
12732,hb,4,0,583.936,584.207,delivered,2,
12733,cmd,0,4,584.0,584.208,delivered,2,
12734,cmd,0,5,584.064,,expired,0,
12735,hb,1,0,584.128,584.365,delivered,3,
12736,cmd,0,1,584.192,584.364,delivered,3,
12737,hb,2,0,584.256,584.385,delivered,4,
12738,cmd,0,2,584.256,584.452,delivered,4,
12739,data,2,0,584.32,590.099,delivered,4,2|P6|8
12740,hb,3,0,584.32,584.344,delivered,1,
12741,thumb,1,0,584.384,584.801,delivered,3,
12742,cmd,0,3,584.384,584.405,delivered,1,
12743,ack,0,2,584.34,584.74,delivered,4,
12744,hb,4,0,584.448,584.655,delivered,2,
12745,cmd,0,4,584.512,584.654,delivered,2,
12746,cmd,0,5,584.576,,expired,0,
12747,ack,0,2,584.517,584.783,delivered,4,
12748,hb,1,0,584.64,584.761,delivered,3,
12749,ack,0,2,584.583,584.804,delivered,4,
12750,hb,2,0,584.704,584.806,delivered,4,
12751,cmd,0,1,584.704,584.807,delivered,3,
12752,ack,0,2,584.652,584.933,delivered,4,
12753,thumb,2,0,584.768,585.315,delivered,4,
12754,cmd,0,2,584.768,585.191,delivered,4,
12755,hb,3,0,584.832,584.911,delivered,1,
12756,cmd,0,3,584.896,584.979,delivered,1,
12757,hb,4,0,584.96,585.155,delivered,2,
12758,cmd,0,4,584.96,585.114,delivered,2,
12759,ack,0,2,584.91,585.196,delivered,4,
12760,ack,0,2,584.978,585.216,delivered,4,
12761,data,2,0,585.088,590.167,delivered,4,2|P6|9
12762,cmd,0,5,585.088,,expired,0,
12763,ack,0,2,585.045,585.298,delivered,4,
12764,hb,1,0,585.152,585.298,delivered,3,
12765,thumb,3,0,585.152,585.19,delivered,1,
12766,cmd,0,1,585.152,585.215,delivered,3,
12767,ack,0,2,585.112,585.451,delivered,4,
12768,hb,2,0,585.216,585.544,delivered,4,
12769,cmd,0,2,585.28,585.497,delivered,4,
12770,hb,3,0,585.344,585.384,delivered,1,
12771,hb,4,0,585.408,585.473,delivered,2,
12772,cmd,0,3,585.408,585.429,delivered,1,
12773,ack,0,2,585.383,585.611,delivered,4,
12774,cmd,0,4,585.472,585.612,delivered,2,
12775,thumb,4,0,585.536,585.665,delivered,2,
12776,hb,1,0,585.6,585.8,delivered,3,
12777,cmd,0,5,585.6,,expired,0,
12778,ack,0,2,585.542,585.823,delivered,4,
12779,cmd,0,1,585.664,585.937,delivered,3,
12780,hb,2,0,585.728,586.007,delivered,4,
12781,cmd,0,2,585.792,586.117,delivered,4,
12782,hb,3,0,585.856,585.936,delivered,1,
12783,cmd,0,3,585.856,585.935,delivered,1,
12784,hb,4,0,585.92,586.028,delivered,2,
12785,ack,0,2,585.867,586.185,delivered,4,
12786,cmd,0,4,585.984,586.05,delivered,2,
12787,ack,0,2,585.934,586.253,delivered,4,
12788,ack,0,2,586.005,586.518,delivered,4,
12789,hb,1,0,586.112,586.519,delivered,3,
12790,cmd,0,5,586.112,,expired,0,
12791,cmd,0,1,586.176,586.497,delivered,3,
12792,hb,2,0,586.24,586.521,delivered,4,
12793,hb,3,0,586.304,586.388,delivered,1,
12794,cmd,0,2,586.304,586.522,delivered,4,
12795,cmd,0,3,586.368,586.389,delivered,1,
12796,thumb,1,0,586.432,586.851,delivered,3,
12797,hb,4,0,586.432,586.541,delivered,2,
12798,ack,0,2,586.386,586.629,delivered,4,
12799,cmd,0,4,586.496,586.696,delivered,2,
12800,ack,0,2,586.475,586.853,delivered,4,
12801,cmd,0,5,586.56,,expired,0,
12802,hb,1,0,586.624,586.832,delivered,3,
12803,cmd,0,1,586.688,586.835,delivered,3,
12804,hb,2,0,586.752,586.875,delivered,4,
12805,data,2,0,586.752,590.344,delivered,4,2|P6|7
12806,data,2,0,586.752,590.614,delivered,4,2|P6|10
12807,thumb,2,0,586.752,587.555,delivered,4,
12808,cmd,0,2,586.752,586.92,delivered,4,
12809,hb,3,0,586.816,586.852,delivered,1,
12810,cmd,0,3,586.88,586.943,delivered,1,
12811,data,2,0,586.944,590.68,delivered,4,2|P6|11
12812,hb,4,0,586.944,587.381,delivered,2,
12813,ack,0,2,586.942,587.358,delivered,4,
12814,cmd,0,4,587.008,587.098,delivered,2,
12815,cmd,0,5,587.072,,expired,0,
12816,ack,0,2,587.009,587.36,delivered,4,
12817,hb,1,0,587.136,587.448,delivered,3,
12818,thumb,3,0,587.136,587.173,delivered,1,
12819,ack,0,2,587.076,587.448,delivered,4,
12820,hb,2,0,587.2,587.517,delivered,4,
12821,cmd,0,1,587.2,587.38,delivered,3,
12822,cmd,0,2,587.264,587.56,delivered,4,
12823,hb,3,0,587.328,587.361,delivered,1,
12824,cmd,0,3,587.392,587.413,delivered,1,
12825,data,2,0,587.456,591.43,delivered,4,2|P6|12
12826,hb,4,0,587.456,587.577,delivered,2,
12827,cmd,0,4,587.456,587.559,delivered,2,
12828,data,2,0,587.52,591.499,delivered,4,2|P6|13
12829,thumb,4,0,587.52,587.66,delivered,2,
12830,cmd,0,5,587.584,,expired,0,
12831,hb,1,0,587.648,587.885,delivered,3,
12832,hb,2,0,587.712,587.976,delivered,4,
12833,cmd,0,1,587.712,587.907,delivered,3,
12834,cmd,0,2,587.776,587.998,delivered,4,
12835,ack,0,2,587.726,588.113,delivered,4,
12836,hb,3,0,587.84,587.862,delivered,1,
12837,ack,0,2,587.792,588.25,delivered,4,
12838,hb,4,0,587.904,588.046,delivered,2,
12839,cmd,0,3,587.904,587.925,delivered,1,
12840,ack,0,2,587.859,588.251,delivered,4,
12841,cmd,0,4,587.968,588.114,delivered,2,
12842,cmd,0,5,588.096,,expired,0,
12843,ack,0,2,588.043,588.27,delivered,4,
12844,hb,1,0,588.16,588.407,delivered,3,
12845,cmd,0,1,588.16,588.388,delivered,3,
12846,hb,2,0,588.224,588.428,delivered,4,
12847,cmd,0,2,588.288,588.43,delivered,4,
12848,hb,3,0,588.352,588.385,delivered,1,
12849,cmd,0,3,588.352,588.384,delivered,1,
12850,ack,0,2,588.316,588.451,delivered,4,
12851,thumb,1,0,588.416,588.889,delivered,3,
12852,hb,4,0,588.416,588.733,delivered,2,
12853,ack,0,2,588.383,,lost,1,
12854,cmd,0,4,588.48,588.647,delivered,2,
12855,ack,0,2,588.497,588.89,delivered,4,
12856,hb,1,0,588.608,588.803,delivered,3,
12857,cmd,0,5,588.608,,expired,0,
12858,cmd,0,1,588.672,588.871,delivered,3,
12859,hb,2,0,588.736,588.894,delivered,4,
12860,thumb,2,0,588.8,589.411,delivered,4,
12861,hb,3,0,588.8,588.87,delivered,1,
12862,cmd,0,2,588.8,589.118,delivered,4,
12863,cmd,0,3,588.864,588.89,delivered,1,
12864,hb,4,0,588.928,589.14,delivered,2,
12865,cmd,0,4,588.992,589.096,delivered,2,
12866,ack,0,2,588.961,589.174,delivered,4,
12867,cmd,0,5,589.056,,expired,0,
12868,ack,0,2,589.027,589.176,delivered,4,
12869,hb,1,0,589.12,589.217,delivered,3,
12870,thumb,3,0,589.12,589.157,delivered,1,
12871,ack,0,2,589.094,589.217,delivered,4,
12872,cmd,0,1,589.184,589.352,delivered,3,
12873,hb,2,0,589.248,589.393,delivered,4,
12874,hb,3,0,589.312,589.351,delivered,1,
12875,cmd,0,2,589.312,589.415,delivered,4,
12876,cmd,0,3,589.376,589.412,delivered,1,
12877,hb,4,0,589.44,589.742,delivered,2,
12878,thumb,4,0,589.504,589.782,delivered,2,
12879,cmd,0,4,589.504,589.608,delivered,2,
12880,ack,0,2,589.478,589.763,delivered,4,
12881,cmd,0,5,589.568,,expired,0,
12882,ack,0,2,589.544,589.786,delivered,4,
12883,hb,1,0,589.632,589.785,delivered,3,
12884,cmd,0,1,589.696,589.787,delivered,3,
12885,hb,2,0,589.76,589.965,delivered,4,
12886,cmd,0,2,589.76,589.987,delivered,4,
12887,hb,3,0,589.824,589.898,delivered,1,
12888,cmd,0,3,589.888,589.909,delivered,1,
12889,hb,4,0,589.952,590.21,delivered,2,
12890,cmd,0,4,589.952,590.101,delivered,2,
12891,cmd,0,5,590.08,,expired,0,
12892,ack,0,2,590.032,590.278,delivered,4,
12893,hb,1,0,590.144,590.212,delivered,3,
12894,ack,0,2,590.099,590.28,delivered,4,
12895,hb,2,0,590.208,590.485,delivered,4,
12896,cmd,0,1,590.208,590.415,delivered,3,
12897,ack,0,2,590.167,590.568,delivered,4,
12898,cmd,0,2,590.272,590.702,delivered,4,
12899,hb,3,0,590.336,590.413,delivered,1,
12900,thumb,1,0,590.4,590.95,delivered,3,
12901,hb,4,0,590.4,590.547,delivered,2,
12902,cmd,0,3,590.4,590.421,delivered,1,
12903,ack,0,2,590.344,590.723,delivered,4,
12904,cmd,0,4,590.464,590.507,delivered,2,
12905,cmd,0,5,590.592,,expired,0,
12906,hb,1,0,590.656,590.745,delivered,3,
12907,cmd,0,1,590.656,590.746,delivered,3,
12908,ack,0,2,590.614,590.783,delivered,4,
12909,hb,2,0,590.72,590.826,delivered,4,
12910,ack,0,2,590.68,590.804,delivered,4,
12911,data,2,0,590.784,591.565,delivered,4,2|P6|10
12912,thumb,2,0,590.784,590.966,delivered,4,
12913,cmd,0,2,590.784,591.257,delivered,4,
12914,data,2,0,590.848,591.828,delivered,4,2|P6|14
12915,hb,3,0,590.848,590.875,delivered,1,
12916,data,2,0,590.912,592.083,delivered,4,2|P6|15
12917,hb,4,0,590.912,591.19,delivered,2,
12918,cmd,0,3,590.912,590.933,delivered,1,
12919,cmd,0,4,590.976,591.018,delivered,2,
12920,hb,1,0,591.104,591.346,delivered,3,
12921,cmd,0,5,591.104,,expired,0,
12922,thumb,3,0,591.168,591.364,delivered,1,
12923,cmd,0,1,591.168,591.433,delivered,3,
12924,hb,2,0,591.232,591.587,delivered,4,
12925,cmd,0,2,591.296,591.588,delivered,4,
12926,hb,3,0,591.36,591.432,delivered,1,
12927,cmd,0,3,591.36,591.431,delivered,1,
12928,hb,4,0,591.424,591.743,delivered,2,
12929,data,2,0,591.488,592.215,delivered,4,2|P6|12
12930,thumb,4,0,591.488,591.762,delivered,2,
12931,cmd,0,4,591.488,591.655,delivered,2,
12932,ack,0,2,591.43,592.019,delivered,4,
12933,data,2,0,591.552,592.594,delivered,4,2|P6|13
12934,cmd,0,5,591.552,,expired,0,
12935,ack,0,2,591.499,591.946,delivered,4,
12936,hb,1,0,591.616,591.877,delivered,3,
12937,ack,0,2,591.565,591.948,delivered,4,
12938,cmd,0,1,591.68,591.949,delivered,3,
12939,hb,2,0,591.744,592.105,delivered,4,
12940,hb,3,0,591.808,591.83,delivered,1,
12941,cmd,0,2,591.808,592.018,delivered,4,
12942,cmd,0,3,591.872,591.893,delivered,1,
12943,ack,0,2,591.828,592.218,delivered,4,
12944,hb,4,0,591.936,592.148,delivered,2,
12945,cmd,0,4,592.0,592.107,delivered,2,
12946,data,2,0,592.064,592.661,delivered,4,2|P6|16
12947,cmd,0,5,592.064,,expired,0,
12948,hb,1,0,592.128,592.239,delivered,3,
12949,data,2,0,592.128,593.061,delivered,4,2|P6|17
12950,ack,0,2,592.083,592.372,delivered,4,
12951,cmd,0,1,592.192,592.373,delivered,3,
12952,hb,2,0,592.256,592.774,delivered,4,
12953,cmd,0,2,592.256,592.529,delivered,4,
12954,ack,0,2,592.215,592.616,delivered,4,
12955,data,2,0,592.32,593.311,delivered,4,2|P6|18
12956,hb,3,0,592.32,592.341,delivered,1,
12957,thumb,1,0,592.384,592.867,delivered,3,
12958,cmd,0,3,592.384,592.405,delivered,1,
12959,data,2,0,592.448,593.557,delivered,4,2|P6|19
12960,hb,4,0,592.448,592.706,delivered,2,
12961,cmd,0,4,592.512,592.663,delivered,2,
12962,cmd,0,5,592.576,,expired,0,
12963,hb,1,0,592.64,592.794,delivered,3,
12964,ack,0,2,592.594,592.795,delivered,4,
12965,hb,2,0,592.704,592.849,delivered,4,
12966,cmd,0,1,592.704,592.776,delivered,3,
12967,ack,0,2,592.661,592.893,delivered,4,
12968,thumb,2,0,592.768,592.992,delivered,4,
12969,cmd,0,2,592.768,592.872,delivered,4,
12970,hb,3,0,592.832,592.868,delivered,1,
12971,cmd,0,3,592.896,592.917,delivered,1,
12972,data,2,0,592.96,593.679,delivered,4,2|P6|20
12973,hb,4,0,592.96,593.2,delivered,2,
12974,cmd,0,4,592.96,593.062,delivered,2,
12975,cmd,0,5,593.088,,expired,0,
12976,ack,0,2,593.061,593.222,delivered,4,
12977,hb,1,0,593.152,593.243,delivered,3,
12978,thumb,3,0,593.152,593.239,delivered,1,
12979,cmd,0,1,593.152,593.245,delivered,3,
12980,hb,2,0,593.216,593.355,delivered,4,
12981,cmd,0,2,593.28,593.49,delivered,4,
12982,data,2,0,593.344,594.025,delivered,4,2|P6|21
12983,hb,3,0,593.344,593.423,delivered,1,
12984,ack,0,2,593.311,593.596,delivered,4,
12985,hb,4,0,593.408,593.559,delivered,2,
12986,cmd,0,3,593.408,593.429,delivered,1,
12987,cmd,0,4,593.472,593.579,delivered,2,
12988,thumb,4,0,593.536,593.696,delivered,2,
12989,hb,1,0,593.6,593.722,delivered,3,
12990,cmd,0,5,593.6,,expired,0,
12991,ack,0,2,593.557,593.806,delivered,4,
12992,data,2,0,593.664,594.316,delivered,4,2|P6|22
12993,cmd,0,1,593.664,593.739,delivered,3,
12994,hb,2,0,593.728,594.183,delivered,4,
12995,ack,0,2,593.679,594.007,delivered,4,
12996,cmd,0,2,593.792,594.252,delivered,4,
12997,hb,3,0,593.856,593.94,delivered,1,
12998,cmd,0,3,593.856,593.877,delivered,1,
12999,data,2,0,593.92,594.383,delivered,4,2|P6|23
13000,hb,4,0,593.92,594.047,delivered,2,
13001,cmd,0,4,593.984,594.048,delivered,2,
13002,ack,0,2,594.025,594.251,delivered,4,
13003,hb,1,0,594.112,594.492,delivered,3,
13004,data,2,0,594.112,594.558,delivered,4,2|P6|24
13005,cmd,0,5,594.112,,expired,0,
13006,cmd,0,1,594.176,594.604,delivered,3,
13007,hb,2,0,594.24,594.644,delivered,4,
13008,hb,3,0,594.304,594.387,delivered,1,
13009,cmd,0,2,594.304,594.666,delivered,4,
13010,data,2,0,594.368,594.883,delivered,4,2|P6|25
13011,cmd,0,3,594.368,594.389,delivered,1,
13012,ack,0,2,594.316,594.667,delivered,4,
13013,thumb,1,0,594.432,594.814,delivered,3,
13014,hb,4,0,594.432,594.58,delivered,2,
13015,ack,0,2,594.383,594.687,delivered,4,
13016,cmd,0,4,594.496,594.582,delivered,2,
13017,cmd,0,5,594.56,,expired,0,
13018,ack,0,2,594.558,594.689,delivered,4,
13019,hb,1,0,594.624,594.709,delivered,3,
13020,cmd,0,1,594.688,594.815,delivered,3,
13021,hb,2,0,594.752,595.006,delivered,4,
13022,data,2,0,594.752,595.501,delivered,4,2|P6|26
13023,data,2,0,594.752,595.568,delivered,4,2|P6|27
13024,thumb,2,0,594.752,595.292,delivered,4,
13025,cmd,0,2,594.752,595.051,delivered,4,
13026,data,2,0,594.816,595.859,delivered,4,2|P6|28
13027,hb,3,0,594.816,594.884,delivered,1,
13028,cmd,0,3,594.88,594.901,delivered,1,
13029,hb,4,0,594.944,595.028,delivered,2,
13030,ack,0,2,594.883,595.118,delivered,4,
13031,cmd,0,4,595.008,595.053,delivered,2,
13032,cmd,0,5,595.072,,expired,0,
13033,hb,1,0,595.136,595.435,delivered,3,
13034,thumb,3,0,595.136,595.173,delivered,1,
13035,hb,2,0,595.2,595.725,delivered,4,
13036,data,2,0,595.2,595.991,delivered,4,2|P6|29
13037,cmd,0,1,595.2,595.412,delivered,3,
13038,cmd,0,2,595.264,595.625,delivered,4,
13039,hb,3,0,595.328,595.41,delivered,1,
13040,cmd,0,3,595.392,595.414,delivered,1,
13041,hb,4,0,595.456,595.602,delivered,2,
13042,cmd,0,4,595.456,595.569,delivered,2,
13043,thumb,4,0,595.52,595.656,delivered,2,
13044,ack,0,2,595.501,595.727,delivered,4,
13045,cmd,0,5,595.584,,expired,0,
13046,ack,0,2,595.568,595.793,delivered,4,
13047,hb,1,0,595.648,595.904,delivered,3,
13048,hb,2,0,595.712,595.924,delivered,4,
13049,cmd,0,1,595.712,596.145,delivered,3,
13050,cmd,0,2,595.776,595.946,delivered,4,
13051,data,2,0,595.84,596.369,delivered,4,2|P6|30
13052,hb,3,0,595.84,595.862,delivered,1,
13053,data,2,0,595.904,596.565,delivered,4,2|P6|31
13054,hb,4,0,595.904,596.167,delivered,2,
13055,cmd,0,3,595.904,595.925,delivered,1,
13056,ack,0,2,595.859,596.236,delivered,4,
13057,cmd,0,4,595.968,596.014,delivered,2,
13058,ack,0,2,595.991,596.303,delivered,4,
13059,cmd,0,5,596.096,,expired,0,
13060,hb,1,0,596.16,596.457,delivered,3,
13061,cmd,0,1,596.16,596.456,delivered,3,
13062,hb,2,0,596.224,596.482,delivered,4,
13063,cmd,0,2,596.288,596.522,delivered,4,
13064,data,2,0,596.352,597.075,delivered,4,2|P6|32
13065,hb,3,0,596.352,596.438,delivered,1,
13066,cmd,0,3,596.352,596.373,delivered,1,
13067,thumb,1,0,596.416,596.708,delivered,3,
13068,data,2,0,596.416,597.525,delivered,4,2|P6|33
13069,hb,4,0,596.416,596.481,delivered,2,
13070,ack,0,2,596.369,596.522,delivered,4,
13071,cmd,0,4,596.48,596.608,delivered,2,
13072,hb,1,0,596.608,596.71,delivered,3,
13073,data,2,0,596.608,597.184,delivered,4,2|P6|34
13074,cmd,0,5,596.608,,expired,0,
13075,ack,0,2,596.565,596.876,delivered,4,
13076,cmd,0,1,596.672,596.809,delivered,3,
13077,hb,2,0,596.736,597.229,delivered,4,
13078,thumb,2,0,596.8,597.459,delivered,4,
13079,hb,3,0,596.8,596.876,delivered,1,
13080,cmd,0,2,596.8,597.226,delivered,4,
13081,cmd,0,3,596.864,596.885,delivered,1,
13082,hb,4,0,596.928,597.227,delivered,2,
13083,data,2,0,596.992,597.592,delivered,4,2|P6|35
13084,cmd,0,4,596.992,597.118,delivered,2,
13085,cmd,0,5,597.056,,expired,0,
13086,hb,1,0,597.12,597.334,delivered,3,
13087,thumb,3,0,597.12,597.202,delivered,1,
13088,ack,0,2,597.075,597.248,delivered,4,
13089,cmd,0,1,597.184,597.335,delivered,3,
13090,hb,2,0,597.248,597.423,delivered,4,
13091,ack,0,2,597.184,597.463,delivered,4,
13092,hb,3,0,597.312,597.336,delivered,1,
13093,cmd,0,2,597.312,597.464,delivered,4,
13094,data,2,0,597.376,597.843,delivered,4,2|P6|36
13095,cmd,0,3,597.376,597.397,delivered,1,
13096,hb,4,0,597.44,597.652,delivered,2,
13097,thumb,4,0,597.504,597.777,delivered,2,
13098,cmd,0,4,597.504,597.594,delivered,2,
13099,data,2,0,597.568,598.091,delivered,4,2|P6|37
13100,cmd,0,5,597.568,,expired,0,
13101,ack,0,2,597.525,597.719,delivered,4,
13102,hb,1,0,597.632,597.761,delivered,3,
13103,ack,0,2,597.592,597.865,delivered,4,
13104,cmd,0,1,597.696,597.866,delivered,3,
13105,hb,2,0,597.76,597.889,delivered,4,
13106,cmd,0,2,597.76,597.957,delivered,4,
13107,data,2,0,597.824,598.244,delivered,4,2|P6|38
13108,hb,3,0,597.824,597.845,delivered,1,
13109,cmd,0,3,597.888,597.909,delivered,1,
13110,ack,0,2,597.843,598.089,delivered,4,
13111,data,2,0,597.952,598.472,delivered,4,2|P6|39
13112,hb,4,0,597.952,598.092,delivered,2,
13113,cmd,0,4,597.952,598.025,delivered,2,
13114,cmd,0,5,598.08,,expired,0,
13115,hb,1,0,598.144,598.268,delivered,3,
13116,ack,0,2,598.091,598.316,delivered,4,
13117,hb,2,0,598.208,598.292,delivered,4,
13118,data,2,0,598.208,598.665,delivered,4,2|P6|40
13119,cmd,0,1,598.208,598.293,delivered,3,
13120,cmd,0,2,598.272,598.567,delivered,4,
13121,ack,0,2,598.244,598.564,delivered,4,
13122,hb,3,0,598.336,598.383,delivered,1,
13123,thumb,1,0,598.4,598.599,delivered,3,
13124,data,2,0,598.4,598.996,delivered,4,2|P6|41
13125,hb,4,0,598.4,598.543,delivered,2,
13126,cmd,0,3,598.4,598.473,delivered,1,
13127,cmd,0,4,598.464,598.544,delivered,2,
13128,ack,0,2,598.472,598.786,delivered,4,
13129,cmd,0,5,598.592,,expired,0,
13130,hb,1,0,598.656,598.761,delivered,3,
13131,data,2,0,598.656,599.49,delivered,4,2|P6|42
13132,cmd,0,1,598.656,598.787,delivered,3,
13133,hb,2,0,598.72,598.93,delivered,4,
13134,ack,0,2,598.665,599.149,delivered,4,
13135,thumb,2,0,598.784,599.419,delivered,4,
13136,cmd,0,2,598.784,599.061,delivered,4,
13137,hb,3,0,598.848,598.91,delivered,1,
13138,data,2,0,598.912,599.556,delivered,4,2|P6|43
13139,hb,4,0,598.912,599.018,delivered,2,
13140,cmd,0,3,598.912,598.997,delivered,1,
13141,cmd,0,4,598.976,599.02,delivered,2,
13142,ack,0,2,598.996,599.17,delivered,4,
13143,hb,1,0,599.104,599.254,delivered,3,
13144,cmd,0,5,599.104,,expired,0,
13145,thumb,3,0,599.168,599.381,delivered,1,
13146,cmd,0,1,599.168,599.364,delivered,3,
13147,hb,2,0,599.232,599.363,delivered,4,
13148,data,2,0,599.232,599.838,delivered,4,2|P6|44
13149,data,2,0,599.296,599.949,delivered,4,2|P6|45
13150,cmd,0,2,599.296,599.578,delivered,4,
13151,hb,3,0,599.36,599.383,delivered,1,
13152,cmd,0,3,599.36,599.424,delivered,1,
13153,hb,4,0,599.424,599.645,delivered,2,
13154,thumb,4,0,599.488,599.772,delivered,2,
13155,cmd,0,4,599.488,599.578,delivered,2,
13156,cmd,0,5,599.552,,expired,0,
13157,ack,0,2,599.49,599.774,delivered,4,
13158,hb,1,0,599.616,599.756,delivered,3,
13159,ack,0,2,599.556,599.775,delivered,4,
13160,cmd,0,1,599.68,599.841,delivered,3,
13161,hb,2,0,599.744,599.882,delivered,4,
13162,hb,3,0,599.808,599.84,delivered,1,
13163,cmd,0,2,599.808,599.904,delivered,4,
13164,cmd,0,3,599.872,599.95,delivered,1,
13165,ack,0,2,599.838,600.015,delivered,4,
13166,hb,4,0,599.936,599.993,delivered,2,
13167,cmd,0,4,600.0,600.042,delivered,2,
13168,ack,0,2,599.949,600.084,delivered,4,
13169,cmd,0,5,600.064,,expired,0,
13170,hb,1,0,600.128,600.191,delivered,3,
13171,cmd,0,1,600.192,600.276,delivered,3,
13172,hb,2,0,600.256,600.34,delivered,4,
13173,cmd,0,2,600.256,600.362,delivered,4,
13174,hb,3,0,600.32,600.342,delivered,1,
13175,thumb,1,0,600.384,600.494,delivered,3,
13176,cmd,0,3,600.384,600.405,delivered,1,
13177,hb,4,0,600.448,600.515,delivered,2,
13178,cmd,0,4,600.512,600.554,delivered,2,
13179,cmd,0,5,600.576,,expired,0,
13180,hb,1,0,600.64,600.703,delivered,3,
13181,hb,2,0,600.704,600.788,delivered,4,
13182,cmd,0,1,600.704,600.789,delivered,3,
13183,thumb,2,0,600.768,600.916,delivered,4,
13184,cmd,0,2,600.768,600.863,delivered,4,
13185,hb,3,0,600.832,600.853,delivered,1,
13186,cmd,0,3,600.896,600.917,delivered,1,
13187,hb,4,0,600.96,601.002,delivered,2,
13188,cmd,0,4,600.96,601.024,delivered,2,
13189,cmd,0,5,601.088,,expired,0,
13190,hb,1,0,601.152,601.215,delivered,3,
13191,thumb,3,0,601.152,601.19,delivered,1,
13192,cmd,0,1,601.152,601.237,delivered,3,
13193,hb,2,0,601.216,601.321,delivered,4,
13194,cmd,0,2,601.28,601.364,delivered,4,
13195,hb,3,0,601.344,601.365,delivered,1,
13196,hb,4,0,601.408,601.45,delivered,2,
13197,cmd,0,3,601.408,601.429,delivered,1,
13198,cmd,0,4,601.472,601.514,delivered,2,
13199,thumb,4,0,601.536,601.609,delivered,2,
13200,hb,1,0,601.6,601.663,delivered,3,
13201,cmd,0,5,601.6,,expired,0,
13202,cmd,0,1,601.664,601.748,delivered,3,
13203,hb,2,0,601.728,601.833,delivered,4,
13204,cmd,0,2,601.792,601.876,delivered,4,
13205,hb,3,0,601.856,601.878,delivered,1,
13206,cmd,0,3,601.856,601.877,delivered,1,
13207,hb,4,0,601.92,601.962,delivered,2,
13208,cmd,0,4,601.984,602.026,delivered,2,
13209,hb,1,0,602.112,602.196,delivered,3,
13210,cmd,0,5,602.112,,expired,0,
13211,cmd,0,1,602.176,602.239,delivered,3,
13212,hb,2,0,602.24,602.324,delivered,4,
13213,hb,3,0,602.304,602.326,delivered,1,
13214,cmd,0,2,602.304,602.388,delivered,4,
13215,cmd,0,3,602.368,602.389,delivered,1,
13216,thumb,1,0,602.432,602.543,delivered,3,
13217,hb,4,0,602.432,602.49,delivered,2,
13218,cmd,0,4,602.496,602.544,delivered,2,
13219,cmd,0,5,602.56,,expired,0,
13220,hb,1,0,602.624,602.687,delivered,3,
13221,cmd,0,1,602.688,602.772,delivered,3,
13222,hb,2,0,602.752,602.869,delivered,4,
13223,thumb,2,0,602.752,602.944,delivered,4,
13224,cmd,0,2,602.752,602.891,delivered,4,
13225,hb,3,0,602.816,602.837,delivered,1,
13226,cmd,0,3,602.88,602.901,delivered,1,
13227,hb,4,0,602.944,603.007,delivered,2,
13228,cmd,0,4,603.008,603.071,delivered,2,
13229,cmd,0,5,603.072,,expired,0,
13230,hb,1,0,603.136,603.199,delivered,3,
13231,thumb,3,0,603.136,603.173,delivered,1,
13232,hb,2,0,603.2,603.284,delivered,4,
13233,cmd,0,1,603.2,603.285,delivered,3,
13234,cmd,0,2,603.264,603.348,delivered,4,
13235,hb,3,0,603.328,603.349,delivered,1,
13236,cmd,0,3,603.392,603.413,delivered,1,
13237,hb,4,0,603.456,603.498,delivered,2,
13238,cmd,0,4,603.456,603.499,delivered,2,
13239,thumb,4,0,603.52,603.593,delivered,2,
13240,cmd,0,5,603.584,,expired,0,
13241,hb,1,0,603.648,603.711,delivered,3,
13242,hb,2,0,603.712,603.796,delivered,4,
13243,cmd,0,1,603.712,603.818,delivered,3,
13244,cmd,0,2,603.776,603.861,delivered,4,
13245,hb,3,0,603.84,603.861,delivered,1,
13246,hb,4,0,603.904,603.946,delivered,2,
13247,cmd,0,3,603.904,603.925,delivered,1,
13248,cmd,0,4,603.968,604.01,delivered,2,
13249,cmd,0,5,604.096,,expired,0,
13250,hb,1,0,604.16,604.223,delivered,3,
13251,cmd,0,1,604.16,604.245,delivered,3,
13252,hb,2,0,604.224,604.308,delivered,4,
13253,cmd,0,2,604.288,604.372,delivered,4,
13254,hb,3,0,604.352,604.374,delivered,1,
13255,cmd,0,3,604.352,604.373,delivered,1,
13256,thumb,1,0,604.416,604.548,delivered,3,
13257,hb,4,0,604.416,604.495,delivered,2,
13258,cmd,0,4,604.48,604.57,delivered,2,
13259,hb,1,0,604.608,604.671,delivered,3,
13260,cmd,0,5,604.608,,expired,0,
13261,cmd,0,1,604.672,604.735,delivered,3,
13262,hb,2,0,604.736,604.841,delivered,4,
13263,thumb,2,0,604.8,604.948,delivered,4,
13264,hb,3,0,604.8,604.822,delivered,1,
13265,cmd,0,2,604.8,604.895,delivered,4,
13266,cmd,0,3,604.864,604.885,delivered,1,
13267,hb,4,0,604.928,604.97,delivered,2,
13268,cmd,0,4,604.992,605.034,delivered,2,
13269,cmd,0,5,605.056,,expired,0,
13270,hb,1,0,605.12,605.183,delivered,3,
13271,thumb,3,0,605.12,605.157,delivered,1,
13272,cmd,0,1,605.184,605.247,delivered,3,
13273,hb,2,0,605.248,605.332,delivered,4,
13274,hb,3,0,605.312,605.334,delivered,1,
13275,cmd,0,2,605.312,605.396,delivered,4,
13276,cmd,0,3,605.376,605.397,delivered,1,
13277,hb,4,0,605.44,605.482,delivered,2,
13278,thumb,4,0,605.504,605.577,delivered,2,
13279,cmd,0,4,605.504,605.546,delivered,2,
13280,cmd,0,5,605.568,,expired,0,
13281,hb,1,0,605.632,605.716,delivered,3,
13282,cmd,0,1,605.696,605.759,delivered,3,
13283,hb,2,0,605.76,605.844,delivered,4,
13284,cmd,0,2,605.76,605.866,delivered,4,
13285,hb,3,0,605.824,605.846,delivered,1,
13286,cmd,0,3,605.888,605.909,delivered,1,
13287,hb,4,0,605.952,605.994,delivered,2,
13288,cmd,0,4,605.952,605.995,delivered,2,
13289,cmd,0,5,606.08,,expired,0,
13290,hb,1,0,606.144,606.207,delivered,3,
13291,hb,2,0,606.208,606.313,delivered,4,
13292,cmd,0,1,606.208,606.293,delivered,3,
13293,cmd,0,2,606.272,606.356,delivered,4,
13294,hb,3,0,606.336,606.357,delivered,1,
13295,thumb,1,0,606.4,606.548,delivered,3,
13296,hb,4,0,606.4,606.458,delivered,2,
13297,cmd,0,3,606.4,606.421,delivered,1,
13298,cmd,0,4,606.464,606.512,delivered,2,
13299,cmd,0,5,606.592,,expired,0,
13300,hb,1,0,606.656,606.719,delivered,3,
13301,cmd,0,1,606.656,606.762,delivered,3,
13302,hb,2,0,606.72,606.805,delivered,4,
13303,thumb,2,0,606.784,606.932,delivered,4,
13304,cmd,0,2,606.784,606.879,delivered,4,
13305,hb,3,0,606.848,606.869,delivered,1,
13306,hb,4,0,606.912,606.954,delivered,2,
13307,cmd,0,3,606.912,606.933,delivered,1,
13308,cmd,0,4,606.976,607.018,delivered,2,
13309,hb,1,0,607.104,607.188,delivered,3,
13310,cmd,0,5,607.104,,expired,0,
13311,thumb,3,0,607.168,607.206,delivered,1,
13312,cmd,0,1,607.168,607.231,delivered,3,
13313,hb,2,0,607.232,607.316,delivered,4,
13314,cmd,0,2,607.296,607.402,delivered,4,
13315,hb,3,0,607.36,607.382,delivered,1,
13316,cmd,0,3,607.36,607.381,delivered,1,
13317,hb,4,0,607.424,607.466,delivered,2,
13318,thumb,4,0,607.488,607.561,delivered,2,
13319,cmd,0,4,607.488,607.53,delivered,2,
13320,cmd,0,5,607.552,,expired,0,
13321,hb,1,0,607.616,607.679,delivered,3,
13322,cmd,0,1,607.68,607.743,delivered,3,
13323,hb,2,0,607.744,607.828,delivered,4,
13324,hb,3,0,607.808,607.83,delivered,1,
13325,cmd,0,2,607.808,607.892,delivered,4,
13326,cmd,0,3,607.872,607.893,delivered,1,
13327,hb,4,0,607.936,607.978,delivered,2,
13328,cmd,0,4,608.0,608.063,delivered,2,
13329,cmd,0,5,608.064,,expired,0,
13330,hb,1,0,608.128,608.191,delivered,3,
13331,cmd,0,1,608.192,608.255,delivered,3,
13332,hb,2,0,608.256,608.361,delivered,4,
13333,cmd,0,2,608.256,608.362,delivered,4,
13334,hb,3,0,608.32,608.361,delivered,1,
13335,thumb,1,0,608.384,608.494,delivered,3,
13336,cmd,0,3,608.384,608.405,delivered,1,
13337,hb,4,0,608.448,608.515,delivered,2,
13338,cmd,0,4,608.512,608.554,delivered,2,
13339,cmd,0,5,608.576,,expired,0,
13340,hb,1,0,608.64,608.724,delivered,3,
13341,hb,2,0,608.704,608.79,delivered,4,
13342,cmd,0,1,608.704,608.788,delivered,3,
13343,thumb,2,0,608.768,608.953,delivered,4,
13344,cmd,0,2,608.768,608.863,delivered,4,
13345,hb,3,0,608.832,608.853,delivered,1,
13346,cmd,0,3,608.896,608.917,delivered,1,
13347,hb,4,0,608.96,609.002,delivered,2,
13348,cmd,0,4,608.96,609.024,delivered,2,
13349,cmd,0,5,609.088,,expired,0,
13350,hb,1,0,609.152,609.216,delivered,3,
13351,thumb,3,0,609.152,609.19,delivered,1,
13352,cmd,0,1,609.152,609.217,delivered,3,
13353,hb,2,0,609.216,609.3,delivered,4,
13354,cmd,0,2,609.28,609.364,delivered,4,
13355,hb,3,0,609.344,609.365,delivered,1,
13356,hb,4,0,609.408,609.45,delivered,2,
13357,cmd,0,3,609.408,609.429,delivered,1,
13358,cmd,0,4,609.472,609.514,delivered,2,
13359,thumb,4,0,609.536,609.646,delivered,2,
13360,hb,1,0,609.6,609.667,delivered,3,
13361,cmd,0,5,609.6,,expired,0,
13362,cmd,0,1,609.664,609.727,delivered,3,
13363,hb,2,0,609.728,609.812,delivered,4,
13364,cmd,0,2,609.792,609.876,delivered,4,
13365,hb,3,0,609.856,609.878,delivered,1,
13366,cmd,0,3,609.856,609.877,delivered,1,
13367,hb,4,0,609.92,609.962,delivered,2,
13368,cmd,0,4,609.984,610.026,delivered,2,
13369,hb,1,0,610.112,610.175,delivered,3,
13370,cmd,0,5,610.112,,expired,0,
13371,cmd,0,1,610.176,610.239,delivered,3,
13372,hb,2,0,610.24,610.324,delivered,4,
13373,hb,3,0,610.304,610.326,delivered,1,
13374,cmd,0,2,610.304,610.388,delivered,4,
13375,cmd,0,3,610.368,610.389,delivered,1,
13376,thumb,1,0,610.432,610.543,delivered,3,
13377,hb,4,0,610.432,610.49,delivered,2,
13378,cmd,0,4,610.496,610.544,delivered,2,
13379,cmd,0,5,610.56,,expired,0,
13380,hb,1,0,610.624,610.687,delivered,3,
13381,cmd,0,1,610.688,610.751,delivered,3,
13382,hb,2,0,610.752,610.91,delivered,4,
13383,thumb,2,0,610.752,610.943,delivered,4,
13384,cmd,0,2,610.752,610.837,delivered,4,
13385,hb,3,0,610.816,610.837,delivered,1,
13386,cmd,0,3,610.88,610.901,delivered,1,
13387,hb,4,0,610.944,610.986,delivered,2,
13388,cmd,0,4,611.008,611.05,delivered,2,
13389,cmd,0,5,611.072,,expired,0,
13390,hb,1,0,611.136,611.22,delivered,3,
13391,thumb,3,0,611.136,611.173,delivered,1,
13392,hb,2,0,611.2,611.284,delivered,4,
13393,cmd,0,1,611.2,611.285,delivered,3,
13394,cmd,0,2,611.264,611.348,delivered,4,
13395,hb,3,0,611.328,611.349,delivered,1,
13396,cmd,0,3,611.392,611.413,delivered,1,
13397,hb,4,0,611.456,611.498,delivered,2,
13398,cmd,0,4,611.456,611.499,delivered,2,
13399,thumb,4,0,611.52,611.593,delivered,2,
13400,cmd,0,5,611.584,,expired,0,
13401,hb,1,0,611.648,611.732,delivered,3,
13402,hb,2,0,611.712,611.796,delivered,4,
13403,cmd,0,1,611.712,611.797,delivered,3,
13404,cmd,0,2,611.776,611.86,delivered,4,
13405,hb,3,0,611.84,611.861,delivered,1,
13406,hb,4,0,611.904,611.946,delivered,2,
13407,cmd,0,3,611.904,611.925,delivered,1,
13408,cmd,0,4,611.968,612.01,delivered,2,
13409,cmd,0,5,612.096,,expired,0,
13410,hb,1,0,612.16,612.224,delivered,3,
13411,cmd,0,1,612.16,612.225,delivered,3,
13412,hb,2,0,612.224,612.308,delivered,4,
13413,cmd,0,2,612.288,612.372,delivered,4,
13414,hb,3,0,612.352,612.374,delivered,1,
13415,cmd,0,3,612.352,612.373,delivered,1,
13416,thumb,1,0,612.416,612.527,delivered,3,
13417,hb,4,0,612.416,612.474,delivered,2,
13418,cmd,0,4,612.48,612.528,delivered,2,
13419,hb,1,0,612.608,612.713,delivered,3,
13420,cmd,0,5,612.608,,expired,0,
13421,cmd,0,1,612.672,612.756,delivered,3,
13422,hb,2,0,612.736,612.82,delivered,4,
13423,thumb,2,0,612.8,612.983,delivered,4,
13424,hb,3,0,612.8,612.822,delivered,1,
13425,cmd,0,2,612.8,612.884,delivered,4,
13426,cmd,0,3,612.864,612.885,delivered,1,
13427,hb,4,0,612.928,613.004,delivered,2,
13428,cmd,0,4,612.992,613.055,delivered,2,
13429,cmd,0,5,613.056,,expired,0,
13430,hb,1,0,613.12,613.183,delivered,3,
13431,thumb,3,0,613.12,613.157,delivered,1,
13432,cmd,0,1,613.184,613.247,delivered,3,
13433,hb,2,0,613.248,613.373,delivered,4,
13434,hb,3,0,613.312,613.374,delivered,1,
13435,cmd,0,2,613.312,613.418,delivered,4,
13436,cmd,0,3,613.376,613.397,delivered,1,
13437,hb,4,0,613.44,613.482,delivered,2,
13438,thumb,4,0,613.504,613.614,delivered,2,
13439,cmd,0,4,613.504,613.546,delivered,2,
13440,cmd,0,5,613.568,,expired,0,
13441,hb,1,0,613.632,613.695,delivered,3,
13442,cmd,0,1,613.696,613.759,delivered,3,
13443,hb,2,0,613.76,613.844,delivered,4,
13444,cmd,0,2,613.76,613.866,delivered,4,
13445,hb,3,0,613.824,613.867,delivered,1,
13446,cmd,0,3,613.888,613.909,delivered,1,
13447,hb,4,0,613.952,613.995,delivered,2,
13448,cmd,0,4,613.952,614.015,delivered,2,
13449,cmd,0,5,614.08,,expired,0,
13450,hb,1,0,614.144,614.207,delivered,3,
13451,hb,2,0,614.208,614.292,delivered,4,
13452,cmd,0,1,614.208,614.293,delivered,3,
13453,cmd,0,2,614.272,614.378,delivered,4,
13454,hb,3,0,614.336,614.357,delivered,1,
13455,thumb,1,0,614.4,614.523,delivered,3,
13456,hb,4,0,614.4,614.5,delivered,2,
13457,cmd,0,3,614.4,614.421,delivered,1,
13458,cmd,0,4,614.464,614.506,delivered,2,
13459,cmd,0,5,614.592,,expired,0,
13460,hb,1,0,614.656,614.72,delivered,3,
13461,cmd,0,1,614.656,614.721,delivered,3,
13462,hb,2,0,614.72,614.825,delivered,4,
13463,thumb,2,0,614.784,614.932,delivered,4,
13464,cmd,0,2,614.784,614.879,delivered,4,
13465,hb,3,0,614.848,614.869,delivered,1,
13466,hb,4,0,614.912,614.954,delivered,2,
13467,cmd,0,3,614.912,614.933,delivered,1,
13468,cmd,0,4,614.976,615.039,delivered,2,
13469,hb,1,0,615.104,615.188,delivered,3,
13470,cmd,0,5,615.104,,expired,0,
13471,thumb,3,0,615.168,615.206,delivered,1,
13472,cmd,0,1,615.168,615.231,delivered,3,
13473,hb,2,0,615.232,615.337,delivered,4,
13474,cmd,0,2,615.296,615.38,delivered,4,
13475,hb,3,0,615.36,615.382,delivered,1,
13476,cmd,0,3,615.36,615.381,delivered,1,
13477,hb,4,0,615.424,615.487,delivered,2,
13478,thumb,4,0,615.488,615.561,delivered,2,
13479,cmd,0,4,615.488,615.53,delivered,2,
13480,cmd,0,5,615.552,,expired,0,
13481,hb,1,0,615.616,615.7,delivered,3,
13482,cmd,0,1,615.68,615.743,delivered,3,
13483,hb,2,0,615.744,615.849,delivered,4,
13484,hb,3,0,615.808,615.849,delivered,1,
13485,cmd,0,2,615.808,615.893,delivered,4,
13486,cmd,0,3,615.872,615.893,delivered,1,
13487,hb,4,0,615.936,615.978,delivered,2,
13488,cmd,0,4,616.0,616.042,delivered,2,
13489,cmd,0,5,616.064,,expired,0,
13490,hb,1,0,616.128,616.191,delivered,3,
13491,cmd,0,1,616.192,616.255,delivered,3,
13492,hb,2,0,616.256,616.34,delivered,4,
13493,cmd,0,2,616.256,616.362,delivered,4,
13494,hb,3,0,616.32,616.363,delivered,1,
13495,thumb,1,0,616.384,616.494,delivered,3,
13496,cmd,0,3,616.384,616.405,delivered,1,
13497,hb,4,0,616.448,616.515,delivered,2,
13498,cmd,0,4,616.512,616.596,delivered,2,
13499,cmd,0,5,616.576,,expired,0,
13500,hb,1,0,616.64,616.703,delivered,3,
13501,hb,2,0,616.704,616.79,delivered,4,
13502,cmd,0,1,616.704,616.788,delivered,3,
13503,thumb,2,0,616.768,616.937,delivered,4,
13504,cmd,0,2,616.768,616.884,delivered,4,
13505,hb,3,0,616.832,616.874,delivered,1,
13506,cmd,0,3,616.896,616.917,delivered,1,
13507,hb,4,0,616.96,617.002,delivered,2,
13508,cmd,0,4,616.96,617.003,delivered,2,
13509,cmd,0,5,617.088,,expired,0,
13510,hb,1,0,617.152,617.216,delivered,3,
13511,thumb,3,0,617.152,617.19,delivered,1,
13512,cmd,0,1,617.152,617.217,delivered,3,
13513,hb,2,0,617.216,617.3,delivered,4,
13514,cmd,0,2,617.28,617.364,delivered,4,
13515,hb,3,0,617.344,617.386,delivered,1,
13516,hb,4,0,617.408,617.451,delivered,2,
13517,cmd,0,3,617.408,617.45,delivered,1,
13518,cmd,0,4,617.472,617.514,delivered,2,
13519,thumb,4,0,617.536,617.609,delivered,2,
13520,hb,1,0,617.6,617.663,delivered,3,
13521,cmd,0,5,617.6,,expired,0,
13522,cmd,0,1,617.664,617.727,delivered,3,
13523,hb,2,0,617.728,617.812,delivered,4,
13524,cmd,0,2,617.792,617.876,delivered,4,
13525,hb,3,0,617.856,617.878,delivered,1,
13526,cmd,0,3,617.856,617.877,delivered,1,
13527,hb,4,0,617.92,617.962,delivered,2,
13528,cmd,0,4,617.984,618.026,delivered,2,
13529,hb,1,0,618.112,618.175,delivered,3,
13530,cmd,0,5,618.112,,expired,0,
13531,cmd,0,1,618.176,618.26,delivered,3,
13532,hb,2,0,618.24,618.324,delivered,4,
13533,hb,3,0,618.304,618.326,delivered,1,
13534,cmd,0,2,618.304,618.431,delivered,4,
13535,cmd,0,3,618.368,618.389,delivered,1,
13536,thumb,1,0,618.432,618.543,delivered,3,
13537,hb,4,0,618.432,618.49,delivered,2,
13538,cmd,0,4,618.496,618.544,delivered,2,
13539,cmd,0,5,618.56,,expired,0,
13540,hb,1,0,618.624,618.687,delivered,3,
13541,cmd,0,1,618.688,618.772,delivered,3,
13542,hb,2,0,618.752,618.926,delivered,4,
13543,thumb,2,0,618.752,618.959,delivered,4,
13544,cmd,0,2,618.752,618.949,delivered,4,
13545,hb,3,0,618.816,618.837,delivered,1,
13546,cmd,0,3,618.88,618.901,delivered,1,
13547,hb,4,0,618.944,618.986,delivered,2,
13548,cmd,0,4,619.008,619.05,delivered,2,
13549,cmd,0,5,619.072,,expired,0,
13550,hb,1,0,619.136,619.22,delivered,3,
13551,thumb,3,0,619.136,619.173,delivered,1,
13552,hb,2,0,619.2,619.284,delivered,4,
13553,cmd,0,1,619.2,619.285,delivered,3,
13554,cmd,0,2,619.264,619.348,delivered,4,
13555,hb,3,0,619.328,619.349,delivered,1,
13556,cmd,0,3,619.392,619.413,delivered,1,
13557,hb,4,0,619.456,619.498,delivered,2,
13558,cmd,0,4,619.456,619.499,delivered,2,
13559,thumb,4,0,619.52,619.593,delivered,2,
13560,cmd,0,5,619.584,,expired,0,
13561,hb,1,0,619.648,619.711,delivered,3,
13562,hb,2,0,619.712,619.798,delivered,4,
13563,cmd,0,1,619.712,619.796,delivered,3,
13564,cmd,0,2,619.776,619.86,delivered,4,
13565,hb,3,0,619.84,619.861,delivered,1,
13566,hb,4,0,619.904,619.967,delivered,2,
13567,cmd,0,3,619.904,619.925,delivered,1,
13568,cmd,0,4,619.968,620.01,delivered,2,
13569,cmd,0,5,620.096,,expired,0,
13570,hb,1,0,620.16,620.224,delivered,3,
13571,cmd,0,1,620.16,620.225,delivered,3,
13572,hb,2,0,620.224,620.308,delivered,4,
13573,cmd,0,2,620.288,620.372,delivered,4,
13574,hb,3,0,620.352,620.374,delivered,1,
13575,cmd,0,3,620.352,620.436,delivered,1,
13576,thumb,1,0,620.416,620.527,delivered,3,
13577,hb,4,0,620.416,620.474,delivered,2,
13578,cmd,0,4,620.48,620.528,delivered,2,
13579,hb,1,0,620.608,620.671,delivered,3,
13580,cmd,0,5,620.608,,expired,0,
13581,cmd,0,1,620.672,620.735,delivered,3,
13582,hb,2,0,620.736,620.82,delivered,4,
13583,thumb,2,0,620.8,620.948,delivered,4,
13584,hb,3,0,620.8,620.822,delivered,1,
13585,cmd,0,2,620.8,620.895,delivered,4,
13586,cmd,0,3,620.864,620.885,delivered,1,
13587,hb,4,0,620.928,620.991,delivered,2,
13588,cmd,0,4,620.992,621.034,delivered,2,
13589,cmd,0,5,621.056,,expired,0,
13590,hb,1,0,621.12,621.183,delivered,3,
13591,thumb,3,0,621.12,621.157,delivered,1,
13592,cmd,0,1,621.184,621.247,delivered,3,
13593,hb,2,0,621.248,621.373,delivered,4,
13594,hb,3,0,621.312,621.334,delivered,1,
13595,cmd,0,2,621.312,621.417,delivered,4,
13596,cmd,0,3,621.376,621.397,delivered,1,
13597,hb,4,0,621.44,621.482,delivered,2,
13598,thumb,4,0,621.504,621.577,delivered,2,
13599,cmd,0,4,621.504,621.546,delivered,2,
13600,cmd,0,5,621.568,,expired,0,
13601,hb,1,0,621.632,621.695,delivered,3,
13602,cmd,0,1,621.696,621.759,delivered,3,
13603,hb,2,0,621.76,621.846,delivered,4,
13604,cmd,0,2,621.76,621.866,delivered,4,
13605,hb,3,0,621.824,621.845,delivered,1,
13606,cmd,0,3,621.888,621.909,delivered,1,
13607,hb,4,0,621.952,621.994,delivered,2,
13608,cmd,0,4,621.952,621.995,delivered,2,
13609,cmd,0,5,622.08,,expired,0,
13610,hb,1,0,622.144,622.207,delivered,3,
13611,hb,2,0,622.208,622.292,delivered,4,
13612,cmd,0,1,622.208,622.293,delivered,3,
13613,cmd,0,2,622.272,622.356,delivered,4,
13614,hb,3,0,622.336,622.357,delivered,1,
13615,thumb,1,0,622.4,622.511,delivered,3,
13616,hb,4,0,622.4,622.479,delivered,2,
13617,cmd,0,3,622.4,622.421,delivered,1,
13618,cmd,0,4,622.464,622.512,delivered,2,
13619,cmd,0,5,622.592,,expired,0,
13620,hb,1,0,622.656,622.72,delivered,3,
13621,cmd,0,1,622.656,622.721,delivered,3,
13622,hb,2,0,622.72,622.804,delivered,4,
13623,thumb,2,0,622.784,622.969,delivered,4,
13624,cmd,0,2,622.784,622.879,delivered,4,
13625,hb,3,0,622.848,622.869,delivered,1,
13626,hb,4,0,622.912,623.011,delivered,2,
13627,cmd,0,3,622.912,622.933,delivered,1,
13628,cmd,0,4,622.976,623.018,delivered,2,
13629,hb,1,0,623.104,623.167,delivered,3,
13630,cmd,0,5,623.104,,expired,0,
13631,thumb,3,0,623.168,623.206,delivered,1,
13632,cmd,0,1,623.168,623.231,delivered,3,
13633,hb,2,0,623.232,623.316,delivered,4,
13634,cmd,0,2,623.296,623.402,delivered,4,
13635,hb,3,0,623.36,623.382,delivered,1,
13636,cmd,0,3,623.36,623.381,delivered,1,
13637,hb,4,0,623.424,623.466,delivered,2,
13638,thumb,4,0,623.488,623.561,delivered,2,
13639,cmd,0,4,623.488,623.53,delivered,2,
13640,cmd,0,5,623.552,,expired,0,
13641,hb,1,0,623.616,623.679,delivered,3,
13642,cmd,0,1,623.68,623.743,delivered,3,
13643,hb,2,0,623.744,623.828,delivered,4,
13644,hb,3,0,623.808,623.83,delivered,1,
13645,cmd,0,2,623.808,623.892,delivered,4,
13646,cmd,0,3,623.872,623.893,delivered,1,
13647,hb,4,0,623.936,623.978,delivered,2,
13648,cmd,0,4,624.0,624.042,delivered,2,
13649,cmd,0,5,624.064,,expired,0,
13650,hb,1,0,624.128,624.191,delivered,3,
13651,cmd,0,1,624.192,624.255,delivered,3,
13652,hb,2,0,624.256,624.34,delivered,4,
13653,cmd,0,2,624.256,624.362,delivered,4,
13654,hb,3,0,624.32,624.342,delivered,1,
13655,thumb,1,0,624.384,624.494,delivered,3,
13656,cmd,0,3,624.384,624.405,delivered,1,
13657,hb,4,0,624.448,624.515,delivered,2,
13658,cmd,0,4,624.512,624.554,delivered,2,
13659,cmd,0,5,624.576,,expired,0,
13660,hb,1,0,624.64,624.703,delivered,3,
13661,hb,2,0,624.704,624.788,delivered,4,
13662,cmd,0,1,624.704,624.789,delivered,3,
13663,thumb,2,0,624.768,624.916,delivered,4,
13664,cmd,0,2,624.768,624.863,delivered,4,
13665,hb,3,0,624.832,624.853,delivered,1,
13666,cmd,0,3,624.896,624.938,delivered,1,
13667,hb,4,0,624.96,625.002,delivered,2,
13668,cmd,0,4,624.96,625.003,delivered,2,
13669,cmd,0,5,625.088,,expired,0,
13670,hb,1,0,625.152,625.216,delivered,3,
13671,thumb,3,0,625.152,625.19,delivered,1,
13672,cmd,0,1,625.152,625.217,delivered,3,
13673,hb,2,0,625.216,625.3,delivered,4,
13674,cmd,0,2,625.28,625.364,delivered,4,
13675,hb,3,0,625.344,625.365,delivered,1,
13676,hb,4,0,625.408,625.45,delivered,2,
13677,cmd,0,3,625.408,625.429,delivered,1,
13678,cmd,0,4,625.472,625.514,delivered,2,
13679,thumb,4,0,625.536,625.609,delivered,2,
13680,hb,1,0,625.6,625.684,delivered,3,
13681,cmd,0,5,625.6,,expired,0,
13682,cmd,0,1,625.664,625.727,delivered,3,
13683,hb,2,0,625.728,625.812,delivered,4,
13684,cmd,0,2,625.792,625.876,delivered,4,
13685,hb,3,0,625.856,625.878,delivered,1,
13686,cmd,0,3,625.856,625.877,delivered,1,
13687,hb,4,0,625.92,625.962,delivered,2,
13688,cmd,0,4,625.984,626.026,delivered,2,
13689,hb,1,0,626.112,626.175,delivered,3,
13690,cmd,0,5,626.112,,expired,0,
13691,cmd,0,1,626.176,626.239,delivered,3,
13692,hb,2,0,626.24,626.324,delivered,4,
13693,hb,3,0,626.304,626.347,delivered,1,
13694,cmd,0,2,626.304,626.39,delivered,4,
13695,cmd,0,3,626.368,626.389,delivered,1,
13696,thumb,1,0,626.432,626.543,delivered,3,
13697,hb,4,0,626.432,626.49,delivered,2,
13698,cmd,0,4,626.496,626.544,delivered,2,
13699,cmd,0,5,626.56,,expired,0,
13700,hb,1,0,626.624,626.687,delivered,3,
13701,cmd,0,1,626.688,626.751,delivered,3,
13702,hb,2,0,626.752,626.869,delivered,4,
13703,thumb,2,0,626.752,626.944,delivered,4,
13704,cmd,0,2,626.752,626.891,delivered,4,
13705,hb,3,0,626.816,626.837,delivered,1,
13706,cmd,0,3,626.88,626.901,delivered,1,
13707,hb,4,0,626.944,626.986,delivered,2,
13708,cmd,0,4,627.008,627.071,delivered,2,
13709,cmd,0,5,627.072,,expired,0,
13710,hb,1,0,627.136,627.199,delivered,3,
13711,thumb,3,0,627.136,627.173,delivered,1,
13712,hb,2,0,627.2,627.286,delivered,4,
13713,cmd,0,1,627.2,627.284,delivered,3,
13714,cmd,0,2,627.264,627.348,delivered,4,
13715,hb,3,0,627.328,627.349,delivered,1,
13716,cmd,0,3,627.392,627.413,delivered,1,
13717,hb,4,0,627.456,627.519,delivered,2,
13718,cmd,0,4,627.456,627.52,delivered,2,
13719,thumb,4,0,627.52,627.593,delivered,2,
13720,cmd,0,5,627.584,,expired,0,
13721,hb,1,0,627.648,627.711,delivered,3,
13722,hb,2,0,627.712,627.798,delivered,4,
13723,cmd,0,1,627.712,627.796,delivered,3,
13724,cmd,0,2,627.776,627.86,delivered,4,
13725,hb,3,0,627.84,627.861,delivered,1,
13726,hb,4,0,627.904,627.946,delivered,2,
13727,cmd,0,3,627.904,627.925,delivered,1,
13728,cmd,0,4,627.968,628.01,delivered,2,
13729,cmd,0,5,628.096,,expired,0,
13730,hb,1,0,628.16,628.224,delivered,3,
13731,cmd,0,1,628.16,628.225,delivered,3,
13732,hb,2,0,628.224,628.349,delivered,4,
13733,cmd,0,2,628.288,628.393,delivered,4,
13734,hb,3,0,628.352,628.374,delivered,1,
13735,cmd,0,3,628.352,628.373,delivered,1,
13736,thumb,1,0,628.416,628.527,delivered,3,
13737,hb,4,0,628.416,628.495,delivered,2,
13738,cmd,0,4,628.48,628.549,delivered,2,
13739,hb,1,0,628.608,628.692,delivered,3,
13740,cmd,0,5,628.608,,expired,0,
13741,cmd,0,1,628.672,628.777,delivered,3,
13742,hb,2,0,628.736,628.841,delivered,4,
13743,thumb,2,0,628.8,628.985,delivered,4,
13744,cmd,0,2,628.8,628.895,delivered,4,
13745,hb,3,0,628.864,628.886,delivered,1,
13746,cmd,0,3,628.864,628.885,delivered,1,
13747,hb,4,0,628.928,629.006,delivered,2,
13748,cmd,0,4,628.992,629.034,delivered,2,
13749,cmd,0,5,629.056,,expired,0,
13750,hb,1,0,629.12,629.183,delivered,3,
13751,thumb,3,0,629.12,629.156,delivered,1,
13752,cmd,0,1,629.184,629.247,delivered,3,
13753,hb,2,0,629.248,629.332,delivered,4,
13754,hb,3,0,629.312,629.334,delivered,1,
13755,cmd,0,2,629.312,629.396,delivered,4,
13756,cmd,0,3,629.376,629.397,delivered,1,
13757,hb,4,0,629.44,629.482,delivered,2,
13758,thumb,4,0,629.504,629.577,delivered,2,
13759,cmd,0,4,629.504,629.546,delivered,2,
13760,cmd,0,5,629.568,,expired,0,
13761,hb,1,0,629.632,629.716,delivered,3,
13762,cmd,0,1,629.696,629.78,delivered,3,
13763,hb,2,0,629.76,629.864,delivered,4,
13764,cmd,0,2,629.76,629.866,delivered,4,
13765,hb,3,0,629.824,629.865,delivered,1,
13766,cmd,0,3,629.888,629.909,delivered,1,
13767,hb,4,0,629.952,629.994,delivered,2,
13768,cmd,0,4,629.952,629.995,delivered,2,
13769,cmd,0,5,630.08,,expired,0,
13770,hb,1,0,630.144,630.207,delivered,3,
13771,hb,2,0,630.208,630.292,delivered,4,
13772,cmd,0,1,630.208,630.293,delivered,3,
13773,cmd,0,2,630.272,630.356,delivered,4,
13774,hb,3,0,630.336,630.357,delivered,1,
13775,thumb,1,0,630.4,630.509,delivered,3,
13776,cmd,0,3,630.4,630.421,delivered,1,
13777,hb,4,0,630.464,630.531,delivered,2,
13778,cmd,0,4,630.464,630.511,delivered,2,
13779,cmd,0,5,630.592,,expired,0,
13780,hb,1,0,630.656,630.74,delivered,3,
13781,cmd,0,1,630.656,630.741,delivered,3,
13782,hb,2,0,630.72,630.824,delivered,4,
13783,thumb,2,0,630.784,630.979,delivered,4,
13784,cmd,0,2,630.784,630.889,delivered,4,
13785,hb,3,0,630.848,630.869,delivered,1,
13786,hb,4,0,630.912,631.001,delivered,2,
13787,cmd,0,3,630.912,630.98,delivered,1,
13788,cmd,0,4,630.976,631.039,delivered,2,
13789,hb,1,0,631.104,631.167,delivered,3,
13790,cmd,0,5,631.104,,expired,0,
13791,thumb,3,0,631.168,631.206,delivered,1,
13792,cmd,0,1,631.168,631.231,delivered,3,
13793,hb,2,0,631.232,631.316,delivered,4,
13794,cmd,0,2,631.296,631.38,delivered,4,
13795,hb,3,0,631.36,631.382,delivered,1,
13796,cmd,0,3,631.36,631.381,delivered,1,
13797,hb,4,0,631.424,631.466,delivered,2,
13798,thumb,4,0,631.488,631.561,delivered,2,
13799,cmd,0,4,631.488,631.53,delivered,2,
13800,cmd,0,5,631.552,,expired,0,
13801,hb,1,0,631.616,631.679,delivered,3,
13802,cmd,0,1,631.68,631.743,delivered,3,
13803,hb,2,0,631.744,631.828,delivered,4,
13804,hb,3,0,631.808,631.83,delivered,1,
13805,cmd,0,2,631.808,631.892,delivered,4,
13806,cmd,0,3,631.872,631.893,delivered,1,
13807,hb,4,0,631.936,631.978,delivered,2,
13808,cmd,0,4,632.0,632.042,delivered,2,
13809,cmd,0,5,632.064,,expired,0,
13810,hb,1,0,632.128,632.191,delivered,3,
13811,cmd,0,1,632.192,632.255,delivered,3,
13812,hb,2,0,632.256,632.34,delivered,4,
13813,cmd,0,2,632.256,632.362,delivered,4,
13814,hb,3,0,632.32,632.342,delivered,1,
13815,thumb,1,0,632.384,632.592,delivered,3,
13816,cmd,0,3,632.384,632.405,delivered,1,
13817,hb,4,0,632.448,632.573,delivered,2,
13818,cmd,0,4,632.512,632.575,delivered,2,
13819,cmd,0,5,632.576,,expired,0,
13820,hb,1,0,632.64,632.703,delivered,3,
13821,hb,2,0,632.704,632.788,delivered,4,
13822,cmd,0,1,632.704,632.789,delivered,3,
13823,thumb,2,0,632.768,632.916,delivered,4,
13824,cmd,0,2,632.768,632.863,delivered,4,
13825,hb,3,0,632.832,632.853,delivered,1,
13826,cmd,0,3,632.896,632.917,delivered,1,
13827,hb,4,0,632.96,633.002,delivered,2,
13828,cmd,0,4,632.96,633.003,delivered,2,
13829,cmd,0,5,633.088,,expired,0,
13830,hb,1,0,633.152,633.237,delivered,3,
13831,thumb,3,0,633.152,633.19,delivered,1,
13832,cmd,0,1,633.152,633.238,delivered,3,
13833,hb,2,0,633.216,633.32,delivered,4,
13834,cmd,0,2,633.28,633.407,delivered,4,
13835,hb,3,0,633.344,633.365,delivered,1,
13836,hb,4,0,633.408,633.45,delivered,2,
13837,cmd,0,3,633.408,633.429,delivered,1,
13838,cmd,0,4,633.472,633.514,delivered,2,
13839,thumb,4,0,633.536,633.609,delivered,2,
13840,cmd,0,5,633.6,,expired,0,
13841,hb,1,0,633.664,633.768,delivered,3,
13842,cmd,0,1,633.664,633.77,delivered,3,
13843,hb,2,0,633.728,633.812,delivered,4,
13844,cmd,0,2,633.792,633.877,delivered,4,
13845,hb,3,0,633.856,633.878,delivered,1,
13846,cmd,0,3,633.856,633.877,delivered,1,
13847,hb,4,0,633.92,633.962,delivered,2,
13848,cmd,0,4,633.984,634.047,delivered,2,
13849,hb,1,0,634.112,634.175,delivered,3,
13850,cmd,0,5,634.112,,expired,0,
13851,cmd,0,1,634.176,634.26,delivered,3,
13852,hb,2,0,634.24,634.344,delivered,4,
13853,hb,3,0,634.304,634.326,delivered,1,
13854,cmd,0,2,634.304,634.388,delivered,4,
13855,cmd,0,3,634.368,634.389,delivered,1,
13856,thumb,1,0,634.432,634.543,delivered,3,
13857,hb,4,0,634.432,634.49,delivered,2,
13858,cmd,0,4,634.496,634.544,delivered,2,
13859,cmd,0,5,634.56,,expired,0,
13860,hb,1,0,634.624,634.687,delivered,3,
13861,cmd,0,1,634.688,634.751,delivered,3,
13862,hb,2,0,634.752,634.869,delivered,4,
13863,thumb,2,0,634.752,634.944,delivered,4,
13864,cmd,0,2,634.752,634.912,delivered,4,
13865,hb,3,0,634.816,634.837,delivered,1,
13866,cmd,0,3,634.88,634.901,delivered,1,
13867,hb,4,0,634.944,635.007,delivered,2,
13868,cmd,0,4,635.008,635.071,delivered,2,
13869,cmd,0,5,635.072,,expired,0,
13870,hb,1,0,635.136,635.199,delivered,3,
13871,thumb,3,0,635.136,635.172,delivered,1,
13872,cmd,0,1,635.2,635.263,delivered,3,
13873,hb,2,0,635.264,635.348,delivered,4,
13874,cmd,0,2,635.264,635.37,delivered,4,
13875,hb,3,0,635.328,635.35,delivered,1,
13876,cmd,0,3,635.392,635.413,delivered,1,
13877,hb,4,0,635.456,635.498,delivered,2,
13878,cmd,0,4,635.456,635.499,delivered,2,
13879,thumb,4,0,635.52,635.593,delivered,2,
13880,cmd,0,5,635.584,,expired,0,
13881,hb,1,0,635.648,635.711,delivered,3,
13882,hb,2,0,635.712,635.796,delivered,4,
13883,cmd,0,1,635.712,635.797,delivered,3,
13884,cmd,0,2,635.776,635.86,delivered,4,
13885,hb,3,0,635.84,635.861,delivered,1,
13886,hb,4,0,635.904,635.946,delivered,2,
13887,cmd,0,3,635.904,635.925,delivered,1,
13888,cmd,0,4,635.968,636.01,delivered,2,
13889,cmd,0,5,636.096,,expired,0,
13890,hb,1,0,636.16,636.224,delivered,3,
13891,cmd,0,1,636.16,636.225,delivered,3,
13892,hb,2,0,636.224,636.308,delivered,4,
13893,cmd,0,2,636.288,636.372,delivered,4,
13894,hb,3,0,636.352,636.374,delivered,1,
13895,cmd,0,3,636.352,636.373,delivered,1,
13896,thumb,1,0,636.416,636.548,delivered,3,
13897,hb,4,0,636.416,636.495,delivered,2,
13898,cmd,0,4,636.48,636.591,delivered,2,
13899,hb,1,0,636.608,636.692,delivered,3,
13900,cmd,0,5,636.608,,expired,0,
13901,cmd,0,1,636.672,636.777,delivered,3,
13902,hb,2,0,636.736,636.82,delivered,4,
13903,thumb,2,0,636.8,636.948,delivered,4,
13904,cmd,0,2,636.8,636.916,delivered,4,
13905,hb,3,0,636.864,636.886,delivered,1,
13906,cmd,0,3,636.864,636.885,delivered,1,
13907,hb,4,0,636.928,636.97,delivered,2,
13908,cmd,0,4,636.992,637.034,delivered,2,
13909,cmd,0,5,637.056,,expired,0,
13910,hb,1,0,637.12,637.204,delivered,3,
13911,thumb,3,0,637.12,637.156,delivered,1,
13912,cmd,0,1,637.184,637.247,delivered,3,
13913,hb,2,0,637.248,637.332,delivered,4,
13914,hb,3,0,637.312,637.334,delivered,1,
13915,cmd,0,2,637.312,637.396,delivered,4,
13916,cmd,0,3,637.376,637.397,delivered,1,
13917,hb,4,0,637.44,637.482,delivered,2,
13918,thumb,4,0,637.504,637.577,delivered,2,
13919,cmd,0,4,637.504,637.546,delivered,2,
13920,cmd,0,5,637.568,,expired,0,
13921,hb,1,0,637.632,637.695,delivered,3,
13922,cmd,0,1,637.696,637.759,delivered,3,
13923,hb,2,0,637.76,637.844,delivered,4,
13924,cmd,0,2,637.76,637.866,delivered,4,
13925,hb,3,0,637.824,637.846,delivered,1,
13926,cmd,0,3,637.888,637.909,delivered,1,
13927,hb,4,0,637.952,637.994,delivered,2,
13928,cmd,0,4,637.952,637.995,delivered,2,
13929,cmd,0,5,638.08,,expired,0,
13930,hb,1,0,638.144,638.207,delivered,3,
13931,hb,2,0,638.208,638.292,delivered,4,
13932,cmd,0,1,638.208,638.293,delivered,3,
13933,cmd,0,2,638.272,638.356,delivered,4,
13934,hb,3,0,638.336,638.357,delivered,1,
13935,thumb,1,0,638.4,638.559,delivered,3,
13936,cmd,0,3,638.4,638.442,delivered,1,
13937,hb,4,0,638.464,638.506,delivered,2,
13938,cmd,0,4,638.464,638.523,delivered,2,
13939,cmd,0,5,638.592,,expired,0,
13940,hb,1,0,638.656,638.741,delivered,3,
13941,cmd,0,1,638.656,638.742,delivered,3,
13942,hb,2,0,638.72,638.804,delivered,4,
13943,thumb,2,0,638.784,638.969,delivered,4,
13944,cmd,0,2,638.784,638.916,delivered,4,
13945,hb,3,0,638.848,638.869,delivered,1,
13946,hb,4,0,638.912,639.011,delivered,2,
13947,cmd,0,3,638.912,638.933,delivered,1,
13948,cmd,0,4,638.976,639.018,delivered,2,
13949,hb,1,0,639.104,639.188,delivered,3,
13950,cmd,0,5,639.104,,expired,0,
13951,thumb,3,0,639.168,639.206,delivered,1,
13952,cmd,0,1,639.168,639.231,delivered,3,
13953,hb,2,0,639.232,639.336,delivered,4,
13954,cmd,0,2,639.296,639.38,delivered,4,
13955,hb,3,0,639.36,639.382,delivered,1,
13956,cmd,0,3,639.36,639.381,delivered,1,
13957,hb,4,0,639.424,639.466,delivered,2,
13958,thumb,4,0,639.488,639.561,delivered,2,
13959,cmd,0,4,639.488,639.53,delivered,2,
13960,cmd,0,5,639.552,,expired,0,
13961,hb,1,0,639.616,639.679,delivered,3,
13962,cmd,0,1,639.68,639.764,delivered,3,
13963,hb,2,0,639.744,639.828,delivered,4,
13964,hb,3,0,639.808,639.83,delivered,1,
13965,cmd,0,2,639.808,639.892,delivered,4,
13966,cmd,0,3,639.872,639.893,delivered,1,
13967,hb,4,0,639.936,639.978,delivered,2,
13968,cmd,0,4,640.0,640.042,delivered,2,
13969,cmd,0,5,640.064,,expired,0,
13970,hb,1,0,640.128,640.191,delivered,3,
13971,cmd,0,1,640.192,640.255,delivered,3,
13972,hb,2,0,640.256,640.34,delivered,4,
13973,cmd,0,2,640.256,640.362,delivered,4,
13974,hb,3,0,640.32,640.342,delivered,1,
13975,thumb,1,0,640.384,640.493,delivered,3,
13976,cmd,0,3,640.384,640.405,delivered,1,
13977,hb,4,0,640.448,640.515,delivered,2,
13978,cmd,0,4,640.512,640.554,delivered,2,
13979,cmd,0,5,640.576,,expired,0,
13980,hb,1,0,640.64,640.724,delivered,3,
13981,hb,2,0,640.704,640.788,delivered,4,
13982,cmd,0,1,640.704,640.789,delivered,3,
13983,thumb,2,0,640.768,640.953,delivered,4,
13984,cmd,0,2,640.768,640.863,delivered,4,
13985,hb,3,0,640.832,640.853,delivered,1,
13986,cmd,0,3,640.896,640.954,delivered,1,
13987,hb,4,0,640.96,641.002,delivered,2,
13988,cmd,0,4,640.96,641.003,delivered,2,
13989,cmd,0,5,641.088,,expired,0,
13990,hb,1,0,641.152,641.216,delivered,3,
13991,thumb,3,0,641.152,641.19,delivered,1,
13992,cmd,0,1,641.152,641.238,delivered,3,
13993,hb,2,0,641.216,641.3,delivered,4,
13994,cmd,0,2,641.28,641.364,delivered,4,
13995,hb,3,0,641.344,641.365,delivered,1,
13996,hb,4,0,641.408,641.471,delivered,2,
13997,cmd,0,3,641.408,641.429,delivered,1,
13998,cmd,0,4,641.472,641.535,delivered,2,
13999,thumb,4,0,641.536,641.609,delivered,2,
14000,cmd,0,5,641.6,,expired,0,
14001,hb,1,0,641.664,641.728,delivered,3,
14002,cmd,0,1,641.664,641.729,delivered,3,
14003,hb,2,0,641.728,641.812,delivered,4,
14004,cmd,0,2,641.792,641.897,delivered,4,
14005,hb,3,0,641.856,641.878,delivered,1,
14006,cmd,0,3,641.856,641.877,delivered,1,
14007,hb,4,0,641.92,641.962,delivered,2,
14008,cmd,0,4,641.984,642.026,delivered,2,
14009,hb,1,0,642.112,642.175,delivered,3,
14010,cmd,0,5,642.112,,expired,0,
14011,cmd,0,1,642.176,642.239,delivered,3,
14012,hb,2,0,642.24,642.344,delivered,4,
14013,hb,3,0,642.304,642.347,delivered,1,
14014,cmd,0,2,642.304,642.409,delivered,4,
14015,cmd,0,3,642.368,642.389,delivered,1,
14016,thumb,1,0,642.432,642.543,delivered,3,
14017,hb,4,0,642.432,642.49,delivered,2,
14018,cmd,0,4,642.496,642.544,delivered,2,
14019,cmd,0,5,642.56,,expired,0,
14020,hb,1,0,642.624,642.687,delivered,3,
14021,cmd,0,1,642.688,642.751,delivered,3,
14022,hb,2,0,642.752,642.869,delivered,4,
14023,thumb,2,0,642.752,642.944,delivered,4,
14024,cmd,0,2,642.752,642.891,delivered,4,
14025,hb,3,0,642.816,642.837,delivered,1,
14026,cmd,0,3,642.88,642.901,delivered,1,
14027,hb,4,0,642.944,642.986,delivered,2,
14028,cmd,0,4,643.008,643.05,delivered,2,
14029,cmd,0,5,643.072,,expired,0,
14030,hb,1,0,643.136,643.199,delivered,3,
14031,thumb,3,0,643.136,643.172,delivered,1,
14032,cmd,0,1,643.2,643.263,delivered,3,
14033,hb,2,0,643.264,643.348,delivered,4,
14034,cmd,0,2,643.264,643.37,delivered,4,
14035,hb,3,0,643.328,643.35,delivered,1,
14036,cmd,0,3,643.392,643.413,delivered,1,
14037,hb,4,0,643.456,643.498,delivered,2,
14038,cmd,0,4,643.456,643.499,delivered,2,
14039,thumb,4,0,643.52,643.593,delivered,2,
14040,cmd,0,5,643.584,,expired,0,
14041,hb,1,0,643.648,643.711,delivered,3,
14042,hb,2,0,643.712,643.816,delivered,4,
14043,cmd,0,1,643.712,643.776,delivered,3,
14044,cmd,0,2,643.776,643.86,delivered,4,
14045,hb,3,0,643.84,643.861,delivered,1,
14046,hb,4,0,643.904,643.967,delivered,2,
14047,cmd,0,3,643.904,643.925,delivered,1,
14048,cmd,0,4,643.968,644.031,delivered,2,
14049,cmd,0,5,644.096,,expired,0,
14050,hb,1,0,644.16,644.224,delivered,3,
14051,cmd,0,1,644.16,644.225,delivered,3,
14052,hb,2,0,644.224,644.308,delivered,4,
14053,cmd,0,2,644.288,644.372,delivered,4,
14054,hb,3,0,644.352,644.395,delivered,1,
14055,cmd,0,3,644.352,644.373,delivered,1,
14056,thumb,1,0,644.416,644.527,delivered,3,
14057,hb,4,0,644.416,644.474,delivered,2,
14058,cmd,0,4,644.48,644.528,delivered,2,
14059,hb,1,0,644.608,644.671,delivered,3,
14060,cmd,0,5,644.608,,expired,0,
14061,cmd,0,1,644.672,644.735,delivered,3,
14062,hb,2,0,644.736,644.82,delivered,4,
14063,thumb,2,0,644.8,644.948,delivered,4,
14064,cmd,0,2,644.8,644.895,delivered,4,
14065,hb,3,0,644.864,644.886,delivered,1,
14066,cmd,0,3,644.864,644.885,delivered,1,
14067,hb,4,0,644.928,644.97,delivered,2,
14068,cmd,0,4,644.992,645.034,delivered,2,
14069,cmd,0,5,645.056,,expired,0,
14070,hb,1,0,645.12,645.183,delivered,3,
14071,thumb,3,0,645.12,645.156,delivered,1,
14072,cmd,0,1,645.184,645.268,delivered,3,
14073,hb,2,0,645.248,645.332,delivered,4,
14074,hb,3,0,645.312,645.334,delivered,1,
14075,cmd,0,2,645.312,645.396,delivered,4,
14076,cmd,0,3,645.376,645.397,delivered,1,
14077,hb,4,0,645.44,645.482,delivered,2,
14078,thumb,4,0,645.504,645.613,delivered,2,
14079,cmd,0,4,645.504,645.546,delivered,2,
14080,cmd,0,5,645.568,,expired,0,
14081,hb,1,0,645.632,645.695,delivered,3,
14082,cmd,0,1,645.696,645.759,delivered,3,
14083,hb,2,0,645.76,645.844,delivered,4,
14084,cmd,0,2,645.76,645.866,delivered,4,
14085,hb,3,0,645.824,645.846,delivered,1,
14086,cmd,0,3,645.888,645.909,delivered,1,
14087,hb,4,0,645.952,645.994,delivered,2,
14088,cmd,0,4,645.952,646.037,delivered,2,
14089,cmd,0,5,646.08,,expired,0,
14090,hb,1,0,646.144,646.207,delivered,3,
14091,hb,2,0,646.208,646.312,delivered,4,
14092,cmd,0,1,646.208,646.293,delivered,3,
14093,cmd,0,2,646.272,646.377,delivered,4,
14094,hb,3,0,646.336,646.357,delivered,1,
14095,thumb,1,0,646.4,646.509,delivered,3,
14096,cmd,0,3,646.4,646.421,delivered,1,
14097,hb,4,0,646.464,646.531,delivered,2,
14098,cmd,0,4,646.464,646.511,delivered,2,
14099,cmd,0,5,646.592,,expired,0,
14100,hb,1,0,646.656,646.72,delivered,3,
14101,cmd,0,1,646.656,646.721,delivered,3,
14102,hb,2,0,646.72,646.804,delivered,4,
14103,thumb,2,0,646.784,647.007,delivered,4,
14104,cmd,0,2,646.784,646.879,delivered,4,
14105,hb,3,0,646.848,646.869,delivered,1,
14106,hb,4,0,646.912,646.954,delivered,2,
14107,cmd,0,3,646.912,646.933,delivered,1,
14108,cmd,0,4,646.976,647.029,delivered,2,
14109,hb,1,0,647.104,647.167,delivered,3,
14110,cmd,0,5,647.104,,expired,0,
14111,thumb,3,0,647.168,647.206,delivered,1,
14112,cmd,0,1,647.168,647.231,delivered,3,
14113,hb,2,0,647.232,647.316,delivered,4,
14114,cmd,0,2,647.296,647.38,delivered,4,
14115,hb,3,0,647.36,647.382,delivered,1,
14116,cmd,0,3,647.36,647.381,delivered,1,
14117,hb,4,0,647.424,647.466,delivered,2,
14118,thumb,4,0,647.488,647.561,delivered,2,
14119,cmd,0,4,647.488,647.53,delivered,2,
14120,cmd,0,5,647.552,,expired,0,
14121,hb,1,0,647.616,647.72,delivered,3,
14122,cmd,0,1,647.68,647.764,delivered,3,
14123,hb,2,0,647.744,647.828,delivered,4,
14124,hb,3,0,647.808,647.83,delivered,1,
14125,cmd,0,2,647.808,647.892,delivered,4,
14126,cmd,0,3,647.872,647.893,delivered,1,
14127,hb,4,0,647.936,647.978,delivered,2,
14128,cmd,0,4,648.0,648.042,delivered,2,
14129,cmd,0,5,648.064,,expired,0,
14130,hb,1,0,648.128,648.212,delivered,3,
14131,cmd,0,1,648.192,648.255,delivered,3,
14132,hb,2,0,648.256,648.36,delivered,4,
14133,cmd,0,2,648.256,648.383,delivered,4,
14134,hb,3,0,648.32,648.342,delivered,1,
14135,thumb,1,0,648.384,648.493,delivered,3,
14136,cmd,0,3,648.384,648.405,delivered,1,
14137,hb,4,0,648.448,648.515,delivered,2,
14138,cmd,0,4,648.512,648.554,delivered,2,
14139,cmd,0,5,648.576,,expired,0,
14140,hb,1,0,648.64,648.724,delivered,3,
14141,hb,2,0,648.704,648.79,delivered,4,
14142,cmd,0,1,648.704,648.788,delivered,3,
14143,thumb,2,0,648.768,648.916,delivered,4,
14144,cmd,0,2,648.768,648.863,delivered,4,
14145,hb,3,0,648.832,648.853,delivered,1,
14146,cmd,0,3,648.896,648.917,delivered,1,
14147,hb,4,0,648.96,649.002,delivered,2,
14148,cmd,0,4,648.96,649.003,delivered,2,
14149,cmd,0,5,649.088,,expired,0,
14150,hb,1,0,649.152,649.216,delivered,3,
14151,thumb,3,0,649.152,649.19,delivered,1,
14152,cmd,0,1,649.152,649.217,delivered,3,
14153,hb,2,0,649.216,649.341,delivered,4,
14154,cmd,0,2,649.28,649.364,delivered,4,
14155,hb,3,0,649.344,649.365,delivered,1,
14156,hb,4,0,649.408,649.451,delivered,2,
14157,cmd,0,3,649.408,649.45,delivered,1,
14158,cmd,0,4,649.472,649.514,delivered,2,
14159,thumb,4,0,649.536,649.609,delivered,2,
14160,cmd,0,5,649.6,,expired,0,
14161,hb,1,0,649.664,649.749,delivered,3,
14162,cmd,0,1,649.664,649.729,delivered,3,
14163,hb,2,0,649.728,649.812,delivered,4,
14164,cmd,0,2,649.792,649.876,delivered,4,
14165,hb,3,0,649.856,649.878,delivered,1,
14166,cmd,0,3,649.856,649.877,delivered,1,
14167,hb,4,0,649.92,649.983,delivered,2,
14168,cmd,0,4,649.984,650.068,delivered,2,
14169,hb,1,0,650.112,650.175,delivered,3,
14170,cmd,0,5,650.112,,expired,0,
14171,cmd,0,1,650.176,650.239,delivered,3,
14172,hb,2,0,650.24,650.324,delivered,4,
14173,hb,3,0,650.304,650.326,delivered,1,
14174,cmd,0,2,650.304,650.388,delivered,4,
14175,cmd,0,3,650.368,650.389,delivered,1,
14176,thumb,1,0,650.432,650.601,delivered,3,
14177,hb,4,0,650.432,650.511,delivered,2,
14178,cmd,0,4,650.496,650.565,delivered,2,
14179,cmd,0,5,650.56,,expired,0,
14180,hb,1,0,650.624,650.687,delivered,3,
14181,cmd,0,1,650.688,650.751,delivered,3,
14182,hb,2,0,650.752,650.905,delivered,4,
14183,thumb,2,0,650.752,650.959,delivered,4,
14184,cmd,0,2,650.752,650.906,delivered,4,
14185,hb,3,0,650.816,650.837,delivered,1,
14186,cmd,0,3,650.88,650.901,delivered,1,
14187,hb,4,0,650.944,650.986,delivered,2,
14188,cmd,0,4,651.008,651.05,delivered,2,
14189,cmd,0,5,651.072,,expired,0,
14190,hb,1,0,651.136,651.199,delivered,3,
14191,thumb,3,0,651.136,651.172,delivered,1,
14192,cmd,0,1,651.2,651.263,delivered,3,
14193,hb,2,0,651.264,651.348,delivered,4,
14194,cmd,0,2,651.264,651.37,delivered,4,
14195,hb,3,0,651.328,651.35,delivered,1,
14196,cmd,0,3,651.392,651.413,delivered,1,
14197,hb,4,0,651.456,651.498,delivered,2,
14198,cmd,0,4,651.456,651.499,delivered,2,
14199,thumb,4,0,651.52,651.593,delivered,2,
14200,cmd,0,5,651.584,,expired,0,
14201,hb,1,0,651.648,651.711,delivered,3,
14202,hb,2,0,651.712,651.837,delivered,4,
14203,cmd,0,1,651.712,651.797,delivered,3,
14204,cmd,0,2,651.776,651.86,delivered,4,
14205,hb,3,0,651.84,651.861,delivered,1,
14206,hb,4,0,651.904,651.967,delivered,2,
14207,cmd,0,3,651.904,651.925,delivered,1,
14208,cmd,0,4,651.968,652.01,delivered,2,
14209,cmd,0,5,652.096,,expired,0,
14210,hb,1,0,652.16,652.224,delivered,3,
14211,cmd,0,1,652.16,652.225,delivered,3,
14212,hb,2,0,652.224,652.308,delivered,4,
14213,cmd,0,2,652.288,652.372,delivered,4,
14214,hb,3,0,652.352,652.395,delivered,1,
14215,cmd,0,3,652.352,652.373,delivered,1,
14216,thumb,1,0,652.416,652.527,delivered,3,
14217,hb,4,0,652.416,652.474,delivered,2,
14218,cmd,0,4,652.48,652.528,delivered,2,
14219,hb,1,0,652.608,652.692,delivered,3,
14220,cmd,0,5,652.608,,expired,0,
14221,cmd,0,1,652.672,652.777,delivered,3,
14222,hb,2,0,652.736,652.82,delivered,4,
14223,thumb,2,0,652.8,652.95,delivered,4,
14224,cmd,0,2,652.8,652.895,delivered,4,
14225,hb,3,0,652.864,652.933,delivered,1,
14226,cmd,0,3,652.864,652.885,delivered,1,
14227,hb,4,0,652.928,653.035,delivered,2,
14228,cmd,0,4,652.992,653.034,delivered,2,
14229,cmd,0,5,653.056,,expired,0,
14230,hb,1,0,653.12,653.204,delivered,3,
14231,thumb,3,0,653.12,653.156,delivered,1,
14232,cmd,0,1,653.184,653.247,delivered,3,
14233,hb,2,0,653.248,653.356,delivered,4,
14234,hb,3,0,653.312,653.355,delivered,1,
14235,cmd,0,2,653.312,653.399,delivered,4,
14236,cmd,0,3,653.376,653.418,delivered,1,
14237,hb,4,0,653.44,653.503,delivered,2,
14238,thumb,4,0,653.504,653.613,delivered,2,
14239,cmd,0,4,653.504,653.546,delivered,2,
14240,cmd,0,5,653.568,,expired,0,
14241,hb,1,0,653.632,653.695,delivered,3,
14242,cmd,0,1,653.696,653.801,delivered,3,
14243,hb,2,0,653.76,653.844,delivered,4,
14244,cmd,0,2,653.76,653.867,delivered,4,
14245,hb,3,0,653.824,653.845,delivered,1,
14246,cmd,0,3,653.888,653.909,delivered,1,
14247,hb,4,0,653.952,653.994,delivered,2,
14248,cmd,0,4,653.952,653.995,delivered,2,
14249,cmd,0,5,654.08,,expired,0,
14250,hb,1,0,654.144,654.228,delivered,3,
14251,hb,2,0,654.208,654.294,delivered,4,
14252,cmd,0,1,654.208,654.356,delivered,3,
14253,cmd,0,2,654.272,654.399,delivered,4,
14254,hb,3,0,654.336,654.358,delivered,1,
14255,thumb,1,0,654.4,654.509,delivered,3,
14256,cmd,0,3,654.4,654.421,delivered,1,
14257,hb,4,0,654.464,654.531,delivered,2,
14258,cmd,0,4,654.464,654.511,delivered,2,
14259,cmd,0,5,654.592,,expired,0,
14260,hb,1,0,654.656,654.72,delivered,3,
14261,cmd,0,1,654.656,654.721,delivered,3,
14262,hb,2,0,654.72,654.824,delivered,4,
14263,thumb,2,0,654.784,654.942,delivered,4,
14264,cmd,0,2,654.784,654.889,delivered,4,
14265,hb,3,0,654.848,654.869,delivered,1,
14266,hb,4,0,654.912,654.966,delivered,2,
14267,cmd,0,3,654.912,654.965,delivered,1,
14268,cmd,0,4,654.976,655.039,delivered,2,
14269,hb,1,0,655.104,655.188,delivered,3,
14270,cmd,0,5,655.104,,expired,0,
14271,thumb,3,0,655.168,655.206,delivered,1,
14272,cmd,0,1,655.168,655.231,delivered,3,
14273,hb,2,0,655.232,655.336,delivered,4,
14274,cmd,0,2,655.296,655.38,delivered,4,
14275,hb,3,0,655.36,655.382,delivered,1,
14276,cmd,0,3,655.36,655.381,delivered,1,
14277,hb,4,0,655.424,655.466,delivered,2,
14278,thumb,4,0,655.488,655.561,delivered,2,
14279,cmd,0,4,655.488,655.53,delivered,2,
14280,cmd,0,5,655.552,,expired,0,
14281,hb,1,0,655.616,655.679,delivered,3,
14282,cmd,0,1,655.68,655.743,delivered,3,
14283,hb,2,0,655.744,655.828,delivered,4,
14284,hb,3,0,655.808,655.83,delivered,1,
14285,cmd,0,2,655.808,655.892,delivered,4,
14286,cmd,0,3,655.872,655.893,delivered,1,
14287,hb,4,0,655.936,655.978,delivered,2,
14288,cmd,0,4,656.0,656.042,delivered,2,
14289,cmd,0,5,656.064,,expired,0,
14290,hb,1,0,656.128,656.191,delivered,3,
14291,cmd,0,1,656.192,656.276,delivered,3,
14292,hb,2,0,656.256,656.34,delivered,4,
14293,cmd,0,2,656.256,656.362,delivered,4,
14294,hb,3,0,656.32,656.342,delivered,1,
14295,thumb,1,0,656.384,656.571,delivered,3,
14296,cmd,0,3,656.384,656.405,delivered,1,
14297,hb,4,0,656.448,656.552,delivered,2,
14298,cmd,0,4,656.512,656.575,delivered,2,
14299,cmd,0,5,656.576,,expired,0,
14300,hb,1,0,656.64,656.703,delivered,3,
14301,hb,2,0,656.704,656.788,delivered,4,
14302,cmd,0,1,656.704,656.789,delivered,3,
14303,thumb,2,0,656.768,656.916,delivered,4,
14304,cmd,0,2,656.768,656.863,delivered,4,
14305,hb,3,0,656.832,656.853,delivered,1,
14306,cmd,0,3,656.896,656.917,delivered,1,
14307,hb,4,0,656.96,657.002,delivered,2,
14308,cmd,0,4,656.96,657.003,delivered,2,
14309,cmd,0,5,657.088,,expired,0,
14310,hb,1,0,657.152,657.236,delivered,3,
14311,thumb,3,0,657.152,657.19,delivered,1,
14312,cmd,0,1,657.152,657.258,delivered,3,
14313,hb,2,0,657.216,657.3,delivered,4,
14314,cmd,0,2,657.28,657.365,delivered,4,
14315,hb,3,0,657.344,657.365,delivered,1,
14316,hb,4,0,657.408,657.471,delivered,2,
14317,cmd,0,3,657.408,657.429,delivered,1,
14318,cmd,0,4,657.472,657.514,delivered,2,
14319,thumb,4,0,657.536,657.609,delivered,2,
14320,cmd,0,5,657.6,,expired,0,
14321,hb,1,0,657.664,657.728,delivered,3,
14322,cmd,0,1,657.664,657.729,delivered,3,
14323,hb,2,0,657.728,657.812,delivered,4,
14324,cmd,0,2,657.792,657.876,delivered,4,
14325,hb,3,0,657.856,657.878,delivered,1,
14326,cmd,0,3,657.856,657.877,delivered,1,
14327,hb,4,0,657.92,657.962,delivered,2,
14328,cmd,0,4,657.984,658.026,delivered,2,
14329,hb,1,0,658.112,658.175,delivered,3,
14330,cmd,0,5,658.112,,expired,0,
14331,cmd,0,1,658.176,658.239,delivered,3,
14332,hb,2,0,658.24,658.324,delivered,4,
14333,hb,3,0,658.304,658.347,delivered,1,
14334,cmd,0,2,658.304,658.39,delivered,4,
14335,cmd,0,3,658.368,658.41,delivered,1,
14336,thumb,1,0,658.432,658.58,delivered,3,
14337,hb,4,0,658.432,658.49,delivered,2,
14338,cmd,0,4,658.496,658.544,delivered,2,
14339,cmd,0,5,658.56,,expired,0,
14340,hb,1,0,658.624,658.708,delivered,3,
14341,cmd,0,1,658.688,658.751,delivered,3,
14342,hb,2,0,658.752,658.869,delivered,4,
14343,thumb,2,0,658.752,658.944,delivered,4,
14344,cmd,0,2,658.752,658.891,delivered,4,
14345,hb,3,0,658.816,658.837,delivered,1,
14346,cmd,0,3,658.88,658.901,delivered,1,
14347,hb,4,0,658.944,658.986,delivered,2,
14348,cmd,0,4,659.008,659.071,delivered,2,
14349,cmd,0,5,659.072,,expired,0,
14350,hb,1,0,659.136,659.199,delivered,3,
14351,thumb,3,0,659.136,659.172,delivered,1,
14352,cmd,0,1,659.2,659.263,delivered,3,
14353,hb,2,0,659.264,659.348,delivered,4,
14354,cmd,0,2,659.264,659.37,delivered,4,
14355,hb,3,0,659.328,659.35,delivered,1,
14356,cmd,0,3,659.392,659.413,delivered,1,
14357,hb,4,0,659.456,659.499,delivered,2,
14358,cmd,0,4,659.456,659.519,delivered,2,
14359,thumb,4,0,659.52,659.593,delivered,2,
14360,cmd,0,5,659.584,,expired,0,
14361,hb,1,0,659.648,659.711,delivered,3,
14362,hb,2,0,659.712,659.816,delivered,4,
14363,cmd,0,1,659.712,659.776,delivered,3,
14364,cmd,0,2,659.776,659.86,delivered,4,
14365,hb,3,0,659.84,659.861,delivered,1,
14366,hb,4,0,659.904,659.946,delivered,2,
14367,cmd,0,3,659.904,659.925,delivered,1,
14368,cmd,0,4,659.968,660.01,delivered,2,
14369,cmd,0,5,660.096,,expired,0,
14370,hb,1,0,660.16,660.224,delivered,3,
14371,cmd,0,1,660.16,660.225,delivered,3,
14372,hb,2,0,660.224,660.308,delivered,4,
14373,cmd,0,2,660.288,660.372,delivered,4,
14374,hb,3,0,660.352,660.374,delivered,1,
14375,cmd,0,3,660.352,660.373,delivered,1,
14376,thumb,1,0,660.416,660.6,delivered,3,
14377,hb,4,0,660.416,660.474,delivered,2,
14378,cmd,0,4,660.48,660.528,delivered,2,
14379,hb,1,0,660.608,660.692,delivered,3,
14380,cmd,0,5,660.608,,expired,0,
14381,cmd,0,1,660.672,660.735,delivered,3,
14382,hb,2,0,660.736,660.82,delivered,4,
14383,thumb,2,0,660.8,660.948,delivered,4,
14384,cmd,0,2,660.8,660.895,delivered,4,
14385,hb,3,0,660.864,660.886,delivered,1,
14386,cmd,0,3,660.864,660.885,delivered,1,
14387,hb,4,0,660.928,660.97,delivered,2,
14388,cmd,0,4,660.992,661.034,delivered,2,
14389,cmd,0,5,661.056,,expired,0,
14390,hb,1,0,661.12,661.183,delivered,3,
14391,thumb,3,0,661.12,661.156,delivered,1,
14392,cmd,0,1,661.184,661.247,delivered,3,
14393,hb,2,0,661.248,661.332,delivered,4,
14394,hb,3,0,661.312,661.334,delivered,1,
14395,cmd,0,2,661.312,661.396,delivered,4,
14396,cmd,0,3,661.376,661.397,delivered,1,
14397,hb,4,0,661.44,661.482,delivered,2,
14398,thumb,4,0,661.504,661.613,delivered,2,
14399,cmd,0,4,661.504,661.546,delivered,2,
14400,data,2,0,661.568,662.072,delivered,4,2|P7|0
14401,data,2,0,661.568,662.515,delivered,4,2|P7|1
14402,data,2,0,661.568,662.582,delivered,4,2|P7|2
14403,data,2,0,661.568,662.933,delivered,4,2|P7|3
14404,cmd,0,5,661.568,,expired,0,
14405,hb,1,0,661.632,661.697,delivered,3,
14406,cmd,0,1,661.696,661.827,delivered,3,
14407,hb,2,0,661.76,662.005,delivered,4,
14408,cmd,0,2,661.76,661.962,delivered,4,
14409,hb,3,0,661.824,661.845,delivered,1,
14410,cmd,0,3,661.888,661.909,delivered,1,
14411,hb,4,0,661.952,662.249,delivered,2,
14412,cmd,0,4,661.952,662.006,delivered,2,
14413,cmd,0,5,662.08,,expired,0,
14414,ack,0,2,662.072,662.27,delivered,4,
14415,hb,1,0,662.144,662.292,delivered,3,
14416,hb,2,0,662.208,662.383,delivered,4,
14417,cmd,0,1,662.208,662.293,delivered,3,
14418,cmd,0,2,662.272,662.45,delivered,4,
14419,data,2,0,662.336,663.202,delivered,4,2|P7|4
14420,hb,3,0,662.336,662.381,delivered,1,
14421,thumb,1,0,662.4,662.728,delivered,3,
14422,cmd,0,3,662.4,662.421,delivered,1,
14423,hb,4,0,662.464,662.641,delivered,2,
14424,cmd,0,4,662.464,662.584,delivered,2,
14425,ack,0,2,662.515,662.654,delivered,4,
14426,cmd,0,5,662.592,,expired,0,
14427,ack,0,2,662.582,662.675,delivered,4,
14428,hb,1,0,662.656,662.864,delivered,3,
14429,cmd,0,1,662.656,662.865,delivered,3,
14430,hb,2,0,662.72,662.957,delivered,4,
14431,data,2,0,662.72,663.551,delivered,4,2|P7|5
14432,data,2,0,662.784,663.783,delivered,4,2|P7|6
14433,thumb,2,0,662.784,663.033,delivered,4,
14434,cmd,0,2,662.784,663.05,delivered,4,
14435,hb,3,0,662.848,662.935,delivered,1,
14436,hb,4,0,662.912,662.979,delivered,2,
14437,cmd,0,3,662.912,662.935,delivered,1,
14438,cmd,0,4,662.976,663.117,delivered,2,
14439,ack,0,2,662.933,663.27,delivered,4,
14440,hb,1,0,663.104,663.272,delivered,3,
14441,cmd,0,5,663.104,,expired,0,
14442,thumb,3,0,663.168,663.268,delivered,1,
14443,cmd,0,1,663.168,663.273,delivered,3,
14444,hb,2,0,663.232,663.573,delivered,4,
14445,ack,0,2,663.202,663.464,delivered,4,
14446,cmd,0,2,663.296,663.699,delivered,4,
14447,data,2,0,663.36,664.01,delivered,4,2|P7|7
14448,hb,3,0,663.36,663.485,delivered,1,
14449,cmd,0,3,663.36,663.442,delivered,1,
14450,hb,4,0,663.424,663.596,delivered,2,
14451,thumb,4,0,663.488,663.713,delivered,2,
14452,cmd,0,4,663.488,663.574,delivered,2,
14453,data,2,0,663.552,664.076,delivered,4,2|P7|8
14454,cmd,0,5,663.552,,expired,0,
14455,ack,0,2,663.551,663.699,delivered,4,
14456,hb,1,0,663.616,663.806,delivered,3,
14457,cmd,0,1,663.68,663.807,delivered,3,
14458,hb,2,0,663.744,663.942,delivered,4,
14459,data,2,0,663.808,664.364,delivered,4,2|P7|9
14460,hb,3,0,663.808,663.875,delivered,1,
14461,cmd,0,2,663.808,664.168,delivered,4,
14462,ack,0,2,663.783,664.145,delivered,4,
14463,cmd,0,3,663.872,663.893,delivered,1,
14464,hb,4,0,663.936,664.145,delivered,2,
14465,cmd,0,4,664.0,664.148,delivered,2,
14466,cmd,0,5,664.064,,expired,0,
14467,ack,0,2,664.01,664.253,delivered,4,
14468,hb,1,0,664.128,664.296,delivered,3,
14469,ack,0,2,664.076,664.294,delivered,4,
14470,cmd,0,1,664.192,664.276,delivered,3,
14471,hb,2,0,664.256,664.408,delivered,4,
14472,data,2,0,664.256,664.929,delivered,4,2|P7|10
14473,cmd,0,2,664.256,664.47,delivered,4,
14474,data,2,0,664.32,665.13,delivered,4,2|P7|11
14475,hb,3,0,664.32,664.386,delivered,1,
14476,thumb,1,0,664.384,664.775,delivered,3,
14477,data,2,0,664.384,665.536,delivered,4,2|P7|12
14478,cmd,0,3,664.384,664.426,delivered,1,
14479,ack,0,2,664.364,664.536,delivered,4,
14480,hb,4,0,664.448,664.492,delivered,2,
14481,cmd,0,4,664.512,664.554,delivered,2,
14482,cmd,0,5,664.576,,expired,0,
14483,hb,1,0,664.64,664.844,delivered,3,
14484,data,2,0,664.64,665.603,delivered,4,2|P7|13
14485,hb,2,0,664.704,665.236,delivered,4,
14486,cmd,0,1,664.704,664.977,delivered,3,
14487,thumb,2,0,664.768,665.47,delivered,4,
14488,cmd,0,2,664.768,665.046,delivered,4,
14489,hb,3,0,664.832,664.853,delivered,1,
14490,cmd,0,3,664.896,664.952,delivered,1,
14491,hb,4,0,664.96,665.152,delivered,2,
14492,cmd,0,4,664.96,665.045,delivered,2,
14493,ack,0,2,664.929,665.237,delivered,4,
14494,cmd,0,5,665.088,,expired,0,
14495,hb,1,0,665.152,665.281,delivered,3,
14496,thumb,3,0,665.152,665.318,delivered,1,
14497,cmd,0,1,665.152,665.26,delivered,3,
14498,ack,0,2,665.13,665.32,delivered,4,
14499,hb,2,0,665.216,665.301,delivered,4,
14500,cmd,0,2,665.28,665.694,delivered,4,
14501,data,2,0,665.344,665.941,delivered,4,2|P7|14
14502,hb,3,0,665.344,665.387,delivered,1,
14503,data,2,0,665.408,666.253,delivered,4,2|P7|15
14504,hb,4,0,665.408,665.693,delivered,2,
14505,cmd,0,3,665.408,665.429,delivered,1,
14506,cmd,0,4,665.472,665.626,delivered,2,
14507,thumb,4,0,665.536,665.787,delivered,2,
14508,cmd,0,5,665.6,,expired,0,
14509,ack,0,2,665.536,665.734,delivered,4,
14510,hb,1,0,665.664,665.733,delivered,3,
14511,cmd,0,1,665.664,665.734,delivered,3,
14512,ack,0,2,665.603,665.855,delivered,4,
14513,hb,2,0,665.728,666.05,delivered,4,
14514,cmd,0,2,665.792,666.121,delivered,4,
14515,data,2,0,665.856,666.32,delivered,4,2|P7|16
14516,hb,3,0,665.856,665.943,delivered,1,
14517,cmd,0,3,665.856,665.942,delivered,1,
14518,data,2,0,665.92,666.566,delivered,4,2|P7|17
14519,hb,4,0,665.92,666.12,delivered,2,
14520,cmd,0,4,665.984,666.03,delivered,2,
14521,ack,0,2,665.941,666.189,delivered,4,
14522,hb,1,0,666.112,666.412,delivered,3,
14523,cmd,0,5,666.112,,expired,0,
14524,cmd,0,1,666.176,666.392,delivered,3,
14525,hb,2,0,666.24,666.658,delivered,4,
14526,data,2,0,666.304,666.783,delivered,4,2|P7|18
14527,hb,3,0,666.304,666.411,delivered,1,
14528,cmd,0,2,666.304,666.59,delivered,4,
14529,ack,0,2,666.253,666.658,delivered,4,
14530,cmd,0,3,666.368,666.389,delivered,1,
14531,ack,0,2,666.32,666.679,delivered,4,
14532,thumb,1,0,666.432,666.716,delivered,3,
14533,hb,4,0,666.432,666.588,delivered,2,
14534,cmd,0,4,666.496,666.658,delivered,2,
14535,cmd,0,5,666.56,,expired,0,
14536,hb,1,0,666.624,666.699,delivered,3,
14537,ack,0,2,666.566,666.805,delivered,4,
14538,cmd,0,1,666.688,666.827,delivered,3,
14539,hb,2,0,666.752,666.871,delivered,4,
14540,data,2,0,666.752,667.35,delivered,4,2|P7|19
14541,data,2,0,666.752,667.603,delivered,4,2|P7|20
14542,thumb,2,0,666.752,667.006,delivered,4,
14543,cmd,0,2,666.752,666.85,delivered,4,
14544,hb,3,0,666.816,666.837,delivered,1,
14545,ack,0,2,666.783,666.999,delivered,4,
14546,data,2,0,666.88,667.672,delivered,4,2|P7|21
14547,cmd,0,3,666.88,666.901,delivered,1,
14548,hb,4,0,666.944,667.028,delivered,2,
14549,cmd,0,4,667.008,667.05,delivered,2,
14550,data,2,0,667.072,667.888,delivered,4,2|P7|22
14551,cmd,0,5,667.072,,expired,0,
14552,hb,1,0,667.136,667.466,delivered,3,
14553,thumb,3,0,667.136,667.28,delivered,1,
14554,cmd,0,1,667.2,667.399,delivered,3,
14555,hb,2,0,667.264,667.605,delivered,4,
14556,cmd,0,2,667.264,667.534,delivered,4,
14557,hb,3,0,667.328,667.352,delivered,1,
14558,cmd,0,3,667.392,667.413,delivered,1,
14559,ack,0,2,667.35,667.626,delivered,4,
14560,hb,4,0,667.456,667.604,delivered,2,
14561,cmd,0,4,667.456,667.536,delivered,2,
14562,thumb,4,0,667.52,667.732,delivered,2,
14563,cmd,0,5,667.584,,expired,0,
14564,hb,1,0,667.648,667.715,delivered,3,
14565,ack,0,2,667.603,667.8,delivered,4,
14566,hb,2,0,667.712,667.932,delivered,4,
14567,data,2,0,667.712,668.282,delivered,4,2|P7|23
14568,cmd,0,1,667.712,667.82,delivered,3,
14569,ack,0,2,667.672,667.909,delivered,4,
14570,cmd,0,2,667.776,667.932,delivered,4,
14571,hb,3,0,667.84,667.889,delivered,1,
14572,data,2,0,667.904,668.464,delivered,4,2|P7|24
14573,hb,4,0,667.904,667.954,delivered,2,
14574,cmd,0,3,667.904,667.925,delivered,1,
14575,ack,0,2,667.888,668.198,delivered,4,
14576,cmd,0,4,667.968,668.01,delivered,2,
14577,data,2,0,668.032,668.82,delivered,4,2|P7|25
14578,cmd,0,5,668.096,,expired,0,
14579,hb,1,0,668.16,668.395,delivered,3,
14580,cmd,0,1,668.16,668.306,delivered,3,
14581,hb,2,0,668.224,668.498,delivered,4,
14582,data,2,0,668.288,668.886,delivered,4,2|P7|26
14583,cmd,0,2,668.288,668.521,delivered,4,
14584,ack,0,2,668.282,668.543,delivered,4,
14585,hb,3,0,668.352,668.396,delivered,1,
14586,cmd,0,3,668.352,668.373,delivered,1,
14587,thumb,1,0,668.416,668.71,delivered,3,
14588,hb,4,0,668.416,668.52,delivered,2,
14589,cmd,0,4,668.48,668.56,delivered,2,
14590,ack,0,2,668.464,668.751,delivered,4,
14591,hb,1,0,668.608,668.753,delivered,3,
14592,data,2,0,668.608,669.127,delivered,4,2|P7|27
14593,cmd,0,5,668.608,,expired,0,
14594,cmd,0,1,668.672,668.754,delivered,3,
14595,hb,2,0,668.736,669.002,delivered,4,
14596,thumb,2,0,668.8,669.06,delivered,4,
14597,cmd,0,2,668.8,669.197,delivered,4,
14598,data,2,0,668.864,669.316,delivered,4,2|P7|28
14599,hb,3,0,668.864,668.933,delivered,1,
14600,cmd,0,3,668.864,668.934,delivered,1,
14601,ack,0,2,668.82,669.197,delivered,4,
14602,hb,4,0,668.928,669.043,delivered,2,
14603,ack,0,2,668.886,669.198,delivered,4,
14604,cmd,0,4,668.992,669.044,delivered,2,
14605,cmd,0,5,669.056,,expired,0,
14606,hb,1,0,669.12,669.318,delivered,3,
14607,thumb,3,0,669.12,669.248,delivered,1,
14608,cmd,0,1,669.184,669.359,delivered,3,
14609,ack,0,2,669.127,669.399,delivered,4,
14610,hb,2,0,669.248,669.381,delivered,4,
14611,data,2,0,669.312,669.831,delivered,4,2|P7|29
14612,data,2,0,669.312,670.128,delivered,4,2|P7|30
14613,hb,3,0,669.312,669.34,delivered,1,
14614,cmd,0,2,669.312,669.466,delivered,4,
14615,cmd,0,3,669.376,669.397,delivered,1,
14616,ack,0,2,669.316,669.48,delivered,4,
14617,hb,4,0,669.44,669.488,delivered,2,
14618,data,2,0,669.504,670.194,delivered,4,2|P7|31
14619,thumb,4,0,669.504,669.665,delivered,2,
14620,cmd,0,4,669.504,669.546,delivered,2,
14621,data,2,0,669.568,670.351,delivered,4,2|P7|32
14622,cmd,0,5,669.568,,expired,0,
14623,hb,1,0,669.632,669.968,delivered,3,
14624,cmd,0,1,669.696,670.037,delivered,3,
14625,hb,2,0,669.76,670.038,delivered,4,
14626,cmd,0,2,669.76,670.062,delivered,4,
14627,hb,3,0,669.824,669.845,delivered,1,
14628,cmd,0,3,669.888,669.909,delivered,1,
14629,ack,0,2,669.831,670.083,delivered,4,
14630,hb,4,0,669.952,670.059,delivered,2,
14631,cmd,0,4,669.952,670.04,delivered,2,
14632,cmd,0,5,670.08,,expired,0,
14633,hb,1,0,670.144,670.353,delivered,3,
14634,ack,0,2,670.128,670.35,delivered,4,
14635,hb,2,0,670.208,670.397,delivered,4,
14636,data,2,0,670.208,670.672,delivered,4,2|P7|33
14637,cmd,0,1,670.208,670.354,delivered,3,
14638,ack,0,2,670.194,670.376,delivered,4,
14639,cmd,0,2,670.272,670.481,delivered,4,
14640,hb,3,0,670.336,670.357,delivered,1,
14641,thumb,1,0,670.4,670.603,delivered,3,
14642,cmd,0,3,670.4,670.442,delivered,1,
14643,ack,0,2,670.351,670.587,delivered,4,
14644,data,2,0,670.464,670.895,delivered,4,2|P7|34
14645,data,2,0,670.464,671.401,delivered,4,2|P7|35
14646,hb,4,0,670.464,670.52,delivered,2,
14647,cmd,0,4,670.464,670.506,delivered,2,
14648,cmd,0,5,670.592,,expired,0,
14649,hb,1,0,670.656,670.829,delivered,3,
14650,data,2,0,670.656,671.532,delivered,4,2|P7|36
14651,cmd,0,1,670.656,670.957,delivered,3,
14652,hb,2,0,670.72,671.031,delivered,4,
14653,ack,0,2,670.672,671.039,delivered,4,
14654,thumb,2,0,670.784,671.141,delivered,4,
14655,cmd,0,2,670.784,671.252,delivered,4,
14656,hb,3,0,670.848,670.896,delivered,1,
14657,hb,4,0,670.912,671.163,delivered,2,
14658,cmd,0,3,670.912,670.933,delivered,1,
14659,ack,0,2,670.895,671.253,delivered,4,
14660,cmd,0,4,670.976,671.018,delivered,2,
14661,hb,1,0,671.104,671.185,delivered,3,
14662,data,2,0,671.104,671.952,delivered,4,2|P7|37
14663,cmd,0,5,671.104,,expired,0,
14664,thumb,3,0,671.168,671.268,delivered,1,
14665,cmd,0,1,671.168,671.404,delivered,3,
14666,hb,2,0,671.232,671.447,delivered,4,
14667,cmd,0,2,671.296,671.578,delivered,4,
14668,data,2,0,671.36,672.197,delivered,4,2|P7|38
14669,hb,3,0,671.36,671.445,delivered,1,
14670,cmd,0,3,671.36,671.402,delivered,1,
14671,hb,4,0,671.424,671.731,delivered,2,
14672,ack,0,2,671.401,671.731,delivered,4,
14673,thumb,4,0,671.488,671.839,delivered,2,
14674,cmd,0,4,671.488,671.577,delivered,2,
14675,cmd,0,5,671.552,,expired,0,
14676,ack,0,2,671.532,671.91,delivered,4,
14677,hb,1,0,671.616,671.822,delivered,3,
14678,cmd,0,1,671.68,671.844,delivered,3,
14679,hb,2,0,671.744,671.885,delivered,4,
14680,data,2,0,671.808,672.575,delivered,4,2|P7|39
14681,hb,3,0,671.808,671.861,delivered,1,
14682,cmd,0,2,671.808,671.932,delivered,4,
14683,cmd,0,3,671.872,672.02,delivered,1,
14684,hb,4,0,671.936,672.108,delivered,2,
14685,data,2,0,672.0,672.509,delivered,4,2|P7|40
14686,cmd,0,4,672.0,672.13,delivered,2,
14687,ack,0,2,671.952,672.462,delivered,4,
14688,cmd,0,5,672.064,,expired,0,
14689,hb,1,0,672.128,672.405,delivered,3,
14690,cmd,0,1,672.192,672.402,delivered,3,
14691,hb,2,0,672.256,672.425,delivered,4,
14692,cmd,0,2,672.256,672.464,delivered,4,
14693,ack,0,2,672.197,672.597,delivered,4,
14694,hb,3,0,672.32,672.42,delivered,1,
14695,thumb,1,0,672.384,672.657,delivered,3,
14696,cmd,0,3,672.384,672.406,delivered,1,
14697,hb,4,0,672.448,672.618,delivered,2,
14698,cmd,0,4,672.512,672.619,delivered,2,
14699,ack,0,2,672.509,672.686,delivered,4,
14700,data,2,0,672.576,673.013,delivered,4,2|P7|41
14701,cmd,0,5,672.576,,expired,0,
14702,ack,0,2,672.575,672.678,delivered,4,
14703,hb,1,0,672.64,672.706,delivered,3,
14704,hb,2,0,672.704,673.319,delivered,4,
14705,data,2,0,672.704,673.54,delivered,4,2|P7|42
14706,cmd,0,1,672.704,672.861,delivered,3,
14707,data,2,0,672.768,673.858,delivered,4,2|P7|43
14708,data,2,0,672.768,673.925,delivered,4,2|P7|44
14709,thumb,2,0,672.768,673.64,delivered,4,
14710,cmd,0,2,672.768,673.229,delivered,4,
14711,hb,3,0,672.832,672.853,delivered,1,
14712,cmd,0,3,672.896,672.928,delivered,1,
14713,hb,4,0,672.96,673.453,delivered,2,
14714,cmd,0,4,672.96,673.035,delivered,2,
14715,ack,0,2,673.013,673.252,delivered,4,
14716,cmd,0,5,673.088,,expired,0,
14717,hb,1,0,673.152,673.455,delivered,3,
14718,thumb,3,0,673.152,673.19,delivered,1,
14719,cmd,0,1,673.152,673.234,delivered,3,
14720,hb,2,0,673.216,673.607,delivered,4,
14721,cmd,0,2,673.28,673.627,delivered,4,
14722,data,2,0,673.344,673.995,delivered,4,2|P7|45
14723,hb,3,0,673.344,673.456,delivered,1,
14724,hb,4,0,673.408,673.605,delivered,2,
14725,cmd,0,3,673.408,673.454,delivered,1,
14726,cmd,0,4,673.472,673.562,delivered,2,
14727,thumb,4,0,673.536,673.787,delivered,2,
14728,cmd,0,5,673.6,,expired,0,
14729,ack,0,2,673.54,673.747,delivered,4,
14730,hb,1,0,673.664,673.769,delivered,3,
14731,cmd,0,1,673.664,673.792,delivered,3,
14732,hb,2,0,673.728,673.997,delivered,4,
14733,cmd,0,2,673.792,674.02,delivered,4,
14734,hb,3,0,673.856,673.927,delivered,1,
14735,cmd,0,3,673.856,673.996,delivered,1,
14736,hb,4,0,673.92,674.02,delivered,2,
14737,ack,0,2,673.858,674.06,delivered,4,
14738,cmd,0,4,673.984,674.061,delivered,2,
14739,ack,0,2,673.925,674.103,delivered,4,
14740,ack,0,2,673.995,674.13,delivered,4,
14741,hb,1,0,674.112,674.175,delivered,3,
14742,cmd,0,5,674.112,,expired,0,
14743,cmd,0,1,674.176,674.26,delivered,3,
14744,hb,2,0,674.24,674.324,delivered,4,
14745,hb,3,0,674.304,674.326,delivered,1,
14746,cmd,0,2,674.304,674.388,delivered,4,
14747,cmd,0,3,674.368,674.389,delivered,1,
14748,thumb,1,0,674.432,674.564,delivered,3,
14749,hb,4,0,674.432,674.532,delivered,2,
14750,cmd,0,4,674.496,674.565,delivered,2,
14751,cmd,0,5,674.56,,expired,0,
14752,hb,1,0,674.624,674.687,delivered,3,
14753,cmd,0,1,674.688,674.751,delivered,3,
14754,hb,2,0,674.752,674.869,delivered,4,
14755,thumb,2,0,674.752,674.944,delivered,4,
14756,cmd,0,2,674.752,674.912,delivered,4,
14757,hb,3,0,674.816,674.837,delivered,1,
14758,cmd,0,3,674.88,674.901,delivered,1,
14759,hb,4,0,674.944,675.007,delivered,2,
14760,cmd,0,4,675.008,675.05,delivered,2,
14761,cmd,0,5,675.072,,expired,0,
14762,hb,1,0,675.136,675.22,delivered,3,
14763,thumb,3,0,675.136,675.172,delivered,1,
14764,cmd,0,1,675.2,675.263,delivered,3,
14765,hb,2,0,675.264,675.348,delivered,4,
14766,cmd,0,2,675.264,675.37,delivered,4,
14767,hb,3,0,675.328,675.35,delivered,1,
14768,cmd,0,3,675.392,675.413,delivered,1,
14769,hb,4,0,675.456,675.498,delivered,2,
14770,cmd,0,4,675.456,675.499,delivered,2,
14771,thumb,4,0,675.52,675.629,delivered,2,
14772,cmd,0,5,675.584,,expired,0,
14773,hb,1,0,675.648,675.752,delivered,3,
14774,hb,2,0,675.712,675.798,delivered,4,
14775,cmd,0,1,675.712,675.796,delivered,3,
14776,cmd,0,2,675.776,675.86,delivered,4,
14777,hb,3,0,675.84,675.861,delivered,1,
14778,hb,4,0,675.904,675.967,delivered,2,
14779,cmd,0,3,675.904,675.925,delivered,1,
14780,cmd,0,4,675.968,676.052,delivered,2,
14781,cmd,0,5,676.096,,expired,0,
14782,hb,1,0,676.16,676.224,delivered,3,
14783,cmd,0,1,676.16,676.225,delivered,3,
14784,hb,2,0,676.224,676.328,delivered,4,
14785,cmd,0,2,676.288,676.372,delivered,4,
14786,hb,3,0,676.352,676.395,delivered,1,
14787,cmd,0,3,676.352,676.373,delivered,1,
14788,thumb,1,0,676.416,676.527,delivered,3,
14789,hb,4,0,676.416,676.474,delivered,2,
14790,cmd,0,4,676.48,676.528,delivered,2,
14791,hb,1,0,676.608,676.671,delivered,3,
14792,cmd,0,5,676.608,,expired,0,
14793,cmd,0,1,676.672,676.735,delivered,3,
14794,hb,2,0,676.736,676.82,delivered,4,
14795,thumb,2,0,676.8,676.948,delivered,4,
14796,cmd,0,2,676.8,676.895,delivered,4,
14797,hb,3,0,676.864,676.886,delivered,1,
14798,cmd,0,3,676.864,676.885,delivered,1,
14799,hb,4,0,676.928,676.97,delivered,2,
14800,cmd,0,4,676.992,677.034,delivered,2,
14801,cmd,0,5,677.056,,expired,0,
14802,hb,1,0,677.12,677.183,delivered,3,
14803,thumb,3,0,677.12,677.156,delivered,1,
14804,cmd,0,1,677.184,677.247,delivered,3,
14805,hb,2,0,677.248,677.332,delivered,4,
14806,hb,3,0,677.312,677.334,delivered,1,
14807,cmd,0,2,677.312,677.396,delivered,4,
14808,cmd,0,3,677.376,677.397,delivered,1,
14809,hb,4,0,677.44,677.482,delivered,2,
14810,thumb,4,0,677.504,677.577,delivered,2,
14811,cmd,0,4,677.504,677.546,delivered,2,
14812,cmd,0,5,677.568,,expired,0,
14813,hb,1,0,677.632,677.716,delivered,3,
14814,cmd,0,1,677.696,677.78,delivered,3,
14815,hb,2,0,677.76,677.844,delivered,4,
14816,cmd,0,2,677.76,677.866,delivered,4,
14817,hb,3,0,677.824,677.846,delivered,1,
14818,cmd,0,3,677.888,677.909,delivered,1,
14819,hb,4,0,677.952,678.016,delivered,2,
14820,cmd,0,4,677.952,677.994,delivered,2,
14821,cmd,0,5,678.08,,expired,0,
14822,hb,1,0,678.144,678.228,delivered,3,
14823,hb,2,0,678.208,678.292,delivered,4,
14824,cmd,0,1,678.208,678.293,delivered,3,
14825,cmd,0,2,678.272,678.356,delivered,4,
14826,hb,3,0,678.336,678.357,delivered,1,
14827,thumb,1,0,678.4,678.549,delivered,3,
14828,cmd,0,3,678.4,678.442,delivered,1,
14829,hb,4,0,678.464,678.531,delivered,2,
14830,cmd,0,4,678.464,678.532,delivered,2,
14831,cmd,0,5,678.592,,expired,0,
14832,hb,1,0,678.656,678.72,delivered,3,
14833,cmd,0,1,678.656,678.721,delivered,3,
14834,hb,2,0,678.72,678.804,delivered,4,
14835,thumb,2,0,678.784,678.966,delivered,4,
14836,cmd,0,2,678.784,678.868,delivered,4,
14837,hb,3,0,678.848,678.869,delivered,1,
14838,hb,4,0,678.912,678.988,delivered,2,
14839,cmd,0,3,678.912,678.933,delivered,1,
14840,cmd,0,4,678.976,679.018,delivered,2,
14841,hb,1,0,679.104,679.167,delivered,3,
14842,cmd,0,5,679.104,,expired,0,
14843,thumb,3,0,679.168,679.206,delivered,1,
14844,cmd,0,1,679.168,679.231,delivered,3,
14845,hb,2,0,679.232,679.336,delivered,4,
14846,cmd,0,2,679.296,679.38,delivered,4,
14847,hb,3,0,679.36,679.382,delivered,1,
14848,cmd,0,3,679.36,679.381,delivered,1,
14849,hb,4,0,679.424,679.466,delivered,2,
14850,thumb,4,0,679.488,679.561,delivered,2,
14851,cmd,0,4,679.488,679.53,delivered,2,
14852,cmd,0,5,679.552,,expired,0,
14853,hb,1,0,679.616,679.679,delivered,3,
14854,cmd,0,1,679.68,679.743,delivered,3,
14855,hb,2,0,679.744,679.848,delivered,4,
14856,hb,3,0,679.808,679.83,delivered,1,
14857,cmd,0,2,679.808,679.892,delivered,4,
14858,cmd,0,3,679.872,679.893,delivered,1,
14859,hb,4,0,679.936,679.978,delivered,2,
14860,cmd,0,4,680.0,680.042,delivered,2,
14861,cmd,0,5,680.064,,expired,0,
14862,hb,1,0,680.128,680.191,delivered,3,
14863,cmd,0,1,680.192,680.255,delivered,3,
14864,hb,2,0,680.256,680.34,delivered,4,
14865,cmd,0,2,680.256,680.362,delivered,4,
14866,hb,3,0,680.32,680.342,delivered,1,
14867,thumb,1,0,680.384,680.493,delivered,3,
14868,cmd,0,3,680.384,680.405,delivered,1,
14869,hb,4,0,680.448,680.515,delivered,2,
14870,cmd,0,4,680.512,680.554,delivered,2,
14871,cmd,0,5,680.576,,expired,0,
14872,hb,1,0,680.64,680.703,delivered,3,
14873,hb,2,0,680.704,680.79,delivered,4,
14874,cmd,0,1,680.704,680.788,delivered,3,
14875,thumb,2,0,680.768,680.953,delivered,4,
14876,cmd,0,2,680.768,680.863,delivered,4,
14877,hb,3,0,680.832,680.853,delivered,1,
14878,cmd,0,3,680.896,680.917,delivered,1,
14879,hb,4,0,680.96,681.002,delivered,2,
14880,cmd,0,4,680.96,681.003,delivered,2,
14881,cmd,0,5,681.088,,expired,0,
14882,hb,1,0,681.152,681.215,delivered,3,
14883,thumb,3,0,681.152,681.19,delivered,1,
14884,cmd,0,1,681.152,681.258,delivered,3,
14885,hb,2,0,681.216,681.322,delivered,4,
14886,cmd,0,2,681.28,681.365,delivered,4,
14887,hb,3,0,681.344,681.365,delivered,1,
14888,hb,4,0,681.408,681.45,delivered,2,
14889,cmd,0,3,681.408,681.429,delivered,1,
14890,cmd,0,4,681.472,681.514,delivered,2,
14891,thumb,4,0,681.536,681.609,delivered,2,
14892,cmd,0,5,681.6,,expired,0,
14893,hb,1,0,681.664,681.728,delivered,3,
14894,cmd,0,1,681.664,681.769,delivered,3,
14895,hb,2,0,681.728,681.812,delivered,4,
14896,cmd,0,2,681.792,681.898,delivered,4,
14897,hb,3,0,681.856,681.878,delivered,1,
14898,cmd,0,3,681.856,681.877,delivered,1,
14899,hb,4,0,681.92,681.962,delivered,2,
14900,cmd,0,4,681.984,682.026,delivered,2,
14901,hb,1,0,682.112,682.175,delivered,3,
14902,cmd,0,5,682.112,,expired,0,
14903,cmd,0,1,682.176,682.239,delivered,3,
14904,hb,2,0,682.24,682.324,delivered,4,
14905,hb,3,0,682.304,682.326,delivered,1,
14906,cmd,0,2,682.304,682.409,delivered,4,
14907,cmd,0,3,682.368,682.389,delivered,1,
14908,thumb,1,0,682.432,682.58,delivered,3,
14909,hb,4,0,682.432,682.49,delivered,2,
14910,cmd,0,4,682.496,682.544,delivered,2,
14911,cmd,0,5,682.56,,expired,0,
14912,hb,1,0,682.624,682.687,delivered,3,
14913,cmd,0,1,682.688,682.772,delivered,3,
14914,hb,2,0,682.752,682.897,delivered,4,
14915,thumb,2,0,682.752,682.933,delivered,4,
14916,cmd,0,2,682.752,682.88,delivered,4,
14917,hb,3,0,682.816,682.879,delivered,1,
14918,cmd,0,3,682.88,682.901,delivered,1,
14919,hb,4,0,682.944,682.986,delivered,2,
14920,cmd,0,4,683.008,683.05,delivered,2,
14921,cmd,0,5,683.072,,expired,0,
14922,hb,1,0,683.136,683.22,delivered,3,
14923,thumb,3,0,683.136,683.172,delivered,1,
14924,cmd,0,1,683.2,683.263,delivered,3,
14925,hb,2,0,683.264,683.348,delivered,4,
14926,cmd,0,2,683.264,683.391,delivered,4,
14927,hb,3,0,683.328,683.35,delivered,1,
14928,cmd,0,3,683.392,683.413,delivered,1,
14929,hb,4,0,683.456,683.498,delivered,2,
14930,cmd,0,4,683.456,683.499,delivered,2,
14931,thumb,4,0,683.52,683.593,delivered,2,
14932,cmd,0,5,683.584,,expired,0,
14933,hb,1,0,683.648,683.711,delivered,3,
14934,hb,2,0,683.712,683.796,delivered,4,
14935,cmd,0,1,683.712,683.797,delivered,3,
14936,cmd,0,2,683.776,683.86,delivered,4,
14937,hb,3,0,683.84,683.861,delivered,1,
14938,hb,4,0,683.904,683.967,delivered,2,
14939,cmd,0,3,683.904,683.925,delivered,1,
14940,cmd,0,4,683.968,684.01,delivered,2,
14941,cmd,0,5,684.096,,expired,0,
14942,hb,1,0,684.16,684.224,delivered,3,
14943,cmd,0,1,684.16,684.246,delivered,3,
14944,hb,2,0,684.224,684.308,delivered,4,
14945,cmd,0,2,684.288,684.372,delivered,4,
14946,hb,3,0,684.352,684.374,delivered,1,
14947,cmd,0,3,684.352,684.373,delivered,1,
14948,thumb,1,0,684.416,684.527,delivered,3,
14949,hb,4,0,684.416,684.474,delivered,2,
14950,cmd,0,4,684.48,684.528,delivered,2,
14951,hb,1,0,684.608,684.671,delivered,3,
14952,cmd,0,5,684.608,,expired,0,
14953,cmd,0,1,684.672,684.735,delivered,3,
14954,hb,2,0,684.736,684.82,delivered,4,
14955,thumb,2,0,684.8,684.948,delivered,4,
14956,cmd,0,2,684.8,684.895,delivered,4,
14957,hb,3,0,684.864,684.886,delivered,1,
14958,cmd,0,3,684.864,684.885,delivered,1,
14959,hb,4,0,684.928,684.97,delivered,2,
14960,cmd,0,4,684.992,685.034,delivered,2,
14961,cmd,0,5,685.056,,expired,0,
14962,hb,1,0,685.12,685.183,delivered,3,
14963,thumb,3,0,685.12,685.156,delivered,1,
14964,cmd,0,1,685.184,685.247,delivered,3,
14965,hb,2,0,685.248,685.332,delivered,4,
14966,hb,3,0,685.312,685.334,delivered,1,
14967,cmd,0,2,685.312,685.396,delivered,4,
14968,cmd,0,3,685.376,685.397,delivered,1,
14969,hb,4,0,685.44,685.482,delivered,2,
14970,thumb,4,0,685.504,685.577,delivered,2,
14971,cmd,0,4,685.504,685.546,delivered,2,
14972,cmd,0,5,685.568,,expired,0,
14973,hb,1,0,685.632,685.695,delivered,3,
14974,cmd,0,1,685.696,685.759,delivered,3,
14975,hb,2,0,685.76,685.844,delivered,4,
14976,cmd,0,2,685.76,685.866,delivered,4,
14977,hb,3,0,685.824,685.846,delivered,1,
14978,cmd,0,3,685.888,685.909,delivered,1,
14979,hb,4,0,685.952,685.994,delivered,2,
14980,cmd,0,4,685.952,685.995,delivered,2,
14981,cmd,0,5,686.08,,expired,0,
14982,hb,1,0,686.144,686.207,delivered,3,
14983,hb,2,0,686.208,686.312,delivered,4,
14984,cmd,0,1,686.208,686.272,delivered,3,
14985,cmd,0,2,686.272,686.356,delivered,4,
14986,hb,3,0,686.336,686.357,delivered,1,
14987,thumb,1,0,686.4,686.509,delivered,3,
14988,cmd,0,3,686.4,686.421,delivered,1,
14989,hb,4,0,686.464,686.531,delivered,2,
14990,cmd,0,4,686.464,686.511,delivered,2,
14991,cmd,0,5,686.592,,expired,0,
14992,hb,1,0,686.656,686.72,delivered,3,
14993,cmd,0,1,686.656,686.721,delivered,3,
14994,hb,2,0,686.72,686.804,delivered,4,
14995,thumb,2,0,686.784,686.964,delivered,4,
14996,cmd,0,2,686.784,686.911,delivered,4,
14997,hb,3,0,686.848,686.869,delivered,1,
14998,hb,4,0,686.912,686.985,delivered,2,
14999,cmd,0,3,686.912,686.933,delivered,1,
15000,cmd,0,4,686.976,687.018,delivered,2,
15001,hb,1,0,687.104,687.167,delivered,3,
15002,cmd,0,5,687.104,,expired,0,
15003,thumb,3,0,687.168,687.206,delivered,1,
15004,cmd,0,1,687.168,687.252,delivered,3,
15005,hb,2,0,687.232,687.316,delivered,4,
15006,cmd,0,2,687.296,687.38,delivered,4,
15007,hb,3,0,687.36,687.382,delivered,1,
15008,cmd,0,3,687.36,687.381,delivered,1,
15009,hb,4,0,687.424,687.466,delivered,2,
15010,thumb,4,0,687.488,687.561,delivered,2,
15011,cmd,0,4,687.488,687.53,delivered,2,
15012,cmd,0,5,687.552,,expired,0,
15013,hb,1,0,687.616,687.679,delivered,3,
15014,cmd,0,1,687.68,687.743,delivered,3,
15015,hb,2,0,687.744,687.828,delivered,4,
15016,hb,3,0,687.808,687.83,delivered,1,
15017,cmd,0,2,687.808,687.892,delivered,4,
15018,cmd,0,3,687.872,687.893,delivered,1,
15019,hb,4,0,687.936,687.978,delivered,2,
15020,cmd,0,4,688.0,688.042,delivered,2,
15021,cmd,0,5,688.064,,expired,0,
15022,hb,1,0,688.128,688.191,delivered,3,
15023,cmd,0,1,688.192,688.276,delivered,3,
15024,hb,2,0,688.256,688.34,delivered,4,
15025,cmd,0,2,688.256,688.362,delivered,4,
15026,hb,3,0,688.32,688.342,delivered,1,
15027,thumb,1,0,688.384,688.564,delivered,3,
15028,cmd,0,3,688.384,688.405,delivered,1,
15029,hb,4,0,688.448,688.511,delivered,2,
15030,cmd,0,4,688.512,688.565,delivered,2,
15031,cmd,0,5,688.576,,expired,0,
15032,hb,1,0,688.64,688.724,delivered,3,
15033,hb,2,0,688.704,688.788,delivered,4,
15034,cmd,0,1,688.704,688.789,delivered,3,
15035,thumb,2,0,688.768,688.916,delivered,4,
15036,cmd,0,2,688.768,688.863,delivered,4,
15037,hb,3,0,688.832,688.853,delivered,1,
15038,cmd,0,3,688.896,688.917,delivered,1,
15039,hb,4,0,688.96,689.002,delivered,2,
15040,cmd,0,4,688.96,689.003,delivered,2,
15041,cmd,0,5,689.088,,expired,0,
15042,hb,1,0,689.152,689.216,delivered,3,
15043,thumb,3,0,689.152,689.19,delivered,1,
15044,cmd,0,1,689.152,689.217,delivered,3,
15045,hb,2,0,689.216,689.3,delivered,4,
15046,cmd,0,2,689.28,689.385,delivered,4,
15047,hb,3,0,689.344,689.365,delivered,1,
15048,hb,4,0,689.408,689.471,delivered,2,
15049,cmd,0,3,689.408,689.429,delivered,1,
15050,cmd,0,4,689.472,689.514,delivered,2,
15051,thumb,4,0,689.536,689.609,delivered,2,
15052,cmd,0,5,689.6,,expired,0,
15053,hb,1,0,689.664,689.728,delivered,3,
15054,cmd,0,1,689.664,689.729,delivered,3,
15055,hb,2,0,689.728,689.812,delivered,4,
15056,cmd,0,2,689.792,689.876,delivered,4,
15057,hb,3,0,689.856,689.878,delivered,1,
15058,cmd,0,3,689.856,689.877,delivered,1,
15059,hb,4,0,689.92,689.962,delivered,2,
15060,cmd,0,4,689.984,690.026,delivered,2,
15061,hb,1,0,690.112,690.175,delivered,3,
15062,cmd,0,5,690.112,,expired,0,
15063,cmd,0,1,690.176,690.239,delivered,3,
15064,hb,2,0,690.24,690.324,delivered,4,
15065,hb,3,0,690.304,690.326,delivered,1,
15066,cmd,0,2,690.304,690.388,delivered,4,
15067,cmd,0,3,690.368,690.389,delivered,1,
15068,thumb,1,0,690.432,690.58,delivered,3,
15069,hb,4,0,690.432,690.49,delivered,2,
15070,cmd,0,4,690.496,690.564,delivered,2,
15071,cmd,0,5,690.56,,expired,0,
15072,hb,1,0,690.624,690.687,delivered,3,
15073,cmd,0,1,690.688,690.751,delivered,3,
15074,hb,2,0,690.752,690.869,delivered,4,
15075,thumb,2,0,690.752,690.98,delivered,4,
15076,cmd,0,2,690.752,690.891,delivered,4,
15077,hb,3,0,690.816,690.837,delivered,1,
15078,cmd,0,3,690.88,690.901,delivered,1,
15079,hb,4,0,690.944,691.002,delivered,2,
15080,cmd,0,4,691.008,691.05,delivered,2,
15081,cmd,0,5,691.072,,expired,0,
15082,hb,1,0,691.136,691.199,delivered,3,
15083,thumb,3,0,691.136,691.172,delivered,1,
15084,cmd,0,1,691.2,691.263,delivered,3,
15085,hb,2,0,691.264,691.392,delivered,4,
15086,cmd,0,2,691.264,691.37,delivered,4,
15087,hb,3,0,691.328,691.35,delivered,1,
15088,cmd,0,3,691.392,691.413,delivered,1,
15089,hb,4,0,691.456,691.498,delivered,2,
15090,cmd,0,4,691.456,691.499,delivered,2,
15091,thumb,4,0,691.52,691.593,delivered,2,
15092,cmd,0,5,691.584,,expired,0,
15093,hb,1,0,691.648,691.732,delivered,3,
15094,hb,2,0,691.712,691.796,delivered,4,
15095,cmd,0,1,691.712,691.797,delivered,3,
15096,cmd,0,2,691.776,691.86,delivered,4,
15097,hb,3,0,691.84,691.861,delivered,1,
15098,hb,4,0,691.904,691.946,delivered,2,
15099,cmd,0,3,691.904,691.925,delivered,1,
15100,cmd,0,4,691.968,692.01,delivered,2,
15101,cmd,0,5,692.096,,expired,0,
15102,hb,1,0,692.16,692.224,delivered,3,
15103,cmd,0,1,692.16,692.225,delivered,3,
15104,hb,2,0,692.224,692.328,delivered,4,
15105,cmd,0,2,692.288,692.372,delivered,4,
15106,hb,3,0,692.352,692.374,delivered,1,
15107,cmd,0,3,692.352,692.373,delivered,1,
15108,thumb,1,0,692.416,692.527,delivered,3,
15109,hb,4,0,692.416,692.474,delivered,2,
15110,cmd,0,4,692.48,692.528,delivered,2,
15111,hb,1,0,692.608,692.692,delivered,3,
15112,cmd,0,5,692.608,,expired,0,
15113,cmd,0,1,692.672,692.735,delivered,3,
15114,hb,2,0,692.736,692.82,delivered,4,
15115,thumb,2,0,692.8,692.958,delivered,4,
15116,cmd,0,2,692.8,692.905,delivered,4,
15117,hb,3,0,692.864,692.886,delivered,1,
15118,cmd,0,3,692.864,692.885,delivered,1,
15119,hb,4,0,692.928,692.98,delivered,2,
15120,cmd,0,4,692.992,693.034,delivered,2,
15121,cmd,0,5,693.056,,expired,0,
15122,hb,1,0,693.12,693.183,delivered,3,
15123,thumb,3,0,693.12,693.156,delivered,1,
15124,cmd,0,1,693.184,693.247,delivered,3,
15125,hb,2,0,693.248,693.332,delivered,4,
15126,hb,3,0,693.312,693.334,delivered,1,
15127,cmd,0,2,693.312,693.417,delivered,4,
15128,cmd,0,3,693.376,693.397,delivered,1,
15129,hb,4,0,693.44,693.482,delivered,2,
15130,thumb,4,0,693.504,693.577,delivered,2,
15131,cmd,0,4,693.504,693.546,delivered,2,
15132,cmd,0,5,693.568,,expired,0,
15133,hb,1,0,693.632,693.695,delivered,3,
15134,cmd,0,1,693.696,693.78,delivered,3,
15135,hb,2,0,693.76,693.844,delivered,4,
15136,cmd,0,2,693.76,693.866,delivered,4,
15137,hb,3,0,693.824,693.846,delivered,1,
15138,cmd,0,3,693.888,693.909,delivered,1,
15139,hb,4,0,693.952,693.994,delivered,2,
15140,cmd,0,4,693.952,693.995,delivered,2,
15141,cmd,0,5,694.08,,expired,0,
15142,hb,1,0,694.144,694.207,delivered,3,
15143,hb,2,0,694.208,694.312,delivered,4,
15144,cmd,0,1,694.208,694.293,delivered,3,
15145,cmd,0,2,694.272,694.356,delivered,4,
15146,hb,3,0,694.336,694.357,delivered,1,
15147,thumb,1,0,694.4,694.509,delivered,3,
15148,cmd,0,3,694.4,694.421,delivered,1,
15149,hb,4,0,694.464,694.531,delivered,2,
15150,cmd,0,4,694.464,694.511,delivered,2,
15151,cmd,0,5,694.592,,expired,0,
15152,hb,1,0,694.656,694.719,delivered,3,
15153,cmd,0,1,694.656,694.762,delivered,3,
15154,hb,2,0,694.72,694.805,delivered,4,
15155,thumb,2,0,694.784,694.932,delivered,4,
15156,cmd,0,2,694.784,694.879,delivered,4,
15157,hb,3,0,694.848,694.869,delivered,1,
15158,hb,4,0,694.912,694.954,delivered,2,
15159,cmd,0,3,694.912,694.933,delivered,1,
15160,cmd,0,4,694.976,695.018,delivered,2,
15161,hb,1,0,695.104,695.167,delivered,3,
15162,cmd,0,5,695.104,,expired,0,
15163,thumb,3,0,695.168,695.206,delivered,1,
15164,cmd,0,1,695.168,695.231,delivered,3,
15165,hb,2,0,695.232,695.336,delivered,4,
15166,cmd,0,2,695.296,695.423,delivered,4,
15167,hb,3,0,695.36,695.382,delivered,1,
15168,cmd,0,3,695.36,695.381,delivered,1,
15169,hb,4,0,695.424,695.466,delivered,2,
15170,thumb,4,0,695.488,695.561,delivered,2,
15171,cmd,0,4,695.488,695.53,delivered,2,
15172,cmd,0,5,695.552,,expired,0,
15173,hb,1,0,695.616,695.679,delivered,3,
15174,cmd,0,1,695.68,695.743,delivered,3,
15175,hb,2,0,695.744,695.848,delivered,4,
15176,hb,3,0,695.808,695.83,delivered,1,
15177,cmd,0,2,695.808,695.913,delivered,4,
15178,cmd,0,3,695.872,695.893,delivered,1,
15179,hb,4,0,695.936,695.999,delivered,2,
15180,cmd,0,4,696.0,696.042,delivered,2,
15181,cmd,0,5,696.064,,expired,0,
15182,hb,1,0,696.128,696.191,delivered,3,
15183,cmd,0,1,696.192,696.255,delivered,3,
15184,hb,2,0,696.256,696.34,delivered,4,
15185,cmd,0,2,696.256,696.362,delivered,4,
15186,hb,3,0,696.32,696.342,delivered,1,
15187,thumb,1,0,696.384,696.493,delivered,3,
15188,cmd,0,3,696.384,696.405,delivered,1,
15189,hb,4,0,696.448,696.515,delivered,2,
15190,cmd,0,4,696.512,696.554,delivered,2,
15191,cmd,0,5,696.576,,expired,0,
15192,hb,1,0,696.64,696.703,delivered,3,
15193,hb,2,0,696.704,696.808,delivered,4,
15194,cmd,0,1,696.704,696.768,delivered,3,
15195,thumb,2,0,696.768,696.95,delivered,4,
15196,cmd,0,2,696.768,696.852,delivered,4,
15197,hb,3,0,696.832,696.853,delivered,1,
15198,cmd,0,3,696.896,696.952,delivered,1,
15199,hb,4,0,696.96,697.045,delivered,2,
15200,cmd,0,4,696.96,697.002,delivered,2,
15201,cmd,0,5,697.088,,expired,0,
15202,hb,1,0,697.152,697.216,delivered,3,
15203,thumb,3,0,697.152,697.19,delivered,1,
15204,cmd,0,1,697.152,697.217,delivered,3,
15205,hb,2,0,697.216,697.341,delivered,4,
15206,cmd,0,2,697.28,697.427,delivered,4,
15207,hb,3,0,697.344,697.386,delivered,1,
15208,hb,4,0,697.408,697.471,delivered,2,
15209,cmd,0,3,697.408,697.429,delivered,1,
15210,cmd,0,4,697.472,697.514,delivered,2,
15211,thumb,4,0,697.536,697.609,delivered,2,
15212,cmd,0,5,697.6,,expired,0,
15213,hb,1,0,697.664,697.749,delivered,3,
15214,cmd,0,1,697.664,697.729,delivered,3,
15215,hb,2,0,697.728,697.832,delivered,4,
15216,cmd,0,2,697.792,697.897,delivered,4,
15217,hb,3,0,697.856,697.878,delivered,1,
15218,cmd,0,3,697.856,697.877,delivered,1,
15219,hb,4,0,697.92,697.962,delivered,2,
15220,cmd,0,4,697.984,698.026,delivered,2,
15221,hb,1,0,698.112,698.196,delivered,3,
15222,cmd,0,5,698.112,,expired,0,
15223,cmd,0,1,698.176,698.239,delivered,3,
15224,hb,2,0,698.24,698.344,delivered,4,
15225,hb,3,0,698.304,698.326,delivered,1,
15226,cmd,0,2,698.304,698.388,delivered,4,
15227,cmd,0,3,698.368,698.389,delivered,1,
15228,thumb,1,0,698.432,698.543,delivered,3,
15229,hb,4,0,698.432,698.49,delivered,2,
15230,cmd,0,4,698.496,698.544,delivered,2,
15231,cmd,0,5,698.56,,expired,0,
15232,hb,1,0,698.624,698.708,delivered,3,
15233,cmd,0,1,698.688,698.751,delivered,3,
15234,hb,2,0,698.752,698.889,delivered,4,
15235,thumb,2,0,698.752,698.944,delivered,4,
15236,cmd,0,2,698.752,698.912,delivered,4,
15237,hb,3,0,698.816,698.837,delivered,1,
15238,cmd,0,3,698.88,698.901,delivered,1,
15239,hb,4,0,698.944,698.986,delivered,2,
15240,cmd,0,4,699.008,699.05,delivered,2,
15241,cmd,0,5,699.072,,expired,0,
15242,hb,1,0,699.136,699.199,delivered,3,
15243,thumb,3,0,699.136,699.172,delivered,1,
15244,cmd,0,1,699.2,699.263,delivered,3,
15245,hb,2,0,699.264,699.348,delivered,4,
15246,cmd,0,2,699.264,699.37,delivered,4,
15247,hb,3,0,699.328,699.35,delivered,1,
15248,cmd,0,3,699.392,699.413,delivered,1,
15249,hb,4,0,699.456,699.499,delivered,1,
15250,cmd,0,4,699.456,699.477,delivered,1,
15251,thumb,4,0,699.52,699.556,delivered,1,
15252,cmd,0,5,699.584,,expired,0,
15253,hb,1,0,699.648,699.69,delivered,2,
15254,hb,2,0,699.712,699.775,delivered,3,
15255,cmd,0,1,699.712,699.755,delivered,2,
15256,cmd,0,2,699.776,699.839,delivered,3,
15257,hb,3,0,699.84,699.861,delivered,1,
15258,hb,4,0,699.904,699.947,delivered,1,
15259,cmd,0,3,699.904,699.925,delivered,1,
15260,cmd,0,4,699.968,700.01,delivered,1,
15261,cmd,0,5,700.096,,expired,0,
15262,hb,1,0,700.16,700.202,delivered,2,
15263,cmd,0,1,700.16,700.203,delivered,2,
15264,hb,2,0,700.224,700.287,delivered,3,
15265,cmd,0,2,700.288,700.351,delivered,3,
15266,hb,3,0,700.352,700.374,delivered,1,
15267,cmd,0,3,700.352,700.373,delivered,1,
15268,thumb,1,0,700.416,700.489,delivered,2,
15269,hb,4,0,700.416,700.453,delivered,1,
15270,cmd,0,4,700.48,700.501,delivered,1,
15271,hb,1,0,700.608,700.671,delivered,2,
15272,cmd,0,5,700.608,,expired,0,
15273,cmd,0,1,700.672,700.714,delivered,2,
15274,hb,2,0,700.736,700.799,delivered,3,
15275,thumb,2,0,700.8,700.912,delivered,3,
15276,cmd,0,2,700.8,700.895,delivered,3,
15277,hb,3,0,700.864,700.886,delivered,1,
15278,cmd,0,3,700.864,700.885,delivered,1,
15279,hb,4,0,700.928,700.949,delivered,1,
15280,cmd,0,4,700.992,701.013,delivered,1,
15281,cmd,0,5,701.056,,expired,0,
15282,hb,1,0,701.12,701.204,delivered,2,
15283,thumb,3,0,701.12,701.156,delivered,1,
15284,cmd,0,1,701.184,701.247,delivered,2,
15285,hb,2,0,701.248,701.332,delivered,3,
15286,hb,3,0,701.312,701.334,delivered,1,
15287,cmd,0,2,701.312,701.396,delivered,3,
15288,cmd,0,3,701.376,701.397,delivered,1,
15289,hb,4,0,701.44,701.461,delivered,1,
15290,thumb,4,0,701.504,701.542,delivered,1,
15291,cmd,0,4,701.504,701.525,delivered,1,
15292,cmd,0,5,701.568,,expired,0,
15293,hb,1,0,701.632,701.674,delivered,2,
15294,cmd,0,1,701.696,701.738,delivered,2,
15295,hb,2,0,701.76,701.844,delivered,3,
15296,cmd,0,2,701.76,701.824,delivered,3,
15297,hb,3,0,701.824,701.845,delivered,1,
15298,cmd,0,3,701.888,701.909,delivered,1,
15299,hb,4,0,701.952,701.995,delivered,1,
15300,cmd,0,4,701.952,701.973,delivered,1,
15301,cmd,0,5,702.08,,expired,0,
15302,hb,1,0,702.144,702.186,delivered,2,
15303,hb,2,0,702.208,702.271,delivered,3,
15304,cmd,0,1,702.208,702.251,delivered,2,
15305,cmd,0,2,702.272,702.335,delivered,3,
15306,hb,3,0,702.336,702.357,delivered,1,
15307,thumb,1,0,702.4,702.473,delivered,2,
15308,cmd,0,3,702.4,702.421,delivered,1,
15309,hb,4,0,702.464,702.486,delivered,1,
15310,cmd,0,4,702.464,702.485,delivered,1,
15311,cmd,0,5,702.592,,expired,0,
15312,hb,1,0,702.656,702.698,delivered,2,
15313,cmd,0,1,702.656,702.699,delivered,2,
15314,hb,2,0,702.72,702.783,delivered,3,
15315,thumb,2,0,702.784,702.969,delivered,3,
15316,cmd,0,2,702.784,702.879,delivered,3,
15317,hb,3,0,702.848,702.869,delivered,1,
15318,hb,4,0,702.912,702.934,delivered,1,
15319,cmd,0,3,702.912,702.933,delivered,1,
15320,cmd,0,4,702.976,702.997,delivered,1,
15321,hb,1,0,703.104,703.146,delivered,2,
15322,cmd,0,5,703.104,,expired,0,
15323,thumb,3,0,703.168,703.206,delivered,1,
15324,cmd,0,1,703.168,703.21,delivered,2,
15325,hb,2,0,703.232,703.295,delivered,3,
15326,cmd,0,2,703.296,703.359,delivered,3,
15327,hb,3,0,703.36,703.382,delivered,1,
15328,cmd,0,3,703.36,703.381,delivered,1,
15329,hb,4,0,703.424,703.445,delivered,1,
15330,thumb,4,0,703.488,703.599,delivered,1,
15331,cmd,0,4,703.488,703.509,delivered,1,
15332,cmd,0,5,703.552,,expired,0,
15333,hb,1,0,703.616,703.658,delivered,2,
15334,cmd,0,1,703.68,703.722,delivered,2,
15335,hb,2,0,703.744,703.807,delivered,3,
15336,hb,3,0,703.808,703.83,delivered,1,
15337,cmd,0,2,703.808,703.871,delivered,3,
15338,cmd,0,3,703.872,703.893,delivered,1,
15339,hb,4,0,703.936,703.957,delivered,1,
15340,cmd,0,4,704.0,704.042,delivered,1,
15341,cmd,0,5,704.064,,expired,0,
15342,hb,1,0,704.128,704.17,delivered,2,
15343,cmd,0,1,704.192,704.234,delivered,2,
15344,hb,2,0,704.256,704.321,delivered,3,
15345,cmd,0,2,704.256,704.32,delivered,3,
15346,hb,3,0,704.32,704.341,delivered,1,
15347,thumb,1,0,704.384,704.457,delivered,2,
15348,cmd,0,3,704.384,704.405,delivered,1,
15349,hb,4,0,704.448,704.469,delivered,1,
15350,cmd,0,4,704.512,704.533,delivered,1,
15351,cmd,0,5,704.576,,expired,0,
15352,hb,1,0,704.64,704.703,delivered,2,
15353,hb,2,0,704.704,704.767,delivered,3,
15354,cmd,0,1,704.704,704.768,delivered,2,
15355,thumb,2,0,704.768,704.88,delivered,3,
15356,cmd,0,2,704.768,704.863,delivered,3,
15357,hb,3,0,704.832,704.853,delivered,1,
15358,cmd,0,3,704.896,704.917,delivered,1,
15359,hb,4,0,704.96,704.982,delivered,1,
15360,cmd,0,4,704.96,704.981,delivered,1,
15361,cmd,0,5,705.088,,expired,0,
15362,hb,1,0,705.152,705.194,delivered,2,
15363,thumb,3,0,705.152,705.19,delivered,1,
15364,cmd,0,1,705.152,705.195,delivered,2,
15365,hb,2,0,705.216,705.279,delivered,3,
15366,cmd,0,2,705.28,705.343,delivered,3,
15367,hb,3,0,705.344,705.365,delivered,1,
15368,hb,4,0,705.408,705.43,delivered,1,
15369,cmd,0,3,705.408,705.429,delivered,1,
15370,cmd,0,4,705.472,705.493,delivered,1,
15371,thumb,4,0,705.536,705.572,delivered,1,
15372,cmd,0,5,705.6,,expired,0,
15373,hb,1,0,705.664,705.707,delivered,2,
15374,cmd,0,1,705.664,705.727,delivered,2,
15375,hb,2,0,705.728,705.791,delivered,3,
15376,cmd,0,2,705.792,705.855,delivered,3,
15377,hb,3,0,705.856,705.878,delivered,1,
15378,cmd,0,3,705.856,705.877,delivered,1,
15379,hb,4,0,705.92,705.941,delivered,1,
15380,cmd,0,4,705.984,706.005,delivered,1,
15381,hb,1,0,706.112,706.154,delivered,2,
15382,cmd,0,5,706.112,,expired,0,
15383,cmd,0,1,706.176,706.239,delivered,2,
15384,hb,2,0,706.24,706.303,delivered,3,
15385,hb,3,0,706.304,706.326,delivered,1,
15386,cmd,0,2,706.304,706.367,delivered,3,
15387,cmd,0,3,706.368,706.389,delivered,1,
15388,thumb,1,0,706.432,706.541,delivered,2,
15389,hb,4,0,706.432,706.469,delivered,1,
15390,cmd,0,4,706.496,706.517,delivered,1,
15391,cmd,0,5,706.56,,expired,0,
15392,hb,1,0,706.624,706.666,delivered,2,
15393,cmd,0,1,706.688,706.73,delivered,2,
15394,hb,2,0,706.752,706.817,delivered,3,
15395,thumb,2,0,706.752,706.883,delivered,3,
15396,cmd,0,2,706.752,706.816,delivered,3,
15397,hb,3,0,706.816,706.837,delivered,1,
15398,cmd,0,3,706.88,706.901,delivered,1,
15399,hb,4,0,706.944,706.965,delivered,1,
15400,cmd,0,4,707.008,707.029,delivered,1,
15401,cmd,0,5,707.072,,expired,0,
15402,hb,1,0,707.136,707.178,delivered,2,
15403,thumb,3,0,707.136,707.172,delivered,1,
15404,cmd,0,1,707.2,707.242,delivered,2,
15405,hb,2,0,707.264,707.329,delivered,3,
15406,cmd,0,2,707.264,707.328,delivered,3,
15407,hb,3,0,707.328,707.349,delivered,1,
15408,cmd,0,3,707.392,707.413,delivered,1,
15409,hb,4,0,707.456,707.499,delivered,1,
15410,cmd,0,4,707.456,707.477,delivered,1,
15411,thumb,4,0,707.52,707.593,delivered,1,
15412,cmd,0,5,707.584,,expired,0,
15413,hb,1,0,707.648,707.69,delivered,2,
15414,hb,2,0,707.712,707.796,delivered,3,
15415,cmd,0,1,707.712,707.755,delivered,2,
15416,cmd,0,2,707.776,707.839,delivered,3,
15417,hb,3,0,707.84,707.882,delivered,1,
15418,hb,4,0,707.904,707.926,delivered,1,
15419,cmd,0,3,707.904,707.925,delivered,1,
15420,cmd,0,4,707.968,707.989,delivered,1,
15421,cmd,0,5,708.096,,expired,0,
15422,hb,1,0,708.16,708.202,delivered,2,
15423,cmd,0,1,708.16,708.203,delivered,2,
15424,hb,2,0,708.224,708.287,delivered,3,
15425,cmd,0,2,708.288,708.351,delivered,3,
15426,hb,3,0,708.352,708.374,delivered,1,
15427,cmd,0,3,708.352,708.373,delivered,1,
15428,thumb,1,0,708.416,708.489,delivered,2,
15429,hb,4,0,708.416,708.453,delivered,1,
15430,cmd,0,4,708.48,708.501,delivered,1,
15431,hb,1,0,708.608,708.65,delivered,2,
15432,cmd,0,5,708.608,,expired,0,
15433,cmd,0,1,708.672,708.735,delivered,2,
15434,hb,2,0,708.736,708.799,delivered,3,
15435,thumb,2,0,708.8,708.982,delivered,3,
15436,cmd,0,2,708.8,708.874,delivered,3,
15437,hb,3,0,708.864,708.886,delivered,1,
15438,cmd,0,3,708.864,708.906,delivered,1,
15439,hb,4,0,708.928,708.949,delivered,1,
15440,cmd,0,4,708.992,709.013,delivered,1,
15441,cmd,0,5,709.056,,expired,0,
15442,hb,1,0,709.12,709.162,delivered,2,
15443,thumb,3,0,709.12,709.156,delivered,1,
15444,cmd,0,1,709.184,709.226,delivered,2,
15445,hb,2,0,709.248,709.332,delivered,3,
15446,hb,3,0,709.312,709.334,delivered,1,
15447,cmd,0,2,709.312,709.396,delivered,3,
15448,cmd,0,3,709.376,709.397,delivered,1,
15449,hb,4,0,709.44,709.461,delivered,1,
15450,thumb,4,0,709.504,709.542,delivered,1,
15451,cmd,0,4,709.504,709.525,delivered,1,
15452,cmd,0,5,709.568,,expired,0,
15453,hb,1,0,709.632,709.674,delivered,2,
15454,cmd,0,1,709.696,709.738,delivered,2,
15455,hb,2,0,709.76,709.825,delivered,3,
15456,cmd,0,2,709.76,709.845,delivered,3,
15457,hb,3,0,709.824,709.845,delivered,1,
15458,cmd,0,3,709.888,709.909,delivered,1,
15459,hb,4,0,709.952,710.016,delivered,1,
15460,cmd,0,4,709.952,709.973,delivered,1,
15461,cmd,0,5,710.08,,expired,0,
15462,hb,1,0,710.144,710.207,delivered,2,
15463,hb,2,0,710.208,710.292,delivered,3,
15464,cmd,0,1,710.208,710.272,delivered,2,
15465,cmd,0,2,710.272,710.335,delivered,3,
15466,hb,3,0,710.336,710.357,delivered,1,
15467,thumb,1,0,710.4,710.473,delivered,2,
15468,cmd,0,3,710.4,710.421,delivered,1,
15469,hb,4,0,710.464,710.486,delivered,1,
15470,cmd,0,4,710.464,710.485,delivered,1,
15471,cmd,0,5,710.592,,expired,0,
15472,hb,1,0,710.656,710.698,delivered,2,
15473,cmd,0,1,710.656,710.699,delivered,2,
15474,hb,2,0,710.72,710.783,delivered,3,
15475,thumb,2,0,710.784,710.896,delivered,3,
15476,cmd,0,2,710.784,710.879,delivered,3,
15477,hb,3,0,710.848,710.869,delivered,1,
15478,hb,4,0,710.912,710.934,delivered,1,
15479,cmd,0,3,710.912,710.933,delivered,1,
15480,cmd,0,4,710.976,710.997,delivered,1,
15481,hb,1,0,711.104,711.146,delivered,2,
15482,cmd,0,5,711.104,,expired,0,
15483,thumb,3,0,711.168,711.206,delivered,1,
15484,cmd,0,1,711.168,711.21,delivered,2,
15485,hb,2,0,711.232,711.295,delivered,3,
15486,cmd,0,2,711.296,711.359,delivered,3,
15487,hb,3,0,711.36,711.382,delivered,1,
15488,cmd,0,3,711.36,711.402,delivered,1,
15489,hb,4,0,711.424,711.445,delivered,1,
15490,thumb,4,0,711.488,711.526,delivered,1,
15491,cmd,0,4,711.488,711.509,delivered,1,
15492,cmd,0,5,711.552,,expired,0,
15493,hb,1,0,711.616,711.658,delivered,2,
15494,cmd,0,1,711.68,711.722,delivered,2,
15495,hb,2,0,711.744,711.807,delivered,3,
15496,hb,3,0,711.808,711.83,delivered,1,
15497,cmd,0,2,711.808,711.871,delivered,3,
15498,cmd,0,3,711.872,711.893,delivered,1,
15499,hb,4,0,711.936,711.978,delivered,1,
15500,cmd,0,4,712.0,712.021,delivered,1,
15501,cmd,0,5,712.064,,expired,0,
15502,hb,1,0,712.128,712.17,delivered,2,
15503,cmd,0,1,712.192,712.234,delivered,2,
15504,hb,2,0,712.256,712.321,delivered,3,
15505,cmd,0,2,712.256,712.32,delivered,3,
15506,hb,3,0,712.32,712.341,delivered,1,
15507,thumb,1,0,712.384,712.457,delivered,2,
15508,cmd,0,3,712.384,712.405,delivered,1,
15509,hb,4,0,712.448,712.469,delivered,1,
15510,cmd,0,4,712.512,712.533,delivered,1,
15511,cmd,0,5,712.576,,expired,0,
15512,hb,1,0,712.64,712.682,delivered,2,
15513,hb,2,0,712.704,712.767,delivered,3,
15514,cmd,0,1,712.704,712.747,delivered,2,
15515,thumb,2,0,712.768,712.88,delivered,3,
15516,cmd,0,2,712.768,712.863,delivered,3,
15517,hb,3,0,712.832,712.853,delivered,1,
15518,cmd,0,3,712.896,712.917,delivered,1,
15519,hb,4,0,712.96,712.982,delivered,1,
15520,cmd,0,4,712.96,712.981,delivered,1,
15521,cmd,0,5,713.088,,expired,0,
15522,hb,1,0,713.152,713.194,delivered,2,
15523,thumb,3,0,713.152,713.19,delivered,1,
15524,cmd,0,1,713.152,713.216,delivered,2,
15525,hb,2,0,713.216,713.279,delivered,3,
15526,cmd,0,2,713.28,713.364,delivered,3,
15527,hb,3,0,713.344,713.365,delivered,1,
15528,hb,4,0,713.408,713.43,delivered,1,
15529,cmd,0,3,713.408,713.429,delivered,1,
15530,cmd,0,4,713.472,713.493,delivered,1,
15531,thumb,4,0,713.536,713.572,delivered,1,
15532,cmd,0,5,713.6,,expired,0,
15533,hb,1,0,713.664,713.706,delivered,2,
15534,cmd,0,1,713.664,713.707,delivered,2,
15535,hb,2,0,713.728,713.791,delivered,3,
15536,cmd,0,2,713.792,713.855,delivered,3,
15537,hb,3,0,713.856,713.878,delivered,1,
15538,cmd,0,3,713.856,713.877,delivered,1,
15539,hb,4,0,713.92,713.941,delivered,1,
15540,cmd,0,4,713.984,714.005,delivered,1,
15541,hb,1,0,714.112,714.154,delivered,2,
15542,cmd,0,5,714.112,,expired,0,
15543,cmd,0,1,714.176,714.218,delivered,2,
15544,hb,2,0,714.24,714.303,delivered,3,
15545,hb,3,0,714.304,714.326,delivered,1,
15546,cmd,0,2,714.304,714.367,delivered,3,
15547,cmd,0,3,714.368,714.389,delivered,1,
15548,thumb,1,0,714.432,714.505,delivered,2,
15549,hb,4,0,714.432,714.469,delivered,1,
15550,cmd,0,4,714.496,714.517,delivered,1,
15551,cmd,0,5,714.56,,expired,0,
15552,hb,1,0,714.624,714.666,delivered,2,
15553,cmd,0,1,714.688,714.73,delivered,2,
15554,hb,2,0,714.752,714.817,delivered,3,
15555,thumb,2,0,714.752,714.92,delivered,3,
15556,cmd,0,2,714.752,714.816,delivered,3,
15557,hb,3,0,714.816,714.837,delivered,1,
15558,cmd,0,3,714.88,714.901,delivered,1,
15559,hb,4,0,714.944,714.965,delivered,1,
15560,cmd,0,4,715.008,715.029,delivered,1,
15561,cmd,0,5,715.072,,expired,0,
15562,hb,1,0,715.136,715.22,delivered,2,
15563,thumb,3,0,715.136,715.172,delivered,1,
15564,cmd,0,1,715.2,715.242,delivered,2,
15565,hb,2,0,715.264,715.329,delivered,3,
15566,cmd,0,2,715.264,715.328,delivered,3,
15567,hb,3,0,715.328,715.349,delivered,1,
15568,cmd,0,3,715.392,715.413,delivered,1,
15569,hb,4,0,715.456,715.478,delivered,1,
15570,cmd,0,4,715.456,715.477,delivered,1,
15571,thumb,4,0,715.52,715.556,delivered,1,
15572,cmd,0,5,715.584,,expired,0,
15573,hb,1,0,715.648,715.69,delivered,2,
15574,hb,2,0,715.712,715.775,delivered,3,
15575,cmd,0,1,715.712,715.755,delivered,2,
15576,cmd,0,2,715.776,715.839,delivered,3,
15577,hb,3,0,715.84,715.861,delivered,1,
15578,hb,4,0,715.904,715.926,delivered,1,
15579,cmd,0,3,715.904,715.925,delivered,1,
15580,cmd,0,4,715.968,715.989,delivered,1,
15581,cmd,0,5,716.096,,expired,0,
15582,hb,1,0,716.16,716.202,delivered,2,
15583,cmd,0,1,716.16,716.203,delivered,2,
15584,hb,2,0,716.224,716.287,delivered,3,
15585,cmd,0,2,716.288,716.351,delivered,3,
15586,hb,3,0,716.352,716.374,delivered,1,
15587,cmd,0,3,716.352,716.373,delivered,1,
15588,thumb,1,0,716.416,716.489,delivered,2,
15589,hb,4,0,716.416,716.453,delivered,1,
15590,cmd,0,4,716.48,716.501,delivered,1,
15591,hb,1,0,716.608,716.65,delivered,2,
15592,cmd,0,5,716.608,,expired,0,
15593,cmd,0,1,716.672,716.735,delivered,2,
15594,hb,2,0,716.736,716.82,delivered,3,
15595,thumb,2,0,716.8,716.948,delivered,3,
15596,cmd,0,2,716.8,716.895,delivered,3,
15597,hb,3,0,716.864,716.886,delivered,1,
15598,cmd,0,3,716.864,716.885,delivered,1,
15599,hb,4,0,716.928,716.949,delivered,1,
15600,cmd,0,4,716.992,717.013,delivered,1,
15601,cmd,0,5,717.056,,expired,0,
15602,hb,1,0,717.12,717.162,delivered,2,
15603,thumb,3,0,717.12,717.156,delivered,1,
15604,cmd,0,1,717.184,717.226,delivered,2,
15605,hb,2,0,717.248,717.311,delivered,3,
15606,hb,3,0,717.312,717.334,delivered,1,
15607,cmd,0,2,717.312,717.375,delivered,3,
15608,cmd,0,3,717.376,717.397,delivered,1,
15609,hb,4,0,717.44,717.461,delivered,1,
15610,thumb,4,0,717.504,717.542,delivered,1,
15611,cmd,0,4,717.504,717.525,delivered,1,
15612,cmd,0,5,717.568,,expired,0,
15613,hb,1,0,717.632,717.674,delivered,2,
15614,cmd,0,1,717.696,717.738,delivered,2,
15615,hb,2,0,717.76,717.825,delivered,3,
15616,cmd,0,2,717.76,717.824,delivered,3,
15617,hb,3,0,717.824,717.845,delivered,1,
15618,cmd,0,3,717.888,717.909,delivered,1,
15619,hb,4,0,717.952,717.974,delivered,1,
15620,cmd,0,4,717.952,717.973,delivered,1,
15621,cmd,0,5,718.08,,expired,0,
15622,hb,1,0,718.144,718.186,delivered,2,
15623,hb,2,0,718.208,718.271,delivered,3,
15624,cmd,0,1,718.208,718.251,delivered,2,
15625,cmd,0,2,718.272,718.335,delivered,3,
15626,hb,3,0,718.336,718.357,delivered,1,
15627,thumb,1,0,718.4,718.473,delivered,2,
15628,cmd,0,3,718.4,718.421,delivered,1,
15629,hb,4,0,718.464,718.486,delivered,1,
15630,cmd,0,4,718.464,718.485,delivered,1,
15631,cmd,0,5,718.592,,expired,0,
15632,hb,1,0,718.656,718.698,delivered,2,
15633,cmd,0,1,718.656,718.699,delivered,2,
15634,hb,2,0,718.72,718.783,delivered,3,
15635,thumb,2,0,718.784,718.896,delivered,3,
15636,cmd,0,2,718.784,718.879,delivered,3,
15637,hb,3,0,718.848,718.869,delivered,1,
15638,hb,4,0,718.912,718.934,delivered,1,
15639,cmd,0,3,718.912,718.933,delivered,1,
15640,cmd,0,4,718.976,718.997,delivered,1,
15641,hb,1,0,719.104,719.146,delivered,2,
15642,cmd,0,5,719.104,,expired,0,
15643,thumb,3,0,719.168,719.206,delivered,1,
15644,cmd,0,1,719.168,719.21,delivered,2,
15645,hb,2,0,719.232,719.316,delivered,3,
15646,cmd,0,2,719.296,719.359,delivered,3,
15647,hb,3,0,719.36,719.382,delivered,1,
15648,cmd,0,3,719.36,719.381,delivered,1,
15649,hb,4,0,719.424,719.445,delivered,1,
15650,thumb,4,0,719.488,719.526,delivered,1,
15651,cmd,0,4,719.488,719.509,delivered,1,
15652,cmd,0,5,719.552,,expired,0,
15653,hb,1,0,719.616,719.658,delivered,2,
15654,cmd,0,1,719.68,719.722,delivered,2,
15655,hb,2,0,719.744,719.807,delivered,3,
15656,hb,3,0,719.808,719.83,delivered,1,
15657,cmd,0,2,719.808,719.871,delivered,3,
15658,cmd,0,3,719.872,719.893,delivered,1,
15659,hb,4,0,719.936,719.957,delivered,1,
15660,cmd,0,4,720.0,720.021,delivered,1,
15661,cmd,0,5,720.064,,expired,0,
15662,hb,1,0,720.128,720.17,delivered,2,
15663,cmd,0,1,720.192,720.234,delivered,2,
15664,hb,2,0,720.256,720.321,delivered,3,
15665,cmd,0,2,720.256,720.32,delivered,3,
15666,hb,3,0,720.32,720.341,delivered,1,
15667,thumb,1,0,720.384,720.493,delivered,2,
15668,cmd,0,3,720.384,720.405,delivered,1,
15669,hb,4,0,720.448,720.469,delivered,1,
15670,cmd,0,4,720.512,720.533,delivered,1,
15671,cmd,0,5,720.576,,expired,0,
15672,hb,1,0,720.64,720.682,delivered,2,
15673,hb,2,0,720.704,720.767,delivered,3,
15674,cmd,0,1,720.704,720.747,delivered,2,
15675,thumb,2,0,720.768,720.916,delivered,3,
15676,cmd,0,2,720.768,720.863,delivered,3,
15677,hb,3,0,720.832,720.853,delivered,1,
15678,cmd,0,3,720.896,720.917,delivered,1,
15679,hb,4,0,720.96,720.982,delivered,1,
15680,cmd,0,4,720.96,720.981,delivered,1,
15681,cmd,0,5,721.088,,expired,0,
15682,hb,1,0,721.152,721.194,delivered,2,
15683,cmd,0,1,721.152,721.195,delivered,2,
15684,hb,2,0,721.216,721.279,delivered,3,
15685,cmd,0,2,721.28,721.343,delivered,3,
15686,hb,3,0,721.344,721.365,delivered,1,
15687,hb,4,0,721.408,721.43,delivered,1,
15688,cmd,0,3,721.408,721.429,delivered,1,
15689,cmd,0,4,721.472,721.493,delivered,1,
15690,thumb,4,0,721.536,721.572,delivered,1,
15691,cmd,0,5,721.6,,expired,0,
15692,hb,1,0,721.664,721.706,delivered,2,
15693,cmd,0,1,721.664,721.707,delivered,2,
15694,hb,2,0,721.728,721.791,delivered,3,
15695,cmd,0,2,721.792,721.855,delivered,3,
15696,hb,3,0,721.856,721.878,delivered,1,
15697,cmd,0,3,721.856,721.877,delivered,1,
15698,hb,4,0,721.92,721.941,delivered,1,
15699,cmd,0,4,721.984,722.005,delivered,1,
15700,hb,1,0,722.112,722.154,delivered,2,
15701,cmd,0,5,722.112,,expired,0,
15702,cmd,0,1,722.176,722.218,delivered,2,
15703,hb,2,0,722.24,722.303,delivered,3,
15704,hb,3,0,722.304,722.326,delivered,1,
15705,cmd,0,2,722.304,722.367,delivered,3,
15706,cmd,0,3,722.368,722.389,delivered,1,
15707,thumb,1,0,722.432,722.505,delivered,2,
15708,hb,4,0,722.432,722.469,delivered,1,
15709,cmd,0,4,722.496,722.517,delivered,1,
15710,cmd,0,5,722.56,,expired,0,
15711,hb,1,0,722.624,722.666,delivered,2,
15712,cmd,0,1,722.688,722.73,delivered,2,
15713,hb,2,0,722.752,722.87,delivered,3,
15714,thumb,2,0,722.752,722.886,delivered,3,
15715,cmd,0,2,722.752,722.869,delivered,3,
15716,hb,3,0,722.816,722.837,delivered,1,
15717,cmd,0,3,722.88,722.901,delivered,1,
15718,hb,4,0,722.944,722.965,delivered,1,
15719,cmd,0,4,723.008,723.029,delivered,1,
15720,cmd,0,5,723.072,,expired,0,
15721,hb,1,0,723.136,723.178,delivered,2,
15722,cmd,0,1,723.2,723.242,delivered,2,
15723,hb,2,0,723.264,723.329,delivered,3,
15724,cmd,0,2,723.264,723.328,delivered,3,
15725,hb,3,0,723.328,723.349,delivered,1,
15726,cmd,0,3,723.392,723.413,delivered,1,
15727,hb,4,0,723.456,723.478,delivered,1,
15728,cmd,0,4,723.456,723.477,delivered,1,
15729,thumb,4,0,723.52,723.556,delivered,1,
15730,cmd,0,5,723.584,,expired,0,
15731,hb,1,0,723.648,723.69,delivered,2,
15732,hb,2,0,723.712,723.796,delivered,3,
15733,cmd,0,1,723.712,723.755,delivered,2,
15734,cmd,0,2,723.776,723.839,delivered,3,
15735,hb,3,0,723.84,723.861,delivered,1,
15736,hb,4,0,723.904,723.926,delivered,1,
15737,cmd,0,3,723.904,723.925,delivered,1,
15738,cmd,0,4,723.968,723.989,delivered,1,
15739,cmd,0,5,724.096,,expired,0,
15740,hb,1,0,724.16,724.223,delivered,2,
15741,cmd,0,1,724.16,724.203,delivered,2,
15742,hb,2,0,724.224,724.287,delivered,3,
15743,cmd,0,2,724.288,724.351,delivered,3,
15744,hb,3,0,724.352,724.374,delivered,1,
15745,cmd,0,3,724.352,724.373,delivered,1,
15746,thumb,1,0,724.416,724.489,delivered,2,
15747,hb,4,0,724.416,724.453,delivered,1,
15748,cmd,0,4,724.48,724.501,delivered,1,
15749,hb,1,0,724.608,724.65,delivered,2,
15750,cmd,0,5,724.608,,expired,0,
15751,cmd,0,1,724.672,724.714,delivered,2,
15752,hb,2,0,724.736,724.799,delivered,3,
15753,thumb,2,0,724.8,724.912,delivered,3,
15754,cmd,0,2,724.8,724.895,delivered,3,
15755,hb,3,0,724.864,724.886,delivered,1,
15756,cmd,0,3,724.864,724.885,delivered,1,
15757,hb,4,0,724.928,724.949,delivered,1,
15758,cmd,0,4,724.992,725.013,delivered,1,
15759,cmd,0,5,725.056,,expired,0,
15760,hb,1,0,725.12,725.162,delivered,2,
15761,cmd,0,1,725.184,725.226,delivered,2,
15762,hb,2,0,725.248,725.311,delivered,3,
15763,hb,3,0,725.312,725.334,delivered,1,
15764,cmd,0,2,725.312,725.396,delivered,3,
15765,cmd,0,3,725.376,725.397,delivered,1,
15766,hb,4,0,725.44,725.461,delivered,1,
15767,thumb,4,0,725.504,725.578,delivered,1,
15768,cmd,0,4,725.504,725.525,delivered,1,
15769,cmd,0,5,725.568,,expired,0,
15770,hb,1,0,725.632,725.695,delivered,2,
15771,cmd,0,1,725.696,725.738,delivered,2,
15772,hb,2,0,725.76,725.844,delivered,3,
15773,cmd,0,2,725.76,725.866,delivered,3,
15774,hb,3,0,725.824,725.866,delivered,1,
15775,cmd,0,3,725.888,725.909,delivered,1,
15776,hb,4,0,725.952,725.974,delivered,1,
15777,cmd,0,4,725.952,725.973,delivered,1,
15778,cmd,0,5,726.08,,expired,0,
15779,hb,1,0,726.144,726.186,delivered,2,
15780,hb,2,0,726.208,726.273,delivered,3,
15781,cmd,0,1,726.208,726.272,delivered,2,
15782,cmd,0,2,726.272,726.335,delivered,3,
15783,hb,3,0,726.336,726.357,delivered,1,
15784,thumb,1,0,726.4,726.473,delivered,2,
15785,cmd,0,3,726.4,726.421,delivered,1,
15786,hb,4,0,726.464,726.486,delivered,1,
15787,cmd,0,4,726.464,726.485,delivered,1,
15788,cmd,0,5,726.592,,expired,0,
15789,hb,1,0,726.656,726.719,delivered,2,
15790,cmd,0,1,726.656,726.699,delivered,2,
15791,hb,2,0,726.72,726.783,delivered,3,
15792,thumb,2,0,726.784,726.896,delivered,3,
15793,cmd,0,2,726.784,726.879,delivered,3,
15794,hb,3,0,726.848,726.869,delivered,1,
15795,hb,4,0,726.912,726.934,delivered,1,
15796,cmd,0,3,726.912,726.933,delivered,1,
15797,cmd,0,4,726.976,726.997,delivered,1,
15798,hb,1,0,727.104,727.167,delivered,2,
15799,cmd,0,5,727.104,,expired,0,
15800,cmd,0,1,727.168,727.21,delivered,2,
15801,hb,2,0,727.232,727.295,delivered,3,
15802,cmd,0,2,727.296,727.359,delivered,3,
15803,hb,3,0,727.36,727.382,delivered,1,
15804,cmd,0,3,727.36,727.381,delivered,1,
15805,hb,4,0,727.424,727.445,delivered,1,
15806,thumb,4,0,727.488,727.526,delivered,1,
15807,cmd,0,4,727.488,727.509,delivered,1,
15808,cmd,0,5,727.552,,expired,0,
15809,hb,1,0,727.616,727.658,delivered,2,
15810,cmd,0,1,727.68,727.722,delivered,2,
15811,hb,2,0,727.744,727.807,delivered,3,
15812,hb,3,0,727.808,727.83,delivered,1,
15813,cmd,0,2,727.808,727.871,delivered,3,
15814,cmd,0,3,727.872,727.893,delivered,1,
15815,hb,4,0,727.936,727.957,delivered,1,
15816,cmd,0,4,728.0,728.021,delivered,1,
15817,cmd,0,5,728.064,,expired,0,
15818,hb,1,0,728.128,728.17,delivered,2,
15819,cmd,0,1,728.192,728.234,delivered,2,
15820,hb,2,0,728.256,728.321,delivered,3,
15821,cmd,0,2,728.256,728.32,delivered,3,
15822,hb,3,0,728.32,728.341,delivered,1,
15823,thumb,1,0,728.384,728.493,delivered,2,
15824,cmd,0,3,728.384,728.405,delivered,1,
15825,hb,4,0,728.448,728.469,delivered,1,
15826,cmd,0,4,728.512,728.533,delivered,1,
15827,cmd,0,5,728.576,,expired,0,
15828,hb,1,0,728.64,728.724,delivered,2,
15829,hb,2,0,728.704,728.767,delivered,3,
15830,cmd,0,1,728.704,728.747,delivered,2,
15831,thumb,2,0,728.768,728.88,delivered,3,
15832,cmd,0,2,728.768,728.863,delivered,3,
15833,hb,3,0,728.832,728.853,delivered,1,
15834,cmd,0,3,728.896,728.917,delivered,1,
15835,hb,4,0,728.96,728.982,delivered,1,
15836,cmd,0,4,728.96,728.981,delivered,1,
15837,cmd,0,5,729.088,,expired,0,
15838,hb,1,0,729.152,729.194,delivered,2,
15839,cmd,0,1,729.152,729.195,delivered,2,
15840,hb,2,0,729.216,729.279,delivered,3,
15841,cmd,0,2,729.28,729.343,delivered,3,
15842,hb,3,0,729.344,729.365,delivered,1,
15843,hb,4,0,729.408,729.43,delivered,1,
15844,cmd,0,3,729.408,729.429,delivered,1,
15845,cmd,0,4,729.472,729.493,delivered,1,
15846,thumb,4,0,729.536,729.572,delivered,1,
15847,cmd,0,5,729.6,,expired,0,
15848,hb,1,0,729.664,729.706,delivered,2,
15849,cmd,0,1,729.664,729.707,delivered,2,
15850,hb,2,0,729.728,729.812,delivered,3,
15851,cmd,0,2,729.792,729.876,delivered,3,
15852,hb,3,0,729.856,729.878,delivered,1,
15853,cmd,0,3,729.856,729.877,delivered,1,
15854,hb,4,0,729.92,729.941,delivered,1,
15855,cmd,0,4,729.984,730.005,delivered,1,
15856,hb,1,0,730.112,730.154,delivered,2,
15857,cmd,0,5,730.112,,expired,0,
15858,cmd,0,1,730.176,730.218,delivered,2,
15859,hb,2,0,730.24,730.303,delivered,3,
15860,hb,3,0,730.304,730.326,delivered,1,
15861,cmd,0,2,730.304,730.367,delivered,3,
15862,cmd,0,3,730.368,730.389,delivered,1,
15863,thumb,1,0,730.432,730.505,delivered,2,
15864,hb,4,0,730.432,730.469,delivered,1,
15865,cmd,0,4,730.496,730.517,delivered,1,
15866,cmd,0,5,730.56,,expired,0,
15867,hb,1,0,730.624,730.666,delivered,2,
15868,cmd,0,1,730.688,730.73,delivered,2,
15869,hb,2,0,730.752,730.817,delivered,3,
15870,thumb,2,0,730.752,730.92,delivered,3,
15871,cmd,0,2,730.752,730.848,delivered,3,
15872,hb,3,0,730.816,730.849,delivered,1,
15873,cmd,0,3,730.88,730.901,delivered,1,
15874,hb,4,0,730.944,730.965,delivered,1,
15875,cmd,0,4,731.008,731.029,delivered,1,
15876,cmd,0,5,731.072,,expired,0,
15877,hb,1,0,731.136,731.157,delivered,1,
15878,cmd,0,1,731.2,731.221,delivered,1,
15879,hb,2,0,731.264,731.306,delivered,2,
15880,cmd,0,2,731.264,731.307,delivered,2,
15881,hb,3,0,731.328,731.349,delivered,1,
15882,cmd,0,3,731.392,731.413,delivered,1,
15883,hb,4,0,731.456,731.478,delivered,1,
15884,cmd,0,4,731.456,731.477,delivered,1,
15885,thumb,4,0,731.52,731.556,delivered,1,
15886,cmd,0,5,731.584,,expired,0,
15887,hb,1,0,731.648,731.669,delivered,1,
15888,hb,2,0,731.712,731.755,delivered,2,
15889,cmd,0,1,731.712,731.754,delivered,1,
15890,cmd,0,2,731.776,731.818,delivered,2,
15891,hb,3,0,731.84,731.861,delivered,1,
15892,hb,4,0,731.904,731.926,delivered,1,
15893,cmd,0,3,731.904,731.925,delivered,1,
15894,cmd,0,4,731.968,731.989,delivered,1,
15895,cmd,0,5,732.096,,expired,0,
15896,hb,1,0,732.16,732.182,delivered,1,
15897,cmd,0,1,732.16,732.181,delivered,1,
15898,hb,2,0,732.224,732.287,delivered,2,
15899,cmd,0,2,732.288,732.33,delivered,2,
15900,hb,3,0,732.352,732.374,delivered,1,
15901,cmd,0,3,732.352,732.373,delivered,1,
15902,thumb,1,0,732.416,732.525,delivered,1,
15903,hb,4,0,732.416,732.453,delivered,1,
15904,cmd,0,4,732.48,732.501,delivered,1,
15905,hb,1,0,732.608,732.629,delivered,1,
15906,cmd,0,5,732.608,,expired,0,
15907,cmd,0,1,732.672,732.693,delivered,1,
15908,hb,2,0,732.736,732.778,delivered,2,
15909,thumb,2,0,732.8,732.873,delivered,2,
15910,cmd,0,2,732.8,732.842,delivered,2,
15911,hb,3,0,732.864,732.886,delivered,1,
15912,cmd,0,3,732.864,732.885,delivered,1,
15913,hb,4,0,732.928,732.949,delivered,1,
15914,cmd,0,4,732.992,733.013,delivered,1,
15915,cmd,0,5,733.056,,expired,0,
15916,hb,1,0,733.12,733.141,delivered,1,
15917,cmd,0,1,733.184,733.205,delivered,1,
15918,hb,2,0,733.248,733.29,delivered,2,
15919,hb,3,0,733.312,733.334,delivered,1,
15920,cmd,0,2,733.312,733.354,delivered,2,
15921,cmd,0,3,733.376,733.397,delivered,1,
15922,hb,4,0,733.44,733.461,delivered,1,
15923,thumb,4,0,733.504,733.542,delivered,1,
15924,cmd,0,4,733.504,733.525,delivered,1,
15925,cmd,0,5,733.568,,expired,0,
15926,hb,1,0,733.632,733.653,delivered,1,
15927,cmd,0,1,733.696,733.738,delivered,1,
15928,hb,2,0,733.76,733.824,delivered,2,
15929,cmd,0,2,733.76,733.802,delivered,2,
15930,hb,3,0,733.824,733.845,delivered,1,
15931,cmd,0,3,733.888,733.909,delivered,1,
15932,hb,4,0,733.952,733.974,delivered,1,
15933,cmd,0,4,733.952,733.973,delivered,1,
15934,cmd,0,5,734.08,,expired,0,
15935,hb,1,0,734.144,734.165,delivered,1,
15936,hb,2,0,734.208,734.25,delivered,2,
15937,cmd,0,1,734.208,734.229,delivered,1,
15938,cmd,0,2,734.272,734.314,delivered,2,
15939,hb,3,0,734.336,734.357,delivered,1,
15940,thumb,1,0,734.4,734.438,delivered,1,
15941,cmd,0,3,734.4,734.421,delivered,1,
15942,hb,4,0,734.464,734.486,delivered,1,
15943,cmd,0,4,734.464,734.485,delivered,1,
15944,cmd,0,5,734.592,,expired,0,
15945,hb,1,0,734.656,734.678,delivered,1,
15946,cmd,0,1,734.656,734.698,delivered,1,
15947,hb,2,0,734.72,734.762,delivered,2,
15948,thumb,2,0,734.784,734.893,delivered,2,
15949,cmd,0,2,734.784,734.826,delivered,2,
15950,hb,3,0,734.848,734.894,delivered,1,
15951,hb,4,0,734.912,734.934,delivered,1,
15952,cmd,0,3,734.912,734.933,delivered,1,
15953,cmd,0,4,734.976,734.997,delivered,1,
15954,hb,1,0,735.104,735.125,delivered,1,
15955,cmd,0,5,735.104,,expired,0,
15956,cmd,0,1,735.168,735.189,delivered,1,
15957,hb,2,0,735.232,735.295,delivered,2,
15958,cmd,0,2,735.296,735.338,delivered,2,
15959,hb,3,0,735.36,735.382,delivered,1,
15960,cmd,0,3,735.36,735.381,delivered,1,
15961,hb,4,0,735.424,735.445,delivered,1,
15962,thumb,4,0,735.488,735.526,delivered,1,
15963,cmd,0,4,735.488,735.509,delivered,1,
15964,cmd,0,5,735.552,,expired,0,
15965,hb,1,0,735.616,735.637,delivered,1,
15966,cmd,0,1,735.68,735.701,delivered,1,
15967,hb,2,0,735.744,735.786,delivered,2,
15968,hb,3,0,735.808,735.83,delivered,1,
15969,cmd,0,2,735.808,735.85,delivered,2,
15970,cmd,0,3,735.872,735.893,delivered,1,
15971,hb,4,0,735.936,735.957,delivered,1,
15972,cmd,0,4,736.0,736.021,delivered,1,
15973,cmd,0,5,736.064,,expired,0,
15974,hb,1,0,736.128,736.149,delivered,1,
15975,cmd,0,1,736.192,736.213,delivered,1,
15976,hb,2,0,736.256,736.298,delivered,2,
15977,cmd,0,2,736.256,736.299,delivered,2,
15978,hb,3,0,736.32,736.341,delivered,1,
15979,thumb,1,0,736.384,736.422,delivered,1,
15980,cmd,0,3,736.384,736.405,delivered,1,
15981,hb,4,0,736.448,736.469,delivered,1,
15982,cmd,0,4,736.512,736.533,delivered,1,
15983,cmd,0,5,736.576,,expired,0,
15984,hb,1,0,736.64,736.661,delivered,1,
15985,hb,2,0,736.704,736.746,delivered,2,
15986,cmd,0,1,736.704,736.725,delivered,1,
15987,thumb,2,0,736.768,736.841,delivered,2,
15988,cmd,0,2,736.768,736.81,delivered,2,
15989,hb,3,0,736.832,736.853,delivered,1,
15990,cmd,0,3,736.896,736.917,delivered,1,
15991,hb,4,0,736.96,736.982,delivered,1,
15992,cmd,0,4,736.96,736.981,delivered,1,
15993,cmd,0,5,737.088,,expired,0,
15994,hb,1,0,737.152,737.174,delivered,1,
15995,cmd,0,1,737.152,737.173,delivered,1,
15996,hb,2,0,737.216,737.258,delivered,2,
15997,cmd,0,2,737.28,737.322,delivered,2,
15998,hb,3,0,737.344,737.365,delivered,1,
15999,hb,4,0,737.408,737.43,delivered,1,
16000,cmd,0,3,737.408,737.429,delivered,1,
16001,cmd,0,4,737.472,737.493,delivered,1,
16002,thumb,4,0,737.536,737.572,delivered,1,
16003,cmd,0,5,737.6,,expired,0,
16004,hb,1,0,737.664,737.686,delivered,1,
16005,cmd,0,1,737.664,737.685,delivered,1,
16006,hb,2,0,737.728,737.77,delivered,2,
16007,cmd,0,2,737.792,737.834,delivered,2,
16008,hb,3,0,737.856,737.878,delivered,1,
16009,cmd,0,3,737.856,737.877,delivered,1,
16010,hb,4,0,737.92,737.941,delivered,1,
16011,cmd,0,4,737.984,738.005,delivered,1,
16012,hb,1,0,738.112,738.154,delivered,1,
16013,cmd,0,5,738.112,,expired,0,
16014,cmd,0,1,738.176,738.197,delivered,1,
16015,hb,2,0,738.24,738.282,delivered,2,
16016,hb,3,0,738.304,738.326,delivered,1,
16017,cmd,0,2,738.304,738.367,delivered,2,
16018,cmd,0,3,738.368,738.389,delivered,1,
16019,thumb,1,0,738.432,738.505,delivered,1,
16020,hb,4,0,738.432,738.469,delivered,1,
16021,cmd,0,4,738.496,738.517,delivered,1,
16022,cmd,0,5,738.56,,expired,0,
16023,hb,1,0,738.624,738.645,delivered,1,
16024,cmd,0,1,738.688,738.709,delivered,1,
16025,hb,2,0,738.752,738.794,delivered,2,
16026,thumb,2,0,738.752,738.847,delivered,2,
16027,cmd,0,2,738.752,738.811,delivered,2,
16028,hb,3,0,738.816,738.848,delivered,1,
16029,cmd,0,3,738.88,738.901,delivered,1,
16030,hb,4,0,738.944,738.965,delivered,1,
16031,cmd,0,4,739.008,739.029,delivered,1,
16032,cmd,0,5,739.072,,expired,0,
16033,hb,1,0,739.136,739.157,delivered,1,
16034,cmd,0,1,739.2,739.221,delivered,1,
16035,hb,2,0,739.264,739.327,delivered,2,
16036,cmd,0,2,739.264,739.328,delivered,2,
16037,hb,3,0,739.328,739.349,delivered,1,
16038,cmd,0,3,739.392,739.413,delivered,1,
16039,hb,4,0,739.456,739.478,delivered,1,
16040,cmd,0,4,739.456,739.477,delivered,1,
16041,thumb,4,0,739.52,739.556,delivered,1,
16042,cmd,0,5,739.584,,expired,0,
16043,hb,1,0,739.648,739.669,delivered,1,
16044,hb,2,0,739.712,739.775,delivered,2,
16045,cmd,0,1,739.712,739.733,delivered,1,
16046,cmd,0,2,739.776,739.86,delivered,2,
16047,hb,3,0,739.84,739.861,delivered,1,
16048,hb,4,0,739.904,739.926,delivered,1,
16049,cmd,0,3,739.904,739.925,delivered,1,
16050,cmd,0,4,739.968,739.989,delivered,1,
16051,cmd,0,5,740.096,,expired,0,
16052,hb,1,0,740.16,740.182,delivered,1,
16053,cmd,0,1,740.16,740.181,delivered,1,
16054,hb,2,0,740.224,740.266,delivered,2,
16055,cmd,0,2,740.288,740.33,delivered,2,
16056,hb,3,0,740.352,740.374,delivered,1,
16057,cmd,0,3,740.352,740.373,delivered,1,
16058,thumb,1,0,740.416,740.452,delivered,1,
16059,hb,4,0,740.416,740.453,delivered,1,
16060,cmd,0,4,740.48,740.501,delivered,1,
16061,hb,1,0,740.608,740.65,delivered,1,
16062,cmd,0,5,740.608,,expired,0,
16063,cmd,0,1,740.672,740.693,delivered,1,
16064,hb,2,0,740.736,740.778,delivered,2,
16065,thumb,2,0,740.8,740.909,delivered,2,
16066,cmd,0,2,740.8,740.842,delivered,2,
16067,hb,3,0,740.864,740.91,delivered,1,
16068,cmd,0,3,740.864,740.885,delivered,1,
16069,hb,4,0,740.928,740.949,delivered,1,
16070,cmd,0,4,740.992,741.013,delivered,1,
16071,cmd,0,5,741.056,,expired,0,
16072,hb,1,0,741.12,741.141,delivered,1,
16073,cmd,0,1,741.184,741.205,delivered,1,
16074,hb,2,0,741.248,741.29,delivered,2,
16075,hb,3,0,741.312,741.334,delivered,1,
16076,cmd,0,2,741.312,741.354,delivered,2,
16077,cmd,0,3,741.376,741.397,delivered,1,
16078,hb,4,0,741.44,741.461,delivered,1,
16079,thumb,4,0,741.504,741.542,delivered,1,
16080,cmd,0,4,741.504,741.525,delivered,1,
16081,cmd,0,5,741.568,,expired,0,
16082,hb,1,0,741.632,741.653,delivered,1,
16083,cmd,0,1,741.696,741.717,delivered,1,
16084,hb,2,0,741.76,741.802,delivered,2,
16085,cmd,0,2,741.76,741.803,delivered,2,
16086,hb,3,0,741.824,741.866,delivered,1,
16087,cmd,0,3,741.888,741.909,delivered,1,
16088,hb,4,0,741.952,741.974,delivered,1,
16089,cmd,0,4,741.952,741.973,delivered,1,
16090,cmd,0,5,742.08,,expired,0,
16091,hb,1,0,742.144,742.165,delivered,1,
16092,hb,2,0,742.208,742.25,delivered,2,
16093,cmd,0,1,742.208,742.229,delivered,1,
16094,cmd,0,2,742.272,742.314,delivered,2,
16095,hb,3,0,742.336,742.357,delivered,1,
16096,thumb,1,0,742.4,742.438,delivered,1,
16097,cmd,0,3,742.4,742.421,delivered,1,
16098,hb,4,0,742.464,742.486,delivered,1,
16099,cmd,0,4,742.464,742.485,delivered,1,
16100,cmd,0,5,742.592,,expired,0,
16101,hb,1,0,742.656,742.678,delivered,1,
16102,cmd,0,1,742.656,742.677,delivered,1,
16103,hb,2,0,742.72,742.762,delivered,2,
16104,thumb,2,0,742.784,742.857,delivered,2,
16105,cmd,0,2,742.784,742.826,delivered,2,
16106,hb,3,0,742.848,742.869,delivered,1,
16107,hb,4,0,742.912,742.934,delivered,1,
16108,cmd,0,3,742.912,742.933,delivered,1,
16109,cmd,0,4,742.976,742.997,delivered,1,
16110,hb,1,0,743.104,743.125,delivered,1,
16111,cmd,0,5,743.104,,expired,0,
16112,cmd,0,1,743.168,743.189,delivered,1,
16113,hb,2,0,743.232,743.274,delivered,2,
16114,cmd,0,2,743.296,743.338,delivered,2,
16115,hb,3,0,743.36,743.382,delivered,1,
16116,cmd,0,3,743.36,743.381,delivered,1,
16117,hb,4,0,743.424,743.445,delivered,1,
16118,thumb,4,0,743.488,743.526,delivered,1,
16119,cmd,0,4,743.488,743.509,delivered,1,
16120,cmd,0,5,743.552,,expired,0,
16121,hb,1,0,743.616,743.637,delivered,1,
16122,cmd,0,1,743.68,743.701,delivered,1,
16123,hb,2,0,743.744,743.786,delivered,2,
16124,hb,3,0,743.808,743.83,delivered,1,
16125,cmd,0,2,743.808,743.85,delivered,2,
16126,cmd,0,3,743.872,743.893,delivered,1,
16127,hb,4,0,743.936,743.957,delivered,1,
16128,cmd,0,4,744.0,744.021,delivered,1,
16129,cmd,0,5,744.064,,expired,0,
16130,hb,1,0,744.128,744.149,delivered,1,
16131,cmd,0,1,744.192,744.213,delivered,1,
16132,hb,2,0,744.256,744.319,delivered,2,
16133,cmd,0,2,744.256,744.32,delivered,2,
16134,hb,3,0,744.32,744.341,delivered,1,
16135,thumb,1,0,744.384,744.422,delivered,1,
16136,cmd,0,3,744.384,744.405,delivered,1,
16137,hb,4,0,744.448,744.469,delivered,1,
16138,cmd,0,4,744.512,744.533,delivered,1,
16139,cmd,0,5,744.576,,expired,0,
16140,hb,1,0,744.64,744.661,delivered,1,
16141,hb,2,0,744.704,744.746,delivered,2,
16142,cmd,0,1,744.704,744.725,delivered,1,
16143,thumb,2,0,744.768,744.841,delivered,2,
16144,cmd,0,2,744.768,744.81,delivered,2,
16145,hb,3,0,744.832,744.853,delivered,1,
16146,cmd,0,3,744.896,744.917,delivered,1,
16147,hb,4,0,744.96,744.982,delivered,1,
16148,cmd,0,4,744.96,744.981,delivered,1,
16149,cmd,0,5,745.088,,expired,0,
16150,hb,1,0,745.152,745.174,delivered,1,
16151,cmd,0,1,745.152,745.173,delivered,1,
16152,hb,2,0,745.216,745.258,delivered,2,
16153,cmd,0,2,745.28,745.322,delivered,2,
16154,hb,3,0,745.344,745.365,delivered,1,
16155,hb,4,0,745.408,745.43,delivered,1,
16156,cmd,0,3,745.408,745.429,delivered,1,
16157,cmd,0,4,745.472,745.493,delivered,1,
16158,thumb,4,0,745.536,745.572,delivered,1,
16159,cmd,0,5,745.6,,expired,0,
16160,hb,1,0,745.664,745.686,delivered,1,
16161,cmd,0,1,745.664,745.685,delivered,1,
16162,hb,2,0,745.728,745.791,delivered,2,
16163,cmd,0,2,745.792,745.834,delivered,2,
16164,hb,3,0,745.856,745.878,delivered,1,
16165,cmd,0,3,745.856,745.877,delivered,1,
16166,hb,4,0,745.92,745.941,delivered,1,
16167,cmd,0,4,745.984,746.005,delivered,1,
16168,hb,1,0,746.112,746.133,delivered,1,
16169,cmd,0,5,746.112,,expired,0,
16170,cmd,0,1,746.176,746.197,delivered,1,
16171,hb,2,0,746.24,746.282,delivered,2,
16172,hb,3,0,746.304,746.326,delivered,1,
16173,cmd,0,2,746.304,746.346,delivered,2,
16174,cmd,0,3,746.368,746.389,delivered,1,
16175,thumb,1,0,746.432,746.468,delivered,1,
16176,hb,4,0,746.432,746.469,delivered,1,
16177,cmd,0,4,746.496,746.517,delivered,1,
16178,cmd,0,5,746.56,,expired,0,
16179,hb,1,0,746.624,746.666,delivered,1,
16180,cmd,0,1,746.688,746.709,delivered,1,
16181,hb,2,0,746.752,746.794,delivered,2,
16182,thumb,2,0,746.752,746.847,delivered,2,
16183,cmd,0,2,746.752,746.811,delivered,2,
16184,hb,3,0,746.816,746.848,delivered,1,
16185,cmd,0,3,746.88,746.901,delivered,1,
16186,hb,4,0,746.944,746.965,delivered,1,
16187,cmd,0,4,747.008,747.029,delivered,1,
16188,cmd,0,5,747.072,,expired,0,
16189,hb,1,0,747.136,747.157,delivered,1,
16190,cmd,0,1,747.2,747.221,delivered,1,
16191,hb,2,0,747.264,747.306,delivered,2,
16192,cmd,0,2,747.264,747.307,delivered,2,
16193,hb,3,0,747.328,747.349,delivered,1,
16194,cmd,0,3,747.392,747.413,delivered,1,
16195,hb,4,0,747.456,747.478,delivered,1,
16196,cmd,0,4,747.456,747.477,delivered,1,
16197,thumb,4,0,747.52,747.556,delivered,1,
16198,cmd,0,5,747.584,,expired,0,
16199,hb,1,0,747.648,747.669,delivered,1,
16200,hb,2,0,747.712,747.754,delivered,2,
16201,cmd,0,1,747.712,747.733,delivered,1,
16202,cmd,0,2,747.776,747.818,delivered,2,
16203,hb,3,0,747.84,747.861,delivered,1,
16204,hb,4,0,747.904,747.926,delivered,1,
16205,cmd,0,3,747.904,747.925,delivered,1,
16206,cmd,0,4,747.968,747.989,delivered,1,
16207,cmd,0,5,748.096,,expired,0,
16208,hb,1,0,748.16,748.182,delivered,1,
16209,cmd,0,1,748.16,748.181,delivered,1,
16210,hb,2,0,748.224,748.266,delivered,2,
16211,cmd,0,2,748.288,748.33,delivered,2,
16212,hb,3,0,748.352,748.374,delivered,1,
16213,cmd,0,3,748.352,748.373,delivered,1,
16214,thumb,1,0,748.416,748.452,delivered,1,
16215,hb,4,0,748.416,748.453,delivered,1,
16216,cmd,0,4,748.48,748.501,delivered,1,
16217,hb,1,0,748.608,748.629,delivered,1,
16218,cmd,0,5,748.608,,expired,0,
16219,cmd,0,1,748.672,748.693,delivered,1,
16220,hb,2,0,748.736,748.778,delivered,2,
16221,thumb,2,0,748.8,748.873,delivered,2,
16222,cmd,0,2,748.8,748.842,delivered,2,
16223,hb,3,0,748.864,748.886,delivered,1,
16224,cmd,0,3,748.864,748.885,delivered,1,
16225,hb,4,0,748.928,748.949,delivered,1,
16226,cmd,0,4,748.992,749.013,delivered,1,
16227,cmd,0,5,749.056,,expired,0,
16228,hb,1,0,749.12,749.141,delivered,1,
16229,cmd,0,1,749.184,749.205,delivered,1,
16230,hb,2,0,749.248,749.29,delivered,2,
16231,hb,3,0,749.312,749.334,delivered,1,
16232,cmd,0,2,749.312,749.354,delivered,2,
16233,cmd,0,3,749.376,749.397,delivered,1,
16234,hb,4,0,749.44,749.461,delivered,1,
16235,thumb,4,0,749.504,749.542,delivered,1,
16236,cmd,0,4,749.504,749.525,delivered,1,
16237,cmd,0,5,749.568,,expired,0,
16238,hb,1,0,749.632,749.653,delivered,1,
16239,cmd,0,1,749.696,749.717,delivered,1,
16240,hb,2,0,749.76,749.824,delivered,2,
16241,cmd,0,2,749.76,749.802,delivered,2,
16242,hb,3,0,749.824,749.845,delivered,1,
16243,cmd,0,3,749.888,749.909,delivered,1,
16244,hb,4,0,749.952,749.974,delivered,1,
16245,cmd,0,4,749.952,749.973,delivered,1,
16246,cmd,0,5,750.08,,expired,0,
16247,hb,1,0,750.144,750.165,delivered,1,
16248,hb,2,0,750.208,750.25,delivered,2,
16249,cmd,0,1,750.208,750.229,delivered,1,
16250,cmd,0,2,750.272,750.314,delivered,2,
16251,hb,3,0,750.336,750.357,delivered,1,
16252,thumb,1,0,750.4,750.438,delivered,1,
16253,cmd,0,3,750.4,750.421,delivered,1,
16254,hb,4,0,750.464,750.486,delivered,1,
16255,cmd,0,4,750.464,750.485,delivered,1,
16256,cmd,0,5,750.592,,expired,0,
16257,hb,1,0,750.656,750.678,delivered,1,
16258,cmd,0,1,750.656,750.677,delivered,1,
16259,hb,2,0,750.72,750.783,delivered,2,
16260,thumb,2,0,750.784,750.893,delivered,2,
16261,cmd,0,2,750.784,750.826,delivered,2,
16262,hb,3,0,750.848,750.894,delivered,1,
16263,hb,4,0,750.912,750.934,delivered,1,
16264,cmd,0,3,750.912,750.933,delivered,1,
16265,cmd,0,4,750.976,750.997,delivered,1,
16266,hb,1,0,751.104,751.125,delivered,1,
16267,cmd,0,5,751.104,,expired,0,
16268,cmd,0,1,751.168,751.189,delivered,1,
16269,hb,2,0,751.232,751.295,delivered,2,
16270,cmd,0,2,751.296,751.338,delivered,2,
16271,hb,3,0,751.36,751.382,delivered,1,
16272,cmd,0,3,751.36,751.381,delivered,1,
16273,hb,4,0,751.424,751.445,delivered,1,
16274,thumb,4,0,751.488,751.526,delivered,1,
16275,cmd,0,4,751.488,751.509,delivered,1,
16276,cmd,0,5,751.552,,expired,0,
16277,hb,1,0,751.616,751.637,delivered,1,
16278,cmd,0,1,751.68,751.701,delivered,1,
16279,hb,2,0,751.744,751.786,delivered,2,
16280,hb,3,0,751.808,751.83,delivered,1,
16281,cmd,0,2,751.808,751.85,delivered,2,
16282,cmd,0,3,751.872,751.893,delivered,1,
16283,hb,4,0,751.936,751.957,delivered,1,
16284,cmd,0,4,752.0,752.021,delivered,1,
16285,cmd,0,5,752.064,,expired,0,
16286,hb,1,0,752.128,752.149,delivered,1,
16287,cmd,0,1,752.192,752.213,delivered,1,
16288,hb,2,0,752.256,752.298,delivered,2,
16289,cmd,0,2,752.256,752.299,delivered,2,
16290,hb,3,0,752.32,752.341,delivered,1,
16291,thumb,1,0,752.384,752.422,delivered,1,
16292,cmd,0,3,752.384,752.405,delivered,1,
16293,hb,4,0,752.448,752.469,delivered,1,
16294,cmd,0,4,752.512,752.533,delivered,1,
16295,cmd,0,5,752.576,,expired,0,
16296,hb,1,0,752.64,752.661,delivered,1,
16297,hb,2,0,752.704,752.746,delivered,2,
16298,cmd,0,1,752.704,752.725,delivered,1,
16299,thumb,2,0,752.768,752.877,delivered,2,
16300,cmd,0,2,752.768,752.81,delivered,2,
16301,hb,3,0,752.832,752.878,delivered,1,
16302,cmd,0,3,752.896,752.917,delivered,1,
16303,hb,4,0,752.96,752.982,delivered,1,
16304,cmd,0,4,752.96,752.981,delivered,1,
16305,cmd,0,5,753.088,,expired,0,
16306,hb,1,0,753.152,753.174,delivered,1,
16307,cmd,0,1,753.152,753.173,delivered,1,
16308,hb,2,0,753.216,753.258,delivered,2,
16309,cmd,0,2,753.28,753.322,delivered,2,
16310,hb,3,0,753.344,753.365,delivered,1,
16311,hb,4,0,753.408,753.43,delivered,1,
16312,cmd,0,3,753.408,753.429,delivered,1,
16313,cmd,0,4,753.472,753.493,delivered,1,
16314,thumb,4,0,753.536,753.572,delivered,1,
16315,cmd,0,5,753.6,,expired,0,
16316,hb,1,0,753.664,753.686,delivered,1,
16317,cmd,0,1,753.664,753.685,delivered,1,
16318,hb,2,0,753.728,753.77,delivered,2,
16319,cmd,0,2,753.792,753.834,delivered,2,
16320,hb,3,0,753.856,753.878,delivered,1,
16321,cmd,0,3,753.856,753.877,delivered,1,
16322,hb,4,0,753.92,753.941,delivered,1,
16323,cmd,0,4,753.984,754.005,delivered,1,
16324,hb,1,0,754.112,754.133,delivered,1,
16325,cmd,0,5,754.112,,expired,0,
16326,cmd,0,1,754.176,754.197,delivered,1,
16327,hb,2,0,754.24,754.282,delivered,2,
16328,hb,3,0,754.304,754.326,delivered,1,
16329,cmd,0,2,754.304,754.346,delivered,2,
16330,cmd,0,3,754.368,754.389,delivered,1,
16331,thumb,1,0,754.432,754.468,delivered,1,
16332,hb,4,0,754.432,754.469,delivered,1,
16333,cmd,0,4,754.496,754.517,delivered,1,
16334,cmd,0,5,754.56,,expired,0,
16335,hb,1,0,754.624,754.645,delivered,1,
16336,cmd,0,1,754.688,754.709,delivered,1,
16337,hb,2,0,754.752,754.794,delivered,2,
16338,thumb,2,0,754.752,754.847,delivered,2,
16339,cmd,0,2,754.752,754.811,delivered,2,
16340,hb,3,0,754.816,754.848,delivered,1,
16341,cmd,0,3,754.88,754.901,delivered,1,
16342,hb,4,0,754.944,754.965,delivered,1,
16343,cmd,0,4,755.008,755.029,delivered,1,
16344,cmd,0,5,755.072,,expired,0,
16345,hb,1,0,755.136,755.157,delivered,1,
16346,cmd,0,1,755.2,755.221,delivered,1,
16347,hb,2,0,755.264,755.307,delivered,2,
16348,cmd,0,2,755.264,755.369,delivered,2,
16349,hb,3,0,755.328,755.37,delivered,1,
16350,cmd,0,3,755.392,755.413,delivered,1,
16351,hb,4,0,755.456,755.478,delivered,1,
16352,cmd,0,4,755.456,755.477,delivered,1,
16353,cmd,0,5,755.584,,expired,0,
16354,hb,1,0,755.648,755.669,delivered,1,
16355,hb,2,0,755.712,755.754,delivered,2,
16356,cmd,0,1,755.712,755.733,delivered,1,
16357,cmd,0,2,755.776,755.818,delivered,2,
16358,hb,3,0,755.84,755.861,delivered,1,
16359,hb,4,0,755.904,755.926,delivered,1,
16360,cmd,0,3,755.904,755.925,delivered,1,
16361,cmd,0,4,755.968,755.989,delivered,1,
16362,cmd,0,5,756.096,,expired,0,
16363,hb,1,0,756.16,756.182,delivered,1,
16364,cmd,0,1,756.16,756.181,delivered,1,
16365,hb,2,0,756.224,756.266,delivered,2,
16366,cmd,0,2,756.288,756.33,delivered,2,
16367,hb,3,0,756.352,756.374,delivered,1,
16368,cmd,0,3,756.352,756.373,delivered,1,
16369,thumb,1,0,756.416,756.452,delivered,1,
16370,hb,4,0,756.416,756.453,delivered,1,
16371,cmd,0,4,756.48,756.501,delivered,1,
16372,hb,1,0,756.608,756.629,delivered,1,
16373,cmd,0,5,756.608,,expired,0,
16374,cmd,0,1,756.672,756.693,delivered,1,
16375,hb,2,0,756.736,756.778,delivered,2,
16376,thumb,2,0,756.8,756.873,delivered,2,
16377,cmd,0,2,756.8,756.842,delivered,2,
16378,hb,3,0,756.864,756.886,delivered,1,
16379,cmd,0,3,756.864,756.885,delivered,1,
16380,hb,4,0,756.928,756.949,delivered,1,
16381,cmd,0,4,756.992,757.013,delivered,1,
16382,cmd,0,5,757.056,,expired,0,
16383,hb,1,0,757.12,757.141,delivered,1,
16384,cmd,0,1,757.184,757.205,delivered,1,
16385,hb,2,0,757.248,757.29,delivered,2,
16386,hb,3,0,757.312,757.334,delivered,1,
16387,cmd,0,2,757.312,757.354,delivered,2,
16388,cmd,0,3,757.376,757.397,delivered,1,
16389,hb,4,0,757.44,757.461,delivered,1,
16390,cmd,0,4,757.504,757.525,delivered,1,
16391,cmd,0,5,757.568,,expired,0,
16392,hb,1,0,757.632,757.653,delivered,1,
16393,cmd,0,1,757.696,757.717,delivered,1,
16394,hb,2,0,757.76,757.802,delivered,2,
16395,cmd,0,2,757.76,757.803,delivered,2,
16396,hb,3,0,757.824,757.845,delivered,1,
16397,cmd,0,3,757.888,757.909,delivered,1,
16398,hb,4,0,757.952,757.974,delivered,1,
16399,cmd,0,4,757.952,757.973,delivered,1,
16400,cmd,0,5,758.08,,expired,0,
16401,hb,1,0,758.144,758.165,delivered,1,
16402,hb,2,0,758.208,758.25,delivered,2,
16403,cmd,0,1,758.208,758.229,delivered,1,
16404,cmd,0,2,758.272,758.314,delivered,2,
16405,hb,3,0,758.336,758.357,delivered,1,
16406,thumb,1,0,758.4,758.438,delivered,1,
16407,cmd,0,3,758.4,758.421,delivered,1,
16408,hb,4,0,758.464,758.486,delivered,1,
16409,cmd,0,4,758.464,758.485,delivered,1,
16410,cmd,0,5,758.592,,expired,0,
16411,hb,1,0,758.656,758.678,delivered,1,
16412,cmd,0,1,758.656,758.677,delivered,1,
16413,hb,2,0,758.72,758.762,delivered,2,
16414,thumb,2,0,758.784,758.864,delivered,2,
16415,cmd,0,2,758.784,758.847,delivered,2,
16416,hb,3,0,758.848,758.869,delivered,1,
16417,hb,4,0,758.912,758.934,delivered,1,
16418,cmd,0,3,758.912,758.933,delivered,1,
16419,cmd,0,4,758.976,758.997,delivered,1,
16420,hb,1,0,759.104,759.125,delivered,1,
16421,cmd,0,5,759.104,,expired,0,
16422,cmd,0,1,759.168,759.189,delivered,1,
16423,hb,2,0,759.232,759.274,delivered,2,
16424,cmd,0,2,759.296,759.338,delivered,2,
16425,hb,3,0,759.36,759.382,delivered,1,
16426,cmd,0,3,759.36,759.381,delivered,1,
16427,hb,4,0,759.424,759.445,delivered,1,
16428,cmd,0,4,759.488,759.509,delivered,1,
16429,cmd,0,5,759.552,,expired,0,
16430,hb,1,0,759.616,759.637,delivered,1,
16431,cmd,0,1,759.68,759.701,delivered,1,
16432,hb,2,0,759.744,759.786,delivered,2,
16433,hb,3,0,759.808,759.83,delivered,1,
16434,cmd,0,2,759.808,759.85,delivered,2,
16435,cmd,0,3,759.872,759.893,delivered,1,
16436,hb,4,0,759.936,759.957,delivered,1,
16437,cmd,0,4,760.0,760.021,delivered,1,
16438,cmd,0,5,760.064,,expired,0,
16439,hb,1,0,760.128,760.149,delivered,1,
16440,cmd,0,1,760.192,760.213,delivered,1,
16441,hb,2,0,760.256,760.298,delivered,2,
16442,cmd,0,2,760.256,760.32,delivered,2,
16443,hb,3,0,760.32,760.341,delivered,1,
16444,thumb,1,0,760.384,760.422,delivered,1,
16445,cmd,0,3,760.384,760.405,delivered,1,
16446,hb,4,0,760.448,760.469,delivered,1,
16447,cmd,0,4,760.512,760.533,delivered,1,
16448,cmd,0,5,760.576,,expired,0,
16449,hb,1,0,760.64,760.661,delivered,1,
16450,hb,2,0,760.704,760.746,delivered,2,
16451,cmd,0,1,760.704,760.725,delivered,1,
16452,thumb,2,0,760.768,760.877,delivered,2,
16453,cmd,0,2,760.768,760.842,delivered,2,
16454,hb,3,0,760.832,760.878,delivered,1,
16455,cmd,0,3,760.896,760.917,delivered,1,
16456,hb,4,0,760.96,760.982,delivered,1,
16457,cmd,0,4,760.96,760.981,delivered,1,
16458,cmd,0,5,761.088,,expired,0,
16459,hb,1,0,761.152,761.174,delivered,1,
16460,cmd,0,1,761.152,761.173,delivered,1,
16461,hb,2,0,761.216,761.258,delivered,2,
16462,cmd,0,2,761.28,761.322,delivered,2,
16463,hb,3,0,761.344,761.365,delivered,1,
16464,hb,4,0,761.408,761.43,delivered,1,
16465,cmd,0,3,761.408,761.429,delivered,1,
16466,cmd,0,4,761.472,761.493,delivered,1,
16467,cmd,0,5,761.6,,expired,0,
16468,hb,1,0,761.664,761.686,delivered,1,
16469,cmd,0,1,761.664,761.685,delivered,1,
16470,hb,2,0,761.728,761.77,delivered,2,
16471,cmd,0,2,761.792,761.834,delivered,2,
16472,hb,3,0,761.856,761.878,delivered,1,
16473,cmd,0,3,761.856,761.877,delivered,1,
16474,hb,4,0,761.92,761.941,delivered,1,
16475,cmd,0,4,761.984,762.005,delivered,1,
16476,hb,1,0,762.112,762.133,delivered,1,
16477,cmd,0,5,762.112,,expired,0,
16478,cmd,0,1,762.176,762.197,delivered,1,
16479,hb,2,0,762.24,762.282,delivered,2,
16480,hb,3,0,762.304,762.326,delivered,1,
16481,cmd,0,2,762.304,762.346,delivered,2,
16482,cmd,0,3,762.368,762.389,delivered,1,
16483,thumb,1,0,762.432,762.468,delivered,1,
16484,hb,4,0,762.432,762.469,delivered,1,
16485,cmd,0,4,762.496,762.517,delivered,1,
16486,cmd,0,5,762.56,,expired,0,
16487,hb,1,0,762.624,762.645,delivered,1,
16488,cmd,0,1,762.688,762.709,delivered,1,
16489,hb,2,0,762.752,762.794,delivered,2,
16490,thumb,2,0,762.752,762.847,delivered,2,
16491,cmd,0,2,762.752,762.811,delivered,2,
16492,hb,3,0,762.816,762.848,delivered,1,
16493,cmd,0,3,762.88,762.901,delivered,1,
16494,hb,4,0,762.944,762.965,delivered,1,
16495,cmd,0,4,763.008,763.029,delivered,1,
16496,cmd,0,5,763.072,,expired,0,
16497,hb,1,0,763.136,763.157,delivered,1,
16498,cmd,0,1,763.2,763.221,delivered,1,
16499,hb,2,0,763.264,763.306,delivered,2,
16500,cmd,0,2,763.264,763.307,delivered,2,
16501,hb,3,0,763.328,763.349,delivered,1,
16502,cmd,0,3,763.392,763.413,delivered,1,
16503,hb,4,0,763.456,763.478,delivered,1,
16504,cmd,0,4,763.456,763.477,delivered,1,
16505,cmd,0,5,763.584,,expired,0,
16506,hb,1,0,763.648,763.669,delivered,1,
16507,hb,2,0,763.712,763.734,delivered,1,
16508,cmd,0,1,763.712,763.733,delivered,1,
16509,cmd,0,2,763.776,763.797,delivered,1,
16510,hb,3,0,763.84,763.861,delivered,1,
16511,hb,4,0,763.904,763.926,delivered,1,
16512,cmd,0,3,763.904,763.925,delivered,1,
16513,cmd,0,4,763.968,763.989,delivered,1,
16514,cmd,0,5,764.096,,expired,0,
16515,hb,1,0,764.16,764.182,delivered,1,
16516,cmd,0,1,764.16,764.181,delivered,1,
16517,hb,2,0,764.224,764.245,delivered,1,
16518,cmd,0,2,764.288,764.309,delivered,1,
16519,hb,3,0,764.352,764.374,delivered,1,
16520,cmd,0,3,764.352,764.373,delivered,1,
16521,thumb,1,0,764.416,764.452,delivered,1,
16522,hb,4,0,764.416,764.453,delivered,1,
16523,cmd,0,4,764.48,764.501,delivered,1,
16524,hb,1,0,764.608,764.629,delivered,1,
16525,cmd,0,5,764.608,,expired,0,
16526,cmd,0,1,764.672,764.693,delivered,1,
16527,hb,2,0,764.736,764.757,delivered,1,
16528,thumb,2,0,764.8,764.874,delivered,1,
16529,cmd,0,2,764.8,764.842,delivered,1,
16530,hb,3,0,764.864,764.886,delivered,1,
16531,cmd,0,3,764.864,764.885,delivered,1,
16532,hb,4,0,764.928,764.949,delivered,1,
16533,cmd,0,4,764.992,765.013,delivered,1,
16534,cmd,0,5,765.056,,expired,0,
16535,hb,1,0,765.12,765.141,delivered,1,
16536,cmd,0,1,765.184,765.205,delivered,1,
16537,hb,2,0,765.248,765.269,delivered,1,
16538,hb,3,0,765.312,765.334,delivered,1,
16539,cmd,0,2,765.312,765.333,delivered,1,
16540,cmd,0,3,765.376,765.397,delivered,1,
16541,hb,4,0,765.44,765.461,delivered,1,
16542,cmd,0,4,765.504,765.525,delivered,1,
16543,cmd,0,5,765.568,,expired,0,
16544,hb,1,0,765.632,765.653,delivered,1,
16545,cmd,0,1,765.696,765.717,delivered,1,
16546,hb,2,0,765.76,765.803,delivered,1,
16547,cmd,0,2,765.76,765.781,delivered,1,
16548,hb,3,0,765.824,765.845,delivered,1,
16549,cmd,0,3,765.888,765.909,delivered,1,
16550,hb,4,0,765.952,765.974,delivered,1,
16551,cmd,0,4,765.952,765.973,delivered,1,
16552,cmd,0,5,766.08,,expired,0,
16553,hb,1,0,766.144,766.165,delivered,1,
16554,hb,2,0,766.208,766.23,delivered,1,
16555,cmd,0,1,766.208,766.229,delivered,1,
16556,cmd,0,2,766.272,766.293,delivered,1,
16557,hb,3,0,766.336,766.357,delivered,1,
16558,thumb,1,0,766.4,766.438,delivered,1,
16559,cmd,0,3,766.4,766.421,delivered,1,
16560,hb,4,0,766.464,766.486,delivered,1,
16561,cmd,0,4,766.464,766.485,delivered,1,
16562,cmd,0,5,766.592,,expired,0,
16563,hb,1,0,766.656,766.678,delivered,1,
16564,cmd,0,1,766.656,766.677,delivered,1,
16565,hb,2,0,766.72,766.741,delivered,1,
16566,thumb,2,0,766.784,766.822,delivered,1,
16567,cmd,0,2,766.784,766.805,delivered,1,
16568,hb,3,0,766.848,766.869,delivered,1,
16569,hb,4,0,766.912,766.934,delivered,1,
16570,cmd,0,3,766.912,766.933,delivered,1,
16571,cmd,0,4,766.976,766.997,delivered,1,
16572,hb,1,0,767.104,767.125,delivered,1,
16573,cmd,0,5,767.104,,expired,0,
16574,cmd,0,1,767.168,767.189,delivered,1,
16575,hb,2,0,767.232,767.253,delivered,1,
16576,cmd,0,2,767.296,767.317,delivered,1,
16577,hb,3,0,767.36,767.382,delivered,1,
16578,cmd,0,3,767.36,767.381,delivered,1,
16579,hb,4,0,767.424,767.445,delivered,1,
16580,cmd,0,4,767.488,767.509,delivered,1,
16581,cmd,0,5,767.552,,expired,0,
16582,hb,1,0,767.616,767.637,delivered,1,
16583,cmd,0,1,767.68,767.701,delivered,1,
16584,hb,2,0,767.744,767.765,delivered,1,
16585,hb,3,0,767.808,767.83,delivered,1,
16586,cmd,0,2,767.808,767.829,delivered,1,
16587,cmd,0,3,767.872,767.893,delivered,1,
16588,hb,4,0,767.936,767.957,delivered,1,
16589,cmd,0,4,768.0,768.021,delivered,1,
16590,cmd,0,5,768.064,,expired,0,
16591,hb,1,0,768.128,768.149,delivered,1,
16592,cmd,0,1,768.192,768.213,delivered,1,
16593,hb,2,0,768.256,768.278,delivered,1,
16594,cmd,0,2,768.256,768.298,delivered,1,
16595,hb,3,0,768.32,768.341,delivered,1,
16596,thumb,1,0,768.384,768.422,delivered,1,
16597,cmd,0,3,768.384,768.405,delivered,1,
16598,hb,4,0,768.448,768.469,delivered,1,
16599,cmd,0,4,768.512,768.533,delivered,1,
16600,cmd,0,5,768.576,,expired,0,
16601,hb,1,0,768.64,768.661,delivered,1,
16602,hb,2,0,768.704,768.726,delivered,1,
16603,cmd,0,1,768.704,768.725,delivered,1,
16604,thumb,2,0,768.768,768.806,delivered,1,
16605,cmd,0,2,768.768,768.789,delivered,1,
16606,hb,3,0,768.832,768.853,delivered,1,
16607,cmd,0,3,768.896,768.917,delivered,1,
16608,hb,4,0,768.96,768.982,delivered,1,
16609,cmd,0,4,768.96,768.981,delivered,1,
16610,cmd,0,5,769.088,,expired,0,
16611,hb,1,0,769.152,769.174,delivered,1,
16612,cmd,0,1,769.152,769.173,delivered,1,
16613,hb,2,0,769.216,769.237,delivered,1,
16614,cmd,0,2,769.28,769.322,delivered,1,
16615,hb,3,0,769.344,769.365,delivered,1,
16616,hb,4,0,769.408,769.43,delivered,1,
16617,cmd,0,3,769.408,769.429,delivered,1,
16618,cmd,0,4,769.472,769.493,delivered,1,
16619,cmd,0,5,769.6,,expired,0,
16620,hb,1,0,769.664,769.686,delivered,1,
16621,cmd,0,1,769.664,769.685,delivered,1,
16622,hb,2,0,769.728,769.749,delivered,1,
16623,cmd,0,2,769.792,769.834,delivered,1,
16624,hb,3,0,769.856,769.878,delivered,1,
16625,cmd,0,3,769.856,769.877,delivered,1,
16626,hb,4,0,769.92,769.941,delivered,1,
16627,cmd,0,4,769.984,770.005,delivered,1,
16628,hb,1,0,770.112,770.133,delivered,1,
16629,cmd,0,5,770.112,,expired,0,
16630,cmd,0,1,770.176,770.197,delivered,1,
16631,hb,2,0,770.24,770.261,delivered,1,
16632,hb,3,0,770.304,770.326,delivered,1,
16633,cmd,0,2,770.304,770.325,delivered,1,
16634,cmd,0,3,770.368,770.389,delivered,1,
16635,thumb,1,0,770.432,770.468,delivered,1,
16636,hb,4,0,770.432,770.469,delivered,1,
16637,cmd,0,4,770.496,770.517,delivered,1,
16638,cmd,0,5,770.56,,expired,0,
16639,hb,1,0,770.624,770.645,delivered,1,
16640,cmd,0,1,770.688,770.709,delivered,1,
16641,hb,2,0,770.752,770.795,delivered,1,
16642,thumb,2,0,770.752,770.811,delivered,1,
16643,cmd,0,2,770.752,770.773,delivered,1,
16644,hb,3,0,770.816,770.837,delivered,1,
16645,cmd,0,3,770.88,770.901,delivered,1,
16646,hb,4,0,770.944,770.965,delivered,1,
16647,cmd,0,4,771.008,771.029,delivered,1,
16648,cmd,0,5,771.072,,expired,0,
16649,hb,1,0,771.136,771.157,delivered,1,
16650,cmd,0,1,771.2,771.221,delivered,1,
16651,hb,2,0,771.264,771.286,delivered,1,
16652,cmd,0,2,771.264,771.285,delivered,1,
16653,hb,3,0,771.328,771.349,delivered,1,
16654,cmd,0,3,771.392,771.413,delivered,1,
16655,hb,4,0,771.456,771.478,delivered,1,
16656,cmd,0,4,771.456,771.477,delivered,1,
16657,cmd,0,5,771.584,,expired,0,
16658,hb,1,0,771.648,771.669,delivered,1,
16659,hb,2,0,771.712,771.734,delivered,1,
16660,cmd,0,1,771.712,771.733,delivered,1,
16661,cmd,0,2,771.776,771.797,delivered,1,
16662,hb,3,0,771.84,771.861,delivered,1,
16663,hb,4,0,771.904,771.926,delivered,1,
16664,cmd,0,3,771.904,771.925,delivered,1,
16665,cmd,0,4,771.968,771.989,delivered,1,
16666,cmd,0,5,772.096,,expired,0,
16667,hb,1,0,772.16,772.182,delivered,1,
16668,cmd,0,1,772.16,772.181,delivered,1,
16669,hb,2,0,772.224,772.245,delivered,1,
16670,cmd,0,2,772.288,772.309,delivered,1,
16671,hb,3,0,772.352,772.374,delivered,1,
16672,cmd,0,3,772.352,772.373,delivered,1,
16673,thumb,1,0,772.416,772.452,delivered,1,
16674,hb,4,0,772.416,772.453,delivered,1,
16675,cmd,0,4,772.48,772.501,delivered,1,
16676,hb,1,0,772.608,772.629,delivered,1,
16677,cmd,0,5,772.608,,expired,0,
16678,cmd,0,1,772.672,772.693,delivered,1,
16679,hb,2,0,772.736,772.757,delivered,1,
16680,thumb,2,0,772.8,772.838,delivered,1,
16681,cmd,0,2,772.8,772.821,delivered,1,
16682,hb,3,0,772.864,772.886,delivered,1,
16683,cmd,0,3,772.864,772.885,delivered,1,
16684,hb,4,0,772.928,772.949,delivered,1,
16685,cmd,0,4,772.992,773.013,delivered,1,
16686,cmd,0,5,773.056,,expired,0,
16687,hb,1,0,773.12,773.141,delivered,1,
16688,cmd,0,1,773.184,773.205,delivered,1,
16689,hb,2,0,773.248,773.269,delivered,1,
16690,hb,3,0,773.312,773.334,delivered,1,
16691,cmd,0,2,773.312,773.333,delivered,1,
16692,cmd,0,3,773.376,773.397,delivered,1,
16693,hb,4,0,773.44,773.461,delivered,1,
16694,cmd,0,4,773.504,773.525,delivered,1,
16695,cmd,0,5,773.568,,expired,0,
16696,hb,1,0,773.632,773.653,delivered,1,
16697,cmd,0,1,773.696,773.717,delivered,1,
16698,hb,2,0,773.76,773.782,delivered,1,
16699,cmd,0,2,773.76,773.781,delivered,1,
16700,hb,3,0,773.824,773.845,delivered,1,
16701,cmd,0,3,773.888,773.909,delivered,1,
16702,hb,4,0,773.952,773.974,delivered,1,
16703,cmd,0,4,773.952,773.973,delivered,1,
16704,cmd,0,5,774.08,,expired,0,
16705,hb,1,0,774.144,774.165,delivered,1,
16706,hb,2,0,774.208,774.23,delivered,1,
16707,cmd,0,1,774.208,774.229,delivered,1,
16708,cmd,0,2,774.272,774.293,delivered,1,
16709,hb,3,0,774.336,774.357,delivered,1,
16710,thumb,1,0,774.4,774.438,delivered,1,
16711,cmd,0,3,774.4,774.421,delivered,1,
16712,hb,4,0,774.464,774.486,delivered,1,
16713,cmd,0,4,774.464,774.485,delivered,1,
16714,cmd,0,5,774.592,,expired,0,
16715,hb,1,0,774.656,774.678,delivered,1,
16716,cmd,0,1,774.656,774.677,delivered,1,
16717,hb,2,0,774.72,774.741,delivered,1,
16718,thumb,2,0,774.784,774.822,delivered,1,
16719,cmd,0,2,774.784,774.805,delivered,1,
16720,hb,3,0,774.848,774.869,delivered,1,
16721,hb,4,0,774.912,774.934,delivered,1,
16722,cmd,0,3,774.912,774.933,delivered,1,
16723,cmd,0,4,774.976,774.997,delivered,1,
16724,hb,1,0,775.104,775.125,delivered,1,
16725,cmd,0,5,775.104,,expired,0,
16726,cmd,0,1,775.168,775.189,delivered,1,
16727,hb,2,0,775.232,775.253,delivered,1,
16728,cmd,0,2,775.296,775.317,delivered,1,
16729,hb,3,0,775.36,775.382,delivered,1,
16730,cmd,0,3,775.36,775.381,delivered,1,
16731,hb,4,0,775.424,775.445,delivered,1,
16732,cmd,0,4,775.488,775.509,delivered,1,
16733,cmd,0,5,775.552,,expired,0,
16734,hb,1,0,775.616,775.637,delivered,1,
16735,cmd,0,1,775.68,775.701,delivered,1,
16736,hb,2,0,775.744,775.765,delivered,1,
16737,hb,3,0,775.808,775.83,delivered,1,
16738,cmd,0,2,775.808,775.829,delivered,1,
16739,cmd,0,3,775.872,775.893,delivered,1,
16740,hb,4,0,775.936,775.957,delivered,1,
16741,cmd,0,4,776.0,776.042,delivered,1,
16742,cmd,0,5,776.064,,expired,0,
16743,hb,1,0,776.128,776.149,delivered,1,
16744,cmd,0,1,776.192,776.213,delivered,1,
16745,hb,2,0,776.256,776.278,delivered,1,
16746,cmd,0,2,776.256,776.277,delivered,1,
16747,hb,3,0,776.32,776.341,delivered,1,
16748,thumb,1,0,776.384,776.422,delivered,1,
16749,cmd,0,3,776.384,776.426,delivered,1,
16750,hb,4,0,776.448,776.469,delivered,1,
16751,cmd,0,4,776.512,776.533,delivered,1,
16752,cmd,0,5,776.576,,expired,0,
16753,hb,1,0,776.64,776.661,delivered,1,
16754,hb,2,0,776.704,776.726,delivered,1,
16755,cmd,0,1,776.704,776.725,delivered,1,
16756,thumb,2,0,776.768,776.806,delivered,1,
16757,cmd,0,2,776.768,776.789,delivered,1,
16758,hb,3,0,776.832,776.853,delivered,1,
16759,cmd,0,3,776.896,776.917,delivered,1,
16760,hb,4,0,776.96,776.982,delivered,1,
16761,cmd,0,4,776.96,776.981,delivered,1,
16762,cmd,0,5,777.088,,expired,0,
16763,hb,1,0,777.152,777.174,delivered,1,
16764,cmd,0,1,777.152,777.173,delivered,1,
16765,hb,2,0,777.216,777.237,delivered,1,
16766,cmd,0,2,777.28,777.301,delivered,1,
16767,hb,3,0,777.344,777.365,delivered,1,
16768,hb,4,0,777.408,777.43,delivered,1,
16769,cmd,0,3,777.408,777.429,delivered,1,
16770,cmd,0,4,777.472,777.493,delivered,1,
16771,cmd,0,5,777.6,,expired,0,
16772,hb,1,0,777.664,777.686,delivered,1,
16773,cmd,0,1,777.664,777.685,delivered,1,
16774,hb,2,0,777.728,777.749,delivered,1,
16775,cmd,0,2,777.792,777.813,delivered,1,
16776,hb,3,0,777.856,777.878,delivered,1,
16777,cmd,0,3,777.856,777.877,delivered,1,
16778,hb,4,0,777.92,777.941,delivered,1,
16779,cmd,0,4,777.984,778.005,delivered,1,
16780,hb,1,0,778.112,778.133,delivered,1,
16781,cmd,0,5,778.112,,expired,0,
16782,cmd,0,1,778.176,778.197,delivered,1,
16783,hb,2,0,778.24,778.261,delivered,1,
16784,hb,3,0,778.304,778.326,delivered,1,
16785,cmd,0,2,778.304,778.325,delivered,1,
16786,cmd,0,3,778.368,778.389,delivered,1,
16787,thumb,1,0,778.432,778.468,delivered,1,
16788,hb,4,0,778.432,778.469,delivered,1,
16789,cmd,0,4,778.496,778.517,delivered,1,
16790,cmd,0,5,778.56,,expired,0,
16791,hb,1,0,778.624,778.645,delivered,1,
16792,cmd,0,1,778.688,778.709,delivered,1,
16793,hb,2,0,778.752,778.774,delivered,1,
16794,thumb,2,0,778.752,778.79,delivered,1,
16795,cmd,0,2,778.752,778.773,delivered,1,
16796,hb,3,0,778.816,778.837,delivered,1,
16797,cmd,0,3,778.88,778.901,delivered,1,
16798,hb,4,0,778.944,778.965,delivered,1,
16799,cmd,0,4,779.008,779.029,delivered,1,
16800,cmd,0,5,779.072,,expired,0,
16801,hb,1,0,779.136,779.157,delivered,1,
16802,cmd,0,1,779.2,779.221,delivered,1,
16803,hb,2,0,779.264,779.286,delivered,1,
16804,cmd,0,2,779.264,779.285,delivered,1,
16805,hb,3,0,779.328,779.349,delivered,1,
16806,cmd,0,3,779.392,779.413,delivered,1,
16807,hb,4,0,779.456,779.478,delivered,1,
16808,cmd,0,4,779.456,779.477,delivered,1,
16809,cmd,0,5,779.584,,expired,0,
16810,hb,1,0,779.648,779.669,delivered,1,
16811,hb,2,0,779.712,779.734,delivered,1,
16812,cmd,0,1,779.712,779.733,delivered,1,
16813,cmd,0,2,779.776,779.797,delivered,1,
16814,hb,3,0,779.84,779.861,delivered,1,
16815,hb,4,0,779.904,779.926,delivered,1,
16816,cmd,0,3,779.904,779.925,delivered,1,
16817,cmd,0,4,779.968,779.989,delivered,1,
16818,cmd,0,5,780.096,,expired,0,
16819,hb,1,0,780.16,780.182,delivered,1,
16820,cmd,0,1,780.16,780.181,delivered,1,
16821,hb,2,0,780.224,780.245,delivered,1,
16822,cmd,0,2,780.288,780.309,delivered,1,
16823,hb,3,0,780.352,780.374,delivered,1,
16824,cmd,0,3,780.352,780.373,delivered,1,
16825,thumb,1,0,780.416,780.452,delivered,1,
16826,hb,4,0,780.416,780.453,delivered,1,
16827,cmd,0,4,780.48,780.501,delivered,1,
16828,hb,1,0,780.608,780.629,delivered,1,
16829,cmd,0,5,780.608,,expired,0,
16830,cmd,0,1,780.672,780.693,delivered,1,
16831,hb,2,0,780.736,780.757,delivered,1,
16832,thumb,2,0,780.8,780.838,delivered,1,
16833,cmd,0,2,780.8,780.821,delivered,1,
16834,hb,3,0,780.864,780.886,delivered,1,
16835,cmd,0,3,780.864,780.885,delivered,1,
16836,hb,4,0,780.928,780.949,delivered,1,
16837,cmd,0,4,780.992,781.013,delivered,1,
16838,cmd,0,5,781.056,,expired,0,
16839,hb,1,0,781.12,781.141,delivered,1,
16840,cmd,0,1,781.184,781.205,delivered,1,
16841,hb,2,0,781.248,781.269,delivered,1,
16842,hb,3,0,781.312,781.334,delivered,1,
16843,cmd,0,2,781.312,781.333,delivered,1,
16844,cmd,0,3,781.376,781.397,delivered,1,
16845,hb,4,0,781.44,781.461,delivered,1,
16846,cmd,0,4,781.504,781.525,delivered,1,
16847,cmd,0,5,781.568,,expired,0,
16848,hb,1,0,781.632,781.653,delivered,1,
16849,cmd,0,1,781.696,781.717,delivered,1,
16850,hb,2,0,781.76,781.782,delivered,1,
16851,cmd,0,2,781.76,781.781,delivered,1,
16852,hb,3,0,781.824,781.845,delivered,1,
16853,cmd,0,3,781.888,781.909,delivered,1,
16854,hb,4,0,781.952,781.974,delivered,1,
16855,cmd,0,4,781.952,781.973,delivered,1,
16856,cmd,0,5,782.08,,expired,0,
16857,hb,1,0,782.144,782.165,delivered,1,
16858,hb,2,0,782.208,782.251,delivered,1,
16859,cmd,0,1,782.208,782.229,delivered,1,
16860,cmd,0,2,782.272,782.335,delivered,1,
16861,hb,3,0,782.336,782.357,delivered,1,
16862,cmd,0,3,782.4,782.421,delivered,1,
16863,hb,4,0,782.464,782.486,delivered,1,
16864,cmd,0,4,782.464,782.485,delivered,1,
16865,cmd,0,5,782.592,,expired,0,
16866,hb,1,0,782.656,782.678,delivered,1,
16867,cmd,0,1,782.656,782.677,delivered,1,
16868,hb,2,0,782.72,782.762,delivered,1,
16869,thumb,2,0,782.784,782.822,delivered,1,
16870,cmd,0,2,782.784,782.805,delivered,1,
16871,hb,3,0,782.848,782.869,delivered,1,
16872,hb,4,0,782.912,782.934,delivered,1,
16873,cmd,0,3,782.912,782.933,delivered,1,
16874,cmd,0,4,782.976,782.997,delivered,1,
16875,hb,1,0,783.104,783.125,delivered,1,
16876,cmd,0,5,783.104,,expired,0,
16877,cmd,0,1,783.168,783.189,delivered,1,
16878,hb,2,0,783.232,783.253,delivered,1,
16879,cmd,0,2,783.296,783.317,delivered,1,
16880,hb,3,0,783.36,783.382,delivered,1,
16881,cmd,0,3,783.36,783.381,delivered,1,
16882,hb,4,0,783.424,783.445,delivered,1,
16883,cmd,0,4,783.488,783.509,delivered,1,
16884,cmd,0,5,783.552,,expired,0,
16885,hb,1,0,783.616,783.637,delivered,1,
16886,cmd,0,1,783.68,783.701,delivered,1,
16887,hb,2,0,783.744,783.765,delivered,1,
16888,hb,3,0,783.808,783.83,delivered,1,
16889,cmd,0,2,783.808,783.829,delivered,1,
16890,cmd,0,3,783.872,783.893,delivered,1,
16891,hb,4,0,783.936,783.957,delivered,1,
16892,cmd,0,4,784.0,784.021,delivered,1,
16893,cmd,0,5,784.064,,expired,0,
16894,hb,1,0,784.128,784.149,delivered,1,
16895,cmd,0,1,784.192,784.213,delivered,1,
16896,hb,2,0,784.256,784.278,delivered,1,
16897,cmd,0,2,784.256,784.277,delivered,1,
16898,hb,3,0,784.32,784.341,delivered,1,
16899,cmd,0,3,784.384,784.426,delivered,1,
16900,hb,4,0,784.448,784.469,delivered,1,
16901,cmd,0,4,784.512,784.533,delivered,1,
16902,cmd,0,5,784.576,,expired,0,
16903,hb,1,0,784.64,784.661,delivered,1,
16904,hb,2,0,784.704,784.726,delivered,1,
16905,cmd,0,1,784.704,784.725,delivered,1,
16906,thumb,2,0,784.768,784.806,delivered,1,
16907,cmd,0,2,784.768,784.789,delivered,1,
16908,hb,3,0,784.832,784.853,delivered,1,
16909,cmd,0,3,784.896,784.917,delivered,1,
16910,hb,4,0,784.96,784.982,delivered,1,
16911,cmd,0,4,784.96,784.981,delivered,1,
16912,cmd,0,5,785.088,,expired,0,
16913,hb,1,0,785.152,785.174,delivered,1,
16914,cmd,0,1,785.152,785.173,delivered,1,
16915,hb,2,0,785.216,785.237,delivered,1,
16916,cmd,0,2,785.28,785.301,delivered,1,
16917,hb,3,0,785.344,785.365,delivered,1,
16918,hb,4,0,785.408,785.43,delivered,1,
16919,cmd,0,3,785.408,785.429,delivered,1,
16920,cmd,0,4,785.472,785.493,delivered,1,
16921,cmd,0,5,785.6,,expired,0,
16922,hb,1,0,785.664,785.686,delivered,1,
16923,cmd,0,1,785.664,785.706,delivered,1,
16924,hb,2,0,785.728,785.749,delivered,1,
16925,cmd,0,2,785.792,785.813,delivered,1,
16926,hb,3,0,785.856,785.878,delivered,1,
16927,cmd,0,3,785.856,785.877,delivered,1,
16928,hb,4,0,785.92,785.941,delivered,1,
16929,cmd,0,4,785.984,786.005,delivered,1,
16930,hb,1,0,786.112,786.133,delivered,1,
16931,cmd,0,5,786.112,,expired,0,
16932,cmd,0,1,786.176,786.197,delivered,1,
16933,hb,2,0,786.24,786.261,delivered,1,
16934,hb,3,0,786.304,786.326,delivered,1,
16935,cmd,0,2,786.304,786.325,delivered,1,
16936,cmd,0,3,786.368,786.389,delivered,1,
16937,hb,4,0,786.432,786.453,delivered,1,
16938,cmd,0,4,786.496,786.517,delivered,1,
16939,cmd,0,5,786.56,,expired,0,
16940,hb,1,0,786.624,786.645,delivered,1,
16941,cmd,0,1,786.688,786.709,delivered,1,
16942,hb,2,0,786.752,786.774,delivered,1,
16943,thumb,2,0,786.752,786.79,delivered,1,
16944,cmd,0,2,786.752,786.773,delivered,1,
16945,hb,3,0,786.816,786.837,delivered,1,
16946,cmd,0,3,786.88,786.901,delivered,1,
16947,hb,4,0,786.944,786.965,delivered,1,
16948,cmd,0,4,787.008,787.029,delivered,1,
16949,cmd,0,5,787.072,,expired,0,
16950,hb,1,0,787.136,787.157,delivered,1,
16951,cmd,0,1,787.2,787.221,delivered,1,
16952,hb,2,0,787.264,787.286,delivered,1,
16953,cmd,0,2,787.264,787.285,delivered,1,
16954,hb,3,0,787.328,787.349,delivered,1,
16955,cmd,0,3,787.392,787.413,delivered,1,
16956,hb,4,0,787.456,787.478,delivered,1,
16957,cmd,0,4,787.456,787.477,delivered,1,
16958,cmd,0,5,787.584,,expired,0,
16959,hb,1,0,787.648,787.669,delivered,1,
16960,hb,2,0,787.712,787.734,delivered,1,
16961,cmd,0,1,787.712,787.733,delivered,1,
16962,cmd,0,2,787.776,787.797,delivered,1,
16963,hb,3,0,787.84,787.861,delivered,1,
16964,hb,4,0,787.904,787.926,delivered,1,
16965,cmd,0,3,787.904,787.925,delivered,1,
16966,cmd,0,4,787.968,787.989,delivered,1,
16967,cmd,0,5,788.096,,expired,0,
16968,hb,1,0,788.16,788.182,delivered,1,
16969,cmd,0,1,788.16,788.181,delivered,1,
16970,hb,2,0,788.224,788.245,delivered,1,
16971,cmd,0,2,788.288,788.309,delivered,1,
16972,hb,3,0,788.352,788.374,delivered,1,
16973,cmd,0,3,788.352,788.373,delivered,1,
16974,hb,4,0,788.416,788.437,delivered,1,
16975,cmd,0,4,788.48,788.501,delivered,1,
16976,hb,1,0,788.608,788.629,delivered,1,
16977,cmd,0,5,788.608,,expired,0,
16978,cmd,0,1,788.672,788.693,delivered,1,
16979,hb,2,0,788.736,788.757,delivered,1,
16980,thumb,2,0,788.8,788.838,delivered,1,
16981,cmd,0,2,788.8,788.821,delivered,1,
16982,hb,3,0,788.864,788.886,delivered,1,
16983,cmd,0,3,788.864,788.885,delivered,1,
16984,hb,4,0,788.928,788.949,delivered,1,
16985,cmd,0,4,788.992,789.013,delivered,1,
16986,cmd,0,5,789.056,,expired,0,
16987,hb,1,0,789.12,789.141,delivered,1,
16988,cmd,0,1,789.184,789.205,delivered,1,
16989,hb,2,0,789.248,789.269,delivered,1,
16990,hb,3,0,789.312,789.334,delivered,1,
16991,cmd,0,2,789.312,789.333,delivered,1,
16992,cmd,0,3,789.376,789.397,delivered,1,
16993,hb,4,0,789.44,789.461,delivered,1,
16994,cmd,0,4,789.504,789.525,delivered,1,
16995,cmd,0,5,789.568,,expired,0,
16996,hb,1,0,789.632,789.653,delivered,1,
16997,cmd,0,1,789.696,789.717,delivered,1,
16998,hb,2,0,789.76,789.782,delivered,1,
16999,cmd,0,2,789.76,789.781,delivered,1,
17000,hb,3,0,789.824,789.845,delivered,1,
17001,cmd,0,3,789.888,789.909,delivered,1,
17002,hb,4,0,789.952,789.974,delivered,1,
17003,cmd,0,4,789.952,789.973,delivered,1,
17004,cmd,0,5,790.08,,expired,0,
17005,hb,1,0,790.144,790.165,delivered,1,
17006,hb,2,0,790.208,790.23,delivered,1,
17007,cmd,0,1,790.208,790.229,delivered,1,
17008,cmd,0,2,790.272,790.293,delivered,1,
17009,hb,3,0,790.336,790.357,delivered,1,
17010,cmd,0,3,790.4,790.421,delivered,1,
17011,hb,4,0,790.464,790.486,delivered,1,
17012,cmd,0,4,790.464,790.485,delivered,1,
17013,cmd,0,5,790.592,,expired,0,
17014,hb,1,0,790.656,790.678,delivered,1,
17015,cmd,0,1,790.656,790.677,delivered,1,
17016,hb,2,0,790.72,790.741,delivered,1,
17017,thumb,2,0,790.784,790.822,delivered,1,
17018,cmd,0,2,790.784,790.805,delivered,1,
17019,hb,3,0,790.848,790.869,delivered,1,
17020,hb,4,0,790.912,790.934,delivered,1,
17021,cmd,0,3,790.912,790.933,delivered,1,
17022,cmd,0,4,790.976,790.997,delivered,1,
17023,hb,1,0,791.104,791.125,delivered,1,
17024,cmd,0,5,791.104,,expired,0,
17025,cmd,0,1,791.168,791.189,delivered,1,
17026,hb,2,0,791.232,791.253,delivered,1,
17027,cmd,0,2,791.296,791.317,delivered,1,
17028,hb,3,0,791.36,791.382,delivered,1,
17029,cmd,0,3,791.36,791.381,delivered,1,
17030,hb,4,0,791.424,791.445,delivered,1,
17031,cmd,0,4,791.488,791.509,delivered,1,
17032,cmd,0,5,791.552,,expired,0,
17033,hb,1,0,791.616,791.637,delivered,1,
17034,cmd,0,1,791.68,791.701,delivered,1,
17035,hb,2,0,791.744,791.765,delivered,1,
17036,hb,3,0,791.808,791.83,delivered,1,
17037,cmd,0,2,791.808,791.829,delivered,1,
17038,cmd,0,3,791.872,791.893,delivered,1,
17039,hb,4,0,791.936,791.957,delivered,1,
17040,cmd,0,4,792.0,792.021,delivered,1,
17041,cmd,0,5,792.064,,expired,0,
17042,hb,1,0,792.128,792.149,delivered,1,
17043,cmd,0,1,792.192,792.213,delivered,1,
17044,hb,2,0,792.256,792.278,delivered,1,
17045,cmd,0,2,792.256,792.277,delivered,1,
17046,hb,3,0,792.32,792.341,delivered,1,
17047,cmd,0,3,792.384,792.405,delivered,1,
17048,hb,4,0,792.448,792.469,delivered,1,
17049,cmd,0,4,792.512,792.533,delivered,1,
17050,cmd,0,5,792.576,,expired,0,
17051,hb,1,0,792.64,792.661,delivered,1,
17052,hb,2,0,792.704,792.726,delivered,1,
17053,cmd,0,1,792.704,792.725,delivered,1,
17054,thumb,2,0,792.768,792.806,delivered,1,
17055,cmd,0,2,792.768,792.789,delivered,1,
17056,hb,3,0,792.832,792.853,delivered,1,
17057,cmd,0,3,792.896,792.917,delivered,1,
17058,hb,4,0,792.96,792.982,delivered,1,
17059,cmd,0,4,792.96,792.981,delivered,1,
17060,cmd,0,5,793.088,,expired,0,
17061,hb,1,0,793.152,793.174,delivered,1,
17062,cmd,0,1,793.152,793.194,delivered,1,
17063,hb,2,0,793.216,793.237,delivered,1,
17064,cmd,0,2,793.28,793.301,delivered,1,
17065,hb,3,0,793.344,793.365,delivered,1,
17066,hb,4,0,793.408,793.43,delivered,1,
17067,cmd,0,3,793.408,793.429,delivered,1,
17068,cmd,0,4,793.472,793.493,delivered,1,
17069,cmd,0,5,793.6,,expired,0,
17070,hb,1,0,793.664,793.686,delivered,1,
17071,cmd,0,1,793.664,793.685,delivered,1,
17072,hb,2,0,793.728,793.749,delivered,1,
17073,cmd,0,2,793.792,793.813,delivered,1,
17074,hb,3,0,793.856,793.878,delivered,1,
17075,cmd,0,3,793.856,793.877,delivered,1,
17076,hb,4,0,793.92,793.941,delivered,1,
17077,cmd,0,4,793.984,794.005,delivered,1,
17078,hb,1,0,794.112,794.133,delivered,1,
17079,cmd,0,5,794.112,,expired,0,
17080,cmd,0,1,794.176,794.197,delivered,1,
17081,hb,2,0,794.24,794.282,delivered,1,
17082,hb,3,0,794.304,794.326,delivered,1,
17083,cmd,0,2,794.304,794.325,delivered,1,
17084,cmd,0,3,794.368,794.389,delivered,1,
17085,hb,4,0,794.432,794.453,delivered,1,
17086,cmd,0,4,794.496,794.517,delivered,1,
17087,cmd,0,5,794.56,,expired,0,
17088,hb,1,0,794.624,794.645,delivered,1,
17089,cmd,0,1,794.688,794.709,delivered,1,
17090,hb,2,0,794.752,794.774,delivered,1,
17091,thumb,2,0,794.752,794.79,delivered,1,
17092,cmd,0,2,794.752,794.773,delivered,1,
17093,hb,3,0,794.816,794.837,delivered,1,
17094,cmd,0,3,794.88,794.901,delivered,1,
17095,hb,4,0,794.944,794.965,delivered,1,
17096,cmd,0,4,795.008,795.029,delivered,1,
17097,cmd,0,5,795.072,,expired,0,
17098,hb,1,0,795.136,795.157,delivered,1,
17099,cmd,0,1,795.2,795.221,delivered,1,
17100,hb,2,0,795.264,795.286,delivered,1,
17101,cmd,0,2,795.264,795.285,delivered,1,
17102,hb,3,0,795.328,795.349,delivered,1,
17103,cmd,0,3,795.392,795.413,delivered,1,
17104,hb,4,0,795.456,795.478,delivered,1,
17105,cmd,0,4,795.456,795.477,delivered,1,
17106,cmd,0,5,795.584,,expired,0,
17107,hb,1,0,795.648,795.669,delivered,1,
17108,hb,2,0,795.712,795.734,delivered,1,
17109,cmd,0,1,795.712,795.733,delivered,1,
17110,cmd,0,2,795.776,795.797,delivered,1,
17111,hb,3,0,795.84,795.861,delivered,1,
17112,hb,4,0,795.904,795.926,delivered,1,
17113,cmd,0,3,795.904,795.925,delivered,1,
17114,cmd,0,4,795.968,795.989,delivered,1,
17115,cmd,0,5,796.096,,expired,0,
17116,hb,1,0,796.16,796.182,delivered,1,
17117,cmd,0,1,796.16,796.181,delivered,1,
17118,hb,2,0,796.224,796.245,delivered,1,
17119,cmd,0,2,796.288,796.309,delivered,1,
17120,hb,3,0,796.352,796.374,delivered,1,
17121,cmd,0,3,796.352,796.373,delivered,1,
17122,hb,4,0,796.416,796.437,delivered,1,
17123,cmd,0,4,796.48,796.501,delivered,1,
17124,hb,1,0,796.608,796.629,delivered,1,
17125,cmd,0,5,796.608,,expired,0,
17126,cmd,0,1,796.672,796.693,delivered,1,
17127,hb,2,0,796.736,796.757,delivered,1,
17128,thumb,2,0,796.8,796.838,delivered,1,
17129,cmd,0,2,796.8,796.821,delivered,1,
17130,hb,3,0,796.864,796.886,delivered,1,
17131,cmd,0,3,796.864,796.885,delivered,1,
17132,hb,4,0,796.928,796.949,delivered,1,
17133,cmd,0,4,796.992,797.013,delivered,1,
17134,cmd,0,5,797.056,,expired,0,
17135,hb,1,0,797.12,797.141,delivered,1,
17136,cmd,0,1,797.184,797.205,delivered,1,
17137,hb,2,0,797.248,797.269,delivered,1,
17138,hb,3,0,797.312,797.334,delivered,1,
17139,cmd,0,2,797.312,797.333,delivered,1,
17140,cmd,0,3,797.376,797.397,delivered,1,
17141,hb,4,0,797.44,797.461,delivered,1,
17142,cmd,0,4,797.504,797.525,delivered,1,
17143,cmd,0,5,797.568,,expired,0,
17144,hb,1,0,797.632,797.653,delivered,1,
17145,cmd,0,1,797.696,797.717,delivered,1,
17146,hb,2,0,797.76,797.782,delivered,1,
17147,cmd,0,2,797.76,797.781,delivered,1,
17148,hb,3,0,797.824,797.845,delivered,1,
17149,cmd,0,3,797.888,797.909,delivered,1,
17150,hb,4,0,797.952,797.974,delivered,1,
17151,cmd,0,4,797.952,797.973,delivered,1,
17152,cmd,0,5,798.08,,expired,0,
17153,hb,1,0,798.144,798.165,delivered,1,
17154,hb,2,0,798.208,798.23,delivered,1,
17155,cmd,0,1,798.208,798.229,delivered,1,
17156,cmd,0,2,798.272,798.293,delivered,1,
17157,hb,3,0,798.336,798.357,delivered,1,
17158,cmd,0,3,798.4,798.421,delivered,1,
17159,hb,4,0,798.464,798.486,delivered,1,
17160,cmd,0,4,798.464,798.485,delivered,1,
17161,cmd,0,5,798.592,,expired,0,
17162,hb,1,0,798.656,798.678,delivered,1,
17163,cmd,0,1,798.656,798.677,delivered,1,
17164,hb,2,0,798.72,798.741,delivered,1,
17165,thumb,2,0,798.784,798.822,delivered,1,
17166,cmd,0,2,798.784,798.805,delivered,1,
17167,hb,3,0,798.848,798.869,delivered,1,
17168,hb,4,0,798.912,798.934,delivered,1,
17169,cmd,0,3,798.912,798.933,delivered,1,
17170,cmd,0,4,798.976,798.997,delivered,1,
17171,hb,1,0,799.104,799.125,delivered,1,
17172,cmd,0,5,799.104,,expired,0,
17173,cmd,0,1,799.168,799.189,delivered,1,
17174,hb,2,0,799.232,799.253,delivered,1,
17175,cmd,0,2,799.296,799.317,delivered,1,
17176,hb,3,0,799.36,799.382,delivered,1,
17177,cmd,0,3,799.36,799.381,delivered,1,
17178,hb,4,0,799.424,799.445,delivered,1,
17179,cmd,0,4,799.488,799.509,delivered,1,
17180,cmd,0,5,799.552,,expired,0,
17181,hb,1,0,799.616,799.637,delivered,1,
17182,cmd,0,1,799.68,799.701,delivered,1,
17183,hb,2,0,799.744,799.765,delivered,1,
17184,hb,3,0,799.808,799.83,delivered,1,
17185,cmd,0,2,799.808,799.829,delivered,1,
17186,cmd,0,3,799.872,799.893,delivered,1,
17187,hb,4,0,799.936,799.957,delivered,1,
17188,cmd,0,4,800.0,800.021,delivered,1,
17189,cmd,0,5,800.064,,expired,0,
17190,hb,1,0,800.128,800.149,delivered,1,
17191,cmd,0,1,800.192,800.213,delivered,1,
17192,hb,2,0,800.256,800.278,delivered,1,
17193,cmd,0,2,800.256,800.277,delivered,1,
17194,hb,3,0,800.32,800.341,delivered,1,
17195,cmd,0,3,800.384,800.405,delivered,1,
17196,hb,4,0,800.448,800.469,delivered,1,
17197,cmd,0,4,800.512,800.533,delivered,1,
17198,cmd,0,5,800.576,,expired,0,
17199,hb,1,0,800.64,800.661,delivered,1,
17200,hb,2,0,800.704,800.726,delivered,1,
17201,cmd,0,1,800.704,800.725,delivered,1,
17202,thumb,2,0,800.768,800.806,delivered,1,
17203,cmd,0,2,800.768,800.789,delivered,1,
17204,hb,3,0,800.832,800.853,delivered,1,
17205,cmd,0,3,800.896,800.917,delivered,1,
17206,hb,4,0,800.96,800.982,delivered,1,
17207,cmd,0,4,800.96,800.981,delivered,1,
17208,cmd,0,5,801.088,,expired,0,
17209,hb,1,0,801.152,801.174,delivered,1,
17210,cmd,0,1,801.152,801.173,delivered,1,
17211,hb,2,0,801.216,801.237,delivered,1,
17212,cmd,0,2,801.28,801.301,delivered,1,
17213,hb,3,0,801.344,801.365,delivered,1,
17214,hb,4,0,801.408,801.43,delivered,1,
17215,cmd,0,3,801.408,801.429,delivered,1,
17216,cmd,0,4,801.472,801.493,delivered,1,
17217,cmd,0,5,801.6,,expired,0,
17218,hb,1,0,801.664,801.686,delivered,1,
17219,cmd,0,1,801.664,801.685,delivered,1,
17220,hb,2,0,801.728,801.749,delivered,1,
17221,cmd,0,2,801.792,801.813,delivered,1,
17222,hb,3,0,801.856,801.878,delivered,1,
17223,cmd,0,3,801.856,801.877,delivered,1,
17224,hb,4,0,801.92,801.941,delivered,1,
17225,cmd,0,4,801.984,802.005,delivered,1,
17226,hb,1,0,802.112,802.133,delivered,1,
17227,cmd,0,5,802.112,,expired,0,
17228,cmd,0,1,802.176,802.197,delivered,1,
17229,hb,2,0,802.24,802.261,delivered,1,
17230,hb,3,0,802.304,802.326,delivered,1,
17231,cmd,0,2,802.304,802.325,delivered,1,
17232,cmd,0,3,802.368,802.389,delivered,1,
17233,hb,4,0,802.432,802.453,delivered,1,
17234,cmd,0,4,802.496,802.517,delivered,1,
17235,cmd,0,5,802.56,,expired,0,
17236,hb,1,0,802.624,802.645,delivered,1,
17237,cmd,0,1,802.688,802.709,delivered,1,
17238,hb,2,0,802.752,802.774,delivered,1,
17239,thumb,2,0,802.752,802.79,delivered,1,
17240,cmd,0,2,802.752,802.773,delivered,1,
17241,hb,3,0,802.816,802.837,delivered,1,
17242,cmd,0,3,802.88,802.901,delivered,1,
17243,hb,4,0,802.944,802.965,delivered,1,
17244,cmd,0,4,803.008,803.029,delivered,1,
17245,cmd,0,5,803.072,,expired,0,
17246,hb,1,0,803.136,803.157,delivered,1,
17247,cmd,0,1,803.2,803.221,delivered,1,
17248,hb,2,0,803.264,803.286,delivered,1,
17249,cmd,0,2,803.264,803.285,delivered,1,
17250,hb,3,0,803.328,803.349,delivered,1,
17251,cmd,0,3,803.392,803.413,delivered,1,
17252,hb,4,0,803.456,803.478,delivered,1,
17253,cmd,0,4,803.456,803.477,delivered,1,
17254,cmd,0,5,803.584,,expired,0,
17255,hb,1,0,803.648,803.669,delivered,1,
17256,hb,2,0,803.712,803.734,delivered,1,
17257,cmd,0,1,803.712,803.733,delivered,1,
17258,cmd,0,2,803.776,803.797,delivered,1,
17259,hb,3,0,803.84,803.861,delivered,1,
17260,hb,4,0,803.904,803.926,delivered,1,
17261,cmd,0,3,803.904,803.925,delivered,1,
17262,cmd,0,4,803.968,803.989,delivered,1,
17263,cmd,0,5,804.096,,expired,0,
17264,hb,1,0,804.16,804.182,delivered,1,
17265,cmd,0,1,804.16,804.181,delivered,1,
17266,hb,2,0,804.224,804.245,delivered,1,
17267,cmd,0,2,804.288,804.309,delivered,1,
17268,hb,3,0,804.352,804.374,delivered,1,
17269,cmd,0,3,804.352,804.373,delivered,1,
17270,hb,4,0,804.416,804.437,delivered,1,
17271,cmd,0,4,804.48,804.501,delivered,1,
17272,hb,1,0,804.608,804.629,delivered,1,
17273,cmd,0,5,804.608,,expired,0,
17274,cmd,0,1,804.672,804.693,delivered,1,
17275,hb,2,0,804.736,804.757,delivered,1,
17276,thumb,2,0,804.8,804.838,delivered,1,
17277,cmd,0,2,804.8,804.821,delivered,1,
17278,hb,3,0,804.864,804.886,delivered,1,
17279,cmd,0,3,804.864,804.885,delivered,1,
17280,hb,4,0,804.928,804.949,delivered,1,
17281,cmd,0,4,804.992,805.013,delivered,1,
17282,cmd,0,5,805.056,,expired,0,
17283,hb,1,0,805.12,805.141,delivered,1,
17284,cmd,0,1,805.184,805.205,delivered,1,
17285,hb,2,0,805.248,805.269,delivered,1,
17286,hb,3,0,805.312,805.334,delivered,1,
17287,cmd,0,2,805.312,805.333,delivered,1,
17288,cmd,0,3,805.376,805.397,delivered,1,
17289,hb,4,0,805.44,805.461,delivered,1,
17290,cmd,0,4,805.504,805.525,delivered,1,
17291,cmd,0,5,805.568,,expired,0,
17292,hb,1,0,805.632,805.653,delivered,1,
17293,cmd,0,1,805.696,805.717,delivered,1,
17294,hb,2,0,805.76,805.782,delivered,1,
17295,cmd,0,2,805.76,805.802,delivered,1,
17296,hb,3,0,805.824,805.845,delivered,1,
17297,cmd,0,3,805.888,805.909,delivered,1,
17298,hb,4,0,805.952,805.974,delivered,1,
17299,cmd,0,4,805.952,805.973,delivered,1,
17300,cmd,0,5,806.08,,expired,0,
17301,hb,1,0,806.144,806.165,delivered,1,
17302,hb,2,0,806.208,806.23,delivered,1,
17303,cmd,0,1,806.208,806.229,delivered,1,
17304,cmd,0,2,806.272,806.293,delivered,1,
17305,hb,3,0,806.336,806.357,delivered,1,
17306,cmd,0,3,806.4,806.421,delivered,1,
17307,hb,4,0,806.464,806.486,delivered,1,
17308,cmd,0,4,806.464,806.485,delivered,1,
17309,cmd,0,5,806.592,,expired,0,
17310,hb,1,0,806.656,806.678,delivered,1,
17311,cmd,0,1,806.656,806.677,delivered,1,
17312,hb,2,0,806.72,806.741,delivered,1,
17313,thumb,2,0,806.784,806.822,delivered,1,
17314,cmd,0,2,806.784,806.805,delivered,1,
17315,hb,3,0,806.848,806.869,delivered,1,
17316,hb,4,0,806.912,806.934,delivered,1,
17317,cmd,0,3,806.912,806.933,delivered,1,
17318,cmd,0,4,806.976,806.997,delivered,1,
17319,hb,1,0,807.104,807.125,delivered,1,
17320,cmd,0,5,807.104,,expired,0,
17321,cmd,0,1,807.168,807.189,delivered,1,
17322,hb,2,0,807.232,807.253,delivered,1,
17323,cmd,0,2,807.296,807.317,delivered,1,
17324,hb,3,0,807.36,807.382,delivered,1,
17325,cmd,0,3,807.36,807.381,delivered,1,
17326,hb,4,0,807.424,807.445,delivered,1,
17327,cmd,0,4,807.488,807.509,delivered,1,
17328,cmd,0,5,807.552,,expired,0,
17329,hb,1,0,807.616,807.637,delivered,1,
17330,cmd,0,1,807.68,807.701,delivered,1,
17331,hb,2,0,807.744,807.765,delivered,1,
17332,hb,3,0,807.808,807.83,delivered,1,
17333,cmd,0,2,807.808,807.829,delivered,1,
17334,cmd,0,3,807.872,807.893,delivered,1,
17335,hb,4,0,807.936,807.957,delivered,1,
17336,cmd,0,4,808.0,808.021,delivered,1,
17337,cmd,0,5,808.064,,expired,0,
17338,hb,1,0,808.128,808.149,delivered,1,
17339,cmd,0,1,808.192,808.213,delivered,1,
17340,hb,2,0,808.256,808.278,delivered,1,
17341,cmd,0,2,808.256,808.277,delivered,1,
17342,hb,3,0,808.32,808.341,delivered,1,
17343,cmd,0,3,808.384,808.405,delivered,1,
17344,hb,4,0,808.448,808.469,delivered,1,
17345,cmd,0,4,808.512,808.533,delivered,1,
17346,cmd,0,5,808.576,,expired,0,
17347,hb,1,0,808.64,808.661,delivered,1,
17348,hb,2,0,808.704,808.726,delivered,1,
17349,cmd,0,1,808.704,808.725,delivered,1,
17350,thumb,2,0,808.768,808.806,delivered,1,
17351,cmd,0,2,808.768,808.789,delivered,1,
17352,hb,3,0,808.832,808.853,delivered,1,
17353,cmd,0,3,808.896,808.917,delivered,1,
17354,hb,4,0,808.96,808.982,delivered,1,
17355,cmd,0,4,808.96,808.981,delivered,1,
17356,cmd,0,5,809.088,,expired,0,
17357,hb,1,0,809.152,809.174,delivered,1,
17358,cmd,0,1,809.152,809.173,delivered,1,
17359,hb,2,0,809.216,809.237,delivered,1,
17360,cmd,0,2,809.28,809.301,delivered,1,
17361,hb,3,0,809.344,809.365,delivered,1,
17362,hb,4,0,809.408,809.43,delivered,1,
17363,cmd,0,3,809.408,809.429,delivered,1,
17364,cmd,0,4,809.472,809.493,delivered,1,
17365,cmd,0,5,809.6,,expired,0,
17366,hb,1,0,809.664,809.686,delivered,1,
17367,cmd,0,1,809.664,809.685,delivered,1,
17368,hb,2,0,809.728,809.749,delivered,1,
17369,cmd,0,2,809.792,809.813,delivered,1,
17370,hb,3,0,809.856,809.878,delivered,1,
17371,cmd,0,3,809.856,809.877,delivered,1,
17372,hb,4,0,809.92,809.941,delivered,1,
17373,cmd,0,4,809.984,810.005,delivered,1,
17374,hb,1,0,810.112,810.133,delivered,1,
17375,cmd,0,5,810.112,,expired,0,
17376,cmd,0,1,810.176,810.197,delivered,1,
17377,hb,2,0,810.24,810.261,delivered,1,
17378,hb,3,0,810.304,810.326,delivered,1,
17379,cmd,0,2,810.304,810.325,delivered,1,
17380,cmd,0,3,810.368,810.389,delivered,1,
17381,hb,4,0,810.432,810.453,delivered,1,
17382,cmd,0,4,810.496,810.517,delivered,1,
17383,cmd,0,5,810.56,,expired,0,
17384,hb,1,0,810.624,810.645,delivered,1,
17385,cmd,0,1,810.688,810.709,delivered,1,
17386,hb,2,0,810.752,810.774,delivered,1,
17387,thumb,2,0,810.752,810.79,delivered,1,
17388,cmd,0,2,810.752,810.773,delivered,1,
17389,hb,3,0,810.816,810.837,delivered,1,
17390,cmd,0,3,810.88,810.901,delivered,1,
17391,hb,4,0,810.944,810.965,delivered,1,
17392,cmd,0,4,811.008,811.029,delivered,1,
17393,cmd,0,5,811.072,,expired,0,
17394,hb,1,0,811.136,811.157,delivered,1,
17395,cmd,0,1,811.2,811.221,delivered,1,
17396,hb,2,0,811.264,811.286,delivered,1,
17397,cmd,0,2,811.264,811.285,delivered,1,
17398,hb,3,0,811.328,811.349,delivered,1,
17399,cmd,0,3,811.392,811.413,delivered,1,
17400,hb,4,0,811.456,811.478,delivered,1,
17401,cmd,0,4,811.456,811.477,delivered,1,
17402,cmd,0,5,811.584,,expired,0,
17403,hb,1,0,811.648,811.669,delivered,1,
17404,hb,2,0,811.712,811.734,delivered,1,
17405,cmd,0,1,811.712,811.733,delivered,1,
17406,cmd,0,2,811.776,811.797,delivered,1,
17407,hb,3,0,811.84,811.861,delivered,1,
17408,hb,4,0,811.904,811.926,delivered,1,
17409,cmd,0,3,811.904,811.925,delivered,1,
17410,cmd,0,4,811.968,811.989,delivered,1,
17411,cmd,0,5,812.096,,expired,0,
17412,hb,1,0,812.16,812.182,delivered,1,
17413,cmd,0,1,812.16,812.181,delivered,1,
17414,hb,2,0,812.224,812.245,delivered,1,
17415,cmd,0,2,812.288,812.309,delivered,1,
17416,hb,3,0,812.352,812.374,delivered,1,
17417,cmd,0,3,812.352,812.373,delivered,1,
17418,hb,4,0,812.416,812.437,delivered,1,
17419,cmd,0,4,812.48,812.501,delivered,1,
17420,hb,1,0,812.608,812.629,delivered,1,
17421,cmd,0,5,812.608,,expired,0,
17422,cmd,0,1,812.672,812.693,delivered,1,
17423,hb,2,0,812.736,812.757,delivered,1,
17424,thumb,2,0,812.8,812.838,delivered,1,
17425,cmd,0,2,812.8,812.821,delivered,1,
17426,hb,3,0,812.864,812.886,delivered,1,
17427,cmd,0,3,812.864,812.885,delivered,1,
17428,hb,4,0,812.928,812.949,delivered,1,
17429,cmd,0,4,812.992,813.013,delivered,1,
17430,cmd,0,5,813.056,,expired,0,
17431,hb,1,0,813.12,813.141,delivered,1,
17432,cmd,0,1,813.184,813.205,delivered,1,
17433,hb,2,0,813.248,813.269,delivered,1,
17434,hb,3,0,813.312,813.334,delivered,1,
17435,cmd,0,2,813.312,813.333,delivered,1,
17436,cmd,0,3,813.376,813.397,delivered,1,
17437,hb,4,0,813.44,813.461,delivered,1,
17438,cmd,0,4,813.504,813.525,delivered,1,
17439,cmd,0,5,813.568,,expired,0,
17440,hb,1,0,813.632,813.653,delivered,1,
17441,cmd,0,1,813.696,813.717,delivered,1,
17442,hb,2,0,813.76,813.782,delivered,1,
17443,cmd,0,2,813.76,813.781,delivered,1,
17444,hb,3,0,813.824,813.845,delivered,1,
17445,cmd,0,3,813.888,813.909,delivered,1,
17446,hb,4,0,813.952,813.974,delivered,1,
17447,cmd,0,4,813.952,813.973,delivered,1,
17448,cmd,0,5,814.08,,pending,0,
17449,hb,1,0,814.144,814.165,delivered,1,
17450,hb,2,0,814.208,814.23,delivered,1,
17451,cmd,0,1,814.208,814.229,delivered,1,
17452,cmd,0,2,814.272,814.293,delivered,1,
17453,hb,3,0,814.336,814.357,delivered,1,
17454,cmd,0,3,814.4,814.421,delivered,1,
17455,hb,4,0,814.464,814.486,delivered,1,
17456,cmd,0,4,814.464,814.485,delivered,1,
17457,cmd,0,5,814.592,,pending,0,
17458,hb,1,0,814.656,814.678,delivered,1,
17459,cmd,0,1,814.656,814.677,delivered,1,
17460,hb,2,0,814.72,814.741,delivered,1,
17461,thumb,2,0,814.784,814.822,delivered,1,
17462,cmd,0,2,814.784,814.805,delivered,1,
17463,hb,3,0,814.848,814.869,delivered,1,
17464,hb,4,0,814.912,814.934,delivered,1,
17465,cmd,0,3,814.912,814.933,delivered,1,
17466,cmd,0,4,814.976,814.997,delivered,1,
17467,hb,1,0,815.104,815.125,delivered,1,
17468,cmd,0,5,815.104,,pending,0,
17469,cmd,0,1,815.168,815.189,delivered,1,
17470,hb,2,0,815.232,815.253,delivered,1,
17471,cmd,0,2,815.296,815.317,delivered,1,
17472,hb,3,0,815.36,815.382,delivered,1,
17473,cmd,0,3,815.36,815.381,delivered,1,
17474,hb,4,0,815.424,815.445,delivered,1,
17475,cmd,0,4,815.488,815.509,delivered,1,
17476,cmd,0,5,815.552,,pending,0,
17477,hb,1,0,815.616,815.637,delivered,1,
17478,cmd,0,1,815.68,815.701,delivered,1,
17479,hb,2,0,815.744,815.765,delivered,1,
17480,hb,3,0,815.808,815.83,delivered,1,
17481,cmd,0,2,815.808,815.829,delivered,1,
17482,cmd,0,3,815.872,815.893,delivered,1,
17483,hb,4,0,815.936,,pending,0,
