t,uav,x,y,z,battery,status,task,target,radio,forwarding,routed,hops,parent,queue,gcs_age_s,gcs_lost
0.1,1,-840.0,-838.0,0.3,100.0,READY,HOLD,,1,1,1,1,0,0,,
0.1,2,-834.0,-838.0,0.3,100.0,READY,HOLD,,1,1,1,1,0,0,,
0.1,3,-828.0,-838.0,0.3,48.0,SERVICE,HOLD,,1,1,1,1,0,0,,
0.1,4,-822.0,-838.0,0.3,100.0,READY,HOLD,,1,1,1,1,0,0,,
0.1,5,-816.0,-838.0,0.3,85.0,SERVICE,HOLD,,1,1,1,1,0,0,,
1.0,1,-840.0,-838.0,0.3,100.0,READY,HOLD,,1,1,1,1,0,0,0.36,0
1.0,2,-834.0,-838.0,0.3,100.0,READY,HOLD,,1,1,1,1,0,0,0.3,0
1.0,3,-828.0,-838.0,0.3,48.0,SERVICE,HOLD,,1,1,1,1,0,0,0.17,0
1.0,4,-822.0,-838.0,0.3,100.0,READY,HOLD,,1,1,1,1,0,0,0.04,0
1.0,5,-816.0,-838.0,0.3,85.0,SERVICE,HOLD,,1,1,1,1,0,1,0.49,0
2.0,1,-840.0,-838.0,4.5,99.95,ACTIVE,SURVEY,P2,1,1,1,1,0,0,0.43,0
2.0,2,-834.0,-838.0,-2.6,99.96,ACTIVE,RELAY,P1,1,1,1,1,0,0,0.3,0
2.0,3,-828.0,-838.0,0.3,48.0,SERVICE,HOME,,1,1,1,1,0,0,0.17,0
2.0,4,-822.0,-838.0,-1.6,99.97,ACTIVE,SURVEY,P1,1,1,1,1,0,0,0.11,0
2.0,5,-816.0,-838.0,0.3,85.0,SERVICE,HOME,,1,1,1,1,0,1,0.49,0
3.0,1,-840.0,-838.0,9.3,99.9,ACTIVE,SURVEY,P2,1,1,1,1,0,0,0.36,0
3.0,2,-834.0,-838.0,-7.4,99.91,ACTIVE,RELAY,P1,1,1,1,1,0,0,0.23,0
3.0,3,-828.0,-838.0,0.3,48.0,SERVICE,HOME,,1,1,1,1,0,0,0.17,0
3.0,4,-822.0,-838.0,-2.6,99.92,ACTIVE,SURVEY,P1,1,1,1,1,0,0,0.04,0
3.0,5,-816.0,-838.0,0.3,85.0,SERVICE,HOME,,1,1,1,1,0,1,0.43,0
4.0,1,-840.0,-838.0,14.4,99.85,ACTIVE,SURVEY,P2,1,1,1,1,0,0,0.36,0
4.0,2,-834.0,-838.0,-9.3,99.86,ACTIVE,RELAY,P1,1,1,1,1,0,0,0.3,0
4.0,3,-828.0,-838.0,0.3,48.0,SERVICE,HOME,,1,1,1,1,0,0,0.17,0
4.0,4,-822.0,-838.0,2.2,99.87,ACTIVE,SURVEY,P1,1,1,1,1,0,0,0.11,0
4.0,5,-816.0,-838.0,0.3,85.0,SERVICE,HOME,,1,1,1,1,0,1,0.47,0
5.1,1,-840.0,-838.0,19.5,99.79,ACTIVE,SURVEY,P2,1,1,1,1,0,0,0.43,0
5.1,2,-834.0,-838.0,-4.8,99.8,ACTIVE,RELAY,P1,1,1,1,1,0,0,0.3,0
5.1,3,-828.0,-838.0,0.3,48.0,SERVICE,HOME,,1,1,1,1,0,0,0.22,0
5.1,4,-822.0,-838.0,7.3,99.81,ACTIVE,SURVEY,P1,1,1,1,1,0,0,0.11,0
5.1,5,-816.0,-838.0,0.3,85.0,SERVICE,HOME,,1,1,1,1,0,1,0.49,0
6.0,1,-840.0,-838.0,24.3,99.74,ACTIVE,SURVEY,P2,1,1,1,1,0,0,0.36,0
6.0,2,-834.0,-838.0,-0.0,99.75,ACTIVE,RELAY,P1,1,1,1,1,0,0,0.23,0
6.0,3,-828.0,-838.0,0.3,48.0,SERVICE,HOME,,1,1,1,1,0,0,0.17,0
6.0,4,-822.0,-838.0,12.1,99.76,ACTIVE,SURVEY,P1,1,1,1,1,0,0,0.04,0
6.0,5,-816.0,-838.0,0.3,85.0,SERVICE,HOME,,1,1,1,1,0,1,0.47,0
7.0,1,-840.0,-838.0,29.4,99.68,ACTIVE,SURVEY,P2,1,1,1,1,0,0,0.36,0
7.0,2,-834.0,-838.0,5.1,99.69,ACTIVE,RELAY,P1,1,1,1,1,0,0,0.3,0
7.0,3,-828.0,-838.0,0.3,48.0,SERVICE,HOME,,1,1,1,1,0,0,0.17,0
7.0,4,-822.0,-838.0,17.3,99.7,ACTIVE,SURVEY,P1,1,1,1,1,0,0,0.11,0
7.0,5,-816.0,-838.0,0.3,85.0,SERVICE,HOME,,1,1,1,1,0,1,0.49,0
8.0,1,-840.0,-838.0,34.2,99.63,ACTIVE,SURVEY,P2,1,1,1,1,0,0,0.36,0
8.0,2,-834.0,-838.0,9.9,99.64,ACTIVE,RELAY,P1,1,1,1,1,0,0,0.24,0
8.0,3,-828.0,-838.0,0.3,48.0,SERVICE,HOME,,1,1,1,1,0,0,0.17,0
8.0,4,-822.0,-838.0,22.1,99.65,ACTIVE,SURVEY,P1,1,1,1,1,0,0,0.04,0
8.0,5,-816.0,-838.0,0.3,85.0,SERVICE,HOME,,1,1,1,1,0,1,0.43,0
9.0,1,-840.0,-838.0,39.3,99.57,ACTIVE,SURVEY,P2,1,1,1,1,0,0,0.36,0
9.0,2,-834.0,-838.0,15.0,99.58,ACTIVE,RELAY,P1,1,1,1,1,0,0,0.3,0
9.0,3,-828.0,-838.0,0.3,48.0,SERVICE,HOME,,1,1,1,1,0,0,0.15,0
9.0,4,-822.0,-838.0,27.2,99.59,ACTIVE,SURVEY,P1,1,1,1,1,0,0,0.04,0
9.0,5,-816.0,-838.0,0.3,85.0,SERVICE,HOME,,1,1,1,1,0,1,0.49,0
10.0,1,-840.0,-838.0,44.5,99.51,ACTIVE,SURVEY,P2,1,1,1,1,0,0,0.43,0
10.0,2,-834.0,-838.0,20.1,99.53,ACTIVE,RELAY,P1,1,1,1,1,0,0,0.3,0
10.0,3,-828.0,-838.0,0.3,48.0,SERVICE,HOME,,1,1,1,1,0,0,0.17,0
10.0,4,-822.0,-838.0,32.3,99.54,ACTIVE,SURVEY,P1,1,1,1,1,0,0,0.11,0
10.0,5,-816.0,-838.0,0.3,85.0,SERVICE,HOME,,1,1,1,1,0,1,0.47,0
11.0,1,-840.0,-838.0,49.3,99.46,ACTIVE,SURVEY,P2,1,1,1,1,0,0,0.36,0
11.0,2,-834.0,-838.0,24.9,99.47,ACTIVE,RELAY,P1,1,1,1,1,0,0,0.23,0
11.0,3,-828.0,-838.0,0.3,48.0,SERVICE,HOME,,1,1,1,1,0,0,0.17,0
11.0,4,-822.0,-838.0,37.1,99.48,ACTIVE,SURVEY,P1,1,1,1,1,0,0,0.04,0
11.0,5,-816.0,-838.0,0.3,85.0,SERVICE,HOME,,1,1,1,1,0,1,0.43,0
12.0,1,-840.0,-838.0,54.4,99.41,ACTIVE,SURVEY,P2,1,1,1,1,0,0,0.36,0
12.0,2,-834.0,-838.0,30.1,99.42,ACTIVE,RELAY,P1,1,1,1,1,0,0,0.3,0
12.0,3,-828.0,-838.0,0.3,48.0,SERVICE,HOME,,1,1,1,1,0,0,0.17,0
12.0,4,-822.0,-838.0,42.2,99.43,ACTIVE,SURVEY,P1,1,1,1,1,0,0,0.11,0
12.0,5,-816.0,-838.0,0.3,85.0,SERVICE,HOME,,1,1,1,1,0,1,0.47,0
13.1,1,-840.0,-838.0,59.5,99.35,ACTIVE,SURVEY,P2,1,1,1,1,0,0,0.43,0
13.1,2,-834.0,-838.0,35.2,99.36,ACTIVE,RELAY,P1,1,1,1,1,0,0,0.3,0
13.1,3,-828.0,-838.0,0.3,48.0,SERVICE,HOME,,1,1,1,1,0,0,0.22,0
13.1,4,-822.0,-838.0,47.3,99.37,ACTIVE,SURVEY,P1,1,1,1,1,0,0,0.11,0
13.1,5,-816.0,-838.0,0.3,85.0,SERVICE,HOME,,1,1,1,1,0,1,0.49,0
14.0,1,-837.3,-823.9,60.0,99.3,ACTIVE,SURVEY,P2,1,1,1,1,0,0,0.36,0
14.0,2,-834.0,-838.0,36.5,99.31,ACTIVE,RELAY,P1,1,1,1,1,0,0,0.23,0
14.0,3,-828.0,-838.0,0.3,48.0,SERVICE,HOME,,1,1,1,1,0,0,0.17,0
14.0,4,-822.0,-838.0,48.3,99.32,ACTIVE,SURVEY,P1,1,1,1,1,0,0,0.04,0
14.0,5,-816.0,-838.0,0.3,85.0,SERVICE,HOME,,1,1,1,1,0,1,0.47,0
15.0,1,-834.5,-808.8,60.0,99.24,ACTIVE,SURVEY,P2,1,1,1,1,0,0,0.36,0
15.0,2,-834.0,-838.0,36.5,99.26,ACTIVE,RELAY,P1,1,1,1,1,0,0,0.3,0
15.0,3,-828.0,-838.0,0.3,48.0,SERVICE,HOME,,1,1,1,1,0,0,0.17,0
15.0,4,-822.0,-838.0,48.3,99.27,ACTIVE,SURVEY,P1,1,1,1,1,0,0,0.11,0
15.0,5,-816.0,-838.0,0.3,85.0,SERVICE,HOME,,1,1,1,1,0,1,0.49,0
16.0,1,-831.8,-794.6,60.0,99.19,ACTIVE,SURVEY,P2,1,1,1,1,0,0,0.36,0
16.0,2,-834.0,-838.0,36.5,99.21,ACTIVE,RELAY,P1,1,1,1,1,0,0,0.24,0
16.0,3,-828.0,-838.0,0.3,48.0,SERVICE,HOME,,1,1,1,1,0,0,0.17,0
16.0,4,-822.0,-838.0,48.3,99.22,ACTIVE,SURVEY,P1,1,1,1,1,0,0,0.04,0
16.0,5,-816.0,-838.0,0.3,85.0,SERVICE,HOME,,1,1,1,1,0,1,0.43,0
17.0,1,-828.9,-779.5,60.0,99.13,ACTIVE,SURVEY,P2,1,1,1,1,0,0,0.36,0
17.0,2,-834.0,-838.0,36.5,99.16,ACTIVE,RELAY,P1,1,1,1,1,0,0,0.3,0
17.0,3,-828.0,-838.0,0.3,48.0,SERVICE,HOME,,1,1,1,1,0,0,0.17,0
17.0,4,-822.0,-838.0,48.3,99.17,ACTIVE,SURVEY,P1,1,1,1,1,0,0,0.04,0
17.0,5,-816.0,-838.0,0.3,85.0,SERVICE,HOME,,1,1,1,1,0,1,0.49,0
18.0,1,-826.1,-764.4,60.0,99.07,ACTIVE,SURVEY,P2,1,1,1,1,0,0,0.43,0
18.0,2,-834.0,-838.0,40.6,99.1,ACTIVE,RELAY,P1,1,1,1,1,0,0,0.3,0
18.0,3,-828.0,-838.0,0.3,48.0,SERVICE,HOME,,1,1,1,1,0,0,0.17,0
18.0,4,-822.0,-838.0,52.8,99.12,ACTIVE,SURVEY,P1,1,1,1,1,0,0,0.11,0
18.0,5,-816.0,-838.0,0.3,85.0,SERVICE,HOME,,1,1,1,1,0,1,0.47,0
19.0,1,-823.4,-750.3,60.0,99.02,ACTIVE,SURVEY,P2,1,1,1,1,0,0,0.36,0
19.0,2,-834.0,-838.0,45.4,99.05,ACTIVE,RELAY,P1,1,1,1,1,0,0,0.23,0
19.0,3,-828.0,-838.0,0.3,48.0,SERVICE,HOME,,1,1,1,1,0,0,0.17,0
19.0,4,-822.0,-838.0,57.6,99.06,ACTIVE,SURVEY,P1,1,1,1,1,0,0,0.02,0
19.0,5,-816.0,-838.0,0.3,85.0,SERVICE,HOME,,1,1,1,1,0,1,0.43,0
20.0,1,-820.6,-735.2,60.0,98.97,ACTIVE,SURVEY,P2,1,1,1,1,0,0,0.36,0
20.0,2,-834.0,-838.0,50.5,99.0,ACTIVE,RELAY,P1,1,1,1,1,0,0,0.3,0
20.0,3,-828.0,-838.0,0.3,48.0,SERVICE,HOME,,1,1,1,1,0,0,0.17,0
20.0,4,-822.0,-838.0,62.7,99.01,ACTIVE,SURVEY,P1,1,1,1,1,0,0,0.11,0
20.0,5,-816.0,-838.0,0.3,85.0,SERVICE,HOME,,1,1,1,1,0,1,0.47,0
21.1,1,-817.7,-720.1,60.0,98.91,ACTIVE,SURVEY,P2,1,1,1,1,0,0,0.43,0
21.1,2,-834.0,-838.0,55.7,98.94,ACTIVE,RELAY,P1,1,1,1,1,0,0,0.3,0
21.1,3,-828.0,-838.0,0.3,48.0,SERVICE,HOME,,1,1,1,1,0,0,0.22,0
21.1,4,-822.0,-838.0,67.8,98.95,ACTIVE,SURVEY,P1,1,1,1,1,0,0,0.11,0
21.1,5,-816.0,-838.0,0.3,85.0,SERVICE,HOME,,1,1,1,1,0,1,0.49,0
22.0,1,-815.0,-705.9,60.0,98.86,ACTIVE,SURVEY,P2,1,1,1,1,0,0,0.36,0
22.0,2,-834.0,-838.0,60.5,98.89,ACTIVE,RELAY,P1,1,1,1,1,0,0,0.23,0
22.0,3,-828.0,-838.0,0.3,48.0,SERVICE,HOME,,1,1,1,1,0,0,0.17,0
22.0,4,-822.0,-838.0,72.6,98.9,ACTIVE,SURVEY,P1,1,1,1,1,0,0,0.04,0
22.0,5,-816.0,-838.0,0.3,85.0,SERVICE,HOME,,1,1,1,1,0,1,0.47,0
23.0,1,-812.2,-690.8,60.0,98.8,ACTIVE,SURVEY,P2,1,1,1,1,0,0,0.36,0
23.0,2,-834.0,-838.0,65.6,98.83,ACTIVE,RELAY,P1,1,1,1,1,0,0,0.3,0
23.0,3,-828.0,-838.0,0.3,48.0,SERVICE,HOME,,1,1,1,1,0,0,0.17,0
23.0,4,-822.0,-838.0,77.7,98.84,ACTIVE,SURVEY,P1,1,1,1,1,0,0,0.11,0
23.0,5,-816.0,-838.0,0.3,85.0,SERVICE,HOME,,1,1,1,1,0,1,0.49,0
24.0,1,-809.5,-676.7,60.0,98.75,ACTIVE,SURVEY,P2,1,1,1,1,0,0,0.36,0
24.0,2,-827.2,-834.3,68.0,98.78,ACTIVE,RELAY,P1,1,1,1,1,0,0,0.24,0
24.0,3,-828.0,-838.0,0.3,48.0,SERVICE,HOME,,1,1,1,1,0,0,0.17,0
24.0,4,-822.0,-838.0,82.5,98.79,ACTIVE,SURVEY,P1,1,1,1,1,0,0,0.04,0
24.0,5,-816.0,-838.0,0.3,85.0,SERVICE,HOME,,1,1,1,1,0,1,0.43,0
25.0,1,-806.7,-661.6,60.0,98.69,ACTIVE,SURVEY,P2,1,1,1,1,0,0,0.36,0
25.0,2,-813.7,-827.0,68.0,98.72,ACTIVE,RELAY,P1,1,1,1,1,0,0,0.3,0
25.0,3,-828.0,-838.0,0.3,48.0,SERVICE,HOME,,1,1,1,1,0,0,0.17,0
25.0,4,-812.0,-832.3,84.0,98.73,ACTIVE,SURVEY,P1,1,1,1,1,0,0,0.04,0
25.0,5,-816.0,-838.0,0.3,85.0,SERVICE,HOME,,1,1,1,1,0,1,0.49,0
26.0,1,-803.8,-646.5,60.0,98.63,ACTIVE,SURVEY,P2,1,1,1,1,0,0,0.43,0
26.0,2,-800.2,-819.7,68.0,98.66,ACTIVE,RELAY,P1,1,1,1,1,0,0,0.3,0
26.0,3,-828.0,-838.0,0.3,48.0,SERVICE,HOME,,1,1,1,1,0,0,0.17,0
26.0,4,-798.6,-824.8,84.0,98.68,ACTIVE,SURVEY,P1,1,1,1,1,0,0,0.11,0
26.0,5,-816.0,-838.0,0.3,85.0,SERVICE,HOME,,1,1,1,1,0,1,0.47,0
27.0,1,-801.1,-632.4,60.0,98.58,ACTIVE,SURVEY,P2,1,1,1,1,0,0,0.36,0
27.0,2,-787.6,-812.9,68.0,98.61,ACTIVE,RELAY,P1,1,1,1,1,0,0,0.23,0
27.0,3,-828.0,-838.0,0.3,48.0,SERVICE,HOME,,1,1,1,1,0,0,0.17,0
27.0,4,-786.1,-817.7,84.0,98.62,ACTIVE,SURVEY,P1,1,1,1,1,0,0,0.04,0
27.0,5,-816.0,-838.0,0.3,85.0,SERVICE,HOME,,1,1,1,1,0,1,0.43,0
28.0,1,-798.3,-617.3,60.0,98.53,ACTIVE,SURVEY,P2,1,1,1,1,0,0,0.36,0
28.0,2,-774.0,-805.6,68.0,98.56,ACTIVE,RELAY,P1,1,1,1,1,0,0,0.3,0
28.0,3,-828.0,-838.0,0.3,48.0,SERVICE,HOME,,1,1,1,1,0,0,0.17,0
28.0,4,-772.7,-810.1,84.0,98.57,ACTIVE,SURVEY,P1,1,1,1,1,0,0,0.11,0
28.0,5,-816.0,-838.0,0.3,85.0,SERVICE,HOME,,1,1,1,1,0,1,0.47,0
29.1,1,-795.4,-602.2,60.0,98.47,ACTIVE,SURVEY,P2,1,1,1,1,0,0,0.43,0
29.1,2,-760.5,-798.3,68.0,98.5,ACTIVE,RELAY,P1,1,1,1,1,0,0,0.3,0
29.1,3,-828.0,-838.0,0.3,48.0,SERVICE,HOME,,1,1,1,1,0,0,0.22,0
29.1,4,-759.3,-802.6,84.0,98.51,ACTIVE,SURVEY,P1,1,1,1,1,0,0,0.11,0
29.1,5,-816.0,-838.0,0.3,85.0,SERVICE,HOME,,1,1,1,1,0,1,0.49,0
30.0,1,-792.8,-588.0,60.0,98.42,ACTIVE,SURVEY,P2,1,1,1,1,0,0,0.36,0
30.0,2,-747.9,-791.4,68.0,98.45,ACTIVE,RELAY,P1,1,1,1,1,0,0,0.23,0
30.0,3,-828.0,-838.0,0.3,48.0,SERVICE,HOME,,1,1,1,1,0,0,0.17,0
30.0,4,-746.8,-795.5,84.0,98.46,ACTIVE,SURVEY,P1,1,1,1,1,0,0,0.04,0
30.0,5,-816.0,-838.0,0.3,85.0,SERVICE,HOME,,1,1,1,1,0,1,0.47,0
31.0,1,-789.9,-572.9,60.0,98.36,ACTIVE,SURVEY,P2,1,1,1,1,0,0,0.36,0
31.0,2,-734.4,-784.1,68.0,98.39,ACTIVE,RELAY,P1,1,1,1,1,0,0,0.3,0
31.0,3,-828.0,-838.0,0.3,48.0,SERVICE,HOME,,1,1,1,1,0,0,0.17,0
31.0,4,-733.4,-787.9,84.0,98.4,ACTIVE,SURVEY,P1,1,1,1,1,0,0,0.11,0
31.0,5,-816.0,-838.0,0.3,85.0,SERVICE,HOME,,1,1,1,1,0,1,0.49,0
32.0,1,-787.2,-558.8,60.0,98.31,ACTIVE,SURVEY,P2,1,1,1,1,0,0,0.36,0
32.0,2,-721.7,-777.3,68.0,98.34,ACTIVE,RELAY,P1,1,1,1,1,0,0,0.24,0
32.0,3,-828.0,-838.0,0.3,48.0,SERVICE,HOME,,1,1,1,1,0,0,0.17,0
32.0,4,-720.9,-780.8,84.0,98.35,ACTIVE,SURVEY,P1,1,1,1,1,0,0,0.04,0
32.0,5,-816.0,-838.0,0.3,85.0,SERVICE,HOME,,1,1,1,1,0,1,0.43,0
33.0,1,-784.4,-543.7,60.0,98.25,ACTIVE,SURVEY,P2,1,1,1,1,0,0,0.36,0
33.0,2,-708.2,-770.0,68.0,98.28,ACTIVE,RELAY,P1,1,1,1,1,0,0,0.3,0
33.0,3,-828.0,-838.0,0.3,48.0,SERVICE,HOME,,1,1,1,1,0,0,0.17,0
33.0,4,-707.5,-773.3,84.0,98.29,ACTIVE,SURVEY,P1,1,1,1,1,0,0,0.04,0
33.0,5,-816.0,-838.0,0.3,85.0,SERVICE,HOME,,1,1,1,1,0,1,0.49,0
34.0,1,-781.5,-528.6,60.0,98.19,ACTIVE,SURVEY,P2,1,1,1,1,0,0,0.43,0
34.0,2,-694.7,-762.7,68.0,98.22,ACTIVE,RELAY,P1,1,1,1,1,0,0,0.3,0
34.0,3,-828.0,-838.0,0.3,48.0,SERVICE,HOME,,1,1,1,1,0,0,0.17,0
34.0,4,-694.1,-765.7,84.0,98.24,ACTIVE,SURVEY,P1,1,1,1,1,0,0,0.11,0
34.0,5,-816.0,-838.0,0.3,85.0,SERVICE,HOME,,1,1,1,1,0,1,0.47,0
35.0,1,-778.8,-514.4,60.0,98.14,ACTIVE,SURVEY,P2,1,1,1,1,0,0,0.36,0
35.0,2,-682.0,-755.8,68.0,98.17,ACTIVE,RELAY,P1,1,1,1,1,0,0,0.23,0
35.0,3,-828.0,-838.0,0.3,48.0,SERVICE,HOME,,1,1,1,1,0,0,0.17,0
35.0,4,-681.6,-758.6,84.0,98.18,ACTIVE,SURVEY,P1,1,1,1,1,0,0,0.04,0
35.0,5,-816.0,-838.0,0.3,85.0,SERVICE,HOME,,1,1,1,1,0,1,0.43,0
36.0,1,-776.0,-499.4,60.0,98.09,ACTIVE,SURVEY,P2,1,1,1,1,0,0,0.36,0
36.0,2,-668.5,-748.5,68.0,98.12,ACTIVE,RELAY,P1,1,1,1,1,0,0,0.3,0
36.0,3,-828.0,-838.0,0.3,48.0,SERVICE,HOME,,1,1,1,1,0,0,0.17,0
36.0,4,-668.2,-751.1,84.0,98.13,ACTIVE,SURVEY,P1,1,1,1,1,0,0,0.11,0
36.0,5,-816.0,-838.0,0.3,85.0,SERVICE,HOME,,1,1,1,1,0,1,0.47,0
37.1,1,-773.1,-484.3,60.0,98.03,ACTIVE,SURVEY,P2,1,1,1,1,0,0,0.43,0
37.1,2,-655.0,-741.2,68.0,98.06,ACTIVE,RELAY,P1,1,1,1,1,0,0,0.3,0
37.1,3,-828.0,-838.0,0.3,48.0,SERVICE,HOME,,1,1,1,1,0,0,0.22,0
37.1,4,-654.9,-743.5,84.0,98.07,ACTIVE,SURVEY,P1,1,1,1,1,0,0,0.11,0
37.1,5,-816.0,-838.0,0.3,85.0,SERVICE,HOME,,1,1,1,1,0,1,0.49,0
38.0,1,-770.5,-470.1,60.0,97.98,ACTIVE,SURVEY,P2,1,1,1,1,0,0,0.36,0
38.0,2,-642.3,-734.4,68.0,98.01,ACTIVE,RELAY,P1,1,1,1,1,0,0,0.23,0
38.0,3,-828.0,-838.0,0.3,48.0,SERVICE,HOME,,1,1,1,1,0,0,0.17,0
38.0,4,-642.3,-736.4,84.0,98.02,ACTIVE,SURVEY,P1,1,1,1,1,0,0,0.04,0
38.0,5,-816.0,-838.0,0.3,85.0,SERVICE,HOME,,1,1,1,1,0,1,0.47,0
39.0,1,-767.6,-455.0,60.0,97.92,ACTIVE,SURVEY,P2,1,1,1,1,0,0,0.36,0
39.0,2,-628.8,-727.1,68.0,97.95,ACTIVE,RELAY,P1,1,1,1,1,0,0,0.3,0
39.0,3,-828.0,-838.0,0.3,48.0,SERVICE,HOME,,1,1,1,1,0,0,0.17,0
39.0,4,-629.0,-728.9,84.0,97.96,ACTIVE,SURVEY,P1,1,1,1,1,0,0,0.11,0
39.0,5,-816.0,-838.0,0.3,85.0,SERVICE,HOME,,1,1,1,1,0,1,0.49,0
40.0,1,-764.9,-440.9,60.0,97.87,ACTIVE,SURVEY,P2,1,1,1,1,0,0,0.36,0
40.0,2,-625.0,-725.0,68.0,97.9,ACTIVE,RELAY,P1,1,1,1,1,0,0,0.24,0
40.0,3,-828.0,-838.0,0.3,48.0,SERVICE,HOME,,1,1,1,1,0,0,0.17,0
40.0,4,-616.4,-721.8,84.0,97.91,ACTIVE,SURVEY,P1,1,1,1,1,0,0,0.04,0
40.0,5,-816.0,-838.0,0.3,85.0,SERVICE,HOME,,1,1,1,1,0,1,0.43,0
41.0,1,-762.1,-425.8,60.0,97.81,ACTIVE,SURVEY,P2,1,1,1,1,0,0,0.36,0
41.0,2,-625.0,-725.0,68.0,97.85,ACTIVE,RELAY,P1,1,1,1,1,0,0,0.3,0
41.0,3,-828.0,-838.0,0.3,48.0,SERVICE,HOME,,1,1,1,1,0,0,0.17,0
41.0,4,-603.0,-714.2,84.0,97.85,ACTIVE,SURVEY,P1,1,1,1,1,0,0,0.04,0
41.0,5,-816.0,-838.0,0.3,85.0,SERVICE,HOME,,1,1,1,1,0,1,0.49,0
42.0,1,-759.2,-410.7,60.0,97.75,ACTIVE,SURVEY,P2,1,1,1,1,0,0,0.43,0
42.0,2,-625.0,-725.0,68.0,97.8,ACTIVE,RELAY,P1,1,1,1,1,0,0,0.3,0
42.0,3,-828.0,-838.0,0.3,48.0,SERVICE,HOME,,1,1,1,1,0,0,0.17,0
42.0,4,-589.7,-706.7,84.0,97.8,ACTIVE,SURVEY,P1,1,1,1,1,0,0,0.11,0
42.0,5,-816.0,-838.0,0.3,85.0,SERVICE,HOME,,1,1,1,1,0,1,0.47,0
43.0,1,-756.6,-396.5,60.0,97.7,ACTIVE,SURVEY,P2,1,1,1,1,0,0,0.36,0
43.0,2,-625.0,-725.0,68.0,97.75,ACTIVE,RELAY,P1,1,1,1,1,0,0,0.23,0
43.0,3,-828.0,-838.0,0.3,48.0,SERVICE,HOME,,1,1,1,1,0,0,0.17,0
43.0,4,-577.1,-699.6,84.0,97.74,ACTIVE,SURVEY,P1,1,1,1,1,0,0,0.04,0
43.0,5,-816.0,-838.0,0.3,85.0,SERVICE,HOME,,1,1,1,1,0,1,0.43,0
44.0,1,-753.7,-381.4,60.0,97.65,ACTIVE,SURVEY,P2,1,1,1,1,0,0,0.36,0
44.0,2,-625.0,-725.0,68.0,97.7,ACTIVE,RELAY,P1,1,1,1,1,0,0,0.3,0
44.0,3,-828.0,-838.0,0.3,48.0,SERVICE,HOME,,1,1,1,1,0,0,0.17,0
44.0,4,-563.8,-692.0,84.0,97.69,ACTIVE,SURVEY,P1,1,1,1,1,0,0,0.11,0
44.0,5,-816.0,-838.0,0.3,85.0,SERVICE,HOME,,1,1,1,1,0,1,0.47,0
45.1,1,-750.9,-366.4,60.0,97.59,ACTIVE,SURVEY,P2,1,1,1,1,0,0,0.43,0
45.1,2,-625.0,-725.0,68.0,97.65,ACTIVE,RELAY,P1,1,1,1,1,0,0,0.3,0
45.1,3,-828.0,-838.0,0.3,48.0,SERVICE,HOME,,1,1,1,1,0,0,0.22,0
45.1,4,-550.4,-684.5,84.0,97.63,ACTIVE,SURVEY,P1,1,1,1,1,0,0,0.11,0
45.1,5,-816.0,-838.0,0.3,85.0,SERVICE,HOME,,1,1,1,1,0,1,0.49,0
46.0,1,-748.2,-352.2,60.0,97.54,ACTIVE,SURVEY,P2,1,1,1,1,0,0,0.36,0
46.0,2,-625.0,-725.0,68.0,97.6,ACTIVE,RELAY,P1,1,1,1,1,0,0,0.23,0
46.0,3,-828.0,-838.0,0.3,48.0,SERVICE,HOME,,1,1,1,1,0,0,0.17,0
46.0,4,-537.9,-677.4,84.0,97.58,ACTIVE,SURVEY,P1,1,1,1,1,0,0,0.04,0
46.0,5,-816.0,-838.0,0.3,85.0,SERVICE,HOME,,1,1,1,1,0,1,0.47,0
47.0,1,-745.3,-337.1,60.0,97.48,ACTIVE,SURVEY,P2,1,1,1,1,0,0,0.36,0
47.0,2,-625.0,-725.0,68.0,97.55,ACTIVE,RELAY,P1,1,1,1,1,0,0,0.3,0
47.0,3,-828.0,-838.0,0.3,48.0,SERVICE,HOME,,1,1,1,1,0,0,0.17,0
47.0,4,-524.5,-669.8,84.0,97.52,ACTIVE,SURVEY,P1,1,1,1,1,0,0,0.11,0
47.0,5,-816.0,-838.0,0.3,85.0,SERVICE,HOME,,1,1,1,1,0,1,0.49,0
48.0,1,-742.7,-323.0,60.0,97.43,ACTIVE,SURVEY,P2,1,1,1,1,0,0,0.36,0
48.0,2,-625.0,-725.0,68.0,97.5,ACTIVE,RELAY,P1,1,1,1,1,0,0,0.24,0
48.0,3,-828.0,-838.0,0.3,48.0,SERVICE,HOME,,1,1,1,1,0,0,0.17,0
48.0,4,-512.0,-662.7,84.0,97.47,ACTIVE,SURVEY,P1,1,1,1,1,0,0,0.04,0
48.0,5,-816.0,-838.0,0.3,85.0,SERVICE,HOME,,1,1,1,1,0,1,0.43,0
49.0,1,-739.8,-307.9,60.0,97.37,ACTIVE,SURVEY,P2,1,1,1,1,0,0,0.34,0
49.0,2,-625.0,-725.0,68.0,97.45,ACTIVE,RELAY,P1,1,1,1,1,0,0,0.3,0
49.0,3,-828.0,-838.0,0.3,48.0,SERVICE,HOME,,1,1,1,1,0,0,0.17,0
49.0,4,-498.6,-655.2,84.0,97.41,ACTIVE,SURVEY,P1,1,1,1,1,0,0,0.02,0
49.0,5,-816.0,-838.0,0.3,85.0,SERVICE,HOME,,1,1,1,1,0,1,0.49,0
50.0,1,-737.0,-292.8,60.0,97.31,ACTIVE,SURVEY,P2,1,1,1,1,0,0,0.43,0
50.0,2,-625.0,-725.0,68.0,97.4,ACTIVE,RELAY,P1,1,1,1,1,0,0,0.3,0
50.0,3,-828.0,-838.0,0.3,48.0,SERVICE,HOME,,1,1,1,1,0,0,0.17,0
50.0,4,-485.2,-647.6,84.0,97.36,ACTIVE,SURVEY,P1,1,1,1,1,0,0,0.11,0
50.0,5,-816.0,-838.0,0.3,85.0,SERVICE,HOME,,1,1,1,1,0,1,0.47,0
51.0,1,-734.3,-278.6,60.0,97.26,ACTIVE,SURVEY,P2,1,1,1,1,0,0,0.36,0
51.0,2,-625.0,-725.0,68.0,97.35,ACTIVE,RELAY,P1,1,1,1,1,0,0,0.23,0
51.0,3,-828.0,-838.0,0.3,48.0,SERVICE,HOME,,1,1,1,1,0,0,0.17,0
51.0,4,-472.7,-640.5,84.0,97.3,ACTIVE,SURVEY,P1,1,1,1,1,0,0,0.04,0
51.0,5,-816.0,-838.0,0.3,85.0,SERVICE,HOME,,1,1,1,1,0,1,0.43,0
52.0,1,-731.4,-263.5,60.0,97.21,ACTIVE,SURVEY,P2,1,1,1,1,0,0,0.36,0
52.0,2,-625.0,-725.0,68.0,97.3,ACTIVE,RELAY,P1,1,1,1,1,0,0,0.3,0
52.0,3,-828.0,-838.0,0.3,48.0,SERVICE,HOME,,1,1,1,1,0,0,0.17,0
52.0,4,-459.3,-633.0,84.0,97.25,ACTIVE,SURVEY,P1,1,1,1,1,0,0,0.11,0
52.0,5,-816.0,-838.0,0.3,85.0,SERVICE,HOME,,1,1,1,1,0,1,0.47,0
53.1,1,-728.6,-248.4,60.0,97.15,ACTIVE,SURVEY,P2,1,1,1,2,2,0,0.41,0
53.1,2,-625.0,-725.0,68.0,97.25,ACTIVE,RELAY,P1,1,1,1,1,0,0,0.3,0
53.1,3,-828.0,-838.0,0.3,48.0,SERVICE,HOME,,1,1,1,1,0,0,0.22,0
53.1,4,-458.7,-632.6,84.0,97.19,ACTIVE,SURVEY,P1,1,1,1,1,0,0,0.11,0
53.1,5,-816.0,-838.0,0.3,85.0,SERVICE,HOME,,1,1,1,1,0,1,0.49,0
54.0,1,-725.9,-234.3,60.0,97.1,ACTIVE,SURVEY,P2,1,1,1,2,2,0,0.34,0
54.0,2,-625.0,-725.0,68.0,97.2,ACTIVE,RELAY,P1,1,1,1,1,0,0,0.23,0
54.0,3,-828.0,-838.0,0.3,48.0,SERVICE,HOME,,1,1,1,1,0,0,0.17,0
54.0,4,-458.7,-632.6,84.0,97.15,ACTIVE,SURVEY,P1,1,1,1,1,0,0,0.04,0
54.0,5,-816.0,-838.0,0.3,85.0,SERVICE,HOME,,1,1,1,1,0,1,0.47,0
55.0,1,-723.0,-219.2,60.0,97.04,ACTIVE,SURVEY,P2,1,1,1,2,2,0,0.34,0
55.0,2,-625.0,-725.0,68.0,97.15,ACTIVE,RELAY,P1,1,1,1,1,0,0,0.3,0
55.0,3,-828.0,-838.0,0.3,48.0,SERVICE,HOME,,1,1,1,1,0,0,0.17,0
55.0,4,-458.7,-632.6,84.0,97.1,ACTIVE,SURVEY,P1,1,1,1,1,0,0,0.11,0
55.0,5,-816.0,-838.0,0.3,85.0,SERVICE,HOME,,1,1,1,1,0,1,0.49,0
56.0,1,-720.4,-205.0,60.0,96.99,ACTIVE,SURVEY,P2,1,1,1,2,2,0,0.34,0
56.0,2,-625.0,-725.0,68.0,97.1,ACTIVE,RELAY,P1,1,1,1,1,0,0,0.24,0
56.0,3,-828.0,-838.0,0.3,48.0,SERVICE,HOME,,1,1,1,1,0,0,0.17,0
56.0,4,-458.7,-632.6,84.0,97.05,ACTIVE,SURVEY,P1,1,1,1,1,0,0,0.04,0
56.0,5,-816.0,-838.0,0.3,85.0,SERVICE,HOME,,1,1,1,1,0,1,0.43,0
57.0,1,-717.5,-190.0,60.0,96.93,ACTIVE,SURVEY,P2,1,1,1,2,2,0,0.34,0
57.0,2,-625.0,-725.0,68.0,97.05,ACTIVE,RELAY,P1,1,1,1,1,0,0,0.3,0
57.0,3,-828.0,-838.0,0.3,48.0,SERVICE,HOME,,1,1,1,1,0,0,0.17,0
57.0,4,-458.7,-632.6,84.0,97.0,ACTIVE,SURVEY,P1,1,1,1,1,0,0,0.04,0
57.0,5,-816.0,-838.0,0.3,85.0,SERVICE,HOME,,1,1,1,1,0,1,0.49,0
58.0,1,-714.7,-174.9,60.0,96.87,ACTIVE,SURVEY,P2,1,1,1,2,2,0,0.41,0
58.0,2,-625.0,-725.0,68.0,97.0,ACTIVE,RELAY,P1,1,1,1,1,0,0,0.3,0
58.0,3,-828.0,-838.0,0.3,48.0,SERVICE,HOME,,1,1,1,1,0,0,0.17,0
58.0,4,-458.7,-632.6,84.0,96.95,ACTIVE,SURVEY,P1,1,1,1,1,0,0,0.11,0
58.0,5,-816.0,-838.0,0.3,85.0,SERVICE,HOME,,1,1,1,1,0,1,0.47,0
59.0,1,-712.0,-160.7,60.0,96.82,ACTIVE,SURVEY,P2,1,1,1,2,2,0,0.34,0
59.0,2,-625.0,-725.0,68.0,96.95,ACTIVE,RELAY,P1,1,1,1,1,0,0,0.23,0
59.0,3,-828.0,-838.0,0.3,48.0,SERVICE,HOME,,1,1,1,1,0,0,0.17,0
59.0,4,-458.7,-632.6,84.0,96.9,ACTIVE,SURVEY,P1,1,1,1,1,0,0,0.04,0
59.0,5,-816.0,-838.0,0.3,85.0,SERVICE,HOME,,1,1,1,1,0,1,0.43,0
60.0,1,-709.4,-147.1,60.0,96.77,ACTIVE,SURVEY,P2,1,1,1,2,2,0,0.34,0
60.0,2,-625.0,-725.0,68.0,96.9,ACTIVE,RELAY,P1,1,1,1,1,0,0,0.3,0
60.0,3,-828.0,-838.0,0.3,100.0,READY,HOME,,1,1,1,1,0,0,0.17,0
60.0,4,-458.7,-632.6,84.0,96.85,ACTIVE,SURVEY,P1,1,1,1,1,0,0,0.11,0
60.0,5,-816.0,-838.0,0.3,100.0,READY,HOME,,1,1,1,1,0,1,0.47,0
61.1,1,-709.4,-147.1,60.0,96.71,ACTIVE,SURVEY,P2,1,1,1,2,2,0,0.41,0
61.1,2,-625.0,-725.0,68.0,96.85,ACTIVE,RELAY,P1,1,1,1,1,0,0,0.28,0
61.1,3,-828.0,-838.0,0.9,99.99,ACTIVE,RELAY,P2,1,1,1,1,0,0,0.22,0
61.1,4,-458.7,-632.6,84.0,96.79,ACTIVE,SURVEY,P1,1,1,1,1,0,0,0.11,0
61.1,5,-816.0,-838.0,0.3,100.0,READY,HOME,,1,1,1,1,0,1,0.49,0
62.0,1,-709.4,-147.1,60.0,96.67,ACTIVE,SURVEY,P2,1,1,1,2,2,0,0.34,0
62.0,2,-625.0,-725.0,68.0,96.8,ACTIVE,RELAY,P1,1,1,1,1,0,0,0.23,0
62.0,3,-828.0,-838.0,5.7,99.94,ACTIVE,RELAY,P2,1,1,1,1,0,0,0.17,0
62.0,4,-458.7,-632.6,84.0,96.75,ACTIVE,SURVEY,P1,1,1,1,1,0,2,0.04,0
62.0,5,-816.0,-838.0,-1.0,99.98,ACTIVE,SURVEY,P3,1,1,1,1,0,1,0.47,0
63.0,1,-709.4,-147.1,60.0,96.62,ACTIVE,SURVEY,P2,1,1,1,2,2,0,0.19,0
63.0,2,-625.0,-725.0,68.0,96.75,ACTIVE,RELAY,P1,1,1,1,1,0,0,0.26,0
63.0,3,-828.0,-838.0,10.9,99.88,ACTIVE,RELAY,P2,1,1,1,1,0,0,0.12,0
63.0,4,-458.7,-632.6,84.0,96.7,ACTIVE,SURVEY,P1,1,1,1,1,0,2,0.1,0
63.0,5,-816.0,-838.0,-1.3,99.93,ACTIVE,SURVEY,P3,1,1,1,1,0,1,0.12,0
64.0,1,-709.4,-147.1,60.0,96.57,ACTIVE,SURVEY,P2,1,1,1,2,2,0,0.16,0
64.0,2,-625.0,-725.0,68.0,96.7,ACTIVE,RELAY,P1,1,1,1,1,0,0,0.23,0
64.0,3,-828.0,-838.0,15.7,99.83,ACTIVE,RELAY,P2,1,1,1,1,0,0,0.16,0
64.0,4,-458.7,-632.6,84.0,96.65,ACTIVE,SURVEY,P1,1,1,1,1,0,3,0.04,0
64.0,5,-816.0,-838.0,3.5,99.87,ACTIVE,SURVEY,P3,1,1,1,1,0,1,0.16,0
65.0,1,-709.4,-147.1,60.0,96.52,ACTIVE,SURVEY,P2,1,1,1,2,2,0,0.21,0
65.0,2,-625.0,-725.0,68.0,96.65,ACTIVE,RELAY,P1,1,1,1,1,0,0,0.27,0
65.0,3,-828.0,-838.0,20.8,99.77,ACTIVE,RELAY,P2,1,1,1,1,0,0,0.17,0
65.0,4,-458.7,-632.6,84.0,96.6,ACTIVE,SURVEY,P1,1,1,1,1,0,1,0.03,0
65.0,5,-816.0,-838.0,8.6,99.82,ACTIVE,SURVEY,P3,1,1,1,1,0,1,0.21,0
66.0,1,-709.4,-147.1,60.0,96.46,ACTIVE,SURVEY,P2,1,1,1,2,2,0,0.17,0
66.0,2,-625.0,-725.0,68.0,96.6,ACTIVE,RELAY,P1,1,1,1,1,0,0,0.24,0
66.0,3,-828.0,-838.0,25.9,99.72,ACTIVE,RELAY,P2,1,1,1,1,0,0,0.17,0
66.0,4,-458.7,-632.6,84.0,96.55,ACTIVE,SURVEY,P1,1,1,1,1,0,0,0.08,0
66.0,5,-816.0,-838.0,13.7,99.76,ACTIVE,SURVEY,P3,1,1,1,1,0,1,0.44,0
67.0,1,-709.4,-147.1,60.0,96.42,ACTIVE,SURVEY,P2,1,1,1,2,2,0,0.34,0
67.0,2,-622.3,-722.3,68.0,96.55,ACTIVE,SURVEY,P4,1,1,1,1,0,0,0.23,0
67.0,3,-828.0,-838.0,30.7,99.67,ACTIVE,RELAY,P2,1,1,1,1,0,0,0.17,0
67.0,4,-458.7,-632.6,84.0,96.5,ACTIVE,SURVEY,P1,1,1,1,1,0,0,0.04,0
67.0,5,-816.0,-838.0,18.5,99.71,ACTIVE,SURVEY,P3,1,1,1,1,0,1,0.43,0
68.0,1,-709.4,-147.1,60.0,96.37,ACTIVE,SURVEY,P2,1,1,1,2,2,0,0.34,0
68.0,2,-611.5,-711.4,68.0,96.49,ACTIVE,SURVEY,P4,1,1,1,1,0,0,0.3,0
68.0,3,-828.0,-838.0,35.8,99.61,ACTIVE,RELAY,P2,1,1,1,1,0,0,0.17,0
68.0,4,-444.3,-627.3,84.0,96.44,ACTIVE,RELAY,P3,1,1,1,1,0,0,0.11,0
68.0,5,-816.0,-838.0,23.7,99.65,ACTIVE,SURVEY,P3,1,1,1,1,0,1,0.47,0
69.1,1,-709.4,-147.1,60.0,96.31,ACTIVE,SURVEY,P2,1,1,1,2,2,0,0.41,0
69.1,2,-600.6,-700.5,68.0,96.44,ACTIVE,SURVEY,P4,1,1,1,1,0,0,0.3,0
69.1,3,-828.0,-838.0,40.9,99.55,ACTIVE,RELAY,P2,1,1,1,1,0,0,0.17,0
69.1,4,-430.0,-621.9,84.0,96.38,ACTIVE,RELAY,P3,1,1,1,1,0,0,0.11,0
69.1,5,-816.0,-838.0,28.8,99.6,ACTIVE,SURVEY,P3,1,1,1,1,0,1,0.49,0
70.0,1,-709.4,-147.1,60.0,96.27,ACTIVE,SURVEY,P2,1,1,1,2,2,1,0.34,0
70.0,2,-590.4,-690.3,68.0,96.38,ACTIVE,SURVEY,P4,1,1,1,1,0,3,0.75,0
70.0,3,-828.0,-838.0,45.7,99.5,ACTIVE,RELAY,P2,1,1,1,1,0,0,0.17,0
70.0,4,-416.5,-616.9,84.0,96.33,ACTIVE,RELAY,P3,1,1,1,1,0,1,0.56,0
70.0,5,-816.0,-838.0,33.6,99.54,ACTIVE,SURVEY,P3,1,1,1,1,0,1,0.47,0
71.0,1,-709.4,-147.1,60.0,96.22,ACTIVE,SURVEY,P2,1,1,1,2,2,0,0.25,0
71.0,2,-579.6,-679.4,68.0,96.33,ACTIVE,SURVEY,P4,1,1,1,1,0,3,0.27,0
71.0,3,-828.0,-838.0,50.9,99.44,ACTIVE,RELAY,P2,1,1,1,1,0,0,0.17,0
71.0,4,-402.1,-611.5,84.0,96.28,ACTIVE,RELAY,P3,1,1,1,1,0,1,0.5,0
71.0,5,-816.0,-838.0,38.7,99.49,ACTIVE,SURVEY,P3,1,1,1,1,0,1,0.49,0
72.1,1,-709.4,-147.1,60.0,96.16,ACTIVE,SURVEY,P2,1,1,1,2,2,0,0.28,0
72.1,2,-568.8,-668.5,68.0,96.27,ACTIVE,SURVEY,P4,1,1,1,1,0,0,0.27,0
72.1,3,-828.0,-838.0,56.0,99.39,ACTIVE,RELAY,P2,1,1,1,1,0,0,0.13,0
72.1,4,-387.7,-606.2,84.0,96.22,ACTIVE,RELAY,P3,1,1,1,1,0,0,0.48,0
72.1,5,-816.0,-838.0,43.8,99.43,ACTIVE,SURVEY,P3,1,1,1,1,0,1,0.48,0
73.0,1,-709.4,-147.1,60.0,96.12,ACTIVE,SURVEY,P2,1,1,1,2,2,0,0.25,0
73.0,2,-558.6,-658.3,68.0,96.22,ACTIVE,SURVEY,P4,1,1,1,1,0,1,0.26,0
73.0,3,-828.0,-838.0,60.8,99.33,ACTIVE,RELAY,P2,1,1,1,1,0,0,0.17,0
73.0,4,-374.2,-601.2,84.0,96.17,ACTIVE,RELAY,P3,1,1,1,1,0,0,0.02,0
73.0,5,-816.0,-838.0,48.6,99.38,ACTIVE,SURVEY,P3,1,1,1,1,0,1,0.49,0
74.0,1,-709.4,-147.1,60.0,96.06,ACTIVE,SURVEY,P2,1,1,1,2,2,2,0.1,0
74.0,2,-547.8,-647.5,68.0,96.16,ACTIVE,SURVEY,P4,1,1,1,1,0,0,0.12,0
74.0,3,-828.0,-838.0,65.9,99.28,ACTIVE,RELAY,P2,1,1,1,1,0,0,0.12,0
74.0,4,-359.8,-595.8,84.0,96.11,ACTIVE,RELAY,P3,1,1,1,1,0,0,0.08,0
74.0,5,-816.0,-838.0,53.7,99.32,ACTIVE,SURVEY,P3,1,1,1,1,0,1,0.41,0
75.0,1,-709.4,-147.1,60.0,96.02,ACTIVE,SURVEY,P2,1,1,1,2,2,0,0.3,0
75.0,2,-537.6,-637.3,68.0,96.11,ACTIVE,SURVEY,P4,1,1,1,1,0,0,0.21,0
75.0,3,-828.0,-838.0,70.7,99.23,ACTIVE,RELAY,P2,1,1,1,1,0,0,0.12,0
75.0,4,-346.3,-590.8,84.0,96.06,ACTIVE,RELAY,P3,1,1,1,1,0,0,0.32,0
75.0,5,-816.0,-838.0,58.5,99.27,ACTIVE,SURVEY,P3,1,1,1,1,0,1,0.43,0
76.0,1,-709.4,-147.1,60.0,95.97,ACTIVE,SURVEY,P2,1,1,1,2,2,0,0.24,0
76.0,2,-526.8,-626.4,68.0,96.05,ACTIVE,SURVEY,P4,1,1,1,1,0,1,0.24,0
76.0,3,-828.0,-838.0,75.8,99.17,ACTIVE,RELAY,P2,1,1,1,1,0,0,0.17,0
76.0,4,-337.5,-587.5,84.0,96.0,ACTIVE,RELAY,P3,1,1,1,1,0,0,0.04,0
76.0,5,-816.0,-838.0,63.7,99.21,ACTIVE,SURVEY,P3,1,1,1,1,0,1,0.46,0
77.1,1,-709.4,-147.1,60.0,95.91,ACTIVE,SURVEY,P2,1,1,1,2,2,0,0.23,0
77.1,2,-515.9,-615.5,68.0,96.0,ACTIVE,SURVEY,P4,1,1,1,1,0,0,0.23,0
77.1,3,-825.8,-822.8,76.0,99.11,ACTIVE,RELAY,P2,1,1,1,1,0,0,0.01,0
77.1,4,-337.5,-587.5,84.0,95.95,ACTIVE,RELAY,P3,1,1,1,1,0,0,0.01,0
77.1,5,-816.0,-838.0,64.3,99.16,ACTIVE,SURVEY,P3,1,1,1,1,0,1,0.45,0
78.0,1,-709.4,-147.1,60.0,95.87,ACTIVE,SURVEY,P2,1,1,1,2,2,0,0.34,0
78.0,2,-505.8,-605.3,68.0,95.94,ACTIVE,SURVEY,P4,1,1,1,1,0,0,0.23,0
78.0,3,-823.7,-808.6,76.0,99.06,ACTIVE,RELAY,P2,1,1,1,1,0,0,0.17,0
78.0,4,-336.6,-587.8,84.0,95.9,ACTIVE,SURVEY,P3,1,1,1,1,0,0,0.04,0
78.0,5,-816.0,-838.0,64.3,99.11,ACTIVE,SURVEY,P3,1,1,1,1,0,1,0.47,0
79.0,1,-697.5,-143.2,60.0,95.81,ACTIVE,SURVEY,P4,1,1,1,2,2,0,0.32,0
79.0,2,-492.9,-597.2,68.0,95.89,ACTIVE,RELAY,P4,1,1,1,1,0,0,0.28,0
79.0,3,-813.3,-802.0,76.0,99.0,ACTIVE,RELAY,P3,1,1,1,1,0,0,0.17,0
79.0,4,-322.0,-592.6,84.0,95.85,ACTIVE,SURVEY,P3,1,1,1,1,0,0,0.11,0
79.0,5,-816.0,-838.0,64.3,99.06,ACTIVE,RELAY,P3,1,1,1,1,0,1,0.49,0
80.1,1,-682.9,-138.5,60.0,95.75,ACTIVE,SURVEY,P4,1,1,1,2,2,0,0.41,0
80.1,2,-479.3,-590.0,68.0,95.83,ACTIVE,RELAY,P4,1,1,1,1,0,0,0.3,0
80.1,3,-798.0,-800.7,76.0,98.95,ACTIVE,RELAY,P3,1,1,1,1,0,0,0.23,0
80.1,4,-307.4,-597.5,84.0,95.79,ACTIVE,SURVEY,P3,1,1,1,2,2,0,0.09,0
80.1,5,-816.0,-838.0,64.3,99.01,ACTIVE,RELAY,P3,1,1,1,1,0,1,0.49,0
81.0,1,-669.2,-134.1,60.0,95.7,ACTIVE,SURVEY,P4,1,1,1,2,2,0,0.34,0
81.0,2,-466.6,-583.2,68.0,95.78,ACTIVE,RELAY,P4,1,1,1,1,0,0,0.3,0
81.0,3,-783.7,-799.4,76.0,98.89,ACTIVE,RELAY,P3,1,1,1,1,0,0,0.17,0
81.0,4,-293.8,-602.0,84.0,95.74,ACTIVE,SURVEY,P3,1,1,1,2,2,0,0.0,0
81.0,5,-816.0,-838.0,64.3,98.96,ACTIVE,RELAY,P3,1,1,1,1,0,1,0.49,0
82.0,1,-654.6,-129.4,60.0,95.65,ACTIVE,SURVEY,P4,1,1,1,2,2,0,0.34,0
82.0,2,-453.0,-576.0,68.0,95.72,ACTIVE,RELAY,P4,1,1,1,1,0,0,0.3,0
82.0,3,-768.4,-798.1,76.0,98.84,ACTIVE,RELAY,P3,1,1,1,1,0,0,0.17,0
82.0,4,-279.2,-606.8,84.0,95.68,ACTIVE,SURVEY,P3,1,1,1,2,2,0,0.09,0
82.0,5,-816.0,-838.0,64.9,98.91,ACTIVE,RELAY,P3,1,1,1,1,0,1,0.47,0
83.0,1,-640.9,-124.9,60.0,95.59,ACTIVE,SURVEY,P4,1,1,1,2,2,0,0.32,0
83.0,2,-440.3,-569.2,68.0,95.67,ACTIVE,RELAY,P4,1,1,1,1,0,0,0.21,0
83.0,3,-754.0,-796.8,76.0,98.79,ACTIVE,RELAY,P3,1,1,1,1,0,0,0.16,0
83.0,4,-265.5,-611.4,84.0,95.63,ACTIVE,SURVEY,P3,1,1,1,2,2,0,0.02,0
83.0,5,-816.0,-838.0,69.7,98.86,ACTIVE,RELAY,P3,1,1,1,1,0,1,0.43,0
84.0,1,-626.3,-120.2,60.0,95.54,ACTIVE,SURVEY,P4,1,1,1,2,2,0,0.34,0
84.0,2,-426.8,-562.0,68.0,95.61,ACTIVE,RELAY,P4,1,1,1,1,0,0,0.3,0
84.0,3,-738.7,-795.5,76.0,98.73,ACTIVE,RELAY,P3,1,1,1,1,0,0,0.17,0
84.0,4,-250.9,-616.2,84.0,95.57,ACTIVE,SURVEY,P3,1,1,1,2,2,0,0.07,0
84.0,5,-816.0,-838.0,74.9,98.8,ACTIVE,RELAY,P3,1,1,1,1,0,1,0.49,0
85.1,1,-611.7,-115.5,60.0,95.48,ACTIVE,SURVEY,P4,1,1,1,2,2,0,0.41,0
85.1,2,-413.2,-554.8,68.0,95.56,ACTIVE,RELAY,P4,1,1,1,1,0,0,0.3,0
85.1,3,-723.4,-794.2,76.0,98.67,ACTIVE,RELAY,P3,1,1,1,1,0,0,0.17,0
85.1,4,-236.3,-621.0,84.0,95.52,ACTIVE,SURVEY,P3,1,1,1,2,3,0,0.09,0
85.1,5,-816.0,-838.0,80.0,98.74,ACTIVE,RELAY,P3,1,1,1,1,0,1,0.49,0
86.0,1,-598.0,-111.1,60.0,95.43,ACTIVE,SURVEY,P4,1,1,1,2,2,0,0.34,0
86.0,2,-400.5,-548.0,68.0,95.5,ACTIVE,RELAY,P4,1,1,1,1,0,0,0.23,0
86.0,3,-709.1,-792.9,76.0,98.62,ACTIVE,RELAY,P3,1,1,1,1,0,0,0.17,0
86.0,4,-222.7,-625.5,84.0,95.46,ACTIVE,SURVEY,P3,1,1,1,2,3,0,0.02,0
86.0,5,-816.0,-838.0,84.8,98.69,ACTIVE,RELAY,P3,1,1,1,1,0,1,0.49,0
87.0,1,-583.4,-106.3,60.0,95.37,ACTIVE,SURVEY,P4,1,1,1,2,2,0,0.32,0
87.0,2,-386.9,-540.8,68.0,95.45,ACTIVE,RELAY,P4,1,1,1,1,0,0,0.28,0
87.0,3,-693.8,-791.6,76.0,98.56,ACTIVE,RELAY,P3,1,1,1,1,0,0,0.17,0
87.0,4,-208.1,-630.4,84.0,95.41,ACTIVE,SURVEY,P3,1,1,1,2,3,0,0.07,0
87.0,5,-816.0,-838.0,89.9,98.64,ACTIVE,RELAY,P3,1,1,1,1,0,1,0.49,0
88.1,1,-568.7,-101.6,60.0,95.31,ACTIVE,SURVEY,P4,1,1,1,2,2,0,0.39,0
88.1,2,-373.4,-533.6,68.0,95.39,ACTIVE,RELAY,P4,1,1,1,1,0,0,0.3,0
88.1,3,-678.5,-790.3,76.0,98.51,ACTIVE,RELAY,P3,1,1,1,1,0,0,0.23,0
88.1,4,-193.5,-635.2,84.0,95.35,ACTIVE,SURVEY,P3,1,1,1,2,3,0,0.09,0
88.1,5,-806.5,-836.7,92.0,98.58,ACTIVE,RELAY,P3,1,1,1,1,0,1,0.49,0
89.0,1,-555.0,-97.2,60.0,95.26,ACTIVE,SURVEY,P4,1,1,1,2,2,0,0.32,0
89.0,2,-360.7,-526.8,68.0,95.34,ACTIVE,RELAY,P4,1,1,1,1,0,0,0.3,0
89.0,3,-664.1,-789.0,76.0,98.45,ACTIVE,RELAY,P3,1,1,1,1,0,0,0.17,0
89.0,4,-179.9,-639.7,84.0,95.3,ACTIVE,SURVEY,P3,1,1,1,2,3,0,0.02,0
89.0,5,-792.2,-834.8,92.0,98.53,ACTIVE,RELAY,P3,1,1,1,1,0,1,0.49,0
90.0,1,-540.4,-92.5,60.0,95.21,ACTIVE,SURVEY,P4,1,1,1,3,2,0,0.34,0
90.0,2,-347.1,-519.6,68.0,95.28,ACTIVE,RELAY,P4,1,1,1,2,3,0,0.3,0
90.0,3,-648.8,-787.7,76.0,98.4,ACTIVE,RELAY,P3,1,1,1,1,0,0,0.17,0
90.0,4,-165.3,-644.6,84.0,95.24,ACTIVE,SURVEY,P3,1,1,1,2,3,0,0.09,0
90.0,5,-777.0,-832.8,92.0,98.47,ACTIVE,RELAY,P3,1,1,1,1,0,1,0.49,0
91.0,1,-526.7,-88.0,60.0,95.15,ACTIVE,SURVEY,P4,1,1,1,3,2,0,0.32,0
91.0,2,-334.4,-512.9,68.0,95.23,ACTIVE,RELAY,P4,1,1,1,2,3,0,0.21,0
91.0,3,-634.5,-786.4,76.0,98.35,ACTIVE,RELAY,P3,1,1,1,1,0,0,0.17,0
91.0,4,-151.6,-649.1,84.0,95.19,ACTIVE,SURVEY,P3,1,1,1,2,3,0,0.02,0
91.0,5,-762.7,-830.8,92.0,98.42,ACTIVE,RELAY,P3,1,1,1,1,0,1,0.43,0
92.0,1,-512.1,-83.3,60.0,95.1,ACTIVE,SURVEY,P4,1,1,1,3,2,0,0.3,0
92.0,2,-320.8,-505.7,68.0,95.17,ACTIVE,RELAY,P4,1,1,1,2,3,0,0.26,0
92.0,3,-619.2,-785.1,76.0,98.29,ACTIVE,RELAY,P3,1,1,1,1,0,0,0.17,0
92.0,4,-137.0,-653.9,84.0,95.13,ACTIVE,SURVEY,P3,1,1,1,2,3,0,0.09,0
92.0,5,-747.5,-828.8,92.0,98.36,ACTIVE,RELAY,P3,1,1,1,1,0,1,0.49,0
93.1,1,-497.5,-78.6,60.0,95.04,ACTIVE,SURVEY,P4,1,1,1,3,2,0,0.39,0
93.1,2,-307.3,-498.5,68.0,95.12,ACTIVE,RELAY,P4,1,1,1,2,3,0,0.28,0
93.1,3,-603.9,-783.8,76.0,98.23,ACTIVE,RELAY,P3,1,1,1,1,0,0,0.17,0
93.1,4,-122.4,-658.8,84.0,95.08,ACTIVE,SURVEY,P3,1,1,1,2,3,0,0.07,0
93.1,5,-732.3,-826.7,92.0,98.3,ACTIVE,RELAY,P3,1,1,1,1,0,1,0.49,0
94.0,1,-483.8,-74.2,60.0,94.99,ACTIVE,SURVEY,P4,1,1,1,3,2,0,0.3,0
94.0,2,-294.5,-491.7,68.0,95.06,ACTIVE,RELAY,P4,1,1,1,2,3,0,0.21,0
94.0,3,-589.5,-782.5,76.0,98.18,ACTIVE,RELAY,P3,1,1,1,1,0,0,0.17,0
94.0,4,-108.8,-663.3,84.0,95.02,ACTIVE,SURVEY,P3,1,1,1,2,3,0,0.02,0
94.0,5,-718.0,-824.8,92.0,98.25,ACTIVE,RELAY,P3,1,1,1,1,0,1,0.49,0
95.0,1,-469.2,-69.4,60.0,94.93,ACTIVE,SURVEY,P4,1,1,1,3,2,0,0.32,0
95.0,2,-281.0,-484.5,68.0,95.01,ACTIVE,RELAY,P4,1,1,1,2,3,0,0.28,0
95.0,3,-574.2,-781.2,76.0,98.12,ACTIVE,RELAY,P3,1,1,1,1,0,0,0.17,0
95.0,4,-94.2,-668.1,84.0,94.97,ACTIVE,SURVEY,P3,1,1,1,2,3,0,0.09,0
95.0,5,-702.8,-822.8,92.0,98.2,ACTIVE,RELAY,P3,1,1,1,1,0,1,0.49,0
96.1,1,-454.5,-64.7,60.0,94.87,ACTIVE,SURVEY,P4,1,1,1,3,2,0,0.36,0
96.1,2,-267.4,-477.3,68.0,94.95,ACTIVE,RELAY,P4,1,1,1,2,3,0,0.28,0
96.1,3,-558.9,-779.8,76.0,98.07,ACTIVE,RELAY,P3,1,1,1,1,0,0,0.23,0
96.1,4,-79.6,-673.0,84.0,94.91,ACTIVE,SURVEY,P3,1,1,1,2,3,0,0.09,0
96.1,5,-687.6,-820.7,92.0,98.14,ACTIVE,RELAY,P3,1,1,1,1,0,1,0.49,0
97.0,1,-440.8,-60.3,60.0,94.82,ACTIVE,SURVEY,P4,1,1,1,3,2,0,0.32,0
97.0,2,-254.7,-470.5,68.0,94.9,ACTIVE,RELAY,P4,1,1,1,2,3,0,0.28,0
97.0,3,-544.6,-778.6,76.0,98.01,ACTIVE,RELAY,P3,1,1,1,1,0,0,0.17,0
97.0,4,-65.9,-677.5,84.0,94.86,ACTIVE,SURVEY,P3,1,1,1,2,3,0,0.02,0
97.0,5,-673.3,-818.8,92.0,98.09,ACTIVE,RELAY,P3,1,1,1,1,0,1,0.49,0
98.0,1,-426.2,-55.6,60.0,94.77,ACTIVE,SURVEY,P4,1,1,1,3,2,0,0.32,0
98.0,2,-241.1,-463.3,68.0,94.84,ACTIVE,RELAY,P4,1,1,1,2,3,0,0.28,0
98.0,3,-529.3,-777.3,76.0,97.96,ACTIVE,RELAY,P3,1,1,1,1,0,0,0.17,0
98.0,4,-51.4,-682.3,84.0,94.8,ACTIVE,SURVEY,P3,1,1,1,2,3,0,0.09,0
98.0,5,-658.1,-816.8,92.0,98.03,ACTIVE,RELAY,P3,1,1,1,1,0,1,0.49,0
99.0,1,-412.5,-51.1,60.0,94.71,ACTIVE,SURVEY,P4,1,1,1,3,2,0,0.32,0
99.0,2,-228.4,-456.5,68.0,94.79,ACTIVE,RELAY,P4,1,1,1,2,3,0,0.21,0
99.0,3,-514.9,-776.0,76.0,97.91,ACTIVE,RELAY,P3,1,1,1,1,0,0,0.17,0
99.0,4,-37.7,-686.8,84.0,94.75,ACTIVE,SURVEY,P3,1,1,1,2,3,0,0.02,0
99.0,5,-643.8,-814.8,92.0,97.98,ACTIVE,RELAY,P3,1,1,1,1,0,1,0.43,0
100.0,1,-397.9,-46.4,60.0,94.66,ACTIVE,SURVEY,P4,1,1,1,3,2,0,0.32,0
100.0,2,-214.9,-449.3,68.0,94.73,ACTIVE,RELAY,P4,1,1,1,2,3,0,0.28,0
100.0,3,-499.6,-774.7,76.0,97.85,ACTIVE,RELAY,P3,1,1,1,1,0,0,0.17,0
100.0,4,-23.1,-691.7,84.0,94.69,ACTIVE,SURVEY,P3,1,1,1,2,3,0,0.09,0
100.0,5,-628.6,-812.8,92.0,97.92,ACTIVE,RELAY,P3,1,1,1,1,0,1,0.49,0
101.1,1,-383.3,-41.7,60.0,94.6,ACTIVE,SURVEY,P4,1,1,1,3,2,0,0.39,0
101.1,2,-201.3,-442.1,68.0,94.68,ACTIVE,RELAY,P4,1,1,1,2,3,0,0.28,0
101.1,3,-484.3,-773.3,76.0,97.79,ACTIVE,RELAY,P3,1,1,1,1,0,0,0.17,0
101.1,4,-8.5,-696.5,84.0,94.64,ACTIVE,SURVEY,P3,1,1,1,2,3,0,0.07,0
101.1,5,-613.3,-810.8,92.0,97.86,ACTIVE,RELAY,P3,1,1,1,1,0,1,0.49,0
102.0,1,-369.6,-37.3,60.0,94.55,ACTIVE,SURVEY,P4,1,1,1,3,2,0,0.32,0
102.0,2,-188.6,-435.3,68.0,94.62,ACTIVE,RELAY,P4,1,1,1,2,3,0,0.21,0
102.0,3,-470.0,-772.1,76.0,97.74,ACTIVE,RELAY,P3,1,1,1,1,0,0,0.17,0
102.0,4,5.1,-701.0,84.0,94.58,ACTIVE,SURVEY,P3,1,1,1,2,3,0,0.02,0
102.0,5,-599.1,-808.8,92.0,97.81,ACTIVE,RELAY,P3,1,1,1,1,0,1,0.49,0
103.0,1,-355.0,-32.5,60.0,94.49,ACTIVE,SURVEY,P4,1,1,1,3,2,0,0.28,0
103.0,2,-175.0,-428.1,68.0,94.57,ACTIVE,RELAY,P4,1,1,1,2,3,0,0.28,0
103.0,3,-454.7,-770.8,76.0,97.68,ACTIVE,RELAY,P3,1,1,1,1,0,0,0.17,0
103.0,4,19.7,-705.9,84.0,94.53,ACTIVE,SURVEY,P3,1,1,1,2,3,0,0.09,0
103.0,5,-583.8,-806.8,92.0,97.76,ACTIVE,RELAY,P3,1,1,1,1,0,1,0.49,0
104.1,1,-340.4,-27.8,60.0,94.43,ACTIVE,SURVEY,P4,1,1,1,3,2,0,0.39,0
104.1,2,-161.5,-420.9,68.0,94.51,ACTIVE,RELAY,P4,1,1,1,2,3,0,0.24,0
104.1,3,-439.4,-769.4,76.0,97.63,ACTIVE,RELAY,P3,1,1,1,1,0,0,0.23,0
104.1,4,33.6,-710.5,84.0,94.47,ACTIVE,SURVEY,P3,1,1,1,2,3,0,0.09,0
104.1,5,-568.6,-804.7,92.0,97.7,ACTIVE,RELAY,P3,1,1,1,1,0,1,0.49,0
105.0,1,-326.7,-23.4,60.0,94.38,ACTIVE,SURVEY,P4,1,1,1,3,2,0,0.32,0
105.0,2,-148.8,-414.2,68.0,94.46,ACTIVE,RELAY,P4,1,1,1,2,3,0,0.28,0
105.0,3,-425.0,-768.2,76.0,97.57,ACTIVE,RELAY,P3,1,1,1,1,0,0,0.15,0
105.0,4,33.6,-710.5,84.0,94.42,ACTIVE,SURVEY,P3,1,1,1,2,3,0,0.02,0
105.0,5,-554.4,-802.8,92.0,97.65,ACTIVE,RELAY,P3,1,1,1,1,0,1,0.49,0
106.0,1,-312.0,-18.7,60.0,94.33,ACTIVE,SURVEY,P4,1,1,1,3,2,0,0.32,0
106.0,2,-135.2,-407.0,68.0,94.4,ACTIVE,RELAY,P4,1,1,1,2,3,0,0.28,0
106.0,3,-409.7,-766.8,76.0,97.52,ACTIVE,RELAY,P3,1,1,1,1,0,0,0.17,0
106.0,4,33.6,-710.5,84.0,94.37,ACTIVE,SURVEY,P3,1,1,1,2,3,0,0.09,0
106.0,5,-539.1,-800.8,92.0,97.59,ACTIVE,RELAY,P3,1,1,1,1,0,1,0.47,0
107.0,1,-298.3,-14.2,60.0,94.27,ACTIVE,SURVEY,P4,1,1,1,3,2,0,0.28,0
107.0,2,-122.5,-400.2,68.0,94.35,ACTIVE,RELAY,P4,1,1,1,2,3,0,0.21,0
107.0,3,-395.4,-765.6,76.0,97.47,ACTIVE,RELAY,P3,1,1,1,1,0,0,0.17,0
107.0,4,33.6,-710.5,84.0,94.32,ACTIVE,SURVEY,P3,1,1,1,2,3,0,0.02,0
107.0,5,-533.3,-800.0,92.0,97.54,ACTIVE,RELAY,P3,1,1,1,1,0,1,0.43,0
108.0,1,-283.7,-9.5,60.0,94.22,ACTIVE,SURVEY,P4,1,1,1,3,2,0,0.32,0
108.0,2,-108.9,-393.0,68.0,94.29,ACTIVE,RELAY,P4,1,1,1,2,3,0,0.26,0
108.0,3,-380.1,-764.2,76.0,97.41,ACTIVE,RELAY,P3,1,1,1,1,0,0,0.17,0
108.0,4,33.6,-710.5,84.0,94.27,ACTIVE,SURVEY,P3,1,1,1,2,3,0,0.09,0
108.0,5,-533.3,-800.0,92.0,97.49,ACTIVE,RELAY,P3,1,1,1,1,0,1,0.47,0
109.1,1,-269.1,-4.8,60.0,94.16,ACTIVE,SURVEY,P4,1,1,1,3,2,0,0.39,0
109.1,2,-95.4,-385.8,68.0,94.24,ACTIVE,RELAY,P4,1,1,1,2,3,0,0.28,0
109.1,3,-364.8,-762.9,76.0,97.35,ACTIVE,RELAY,P3,1,1,1,1,0,0,0.17,0
109.1,4,33.6,-710.5,84.0,94.22,ACTIVE,SURVEY,P3,1,1,1,2,3,0,0.09,0
109.1,5,-533.3,-800.0,92.0,97.44,ACTIVE,RELAY,P3,1,1,1,1,0,1,0.49,0
110.0,1,-255.4,-0.4,60.0,94.11,ACTIVE,SURVEY,P4,1,1,1,3,2,0,0.32,0
110.0,2,-82.6,-379.0,68.0,94.18,ACTIVE,RELAY,P4,1,1,1,2,3,0,0.21,0
110.0,3,-350.4,-761.7,76.0,97.3,ACTIVE,RELAY,P3,1,1,1,1,0,0,0.17,0
110.0,4,33.6,-710.5,84.0,94.17,ACTIVE,SURVEY,P3,1,1,1,2,3,0,0.02,0
110.0,5,-533.3,-800.0,92.0,97.39,ACTIVE,RELAY,P3,1,1,1,1,0,1,0.47,0
111.0,1,-240.8,4.4,60.0,94.05,ACTIVE,SURVEY,P4,1,1,1,3,2,0,0.3,0
111.0,2,-69.1,-371.8,68.0,94.13,ACTIVE,RELAY,P4,1,1,1,2,3,0,0.28,0
111.0,3,-335.1,-760.3,76.0,97.24,ACTIVE,RELAY,P3,1,1,1,1,0,0,0.17,0
111.0,4,33.6,-710.5,84.0,94.12,ACTIVE,SURVEY,P3,1,1,1,2,3,0,0.09,0
111.0,5,-533.3,-800.0,92.0,97.34,ACTIVE,RELAY,P3,1,1,1,1,0,1,0.49,0
112.1,1,-226.2,9.1,60.0,93.99,ACTIVE,SURVEY,P4,1,1,1,3,2,0,0.39,0
112.1,2,-55.5,-364.6,68.0,94.07,ACTIVE,RELAY,P4,1,1,1,2,3,0,0.26,0
112.1,3,-319.8,-759.0,76.0,97.19,ACTIVE,RELAY,P3,1,1,1,1,0,0,0.23,0
112.1,4,33.6,-710.5,84.0,94.07,ACTIVE,SURVEY,P3,1,1,1,2,3,0,0.07,0
112.1,5,-533.3,-800.0,92.0,97.29,ACTIVE,RELAY,P3,1,1,1,1,0,1,0.49,0
113.0,1,-212.5,13.5,60.0,93.94,ACTIVE,SURVEY,P4,1,1,1,3,2,0,0.32,0
113.0,2,-42.8,-357.8,68.0,94.02,ACTIVE,RELAY,P4,1,1,1,2,3,0,0.28,0
113.0,3,-305.5,-757.7,76.0,97.13,ACTIVE,RELAY,P3,1,1,1,1,0,0,0.17,0
113.0,4,33.6,-710.5,84.0,94.02,ACTIVE,SURVEY,P3,1,1,1,2,3,0,0.0,0
113.0,5,-533.3,-800.0,92.0,97.24,ACTIVE,RELAY,P3,1,1,1,1,0,1,0.45,0
114.0,1,-197.9,18.2,60.0,93.89,ACTIVE,SURVEY,P4,1,1,1,3,2,0,0.3,0
114.0,2,-29.2,-350.6,68.0,93.96,ACTIVE,RELAY,P4,1,1,1,2,3,0,0.28,0
114.0,3,-290.2,-756.4,76.0,97.08,ACTIVE,RELAY,P3,1,1,1,1,0,1,0.17,0
114.0,4,33.6,-710.5,84.0,93.97,ACTIVE,SURVEY,P3,1,1,1,2,3,2,0.6,0
114.0,5,-533.3,-800.0,92.0,97.19,ACTIVE,RELAY,P3,1,1,1,1,0,1,0.47,0
115.0,1,-184.2,22.7,60.0,93.83,ACTIVE,SURVEY,P4,1,1,1,3,2,0,0.26,0
115.0,2,-16.5,-343.9,68.0,93.91,ACTIVE,RELAY,P4,1,1,1,2,3,0,0.12,0
115.0,3,-275.8,-755.2,76.0,97.03,ACTIVE,RELAY,P3,1,1,1,1,0,1,0.62,0
115.0,4,33.6,-710.5,84.0,93.92,ACTIVE,SURVEY,P3,1,1,1,2,5,0,0.25,0
115.0,5,-533.3,-800.0,92.0,97.14,ACTIVE,RELAY,P3,1,1,1,1,0,4,0.25,0
116.0,1,-169.5,27.4,60.0,93.78,ACTIVE,SURVEY,P4,1,1,1,4,2,0,0.13,0
116.0,2,-3.0,-336.6,68.0,93.85,ACTIVE,RELAY,P4,1,1,1,3,3,0,0.22,0
116.0,3,-260.5,-753.8,76.0,96.97,ACTIVE,RELAY,P3,1,1,1,2,5,0,0.13,0
116.0,4,33.6,-710.5,84.0,93.87,ACTIVE,SURVEY,P3,1,1,1,2,5,2,0.24,0
116.0,5,-533.3,-800.0,92.0,97.09,ACTIVE,RELAY,P3,1,1,1,1,0,4,0.26,0
117.1,1,-154.9,32.1,60.0,93.72,ACTIVE,SURVEY,P4,1,1,1,4,2,0,0.36,0
117.1,2,10.6,-329.4,68.0,93.8,ACTIVE,RELAY,P4,1,1,1,3,3,0,0.05,0
117.1,3,-245.2,-752.5,76.0,96.91,ACTIVE,RELAY,P3,1,1,1,2,5,0,0.04,0
117.1,4,33.6,-710.5,84.0,93.82,ACTIVE,SURVEY,P3,1,1,1,2,5,1,0.5,0
117.1,5,-533.3,-800.0,92.0,97.04,ACTIVE,RELAY,P3,1,1,1,1,0,4,0.41,0
118.0,1,-141.2,36.5,60.0,93.67,ACTIVE,SURVEY,P4,1,1,1,4,2,0,0.21,0
118.0,2,12.7,-328.3,68.0,93.75,ACTIVE,RELAY,P4,1,1,1,3,3,0,0.04,0
118.0,3,-230.9,-751.2,76.0,96.86,ACTIVE,RELAY,P3,1,1,1,2,5,0,0.55,0
118.0,4,33.6,-710.5,84.0,93.77,ACTIVE,SURVEY,P3,1,1,1,2,5,0,0.53,0
118.0,5,-533.3,-800.0,92.0,96.99,ACTIVE,RELAY,P3,1,1,1,1,0,9,0.44,0
119.0,1,-126.6,41.2,60.0,93.61,ACTIVE,SURVEY,P4,1,1,1,4,2,0,0.22,0
119.0,2,12.7,-328.3,68.0,93.7,ACTIVE,RELAY,P4,1,1,1,3,3,0,0.17,0
119.0,3,-216.7,-750.0,76.0,96.8,ACTIVE,RELAY,P3,1,1,1,2,5,0,0.0,0
119.0,4,33.6,-710.5,84.0,93.72,ACTIVE,SURVEY,P3,1,1,1,2,5,0,0.0,0
119.0,5,-533.3,-800.0,92.0,96.94,ACTIVE,RELAY,P3,1,1,1,1,0,3,0.31,0
120.1,1,-112.0,46.0,60.0,93.55,ACTIVE,SURVEY,P4,1,1,1,4,2,0,0.36,0
120.1,2,12.7,-328.3,68.0,93.64,ACTIVE,RELAY,P4,1,1,1,3,3,0,0.24,0
120.1,3,-216.7,-750.0,76.0,96.75,ACTIVE,RELAY,P3,1,1,1,2,5,0,0.1,0
120.1,4,33.6,-710.5,84.0,93.67,ACTIVE,SURVEY,P3,1,1,1,2,5,0,0.42,0
120.1,5,-533.3,-800.0,92.0,96.89,ACTIVE,RELAY,P3,1,1,1,1,0,4,0.42,0
121.0,1,-98.3,50.4,60.0,93.5,ACTIVE,SURVEY,P4,1,1,1,4,2,0,0.07,0
121.0,2,12.7,-328.3,68.0,93.6,ACTIVE,RELAY,P4,1,1,1,3,3,0,0.04,0
121.0,3,-216.7,-750.0,76.0,96.7,ACTIVE,RELAY,P3,1,1,1,2,5,0,0.0,0
121.0,4,33.6,-710.5,84.0,93.62,ACTIVE,SURVEY,P3,1,1,1,2,5,0,0.36,0
121.0,5,-533.3,-800.0,92.0,96.84,ACTIVE,RELAY,P3,1,1,1,1,0,2,0.38,0
122.0,1,-83.7,55.1,60.0,93.45,ACTIVE,SURVEY,P4,1,1,1,4,2,0,0.17,0
122.0,2,12.7,-328.3,68.0,93.55,ACTIVE,RELAY,P4,1,1,1,3,3,0,0.1,0
122.0,3,-216.7,-750.0,76.0,96.65,ACTIVE,RELAY,P3,1,1,1,2,5,0,0.55,0
122.0,4,33.6,-710.5,84.0,93.57,ACTIVE,SURVEY,P3,1,1,1,2,5,1,0.43,0
122.0,5,-533.3,-800.0,92.0,96.79,ACTIVE,RELAY,P3,1,1,1,1,0,8,0.47,0
123.0,1,-70.0,59.5,60.0,93.39,ACTIVE,SURVEY,P4,1,1,1,4,2,0,0.13,0
123.0,2,12.7,-328.3,68.0,93.5,ACTIVE,RELAY,P4,1,1,1,3,3,0,0.37,0
123.0,3,-216.7,-750.0,76.0,96.61,ACTIVE,RELAY,P3,1,1,1,2,5,0,0.11,0
123.0,4,33.6,-710.5,84.0,93.52,ACTIVE,SURVEY,P3,1,1,1,2,5,0,0.37,0
123.0,5,-533.3,-800.0,92.0,96.74,ACTIVE,RELAY,P3,1,1,1,1,0,1,0.37,0
124.0,1,-55.3,64.3,60.0,93.34,ACTIVE,SURVEY,P4,1,1,1,4,2,0,0.28,0
124.0,2,12.7,-328.3,68.0,93.45,ACTIVE,RELAY,P4,1,1,1,3,3,0,0.24,0
124.0,3,-216.7,-750.0,76.0,96.55,ACTIVE,RELAY,P3,1,1,1,2,5,0,0.15,0
124.0,4,33.6,-710.5,84.0,93.47,ACTIVE,SURVEY,P3,1,1,1,2,5,0,0.09,0
124.0,5,-533.3,-800.0,92.0,96.69,ACTIVE,RELAY,P3,1,1,1,1,0,1,0.47,0
125.1,1,-56.0,77.2,60.0,93.28,ACTIVE,SURVEY,P5,1,1,1,4,2,0,0.34,0
125.1,2,12.7,-316.8,68.0,93.39,ACTIVE,RELAY,P4,1,1,1,3,3,0,0.26,0
125.1,3,-218.1,-739.5,76.0,96.5,ACTIVE,RELAY,P4,1,1,1,2,5,0,0.14,0
125.1,4,35.5,-703.0,84.0,93.42,ACTIVE,SURVEY,P4,1,1,1,2,5,0,0.09,0
125.1,5,-535.3,-785.7,92.0,96.63,ACTIVE,RELAY,P4,1,1,1,1,0,1,0.47,0
126.0,1,-59.9,91.0,60.0,93.23,ACTIVE,SURVEY,P5,1,1,1,4,2,0,0.3,0
126.0,2,12.6,-302.4,68.0,93.34,ACTIVE,RELAY,P4,1,1,1,3,3,0,0.19,0
126.0,3,-220.1,-725.3,76.0,96.45,ACTIVE,RELAY,P4,1,1,1,2,5,0,0.15,0
126.0,4,39.0,-689.1,84.0,93.37,ACTIVE,SURVEY,P4,1,1,1,2,5,0,0.02,0
126.0,5,-537.2,-771.5,92.0,96.58,ACTIVE,RELAY,P4,1,1,1,1,0,1,0.47,0
127.0,1,-64.0,105.8,60.0,93.17,ACTIVE,SURVEY,P5,1,1,1,4,2,0,0.3,0
127.0,2,12.6,-287.0,68.0,93.28,ACTIVE,RELAY,P4,1,1,1,3,3,0,0.26,0
127.0,3,-222.1,-710.1,76.0,96.39,ACTIVE,RELAY,P4,1,1,1,2,5,0,0.14,0
127.0,4,42.7,-674.2,84.0,93.31,ACTIVE,SURVEY,P4,1,1,1,2,5,0,0.09,0
127.0,5,-539.3,-756.3,92.0,96.52,ACTIVE,RELAY,P4,1,1,1,1,0,1,0.49,0
128.1,1,-68.2,120.6,60.0,93.11,ACTIVE,SURVEY,P5,1,1,1,4,2,0,0.36,0
128.1,2,12.6,-271.7,68.0,93.23,ACTIVE,RELAY,P4,1,1,1,3,3,0,0.24,0
128.1,3,-224.2,-694.8,76.0,96.33,ACTIVE,RELAY,P4,1,1,1,2,5,0,0.21,0
128.1,4,46.5,-659.3,84.0,93.25,ACTIVE,SURVEY,P4,1,1,1,2,5,0,0.09,0
128.1,5,-541.4,-741.0,92.0,96.47,ACTIVE,RELAY,P4,1,1,1,1,0,1,0.49,0
129.0,1,-72.1,134.5,60.0,93.06,ACTIVE,SURVEY,P5,1,1,1,4,2,0,0.26,0
129.0,2,12.6,-257.3,68.0,93.17,ACTIVE,RELAY,P4,1,1,1,3,3,0,0.25,0
129.0,3,-226.2,-680.6,76.0,96.28,ACTIVE,RELAY,P4,1,1,1,2,5,0,0.14,0
129.0,4,50.0,-645.3,84.0,93.2,ACTIVE,SURVEY,P4,1,1,1,2,5,0,0.02,0
129.0,5,-543.4,-726.8,92.0,96.41,ACTIVE,RELAY,P4,1,1,1,1,0,1,0.49,0
130.0,1,-76.2,149.3,60.0,93.01,ACTIVE,SURVEY,P5,1,1,1,4,2,0,0.3,0
130.0,2,12.6,-241.9,68.0,93.12,ACTIVE,RELAY,P4,1,1,1,3,3,0,0.26,0
130.0,3,-228.3,-665.4,76.0,96.23,ACTIVE,RELAY,P4,1,1,1,2,5,0,0.15,0
130.0,4,53.7,-630.4,84.0,93.14,ACTIVE,SURVEY,P4,1,1,1,3,3,0,0.04,0
130.0,5,-545.5,-711.5,92.0,96.36,ACTIVE,RELAY,P4,1,1,1,1,0,1,0.49,0
131.0,1,-80.1,163.1,60.0,92.95,ACTIVE,SURVEY,P5,1,1,1,4,2,0,0.3,0
131.0,2,12.6,-227.5,68.0,93.06,ACTIVE,RELAY,P4,1,1,1,3,3,0,0.19,0
131.0,3,-230.2,-651.1,76.0,96.17,ACTIVE,RELAY,P4,1,1,1,2,5,0,0.14,0
131.0,4,57.2,-616.4,84.0,93.09,ACTIVE,SURVEY,P4,1,1,1,3,3,0,0.0,0
131.0,5,-547.4,-697.3,92.0,96.31,ACTIVE,RELAY,P4,1,1,1,1,0,1,0.42,0
132.0,1,-84.3,177.9,60.0,92.9,ACTIVE,SURVEY,P5,1,1,1,4,2,0,0.3,0
132.0,2,12.6,-212.2,68.0,93.01,ACTIVE,RELAY,P4,1,1,1,3,3,0,0.26,0
132.0,3,-232.3,-635.9,76.0,96.12,ACTIVE,RELAY,P4,1,1,1,2,5,0,0.15,0
132.0,4,60.9,-601.5,84.0,93.03,ACTIVE,SURVEY,P4,1,1,1,3,3,0,0.07,0
132.0,5,-549.5,-682.1,92.0,96.25,ACTIVE,RELAY,P4,1,1,1,1,0,1,0.49,0
133.1,1,-88.4,192.7,60.0,92.84,ACTIVE,SURVEY,P5,1,1,1,4,2,0,0.36,0
133.1,2,12.6,-196.8,68.0,92.95,ACTIVE,RELAY,P4,1,1,1,3,3,0,0.26,0
133.1,3,-234.4,-620.7,76.0,96.06,ACTIVE,RELAY,P4,1,1,1,2,5,0,0.14,0
133.1,4,64.7,-586.6,84.0,92.98,ACTIVE,SURVEY,P4,1,1,1,3,3,0,0.07,0
133.1,5,-551.6,-666.8,92.0,96.19,ACTIVE,RELAY,P4,1,1,1,1,0,1,0.49,0
134.0,1,-92.3,206.6,60.0,92.79,ACTIVE,SURVEY,P5,1,1,1,4,2,0,0.3,0
134.0,2,12.6,-182.4,68.0,92.9,ACTIVE,RELAY,P4,1,1,1,3,3,0,0.19,0
134.0,3,-236.4,-606.4,76.0,96.01,ACTIVE,RELAY,P4,1,1,1,2,5,0,0.13,0
134.0,4,68.2,-572.7,84.0,92.93,ACTIVE,SURVEY,P4,1,1,1,3,3,0,0.51,0
134.0,5,-553.6,-652.6,92.0,96.14,ACTIVE,RELAY,P4,1,1,1,1,0,1,0.49,0
135.0,1,-96.5,221.3,60.0,92.73,ACTIVE,SURVEY,P5,1,1,1,4,2,0,0.3,0
135.0,2,12.6,-167.0,68.0,92.84,ACTIVE,RELAY,P4,1,1,1,3,3,0,0.26,0
135.0,3,-238.5,-591.2,76.0,95.95,ACTIVE,RELAY,P4,1,1,1,2,5,0,0.14,0
135.0,4,71.9,-557.8,84.0,92.87,ACTIVE,SURVEY,P4,1,1,1,3,3,0,0.07,0
135.0,5,-555.7,-637.4,92.0,96.08,ACTIVE,RELAY,P4,1,1,1,1,0,1,0.49,0
136.1,1,-100.7,236.1,60.0,92.67,ACTIVE,SURVEY,P5,1,1,1,4,2,0,0.36,0
136.1,2,12.6,-151.7,68.0,92.79,ACTIVE,RELAY,P4,1,1,1,3,3,0,0.26,0
136.1,3,-240.6,-576.0,76.0,95.89,ACTIVE,RELAY,P4,1,1,1,2,5,0,0.21,0
136.1,4,75.6,-542.9,84.0,92.81,ACTIVE,SURVEY,P4,1,1,1,3,3,0,0.07,0
136.1,5,-557.7,-622.1,92.0,96.03,ACTIVE,RELAY,P4,1,1,1,1,0,1,0.48,0
137.0,1,-104.5,250.0,60.0,92.62,ACTIVE,SURVEY,P5,1,1,1,4,2,0,0.3,0
137.0,2,12.5,-137.3,68.0,92.73,ACTIVE,RELAY,P4,1,1,1,3,3,0,0.26,0
137.0,3,-242.5,-561.7,76.0,95.84,ACTIVE,RELAY,P4,1,1,1,2,5,0,0.14,0
137.0,4,79.1,-528.9,84.0,92.76,ACTIVE,SURVEY,P4,1,1,1,3,3,0,0.49,0
137.0,5,-559.7,-607.9,92.0,95.97,ACTIVE,RELAY,P4,1,1,1,1,0,1,0.49,0
138.0,1,-108.7,264.8,60.0,92.57,ACTIVE,SURVEY,P5,1,1,1,4,2,0,0.28,0
138.0,2,12.5,-121.9,68.0,92.68,ACTIVE,RELAY,P4,1,1,1,3,3,0,0.24,0
138.0,3,-244.6,-546.5,76.0,95.79,ACTIVE,RELAY,P4,1,1,1,2,5,0,0.15,0
138.0,4,82.8,-514.0,84.0,92.7,ACTIVE,SURVEY,P4,1,1,1,3,3,0,0.07,0
138.0,5,-561.8,-592.7,92.0,95.92,ACTIVE,RELAY,P4,1,1,1,1,0,1,0.49,0
139.0,1,-112.6,278.6,60.0,92.51,ACTIVE,SURVEY,P5,1,1,1,4,2,0,0.3,0
139.0,2,12.5,-107.5,68.0,92.62,ACTIVE,RELAY,P4,1,1,1,3,3,0,0.14,0
139.0,3,-246.6,-532.2,76.0,95.73,ACTIVE,RELAY,P4,1,1,1,2,5,0,0.14,0
139.0,4,86.3,-500.0,84.0,92.65,ACTIVE,SURVEY,P4,1,1,1,3,3,0,0.0,0
139.0,5,-562.5,-587.5,92.0,95.87,ACTIVE,RELAY,P4,1,1,1,1,0,1,0.42,0
140.0,1,-116.8,293.4,60.0,92.46,ACTIVE,SURVEY,P5,1,1,1,4,2,0,0.28,0
140.0,2,12.5,-92.2,68.0,92.57,ACTIVE,RELAY,P4,1,1,1,3,3,0,0.26,0
140.0,3,-248.6,-517.0,76.0,95.68,ACTIVE,RELAY,P4,1,1,1,2,5,0,0.15,0
140.0,4,90.1,-485.1,84.0,92.59,ACTIVE,SURVEY,P4,1,1,1,3,3,0,0.07,0
140.0,5,-562.5,-587.5,92.0,95.82,ACTIVE,RELAY,P4,1,1,1,1,0,1,0.49,0
141.1,1,-120.9,308.2,60.0,92.4,ACTIVE,SURVEY,P5,1,1,1,4,2,0,0.36,0
141.1,2,12.5,-76.8,68.0,92.51,ACTIVE,RELAY,P4,1,1,1,3,3,0,0.26,0
141.1,3,-250.7,-501.8,76.0,95.62,ACTIVE,RELAY,P4,1,1,1,2,5,0,0.14,0
141.1,4,93.8,-470.2,84.0,92.54,ACTIVE,SURVEY,P4,1,1,1,3,3,0,0.07,0
141.1,5,-562.5,-587.5,92.0,95.77,ACTIVE,RELAY,P4,1,1,1,1,0,1,0.47,0
142.0,1,-124.8,322.1,60.0,92.35,ACTIVE,SURVEY,P5,1,1,1,4,2,0,0.3,0
142.0,2,12.5,-62.5,68.0,92.46,ACTIVE,RELAY,P4,1,1,1,3,3,0,0.19,0
142.0,3,-252.7,-487.5,76.0,95.57,ACTIVE,RELAY,P4,1,1,1,2,5,0,0.13,0
142.0,4,97.3,-456.3,84.0,92.49,ACTIVE,SURVEY,P4,1,1,1,3,3,0,0.51,0
142.0,5,-562.5,-587.5,92.0,95.72,ACTIVE,RELAY,P4,1,1,1,1,0,1,0.49,0
143.0,1,-129.0,336.9,60.0,92.29,ACTIVE,SURVEY,P5,1,1,1,4,2,0,0.3,0
143.0,2,12.5,-62.5,68.0,92.41,ACTIVE,RELAY,P4,1,1,1,3,3,0,0.26,0
143.0,3,-254.8,-472.3,76.0,95.51,ACTIVE,RELAY,P4,1,1,1,2,5,0,0.14,0
143.0,4,101.0,-441.4,84.0,92.43,ACTIVE,SURVEY,P4,1,1,1,3,3,0,0.06,0
143.0,5,-562.5,-587.5,92.0,95.67,ACTIVE,RELAY,P4,1,1,1,1,0,1,0.49,0
144.1,1,-133.1,351.7,60.0,92.23,ACTIVE,SURVEY,P5,1,1,1,4,2,0,0.36,0
144.1,2,12.5,-62.5,68.0,92.36,ACTIVE,RELAY,P4,1,1,1,3,3,0,0.26,0
144.1,3,-256.9,-457.1,76.0,95.45,ACTIVE,RELAY,P4,1,1,1,2,5,0,0.21,0
144.1,4,104.8,-426.5,84.0,92.37,ACTIVE,SURVEY,P4,1,1,1,3,3,0,0.04,0
144.1,5,-562.5,-587.5,92.0,95.62,ACTIVE,RELAY,P4,1,1,1,1,0,1,0.46,0
145.0,1,-137.0,365.5,60.0,92.18,ACTIVE,SURVEY,P5,1,1,1,4,2,0,0.3,0
145.0,2,12.5,-62.5,68.0,92.31,ACTIVE,RELAY,P4,1,1,1,3,3,0,0.26,0
145.0,3,-258.8,-442.8,76.0,95.4,ACTIVE,RELAY,P4,1,1,1,2,5,0,0.14,0
145.0,4,108.3,-412.5,84.0,92.32,ACTIVE,SURVEY,P4,1,1,1,3,3,0,0.49,0
145.0,5,-562.5,-587.5,92.0,95.57,ACTIVE,RELAY,P4,1,1,1,1,0,1,0.49,0
146.0,1,-141.2,380.3,60.0,92.13,ACTIVE,SURVEY,P5,1,1,1,4,2,0,0.28,0
146.0,2,12.5,-62.5,68.0,92.26,ACTIVE,RELAY,P4,1,1,1,3,3,0,0.24,0
146.0,3,-260.9,-427.6,76.0,95.35,ACTIVE,RELAY,P4,1,1,1,2,5,0,0.15,0
146.0,4,112.0,-397.6,84.0,92.26,ACTIVE,SURVEY,P4,1,1,1,3,3,0,0.07,0
146.0,5,-562.5,-587.5,92.0,95.52,ACTIVE,RELAY,P4,1,1,1,1,0,1,0.49,0
147.0,1,-145.1,394.2,60.0,92.07,ACTIVE,SURVEY,P5,1,1,1,4,2,0,0.3,0
147.0,2,12.5,-62.5,68.0,92.21,ACTIVE,RELAY,P4,1,1,1,3,3,0,0.19,0
147.0,3,-262.9,-413.3,76.0,95.29,ACTIVE,RELAY,P4,1,1,1,2,5,0,0.14,0
147.0,4,115.5,-383.6,84.0,92.21,ACTIVE,SURVEY,P4,1,1,1,3,3,0,0.0,0
147.0,5,-562.5,-587.5,92.0,95.47,ACTIVE,RELAY,P4,1,1,1,1,0,1,0.42,0
148.0,1,-149.2,409.0,60.0,92.02,ACTIVE,SURVEY,P5,1,1,1,4,2,0,0.3,0
148.0,2,12.5,-62.5,68.0,92.16,ACTIVE,RELAY,P4,1,1,1,3,3,0,0.26,0
148.0,3,-265.0,-398.1,76.0,95.24,ACTIVE,RELAY,P4,1,1,1,2,5,0,0.15,0
148.0,4,119.2,-368.7,84.0,92.15,ACTIVE,SURVEY,P4,1,1,1,3,3,0,0.07,0
148.0,5,-562.5,-587.5,92.0,95.42,ACTIVE,RELAY,P4,1,1,1,1,0,1,0.49,0
149.1,1,-153.4,423.7,60.0,91.96,ACTIVE,SURVEY,P5,1,1,1,4,2,0,0.36,0
149.1,2,12.5,-62.5,68.0,92.11,ACTIVE,RELAY,P4,1,1,1,3,3,0,0.24,0
149.1,3,-267.1,-382.9,76.0,95.18,ACTIVE,RELAY,P4,1,1,1,2,5,0,0.14,0
149.1,4,123.0,-353.8,84.0,92.1,ACTIVE,SURVEY,P4,1,1,1,3,3,0,0.07,0
149.1,5,-562.5,-587.5,92.0,95.37,ACTIVE,RELAY,P4,1,1,1,1,0,1,0.49,0
150.0,1,-157.3,437.6,60.0,91.91,ACTIVE,SURVEY,P5,1,1,0,,,0,0.28,0
150.0,2,12.5,-62.5,68.0,92.06,ACTIVE,RELAY,P4,1,1,0,,,0,0.19,0
150.0,3,-269.0,-368.6,76.0,95.13,ACTIVE,RELAY,P4,1,1,0,,,0,0.13,0
150.0,4,126.5,-339.9,84.0,92.05,ACTIVE,SURVEY,P4,1,1,0,,,1,0.51,0
150.0,5,-562.5,-587.5,91.8,95.32,EMERGENCY,RELAY,P4,0,1,0,,,0,0.49,0
151.0,1,-161.4,452.4,60.0,91.85,ACTIVE,SURVEY,P5,1,1,0,,,3,1.3,0
151.0,2,12.5,-62.5,68.0,92.01,ACTIVE,RELAY,P4,1,1,0,,,3,1.21,0
151.0,3,-271.1,-353.4,76.0,95.07,ACTIVE,RELAY,P4,1,1,0,,,2,1.15,0
151.0,4,130.2,-325.0,84.0,91.99,ACTIVE,SURVEY,P4,1,1,0,,,3,1.54,0
151.0,5,-562.5,-587.5,89.3,95.27,EMERGENCY,RELAY,P4,0,1,0,,,0,1.51,0
152.1,1,-165.6,467.2,60.0,91.79,ACTIVE,SURVEY,P5,1,1,0,,,5,2.33,0
152.1,2,12.5,-62.5,68.0,91.96,ACTIVE,RELAY,P4,1,1,0,,,5,2.24,0
152.1,3,-273.2,-338.2,76.0,95.01,ACTIVE,RELAY,P4,1,1,0,,,5,2.18,0
152.1,4,133.9,-310.1,84.0,91.93,ACTIVE,SURVEY,P4,1,1,0,,,5,2.56,0
152.1,5,-562.5,-587.5,86.7,95.22,EMERGENCY,RELAY,P4,0,1,0,,,0,2.54,0
153.0,1,-170.2,473.9,60.0,91.74,ACTIVE,SURVEY,P5,1,1,0,,,5,3.29,1
153.0,2,10.4,-64.4,68.0,91.91,ACTIVE,RELAY,P4,1,1,0,,,5,3.2,1
153.0,3,-276.3,-327.1,76.0,94.96,ACTIVE,RELAY,P4,1,1,0,,,5,3.14,1
153.0,4,129.9,-305.9,84.0,91.88,ACTIVE,SURVEY,P4,1,1,0,,,5,3.52,1
153.0,5,-562.5,-587.5,84.3,95.17,EMERGENCY,RELAY,P4,0,1,0,,,0,3.5,1
154.0,1,-177.2,460.3,60.0,91.69,ACTIVE,SURVEY,P5,1,1,0,,,5,4.31,1
154.0,2,-1.0,-74.8,68.0,91.85,ACTIVE,RELAY,P4,1,1,0,,,5,4.22,1
154.0,3,-287.7,-337.4,76.0,94.91,ACTIVE,RELAY,P4,1,1,0,,,5,4.16,1
154.0,4,116.5,-313.3,84.0,91.82,ACTIVE,SURVEY,P4,1,1,0,,,5,4.55,1
154.0,5,-562.5,-587.5,81.8,95.12,EMERGENCY,RELAY,P4,0,1,0,,,0,4.52,1
155.0,1,-183.7,447.4,60.0,91.63,ACTIVE,SURVEY,P5,1,1,0,,,5,5.27,1
155.0,2,-11.6,-84.5,68.0,91.8,ACTIVE,RELAY,P4,1,1,0,,,5,5.18,1
155.0,3,-298.3,-347.1,76.0,94.85,ACTIVE,RELAY,P4,1,1,0,,,5,5.12,1
155.0,4,103.9,-320.2,84.0,91.77,ACTIVE,SURVEY,P4,1,1,0,,,6,5.51,1
155.0,5,-562.5,-587.5,79.4,95.07,EMERGENCY,RELAY,P4,0,1,0,,,0,5.48,1
156.0,1,-190.7,433.7,60.0,91.58,ACTIVE,SURVEY,P5,1,1,0,,,5,6.3,1
156.0,2,-23.0,-94.8,68.0,91.74,ACTIVE,RELAY,P4,1,1,0,,,5,6.21,1
156.0,3,-309.7,-357.5,76.0,94.8,ACTIVE,RELAY,P4,1,1,0,,,5,6.14,1
156.0,4,90.4,-327.6,84.0,91.71,ACTIVE,SURVEY,P4,1,1,0,,,5,6.53,1
156.0,5,-562.5,-587.5,76.8,95.02,EMERGENCY,RELAY,P4,0,1,0,,,0,6.51,1
157.1,1,-197.7,420.1,60.0,91.52,ACTIVE,SURVEY,P5,1,1,0,,,5,7.32,1
157.1,2,-34.3,-105.2,68.0,91.69,ACTIVE,RELAY,P4,1,1,0,,,5,7.23,1
157.1,3,-321.0,-367.8,76.0,94.74,ACTIVE,RELAY,P4,1,1,0,,,5,7.17,1
157.1,4,77.0,-335.1,84.0,91.66,ACTIVE,SURVEY,P4,1,1,0,,,5,7.55,1
157.1,5,-562.5,-587.5,74.2,94.97,EMERGENCY,RELAY,P4,0,1,0,,,0,7.53,1
158.0,1,-204.2,407.2,60.0,91.47,ACTIVE,SURVEY,P5,1,1,0,,,5,8.28,1
158.0,2,-44.9,-114.9,68.0,91.63,ACTIVE,RELAY,P4,1,1,0,,,5,8.19,1
158.0,3,-331.7,-377.5,76.0,94.69,ACTIVE,RELAY,P4,1,1,0,,,5,8.13,1
158.0,4,64.4,-342.0,84.0,91.61,ACTIVE,SURVEY,P4,1,1,0,,,5,8.51,1
158.0,5,-562.5,-587.5,71.8,94.92,EMERGENCY,RELAY,P4,0,1,0,,,0,8.49,1
159.0,1,-211.2,393.6,60.0,91.41,ACTIVE,SURVEY,P5,1,1,0,,,5,9.3,1
159.0,2,-56.3,-125.3,68.0,91.58,ACTIVE,RELAY,P4,1,1,0,,,5,9.21,1
159.0,3,-343.0,-387.9,76.0,94.63,ACTIVE,RELAY,P4,1,1,0,,,5,9.15,1
159.0,4,50.9,-349.4,84.0,91.55,ACTIVE,SURVEY,P4,1,1,0,,,5,9.54,1
159.0,5,-562.5,-587.5,69.3,94.87,EMERGENCY,RELAY,P4,0,1,0,,,0,9.51,1
160.1,1,-218.2,379.9,60.0,91.35,ACTIVE,SURVEY,P5,1,1,0,,,5,10.33,1
160.1,2,-67.6,-135.6,68.0,91.52,ACTIVE,RELAY,P4,1,1,0,,,5,10.24,1
160.1,3,-354.4,-398.2,76.0,94.57,ACTIVE,RELAY,P4,1,1,0,,,5,10.18,1
160.1,4,37.5,-356.9,84.0,91.49,ACTIVE,SURVEY,P4,1,1,0,,,5,10.56,1
160.1,5,-562.5,-587.5,66.7,94.82,EMERGENCY,RELAY,P4,0,1,0,,,0,10.54,1
161.0,1,-224.7,367.1,60.0,91.3,ACTIVE,SURVEY,P5,1,1,0,,,5,11.29,1
161.0,2,-78.3,-145.3,68.0,91.47,ACTIVE,RELAY,P4,1,1,0,,,5,11.2,1
161.0,3,-365.1,-407.9,76.0,94.52,ACTIVE,RELAY,P4,1,1,0,,,5,11.14,1
161.0,4,24.9,-363.8,84.0,91.44,ACTIVE,SURVEY,P4,1,1,0,,,5,11.52,1
161.0,5,-562.5,-587.5,64.3,94.77,EMERGENCY,RELAY,P4,0,1,0,,,0,11.5,1
162.0,1,-231.7,353.4,60.0,91.25,ACTIVE,SURVEY,P5,1,1,0,,,5,12.31,1
162.0,2,-89.6,-155.7,68.0,91.41,ACTIVE,RELAY,P4,1,1,0,,,5,12.22,1
162.0,3,-376.4,-418.2,76.0,94.47,ACTIVE,RELAY,P4,1,1,0,,,5,12.16,1
162.0,4,11.4,-371.2,84.0,91.38,ACTIVE,SURVEY,P4,1,1,0,,,5,12.55,1
162.0,5,-562.5,-587.5,61.8,94.72,EMERGENCY,RELAY,P4,0,1,0,,,0,12.52,1
163.0,1,-238.3,340.5,60.0,91.19,ACTIVE,SURVEY,P5,1,1,0,,,5,13.27,1
163.0,2,-100.3,-165.4,68.0,91.36,ACTIVE,RELAY,P4,1,1,0,,,5,13.18,1
163.0,3,-387.1,-427.9,76.0,94.41,ACTIVE,RELAY,P4,1,1,0,,,5,13.12,1
163.0,4,-1.2,-378.2,84.0,91.33,ACTIVE,SURVEY,P4,1,1,0,,,6,13.51,1
163.0,5,-562.5,-587.5,59.4,94.67,EMERGENCY,RELAY,P4,0,1,0,,,0,13.48,1
164.0,1,-245.3,326.9,60.0,91.14,ACTIVE,SURVEY,P5,1,1,0,,,5,14.3,1
164.0,2,-111.6,-175.7,68.0,91.3,ACTIVE,RELAY,P4,1,1,0,,,5,14.21,1
164.0,3,-398.4,-438.3,76.0,94.36,ACTIVE,RELAY,P4,1,1,0,,,5,14.14,1
164.0,4,-14.7,-385.6,84.0,91.27,ACTIVE,SURVEY,P4,1,1,0,,,5,14.53,1
164.0,5,-562.5,-587.5,56.8,94.62,EMERGENCY,RELAY,P4,0,1,0,,,0,14.51,1
165.1,1,-252.2,313.2,60.0,91.08,ACTIVE,SURVEY,P5,1,1,0,,,5,15.32,1
165.1,2,-123.0,-186.1,68.0,91.25,ACTIVE,RELAY,P4,1,1,0,,,5,15.23,1
165.1,3,-409.8,-448.6,76.0,94.3,ACTIVE,RELAY,P4,1,1,0,,,5,15.17,1
165.1,4,-28.1,-393.0,84.0,91.22,ACTIVE,SURVEY,P4,1,1,0,,,5,15.55,1
165.1,5,-562.5,-587.5,54.2,94.57,EMERGENCY,RELAY,P4,0,1,0,,,0,15.53,1
166.0,1,-256.5,301.4,60.0,91.03,ACTIVE,RELAY,P4,1,1,1,3,2,0,0.32,0
166.0,2,-133.6,-195.8,68.0,91.19,ACTIVE,RELAY,P4,1,1,1,2,3,0,0.17,0
166.0,3,-420.4,-458.3,76.0,94.25,ACTIVE,RELAY,P4,1,1,1,1,0,0,0.17,0
166.0,4,-21.6,-380.2,84.0,91.17,ACTIVE,SURVEY,P4,1,1,1,2,3,0,0.02,0
166.0,5,-562.5,-587.5,51.8,94.52,EMERGENCY,RELAY,P4,0,1,0,,,0,16.49,1
167.0,1,-255.3,290.3,60.0,90.97,ACTIVE,SURVEY,P4,1,1,1,3,2,0,0.32,0
167.0,2,-127.9,-190.6,68.0,91.14,ACTIVE,RELAY,P4,1,1,1,2,3,0,0.28,0
167.0,3,-431.8,-468.6,76.0,94.19,ACTIVE,RELAY,P4,1,1,1,1,0,0,0.17,0
167.0,4,-27.0,-372.6,84.0,91.11,ACTIVE,RELAY,P4,1,1,1,2,3,0,0.09,0
167.0,5,-562.5,-587.5,49.3,94.47,EMERGENCY,RELAY,P4,0,1,0,,,0,17.51,1
168.1,1,-240.3,286.8,60.0,90.91,ACTIVE,SURVEY,P4,1,1,1,3,2,0,0.39,0
168.1,2,-116.5,-180.3,68.0,91.08,ACTIVE,RELAY,P4,1,1,1,2,3,0,0.26,0
168.1,3,-443.2,-478.9,76.0,94.13,ACTIVE,RELAY,P4,1,1,1,1,0,0,0.23,0
168.1,4,-42.1,-369.7,84.0,91.05,ACTIVE,RELAY,P4,1,1,1,2,3,0,0.07,0
168.1,5,-562.5,-587.5,46.7,94.42,EMERGENCY,RELAY,P4,0,1,0,,,0,18.54,1
169.0,1,-226.3,283.5,60.0,90.86,ACTIVE,SURVEY,P4,1,1,1,3,2,0,0.32,0
169.0,2,-105.9,-170.6,68.0,91.03,ACTIVE,RELAY,P4,1,1,1,2,3,0,0.28,0
169.0,3,-453.8,-488.6,76.0,94.08,ACTIVE,RELAY,P4,1,1,1,1,0,0,0.17,0
169.0,4,-56.2,-367.0,84.0,91.0,ACTIVE,RELAY,P4,1,1,1,2,3,0,0.02,0
169.0,5,-562.5,-587.5,44.3,94.37,EMERGENCY,RELAY,P4,0,1,0,,,0,19.5,1
170.0,1,-211.4,280.0,60.0,90.81,ACTIVE,SURVEY,P4,1,1,1,3,2,0,0.32,0
170.0,2,-94.6,-160.2,68.0,90.97,ACTIVE,RELAY,P4,1,1,1,2,3,0,0.28,0
170.0,3,-465.2,-499.0,76.0,94.03,ACTIVE,RELAY,P4,1,1,1,1,0,0,0.17,0
170.0,4,-71.3,-364.1,84.0,90.94,ACTIVE,RELAY,P4,1,1,1,2,3,0,0.04,0
170.0,5,-562.5,-587.5,41.8,94.32,EMERGENCY,RELAY,P4,0,1,0,,,0,20.52,1
171.0,1,-197.4,276.7,60.0,90.75,ACTIVE,SURVEY,P4,1,1,1,3,2,0,0.32,0
171.0,2,-83.9,-150.5,68.0,90.92,ACTIVE,RELAY,P4,1,1,1,2,3,0,0.21,0
171.0,3,-475.8,-508.7,76.0,93.97,ACTIVE,RELAY,P4,1,1,1,1,0,0,0.17,0
171.0,4,-85.5,-361.4,84.0,90.89,ACTIVE,RELAY,P4,1,1,1,2,3,0,0.02,0
171.0,5,-562.5,-587.5,39.4,94.27,EMERGENCY,RELAY,P4,0,1,0,,,0,21.48,1
172.0,1,-182.4,273.1,60.0,90.7,ACTIVE,SURVEY,P4,1,1,1,3,2,0,0.32,0
172.0,2,-72.6,-140.2,68.0,90.86,ACTIVE,RELAY,P4,1,1,1,2,3,0,0.28,0
172.0,3,-487.2,-519.0,76.0,93.92,ACTIVE,RELAY,P4,1,1,1,1,0,0,0.17,0
172.0,4,-100.6,-358.5,84.0,90.83,ACTIVE,RELAY,P4,1,1,1,2,3,0,0.09,0
172.0,5,-562.5,-587.5,36.8,94.22,EMERGENCY,RELAY,P4,0,1,0,,,0,22.51,1
173.1,1,-167.5,269.6,60.0,90.64,ACTIVE,SURVEY,P4,1,1,1,3,2,0,0.36,0
173.1,2,-61.2,-129.8,68.0,90.81,ACTIVE,RELAY,P4,1,1,1,2,3,0,0.28,0
173.1,3,-498.6,-529.3,76.0,93.86,ACTIVE,RELAY,P4,1,1,1,1,0,0,0.14,0
173.1,4,-115.6,-355.6,84.0,90.78,ACTIVE,RELAY,P4,1,1,1,2,3,0,0.09,0
173.1,5,-562.5,-587.5,34.2,94.17,EMERGENCY,RELAY,P4,0,1,0,,,0,23.53,1
174.0,1,-153.5,266.3,60.0,90.59,ACTIVE,SURVEY,P4,1,1,1,4,2,0,0.3,0
174.0,2,-50.6,-120.1,68.0,90.75,ACTIVE,RELAY,P4,1,1,1,3,4,0,0.19,0
174.0,3,-509.2,-539.0,76.0,93.81,ACTIVE,RELAY,P4,1,1,1,1,0,0,0.17,0
174.0,4,-129.8,-352.9,84.0,90.73,ACTIVE,RELAY,P4,1,1,1,2,3,0,0.02,0
174.0,5,-562.5,-587.5,31.8,94.12,EMERGENCY,RELAY,P4,0,1,0,,,0,24.49,1
175.0,1,-138.5,262.8,60.0,90.53,ACTIVE,SURVEY,P4,1,1,1,4,2,0,0.3,0
175.0,2,-39.3,-109.7,68.0,90.7,ACTIVE,RELAY,P4,1,1,1,3,4,0,0.26,0
175.0,3,-520.6,-549.4,76.0,93.75,ACTIVE,RELAY,P4,1,1,1,1,0,0,0.17,0
175.0,4,-144.9,-350.0,84.0,90.67,ACTIVE,RELAY,P4,1,1,1,2,3,0,0.08,0
175.0,5,-562.5,-587.5,29.3,94.07,EMERGENCY,RELAY,P4,0,1,0,,,0,25.51,1
176.1,1,-123.6,259.2,60.0,90.47,ACTIVE,SURVEY,P4,1,1,1,4,2,0,0.36,0
176.1,2,-27.9,-99.4,68.0,90.64,ACTIVE,RELAY,P4,1,1,1,3,4,0,0.26,0
176.1,3,-531.9,-559.7,76.0,93.69,ACTIVE,RELAY,P4,1,1,1,1,0,0,0.23,0
176.1,4,-160.0,-347.1,84.0,90.61,ACTIVE,RELAY,P4,1,1,1,2,3,0,0.09,0
176.1,5,-562.5,-587.5,26.7,94.02,EMERGENCY,RELAY,P4,0,1,0,,,0,26.54,1
177.0,1,-109.5,255.9,60.0,90.42,ACTIVE,SURVEY,P4,1,1,1,4,2,0,0.3,0
177.0,2,-17.3,-89.7,68.0,90.59,ACTIVE,RELAY,P4,1,1,1,3,4,0,0.26,0
177.0,3,-542.6,-569.4,76.0,93.64,ACTIVE,RELAY,P4,1,1,1,1,0,0,0.17,0
177.0,4,-174.1,-344.4,84.0,90.56,ACTIVE,RELAY,P4,1,1,1,2,3,0,0.53,0
177.0,5,-562.5,-587.5,24.3,93.97,EMERGENCY,RELAY,P4,0,1,0,,,0,27.5,1
178.0,1,-94.6,252.4,60.0,90.37,ACTIVE,SURVEY,P4,1,1,1,4,2,0,0.3,0
178.0,2,-5.9,-79.3,68.0,90.53,ACTIVE,RELAY,P4,1,1,1,3,4,0,0.24,0
178.0,3,-547.7,-574.0,76.0,93.59,ACTIVE,RELAY,P4,1,1,1,1,0,0,0.17,0
178.0,4,-189.2,-341.5,84.0,90.5,ACTIVE,RELAY,P4,1,1,1,2,3,0,0.09,0
178.0,5,-562.5,-587.5,21.8,93.92,EMERGENCY,RELAY,P4,0,1,0,,,0,28.52,1
179.0,1,-80.6,249.1,60.0,90.31,ACTIVE,SURVEY,P4,1,1,1,4,2,0,0.3,0
179.0,2,4.7,-69.6,68.0,90.48,ACTIVE,RELAY,P4,1,1,1,3,4,0,0.19,0
179.0,3,-547.7,-574.0,76.0,93.54,ACTIVE,RELAY,P4,1,1,1,1,0,0,0.17,0
179.0,4,-203.3,-338.8,84.0,90.45,ACTIVE,RELAY,P4,1,1,1,2,3,0,0.02,0
179.0,5,-562.5,-587.5,19.4,93.87,EMERGENCY,RELAY,P4,0,1,0,,,0,29.48,1
180.0,1,-65.6,245.6,60.0,90.26,ACTIVE,SURVEY,P4,1,1,1,4,2,0,0.3,0
180.0,2,12.5,-62.5,68.0,90.42,ACTIVE,RELAY,P4,1,1,1,3,4,0,0.26,0
180.0,3,-554.8,-580.5,76.0,93.48,ACTIVE,RELAY,P4,1,1,1,1,0,0,0.17,0
180.0,4,-218.4,-335.9,84.0,90.39,ACTIVE,RELAY,P4,1,1,1,2,3,0,0.09,0
180.0,5,-562.5,-587.5,16.8,93.82,EMERGENCY,RELAY,P4,0,1,0,,,0,30.51,1
181.1,1,-50.7,242.0,60.0,90.2,ACTIVE,SURVEY,P4,1,1,1,4,2,0,0.36,0
181.1,2,12.5,-62.5,68.0,90.37,ACTIVE,RELAY,P4,1,1,1,3,4,0,0.26,0
181.1,3,-562.5,-587.5,76.0,93.43,ACTIVE,RELAY,P4,1,1,1,1,0,0,0.17,0
181.1,4,-233.5,-333.0,84.0,90.34,ACTIVE,RELAY,P4,1,1,1,2,3,0,0.09,0
181.1,5,-562.5,-587.5,14.2,93.77,EMERGENCY,RELAY,P4,0,1,0,,,0,31.53,1
182.0,1,-36.7,238.7,60.0,90.15,ACTIVE,SURVEY,P4,1,1,1,4,2,0,0.28,0
182.0,2,12.5,-62.5,68.0,90.32,ACTIVE,RELAY,P4,1,1,1,3,4,0,0.17,0
182.0,3,-562.5,-587.5,76.0,93.38,ACTIVE,RELAY,P4,1,1,1,1,0,0,0.17,0
182.0,4,-247.6,-330.2,84.0,90.29,ACTIVE,RELAY,P4,1,1,1,2,3,0,0.02,0
182.0,5,-562.5,-587.5,11.8,93.72,EMERGENCY,RELAY,P4,0,1,0,,,0,32.49,1
183.0,1,-21.7,235.2,60.0,90.09,ACTIVE,SURVEY,P4,1,1,1,4,2,0,0.28,0
183.0,2,12.5,-62.5,68.0,90.27,ACTIVE,RELAY,P4,1,1,1,3,4,0,0.26,0
183.0,3,-562.5,-587.5,76.0,93.33,ACTIVE,RELAY,P4,1,1,1,1,0,0,0.17,0
183.0,4,-262.7,-327.4,84.0,90.23,ACTIVE,RELAY,P4,1,1,1,2,3,0,0.09,0
183.0,5,-562.5,-587.5,9.3,93.67,EMERGENCY,RELAY,P4,0,1,0,,,0,33.51,1
184.1,1,-6.8,231.7,60.0,90.03,ACTIVE,SURVEY,P4,1,1,1,4,2,0,0.34,0
184.1,2,12.5,-62.5,68.0,90.22,ACTIVE,RELAY,P4,1,1,1,3,4,0,0.26,0
184.1,3,-562.5,-587.5,76.0,93.28,ACTIVE,RELAY,P4,1,1,1,1,0,0,0.23,0
184.1,4,-275.0,-325.0,84.0,90.17,ACTIVE,RELAY,P4,1,1,1,2,3,0,0.09,0
184.1,5,-562.5,-587.5,6.7,93.62,EMERGENCY,RELAY,P4,0,1,0,,,0,34.54,1
185.0,1,7.3,228.4,60.0,89.98,ACTIVE,SURVEY,P4,1,1,1,4,2,0,0.28,0
185.0,2,12.5,-62.5,68.0,90.17,ACTIVE,RELAY,P4,1,1,1,3,4,0,0.26,0
185.0,3,-562.5,-587.5,76.0,93.23,ACTIVE,RELAY,P4,1,1,1,1,0,0,0.17,0
185.0,4,-275.0,-325.0,84.0,90.13,ACTIVE,RELAY,P4,1,1,1,2,3,0,0.02,0
185.0,5,-562.5,-587.5,4.3,93.57,EMERGENCY,RELAY,P4,0,1,0,,,0,35.5,1
186.0,1,22.2,224.8,60.0,89.93,ACTIVE,SURVEY,P4,1,1,1,4,2,0,0.3,0
186.0,2,12.5,-62.5,68.0,90.12,ACTIVE,RELAY,P4,1,1,1,3,4,0,0.26,0
186.0,3,-562.5,-587.5,76.0,93.18,ACTIVE,RELAY,P4,1,1,1,1,0,0,0.17,0
186.0,4,-275.0,-325.0,84.0,90.07,ACTIVE,RELAY,P4,1,1,1,2,3,0,0.07,0
186.0,5,-562.5,-587.5,1.8,93.52,EMERGENCY,RELAY,P4,0,1,0,,,0,36.52,1
187.0,1,36.2,221.5,60.0,89.87,ACTIVE,SURVEY,P4,1,1,1,4,2,0,0.3,0
187.0,2,12.5,-62.5,68.0,90.07,ACTIVE,RELAY,P4,1,1,1,3,4,0,0.19,0
187.0,3,-562.5,-587.5,76.0,93.13,ACTIVE,RELAY,P4,1,1,1,1,0,0,0.17,0
187.0,4,-275.0,-325.0,84.0,90.03,ACTIVE,RELAY,P4,1,1,1,2,3,0,0.02,0
187.0,5,-562.5,-587.5,0.3,93.48,FAILED,RELAY,P4,0,1,0,,,0,37.48,1
188.0,1,51.2,218.0,60.0,89.82,ACTIVE,SURVEY,P4,1,1,1,4,2,0,0.28,0
188.0,2,12.5,-62.5,68.0,90.02,ACTIVE,RELAY,P4,1,1,1,3,4,0,0.24,0
188.0,3,-562.5,-587.5,76.0,93.08,ACTIVE,RELAY,P4,1,1,1,1,0,0,0.17,0
188.0,4,-275.0,-325.0,84.0,89.98,ACTIVE,RELAY,P4,1,1,1,2,3,0,0.09,0
188.0,5,-562.5,-587.5,0.3,93.48,FAILED,RELAY,P4,0,1,0,,,0,38.51,1
189.1,1,66.1,214.5,60.0,89.76,ACTIVE,SURVEY,P4,1,1,1,4,2,0,0.36,0
189.1,2,12.5,-62.5,68.0,89.97,ACTIVE,RELAY,P4,1,1,1,3,4,0,0.26,0
189.1,3,-562.5,-587.5,76.0,93.03,ACTIVE,RELAY,P4,1,1,1,1,0,0,0.17,0
189.1,4,-275.0,-325.0,84.0,89.92,ACTIVE,RELAY,P4,1,1,1,2,3,0,0.09,0
189.1,5,-562.5,-587.5,0.3,93.48,FAILED,RELAY,P4,0,1,0,,,0,39.53,1
190.0,1,80.1,211.2,60.0,89.71,ACTIVE,SURVEY,P4,1,1,1,4,2,0,0.3,0
190.0,2,12.5,-62.5,68.0,89.92,ACTIVE,RELAY,P4,1,1,1,3,4,0,0.19,0
190.0,3,-562.5,-587.5,76.0,92.98,ACTIVE,RELAY,P4,1,1,1,1,0,0,0.17,0
190.0,4,-275.0,-325.0,84.0,89.88,ACTIVE,RELAY,P4,1,1,1,2,3,0,0.02,0
190.0,5,-562.5,-587.5,0.3,93.48,FAILED,RELAY,P4,0,1,0,,,0,40.49,1
191.0,1,95.1,207.6,60.0,89.65,ACTIVE,SURVEY,P4,1,1,1,4,2,0,0.3,0
191.0,2,12.5,-62.5,68.0,89.87,ACTIVE,RELAY,P4,1,1,1,3,4,0,0.26,0
191.0,3,-562.5,-587.5,76.0,92.93,ACTIVE,RELAY,P4,1,1,1,1,0,0,0.17,0
191.0,4,-275.0,-325.0,84.0,89.83,ACTIVE,RELAY,P4,1,1,1,2,3,0,0.09,0
191.0,5,-562.5,-587.5,0.3,93.48,FAILED,RELAY,P4,0,1,0,,,0,41.51,1
192.1,1,110.0,204.1,60.0,89.59,ACTIVE,SURVEY,P4,1,1,1,4,2,0,0.36,0
192.1,2,12.5,-62.5,68.0,89.82,ACTIVE,RELAY,P4,1,1,1,3,4,0,0.26,0
192.1,3,-562.5,-587.5,76.0,92.88,ACTIVE,RELAY,P4,1,1,1,1,0,0,0.23,0
192.1,4,-275.0,-325.0,84.0,89.77,ACTIVE,RELAY,P4,1,1,1,2,3,0,0.09,0
192.1,5,-562.5,-587.5,0.3,93.48,FAILED,RELAY,P4,0,1,0,,,0,42.54,1
193.0,1,124.0,200.8,60.0,89.54,ACTIVE,SURVEY,P4,1,1,1,4,2,0,0.3,0
193.0,2,12.5,-62.5,68.0,89.77,ACTIVE,RELAY,P4,1,1,1,3,4,0,0.26,0
193.0,3,-562.5,-587.5,76.0,92.83,ACTIVE,RELAY,P4,1,1,1,1,0,0,0.17,0
193.0,4,-275.0,-325.0,84.0,89.73,ACTIVE,RELAY,P4,1,1,1,2,3,0,0.02,0
193.0,5,-562.5,-587.5,0.3,93.48,FAILED,RELAY,P4,0,1,0,,,0,43.5,1
194.0,1,139.0,197.3,60.0,89.49,ACTIVE,SURVEY,P4,1,1,1,4,2,0,0.3,0
194.0,2,12.5,-62.5,68.0,89.72,ACTIVE,RELAY,P4,1,1,1,3,4,0,0.26,0
194.0,3,-562.5,-587.5,76.0,92.78,ACTIVE,RELAY,P4,1,1,1,1,0,0,0.17,0
194.0,4,-275.0,-325.0,84.0,89.67,ACTIVE,RELAY,P4,1,1,1,2,3,0,0.09,0
194.0,5,-562.5,-587.5,0.3,93.48,FAILED,RELAY,P4,0,1,0,,,0,44.52,1
195.0,1,153.0,194.0,60.0,89.43,ACTIVE,SURVEY,P4,1,1,1,4,2,0,0.3,0
195.0,2,12.5,-62.5,68.0,89.67,ACTIVE,RELAY,P4,1,1,1,3,4,0,0.19,0
195.0,3,-562.5,-587.5,76.0,92.73,ACTIVE,RELAY,P4,1,1,1,1,0,0,0.17,0
195.0,4,-275.0,-325.0,84.0,89.63,ACTIVE,RELAY,P4,1,1,1,2,3,0,0.0,0
195.0,5,-562.5,-587.5,0.3,93.48,FAILED,RELAY,P4,0,1,0,,,0,45.48,1
196.0,1,168.0,190.4,60.0,89.38,ACTIVE,SURVEY,P4,1,1,1,4,2,0,0.3,0
196.0,2,12.5,-62.5,68.0,89.62,ACTIVE,RELAY,P4,1,1,1,3,4,0,0.26,0
196.0,3,-562.5,-587.5,76.0,92.68,ACTIVE,RELAY,P4,1,1,1,1,0,0,0.17,0
196.0,4,-275.0,-325.0,84.0,89.58,ACTIVE,RELAY,P4,1,1,1,2,3,0,0.09,0
196.0,5,-562.5,-587.5,0.3,93.48,FAILED,RELAY,P4,0,1,0,,,0,46.51,1
197.1,1,182.9,186.9,60.0,89.32,ACTIVE,SURVEY,P4,1,1,1,4,2,0,0.36,0
197.1,2,12.5,-62.5,68.0,89.57,ACTIVE,RELAY,P4,1,1,1,3,4,0,0.26,0
197.1,3,-562.5,-587.5,76.0,92.63,ACTIVE,RELAY,P4,1,1,1,1,0,0,0.17,0
197.1,4,-275.0,-325.0,84.0,89.52,ACTIVE,RELAY,P4,1,1,1,2,3,0,0.09,0
197.1,5,-562.5,-587.5,0.3,93.48,FAILED,RELAY,P4,0,1,0,,,0,47.53,1
198.0,1,196.9,183.6,60.0,89.27,ACTIVE,SURVEY,P4,1,1,1,4,2,0,0.3,0
198.0,2,12.5,-62.5,68.0,89.52,ACTIVE,RELAY,P4,1,1,1,3,4,0,0.19,0
198.0,3,-562.5,-587.5,76.0,92.58,ACTIVE,RELAY,P4,1,1,1,1,0,0,0.17,0
198.0,4,-275.0,-325.0,84.0,89.48,ACTIVE,RELAY,P4,1,1,1,2,3,0,0.02,0
198.0,5,-562.5,-587.5,0.3,93.48,FAILED,RELAY,P4,0,1,0,,,0,48.49,1
199.0,1,211.9,180.1,60.0,89.21,ACTIVE,SURVEY,P4,1,1,1,4,2,0,0.28,0
199.0,2,12.5,-62.5,68.0,89.47,ACTIVE,RELAY,P4,1,1,1,3,4,0,0.24,0
199.0,3,-562.5,-587.5,76.0,92.53,ACTIVE,RELAY,P4,1,1,1,1,0,0,0.17,0
199.0,4,-275.0,-325.0,84.0,89.43,ACTIVE,RELAY,P4,1,1,1,2,3,0,0.09,0
199.0,5,-562.5,-587.5,0.3,93.48,FAILED,RELAY,P4,0,1,0,,,0,49.51,1
200.1,1,226.8,176.5,60.0,89.15,ACTIVE,SURVEY,P4,1,1,1,4,2,0,0.34,0
200.1,2,12.5,-62.5,68.0,89.42,ACTIVE,RELAY,P4,1,1,1,3,4,0,0.22,0
200.1,3,-562.5,-587.5,76.0,92.48,ACTIVE,RELAY,P4,1,1,1,1,0,0,0.23,0
200.1,4,-275.0,-325.0,84.0,89.37,ACTIVE,RELAY,P4,1,1,1,2,3,0,0.09,0
200.1,5,-562.5,-587.5,0.3,93.48,FAILED,RELAY,P4,0,1,0,,,0,50.54,1
201.0,1,240.8,173.2,60.0,89.1,ACTIVE,SURVEY,P4,1,1,1,4,2,0,0.3,0
201.0,2,12.5,-62.5,68.0,89.37,ACTIVE,RELAY,P4,1,1,1,3,4,0,0.26,0
201.0,3,-562.5,-587.5,76.0,92.43,ACTIVE,RELAY,P4,1,1,1,1,0,0,0.17,0
201.0,4,-275.0,-325.0,84.0,89.33,ACTIVE,RELAY,P4,1,1,1,2,3,0,0.02,0
201.0,5,-562.5,-587.5,0.3,93.48,FAILED,RELAY,P4,0,1,0,,,0,51.5,1
202.0,1,255.8,169.7,60.0,89.05,ACTIVE,SURVEY,P4,1,1,1,4,2,0,0.3,0
202.0,2,12.5,-62.5,68.0,89.32,ACTIVE,RELAY,P4,1,1,1,3,4,0,0.26,0
202.0,3,-562.5,-587.5,76.0,92.38,ACTIVE,RELAY,P4,1,1,1,1,0,0,0.17,0
202.0,4,-275.0,-325.0,84.0,89.27,ACTIVE,RELAY,P4,1,1,1,2,3,0,0.07,0
202.0,5,-562.5,-587.5,0.3,93.48,FAILED,RELAY,P4,0,1,0,,,0,52.52,1
203.0,1,264.6,167.6,60.0,88.99,ACTIVE,SURVEY,P4,1,1,1,4,2,0,0.3,0
203.0,2,12.5,-62.5,68.0,89.27,ACTIVE,RELAY,P4,1,1,1,3,4,0,0.18,0
203.0,3,-562.5,-587.5,76.0,92.33,ACTIVE,RELAY,P4,1,1,1,1,0,0,0.17,0
203.0,4,-275.0,-325.0,84.0,89.23,ACTIVE,RELAY,P4,1,1,1,2,3,0,0.0,0
203.0,5,-562.5,-587.5,0.3,93.48,FAILED,RELAY,P4,0,1,0,,,0,53.48,1
204.0,1,264.6,167.6,60.0,88.94,ACTIVE,SURVEY,P4,1,1,1,4,2,0,0.3,0
204.0,2,12.5,-62.5,68.0,89.22,ACTIVE,RELAY,P4,1,1,1,3,4,0,0.26,0
204.0,3,-562.5,-587.5,76.0,92.28,ACTIVE,RELAY,P4,1,1,1,1,0,0,0.17,0
204.0,4,-275.0,-325.0,84.0,89.18,ACTIVE,RELAY,P4,1,1,1,2,3,0,0.09,0
204.0,5,-562.5,-587.5,0.3,93.48,FAILED,RELAY,P4,0,1,0,,,0,54.51,1
205.1,1,264.6,167.6,60.0,88.89,ACTIVE,SURVEY,P4,1,1,1,4,2,0,0.36,0
205.1,2,12.5,-62.5,68.0,89.17,ACTIVE,RELAY,P4,1,1,1,3,4,0,0.24,0
205.1,3,-562.5,-587.5,76.0,92.23,ACTIVE,RELAY,P4,1,1,1,1,0,0,0.17,0
205.1,4,-275.0,-325.0,84.0,89.12,ACTIVE,RELAY,P4,1,1,1,2,3,0,0.09,0
205.1,5,-562.5,-587.5,0.3,93.48,FAILED,RELAY,P4,0,1,0,,,0,55.53,1
206.0,1,264.6,167.6,60.0,88.84,ACTIVE,SURVEY,P4,1,1,1,4,2,0,0.3,0
206.0,2,12.5,-62.5,68.0,89.12,ACTIVE,RELAY,P4,1,1,1,3,4,0,0.19,0
206.0,3,-562.5,-587.5,76.0,92.18,ACTIVE,RELAY,P4,1,1,1,1,0,0,0.17,0
206.0,4,-275.0,-325.0,84.0,89.08,ACTIVE,RELAY,P4,1,1,1,2,3,0,0.53,0
206.0,5,-562.5,-587.5,0.3,93.48,FAILED,RELAY,P4,0,1,0,,,0,56.49,1
207.0,1,264.6,167.6,60.0,88.79,ACTIVE,SURVEY,P4,1,1,1,4,2,0,0.3,0
207.0,2,12.5,-62.5,68.0,89.07,ACTIVE,RELAY,P4,1,1,1,3,4,0,0.26,0
207.0,3,-562.5,-587.5,76.0,92.13,ACTIVE,RELAY,P4,1,1,1,1,0,0,0.17,0
207.0,4,-275.0,-325.0,84.0,89.03,ACTIVE,RELAY,P4,1,1,1,2,3,0,0.09,0
207.0,5,-562.5,-587.5,0.3,93.48,FAILED,RELAY,P4,0,1,0,,,0,57.51,1
208.1,1,264.6,167.6,60.0,88.74,ACTIVE,SURVEY,P4,1,1,1,4,2,0,0.36,0
208.1,2,12.5,-62.5,68.0,89.02,ACTIVE,RELAY,P4,1,1,1,3,4,0,0.26,0
208.1,3,-562.5,-587.5,76.0,92.08,ACTIVE,RELAY,P4,1,1,1,1,0,0,0.23,0
208.1,4,-275.0,-325.0,84.0,88.97,ACTIVE,RELAY,P4,1,1,1,2,3,0,0.07,0
208.1,5,-562.5,-587.5,0.3,93.48,FAILED,RELAY,P4,0,1,0,,,0,58.54,1
209.0,1,264.6,167.6,60.0,88.69,ACTIVE,SURVEY,P4,1,1,1,4,2,0,0.3,0
209.0,2,12.5,-62.5,68.0,88.97,ACTIVE,RELAY,P4,1,1,1,3,4,0,0.26,0
209.0,3,-562.5,-587.5,76.0,92.03,ACTIVE,RELAY,P4,1,1,1,1,0,0,0.17,0
209.0,4,-275.0,-325.0,84.0,88.93,ACTIVE,RELAY,P4,1,1,1,2,3,0,0.51,0
209.0,5,-562.5,-587.5,0.3,93.48,FAILED,RELAY,P4,0,1,0,,,0,59.5,1
210.0,1,264.6,167.6,60.0,88.64,ACTIVE,SURVEY,P4,1,1,1,4,2,0,0.3,0
210.0,2,12.5,-62.5,68.0,88.92,ACTIVE,RELAY,P4,1,1,1,3,4,0,0.26,0
210.0,3,-562.5,-587.5,76.0,91.98,ACTIVE,RELAY,P4,1,1,1,1,0,0,0.17,0
210.0,4,-275.0,-325.0,84.0,88.87,ACTIVE,RELAY,P4,1,1,1,2,3,0,0.09,0
210.0,5,-562.5,-587.5,0.3,93.48,FAILED,RELAY,P4,0,1,0,,,0,60.52,1
211.0,1,264.6,167.6,60.0,88.59,ACTIVE,SURVEY,P4,1,1,1,4,2,0,0.3,0
211.0,2,12.5,-62.5,68.0,88.87,ACTIVE,RELAY,P4,1,1,1,3,4,0,0.19,0
211.0,3,-562.5,-587.5,76.0,91.93,ACTIVE,RELAY,P4,1,1,1,1,0,0,0.17,0
211.0,4,-275.0,-325.0,84.0,88.83,ACTIVE,RELAY,P4,1,1,1,2,3,0,0.02,0
211.0,5,-562.5,-587.5,0.3,93.48,FAILED,RELAY,P4,0,1,0,,,0,61.48,1
212.0,1,264.6,167.6,60.0,88.54,ACTIVE,SURVEY,P4,1,1,1,4,2,0,0.3,0
212.0,2,12.5,-62.5,68.0,88.82,ACTIVE,RELAY,P4,1,1,1,3,4,0,0.26,0
212.0,3,-562.5,-587.5,76.0,91.88,ACTIVE,RELAY,P4,1,1,1,1,0,0,0.17,0
212.0,4,-275.0,-325.0,84.0,88.78,ACTIVE,RELAY,P4,1,1,1,2,3,0,0.09,0
212.0,5,-562.5,-587.5,0.3,93.48,FAILED,RELAY,P4,0,1,0,,,0,62.51,1
213.1,1,264.6,167.6,60.0,88.49,ACTIVE,SURVEY,P4,1,1,1,4,2,0,0.81,0
213.1,2,12.5,-62.5,68.0,88.77,ACTIVE,RELAY,P4,1,1,1,3,4,1,0.77,0
213.1,3,-562.5,-587.5,76.0,91.83,ACTIVE,RELAY,P4,1,1,1,1,0,0,0.12,0
213.1,4,-275.0,-325.0,84.0,88.72,ACTIVE,RELAY,P4,1,1,1,2,3,7,0.6,0
213.1,5,-562.5,-587.5,0.3,93.48,FAILED,RELAY,P4,0,1,0,,,0,63.53,1
214.0,1,264.6,167.6,60.0,88.44,ACTIVE,SURVEY,P4,1,1,1,4,2,0,0.18,0
214.0,2,12.5,-62.5,68.0,88.72,ACTIVE,RELAY,P4,1,1,1,3,4,0,0.57,0
214.0,3,-562.5,-587.5,76.0,91.78,ACTIVE,RELAY,P4,1,1,1,1,0,0,0.16,0
214.0,4,-275.0,-325.0,84.0,88.68,ACTIVE,RELAY,P4,1,1,1,2,3,0,0.39,0
214.0,5,-562.5,-587.5,0.3,93.48,FAILED,RELAY,P4,0,1,0,,,0,64.49,1
215.0,1,264.6,167.6,60.0,88.39,ACTIVE,SURVEY,P4,1,1,1,4,2,0,0.24,0
215.0,2,12.5,-62.5,68.0,88.67,ACTIVE,RELAY,P4,1,1,1,3,4,0,0.11,0
215.0,3,-562.5,-587.5,76.0,91.73,ACTIVE,RELAY,P4,1,1,1,1,0,0,0.11,0
215.0,4,-275.0,-325.0,84.0,88.63,ACTIVE,RELAY,P4,1,1,1,2,3,3,0.5,0
215.0,5,-562.5,-587.5,0.3,93.48,FAILED,RELAY,P4,0,1,0,,,0,65.51,1
216.1,1,264.6,167.6,60.0,88.34,ACTIVE,SURVEY,P4,1,1,1,4,2,0,0.23,0
216.1,2,12.5,-62.5,68.0,88.62,ACTIVE,RELAY,P4,1,1,1,3,4,0,0.14,0
216.1,3,-562.5,-587.5,76.0,91.68,ACTIVE,RELAY,P4,1,1,1,1,0,0,0.23,0
216.1,4,-275.0,-325.0,84.0,88.57,ACTIVE,RELAY,P4,1,1,1,2,3,0,0.56,0
216.1,5,-562.5,-587.5,0.3,93.48,FAILED,RELAY,P4,0,1,0,,,0,66.54,1
217.0,1,264.6,167.6,60.0,88.29,ACTIVE,SURVEY,P4,1,1,1,4,2,0,0.66,0
217.0,2,12.5,-62.5,68.0,88.57,ACTIVE,RELAY,P4,1,1,1,3,4,0,0.16,0
217.0,3,-562.5,-587.5,76.0,91.63,ACTIVE,RELAY,P4,1,1,1,1,0,0,0.17,0
217.0,4,-275.0,-325.0,84.0,88.53,ACTIVE,RELAY,P4,1,1,1,2,3,2,0.52,0
217.0,5,-562.5,-587.5,0.3,93.48,FAILED,RELAY,P4,0,1,0,,,0,67.5,1
218.0,1,264.6,167.6,60.0,88.24,ACTIVE,SURVEY,P4,1,1,1,4,2,0,0.41,0
218.0,2,12.5,-62.5,68.0,88.52,ACTIVE,RELAY,P4,1,1,1,3,4,0,0.05,0
218.0,3,-562.5,-587.5,76.0,91.58,ACTIVE,RELAY,P4,1,1,1,1,0,0,0.12,0
218.0,4,-275.0,-325.0,84.0,88.47,ACTIVE,RELAY,P4,1,1,1,2,3,0,0.03,0
218.0,5,-562.5,-587.5,0.3,93.48,FAILED,RELAY,P4,0,1,0,,,0,68.52,1
219.0,1,264.6,167.6,60.0,88.19,ACTIVE,SURVEY,P4,1,1,1,4,2,0,0.11,0
219.0,2,12.5,-62.5,68.0,88.47,ACTIVE,RELAY,P4,1,1,1,3,4,0,0.11,0
219.0,3,-562.5,-587.5,76.0,91.53,ACTIVE,RELAY,P4,1,1,1,1,0,0,0.15,0
219.0,4,-275.0,-325.0,84.0,88.43,ACTIVE,RELAY,P4,1,1,1,2,3,2,0.02,0
219.0,5,-562.5,-587.5,0.3,93.48,FAILED,RELAY,P4,0,1,0,,,0,69.48,1
220.0,1,264.6,167.6,60.0,88.14,ACTIVE,SURVEY,P4,1,1,1,4,2,1,0.28,0
220.0,2,12.5,-62.5,68.0,88.42,ACTIVE,RELAY,P4,1,1,1,3,4,1,0.04,0
220.0,3,-562.5,-587.5,76.0,91.48,ACTIVE,RELAY,P4,1,1,1,1,0,0,0.17,0
220.0,4,-275.0,-325.0,84.0,88.38,ACTIVE,RELAY,P4,1,1,1,2,3,0,0.08,0
220.0,5,-562.5,-587.5,0.3,93.48,FAILED,RELAY,P4,0,1,0,,,0,70.51,1
221.1,1,263.0,168.8,60.0,88.09,ACTIVE,SURVEY,H1,1,1,1,4,2,0,0.12,0
221.1,2,10.9,-61.4,68.0,88.37,ACTIVE,RELAY,H1,1,1,1,3,4,1,0.1,0
221.1,3,-564.1,-586.4,76.0,91.43,ACTIVE,RELAY,H1,1,1,1,1,0,1,0.12,0
221.1,4,-275.8,-324.4,84.0,88.32,ACTIVE,RELAY,H1,1,1,1,2,3,0,0.01,0
221.1,5,-562.5,-587.5,0.3,93.48,FAILED,RELAY,P4,0,1,0,,,0,71.53,1
222.0,1,251.4,177.2,60.0,88.04,ACTIVE,SURVEY,H1,1,1,1,4,2,2,0.24,0
222.0,2,-0.7,-52.9,68.0,88.32,ACTIVE,RELAY,H1,1,1,1,3,4,0,0.56,0
222.0,3,-575.7,-577.9,76.0,91.38,ACTIVE,RELAY,H1,1,1,1,1,0,1,0.12,0
222.0,4,-287.5,-316.0,84.0,88.27,ACTIVE,RELAY,H1,1,1,1,2,3,0,0.02,0
222.0,5,-562.5,-587.5,0.3,93.48,FAILED,RELAY,P4,0,1,0,,,0,72.49,1
223.0,1,238.9,186.3,60.0,87.98,ACTIVE,SURVEY,H1,1,1,1,4,2,1,0.04,0
223.0,2,-13.2,-44.0,68.0,88.26,ACTIVE,RELAY,H1,1,1,1,3,4,0,0.05,0
223.0,3,-588.2,-569.0,76.0,91.32,ACTIVE,RELAY,H1,1,1,1,1,0,2,0.12,0
223.0,4,-299.9,-307.0,84.0,88.22,ACTIVE,RELAY,H1,1,1,1,2,3,0,0.03,0
223.0,5,-562.5,-587.5,0.3,93.48,FAILED,RELAY,P4,0,1,0,,,0,73.51,1
224.1,1,226.5,195.3,60.0,87.93,ACTIVE,SURVEY,H1,1,1,1,4,2,0,0.36,0
224.1,2,-25.6,-35.0,68.0,88.21,ACTIVE,RELAY,H1,1,1,1,3,4,0,0.26,0
224.1,3,-600.6,-560.0,76.0,91.26,ACTIVE,RELAY,H1,1,1,1,1,0,0,0.23,0
224.1,4,-312.4,-298.0,84.0,88.16,ACTIVE,RELAY,H1,1,1,1,2,3,0,0.09,0
224.1,5,-562.5,-587.5,0.3,93.48,FAILED,RELAY,P4,0,1,0,,,0,74.54,1
225.0,1,214.9,203.8,60.0,87.87,ACTIVE,SURVEY,H1,1,1,1,4,2,0,0.3,0
225.0,2,-37.3,-26.5,68.0,88.15,ACTIVE,RELAY,H1,1,1,1,3,4,0,0.26,0
225.0,3,-612.3,-551.5,76.0,91.21,ACTIVE,RELAY,H1,1,1,1,1,0,0,0.17,0
225.0,4,-324.0,-289.6,84.0,88.11,ACTIVE,RELAY,H1,1,1,1,2,3,0,0.02,0
225.0,5,-562.5,-587.5,0.3,93.48,FAILED,RELAY,P4,0,1,0,,,0,75.5,1
226.0,1,202.5,212.9,60.0,87.82,ACTIVE,SURVEY,H1,1,1,1,4,2,0,0.3,0
226.0,2,-49.8,-17.5,68.0,88.1,ACTIVE,RELAY,H1,1,1,1,3,4,0,0.26,0
226.0,3,-624.8,-542.5,76.0,91.15,ACTIVE,RELAY,H1,1,1,1,1,0,0,0.17,0
226.0,4,-336.5,-280.6,84.0,88.05,ACTIVE,RELAY,H1,1,1,1,2,3,0,0.09,0
226.0,5,-562.5,-587.5,0.3,93.48,FAILED,RELAY,P4,0,1,0,,,0,76.52,1
227.0,1,190.8,221.3,60.0,87.76,ACTIVE,SURVEY,H1,1,1,1,4,2,0,0.3,0
227.0,2,-61.4,-9.1,68.0,88.04,ACTIVE,RELAY,H1,1,1,1,3,4,0,0.19,0
227.0,3,-636.4,-534.1,76.0,91.1,ACTIVE,RELAY,H1,1,1,1,1,0,0,0.17,0
227.0,4,-348.2,-272.2,84.0,88.0,ACTIVE,RELAY,H1,1,1,1,2,3,0,0.0,0
227.0,5,-562.5,-587.5,0.3,93.48,FAILED,RELAY,P4,0,1,0,,,0,77.48,1
228.0,1,178.4,230.4,60.0,87.71,ACTIVE,SURVEY,H1,1,1,1,4,2,0,0.3,0
228.0,2,-73.9,-0.1,68.0,87.99,ACTIVE,RELAY,H1,1,1,1,3,4,0,0.26,0
228.0,3,-648.9,-525.1,76.0,91.04,ACTIVE,RELAY,H1,1,1,1,1,0,0,0.17,0
228.0,4,-360.6,-263.2,84.0,87.94,ACTIVE,RELAY,H1,1,1,1,2,3,0,0.09,0
228.0,5,-562.5,-587.5,0.3,93.48,FAILED,RELAY,P4,0,1,0,,,0,78.51,1
229.1,1,166.0,239.4,60.0,87.65,ACTIVE,SURVEY,H1,1,1,1,4,2,0,0.36,0
229.1,2,-86.3,8.9,68.0,87.93,ACTIVE,RELAY,H1,1,1,1,3,4,0,0.26,0
229.1,3,-661.3,-516.1,76.0,90.99,ACTIVE,RELAY,H1,1,1,1,1,0,0,0.17,0
229.1,4,-373.1,-254.2,84.0,87.88,ACTIVE,RELAY,H1,1,1,1,2,3,0,0.09,0
229.1,5,-562.5,-587.5,0.3,93.48,FAILED,RELAY,P4,0,1,0,,,0,79.53,1
230.0,1,154.4,247.9,60.0,87.6,ACTIVE,SURVEY,H1,1,1,1,4,2,0,0.3,0
230.0,2,-98.0,17.3,68.0,87.88,ACTIVE,RELAY,H1,1,1,1,3,4,0,0.19,0
230.0,3,-673.0,-507.7,76.0,90.94,ACTIVE,RELAY,H1,1,1,1,1,0,0,0.17,0
230.0,4,-384.7,-245.7,84.0,87.83,ACTIVE,RELAY,H1,1,1,1,2,3,0,0.02,0
230.0,5,-562.5,-587.5,0.3,93.48,FAILED,RELAY,P4,0,1,0,,,0,80.49,1
231.0,1,142.0,256.9,60.0,87.54,ACTIVE,SURVEY,H1,1,1,1,4,2,0,0.3,0
231.0,2,-110.5,26.3,68.0,87.82,ACTIVE,RELAY,H1,1,1,1,3,4,0,0.26,0
231.0,3,-685.5,-498.7,76.0,90.88,ACTIVE,RELAY,H1,1,1,1,1,0,0,0.17,0
231.0,4,-397.2,-236.8,84.0,87.78,ACTIVE,RELAY,H1,1,1,1,2,3,0,0.08,0
231.0,5,-562.5,-587.5,0.3,93.48,FAILED,RELAY,P4,0,1,0,,,0,81.51,1
232.1,1,129.5,266.0,60.0,87.49,ACTIVE,SURVEY,H1,1,1,1,4,2,0,0.36,0
232.1,2,-122.9,35.3,68.0,87.77,ACTIVE,RELAY,H1,1,1,1,3,4,0,0.26,0
232.1,3,-697.9,-489.7,76.0,90.82,ACTIVE,RELAY,H1,1,1,1,1,0,0,0.23,0
232.1,4,-409.6,-227.8,84.0,87.72,ACTIVE,RELAY,H1,1,1,1,2,3,0,0.07,0
232.1,5,-562.5,-587.5,0.3,93.48,FAILED,RELAY,P4,0,1,0,,,0,82.54,1
233.0,1,117.9,274.5,60.0,87.43,ACTIVE,SURVEY,H1,1,1,1,4,2,0,0.3,0
233.0,2,-134.6,43.7,68.0,87.71,ACTIVE,RELAY,H1,1,1,1,3,4,0,0.26,0
233.0,3,-709.6,-481.3,76.0,90.77,ACTIVE,RELAY,H1,1,1,1,1,0,0,0.16,0
233.0,4,-421.3,-219.3,84.0,87.67,ACTIVE,RELAY,H1,1,1,1,2,3,0,0.02,0
233.0,5,-562.5,-587.5,0.3,93.48,FAILED,RELAY,P4,0,1,0,,,0,83.5,1
234.0,1,105.5,283.5,60.0,87.38,ACTIVE,SURVEY,H1,1,1,1,4,2,0,0.3,0
234.0,2,-147.0,52.7,68.0,87.66,ACTIVE,RELAY,H1,1,1,1,3,4,0,0.26,0
234.0,3,-722.0,-472.3,76.0,90.71,ACTIVE,RELAY,H1,1,1,1,1,0,0,0.17,0
234.0,4,-433.8,-210.3,84.0,87.61,ACTIVE,RELAY,H1,1,1,1,2,3,0,0.09,0
234.0,5,-562.5,-587.5,0.3,93.48,FAILED,RELAY,P4,0,1,0,,,0,84.52,1
235.0,1,93.8,292.0,60.0,87.32,ACTIVE,SURVEY,H1,1,1,1,4,2,0,0.3,0
235.0,2,-158.7,61.2,68.0,87.6,ACTIVE,RELAY,H1,1,1,1,3,4,0,0.18,0
235.0,3,-733.7,-463.8,76.0,90.66,ACTIVE,RELAY,H1,1,1,1,1,0,0,0.17,0
235.0,4,-445.4,-201.9,84.0,87.56,ACTIVE,RELAY,H1,1,1,1,2,3,0,0.02,0
235.0,5,-562.5,-587.5,0.3,93.48,FAILED,RELAY,P4,0,1,0,,,0,85.48,1
236.0,1,81.4,301.0,60.0,87.27,ACTIVE,SURVEY,H1,1,1,1,4,2,0,0.28,0
236.0,2,-171.2,70.1,68.0,87.55,ACTIVE,RELAY,H1,1,1,1,3,4,0,0.26,0
236.0,3,-746.2,-454.9,76.0,90.6,ACTIVE,RELAY,H1,1,1,1,1,0,0,0.15,0
236.0,4,-457.9,-192.9,84.0,87.5,ACTIVE,RELAY,H1,1,1,1,2,3,0,0.09,0
236.0,5,-562.5,-587.5,0.3,93.48,FAILED,RELAY,P4,0,1,0,,,0,86.51,1
237.1,1,69.0,310.1,60.0,87.21,ACTIVE,SURVEY,H1,1,1,1,4,2,0,0.36,0
237.1,2,-183.6,79.1,68.0,87.49,ACTIVE,RELAY,H1,1,1,1,3,4,0,0.24,0
237.1,3,-758.6,-445.9,76.0,90.55,ACTIVE,RELAY,H1,1,1,1,1,0,0,0.17,0
237.1,4,-470.3,-183.9,84.0,87.44,ACTIVE,RELAY,H1,1,1,1,2,3,0,0.09,0
237.1,5,-562.5,-587.5,0.3,93.48,FAILED,RELAY,P4,0,1,0,,,0,87.53,1
238.0,1,57.4,318.6,60.0,87.16,ACTIVE,SURVEY,H1,1,1,1,4,2,0,0.3,0
238.0,2,-195.3,87.6,68.0,87.44,ACTIVE,RELAY,H1,1,1,1,3,4,0,0.19,0
238.0,3,-770.3,-437.4,76.0,90.5,ACTIVE,RELAY,H1,1,1,1,1,0,0,0.17,0
238.0,4,-482.0,-175.5,84.0,87.39,ACTIVE,RELAY,H1,1,1,1,2,3,0,0.02,0
238.0,5,-562.5,-587.5,0.3,93.48,FAILED,RELAY,P4,0,1,0,,,0,88.49,1
239.0,1,45.0,327.6,60.0,87.1,ACTIVE,SURVEY,H1,1,1,1,4,2,0,0.28,0
239.0,2,-207.7,96.6,68.0,87.38,ACTIVE,RELAY,H1,1,1,1,3,4,0,0.25,0
239.0,3,-782.7,-428.4,76.0,90.44,ACTIVE,RELAY,H1,1,1,1,1,0,0,0.17,0
239.0,4,-494.5,-166.5,84.0,87.34,ACTIVE,RELAY,H1,1,1,1,2,3,0,0.07,0
239.0,5,-562.5,-587.5,0.3,93.48,FAILED,RELAY,P4,0,1,0,,,0,89.51,1
240.1,1,32.5,336.6,60.0,87.05,ACTIVE,SURVEY,H1,1,1,1,4,2,0,0.36,0
240.1,2,-220.2,105.6,68.0,87.33,ACTIVE,RELAY,H1,1,1,1,3,4,0,0.24,0
240.1,3,-787.5,-425.0,76.0,90.39,ACTIVE,RELAY,H1,1,1,1,1,0,0,0.23,0
240.1,4,-506.9,-157.5,84.0,87.28,ACTIVE,RELAY,H1,1,1,1,2,3,0,0.09,0
240.1,5,-562.5,-587.5,0.3,93.48,FAILED,RELAY,P4,0,1,0,,,0,90.54,1
241.0,1,20.9,345.1,60.0,86.99,ACTIVE,SURVEY,H1,1,1,1,4,2,0,0.3,0
241.0,2,-231.9,114.0,68.0,87.27,ACTIVE,RELAY,H1,1,1,1,3,4,0,0.26,0
241.0,3,-787.5,-425.0,76.0,90.34,ACTIVE,RELAY,H1,1,1,1,1,0,0,0.17,0
241.0,4,-518.6,-149.1,84.0,87.23,ACTIVE,RELAY,H1,1,1,1,2,3,0,0.53,0
241.0,5,-562.5,-587.5,0.3,93.48,FAILED,RELAY,P4,0,1,0,,,0,91.5,1
242.0,1,8.5,354.2,60.0,86.94,ACTIVE,SURVEY,H1,1,1,1,4,2,0,0.3,0
242.0,2,-244.3,123.0,68.0,87.22,ACTIVE,RELAY,H1,1,1,1,3,4,0,0.26,0
242.0,3,-787.5,-425.0,76.0,90.29,ACTIVE,RELAY,H1,1,1,1,1,0,0,0.17,0
242.0,4,-531.0,-140.1,84.0,87.17,ACTIVE,RELAY,H1,1,1,1,2,3,0,0.09,0
242.0,5,-562.5,-587.5,0.3,93.48,FAILED,RELAY,P4,0,1,0,,,0,92.52,1
243.0,1,-3.1,362.6,60.0,86.88,ACTIVE,SURVEY,H1,1,1,1,4,2,0,0.3,0
243.0,2,-256.0,131.4,68.0,87.16,ACTIVE,RELAY,H1,1,1,1,3,4,0,0.19,0
243.0,3,-787.5,-425.0,76.0,90.24,ACTIVE,RELAY,H1,1,1,1,1,0,0,0.17,0
243.0,4,-542.7,-131.6,84.0,87.12,ACTIVE,RELAY,H1,1,1,1,2,3,0,0.02,0
243.0,5,-562.5,-587.5,0.3,93.48,FAILED,RELAY,P4,0,1,0,,,0,93.48,1
244.0,1,-15.6,371.7,60.0,86.83,ACTIVE,SURVEY,H1,1,1,1,4,2,0,0.3,0
244.0,2,-268.4,140.4,68.0,87.11,ACTIVE,RELAY,H1,1,1,1,3,4,0,0.26,0
244.0,3,-787.5,-425.0,76.0,90.19,ACTIVE,RELAY,H1,1,1,1,1,0,0,0.17,0
244.0,4,-555.2,-122.7,84.0,87.06,ACTIVE,RELAY,H1,1,1,1,2,3,0,0.09,0
244.0,5,-562.5,-587.5,0.3,93.48,FAILED,RELAY,P4,0,1,0,,,0,94.51,1
245.1,1,-28.0,380.7,60.0,86.77,ACTIVE,SURVEY,H1,1,1,1,4,2,0,0.36,0
245.1,2,-280.9,149.4,68.0,87.05,ACTIVE,RELAY,H1,1,1,1,3,4,0,0.26,0
245.1,3,-787.5,-425.0,76.0,90.14,ACTIVE,RELAY,H1,1,1,1,1,0,0,0.15,0
245.1,4,-567.6,-113.7,84.0,87.0,ACTIVE,RELAY,H1,1,1,1,2,3,0,0.09,0
245.1,5,-562.5,-587.5,0.3,93.48,FAILED,RELAY,P4,0,1,0,,,0,95.53,1
246.0,1,-39.6,389.2,60.0,86.72,ACTIVE,SURVEY,H1,1,1,1,4,2,0,0.3,0
246.0,2,-292.6,157.8,68.0,87.0,ACTIVE,RELAY,H1,1,1,1,3,4,0,0.17,0
246.0,3,-787.5,-425.0,76.0,90.09,ACTIVE,RELAY,H1,1,1,1,1,0,0,0.17,0
246.0,4,-579.3,-105.2,84.0,86.95,ACTIVE,RELAY,H1,1,1,1,2,3,0,0.02,0
246.0,5,-562.5,-587.5,0.3,93.48,FAILED,RELAY,P4,0,1,0,,,0,96.49,1
247.0,1,-52.0,398.3,60.0,86.66,ACTIVE,SURVEY,H1,1,1,1,4,2,0,0.3,0
247.0,2,-305.0,166.8,68.0,86.94,ACTIVE,RELAY,H1,1,1,1,3,4,0,0.26,0
247.0,3,-787.5,-425.0,76.0,90.04,ACTIVE,RELAY,H1,1,1,1,1,0,0,0.17,0
247.0,4,-591.7,-96.2,84.0,86.9,ACTIVE,RELAY,H1,1,1,1,2,3,0,0.09,0
247.0,5,-562.5,-587.5,0.3,93.48,FAILED,RELAY,P4,0,1,0,,,0,97.51,1
248.1,1,-64.5,407.3,60.0,86.61,ACTIVE,SURVEY,H1,1,1,1,4,2,0,0.34,0
248.1,2,-317.5,175.8,68.0,86.89,ACTIVE,RELAY,H1,1,1,1,3,4,0,0.24,0
248.1,3,-787.5,-425.0,76.0,89.99,ACTIVE,RELAY,H1,1,1,1,1,0,0,0.23,0
248.1,4,-604.2,-87.2,84.0,86.84,ACTIVE,RELAY,H1,1,1,1,2,3,0,0.07,0
248.1,5,-562.5,-587.5,0.3,93.48,FAILED,RELAY,P4,0,1,0,,,0,98.54,1
249.0,1,-76.1,415.8,60.0,86.55,ACTIVE,SURVEY,H1,1,1,1,4,2,0,0.3,0
249.0,2,-329.2,184.2,68.0,86.83,ACTIVE,RELAY,H1,1,1,1,3,4,0,0.26,0
249.0,3,-787.5,-425.0,76.0,89.94,ACTIVE,RELAY,H1,1,1,1,1,0,0,0.17,0
249.0,4,-615.9,-78.8,84.0,86.79,ACTIVE,RELAY,H1,1,1,1,2,3,0,0.53,0
249.0,5,-562.5,-587.5,0.3,93.48,FAILED,RELAY,P4,0,1,0,,,0,99.5,1
250.0,1,-88.5,424.8,60.0,86.5,ACTIVE,SURVEY,H1,1,1,1,4,2,0,0.3,0
250.0,2,-341.6,193.2,68.0,86.78,ACTIVE,RELAY,H1,1,1,1,3,4,0,0.24,0
250.0,3,-787.5,-425.0,76.0,89.89,ACTIVE,RELAY,H1,1,1,1,1,0,0,0.17,0
250.0,4,-628.3,-69.8,84.0,86.73,ACTIVE,RELAY,H1,1,1,1,2,3,0,0.09,0
250.0,5,-562.5,-587.5,0.3,93.48,FAILED,RELAY,P4,0,1,0,,,0,100.52,1
251.0,1,-100.1,433.3,60.0,86.44,ACTIVE,SURVEY,H1,1,1,1,4,2,0,0.3,0
251.0,2,-353.3,201.7,68.0,86.72,ACTIVE,RELAY,H1,1,1,1,3,4,0,0.19,0
251.0,3,-787.5,-425.0,76.0,89.84,ACTIVE,RELAY,H1,1,1,1,1,0,0,0.17,0
251.0,4,-640.0,-61.4,84.0,86.68,ACTIVE,RELAY,H1,1,1,1,2,3,0,0.02,0
251.0,5,-562.5,-587.5,0.3,93.48,FAILED,RELAY,P4,0,1,0,,,0,101.48,1
252.0,1,-112.6,442.3,60.0,86.39,ACTIVE,SURVEY,H1,1,1,1,4,2,0,0.3,0
252.0,2,-365.7,210.7,68.0,86.67,ACTIVE,RELAY,H1,1,1,1,3,4,0,0.26,0
252.0,3,-787.5,-425.0,76.0,89.79,ACTIVE,RELAY,H1,1,1,1,1,0,0,0.17,0
252.0,4,-652.5,-52.4,84.0,86.62,ACTIVE,RELAY,H1,1,1,1,2,3,0,0.09,0
252.0,5,-562.5,-587.5,0.3,93.48,FAILED,RELAY,P4,0,1,0,,,0,102.51,1
253.1,1,-125.0,451.4,60.0,86.33,ACTIVE,SURVEY,H1,1,1,1,4,2,0,0.34,0
253.1,2,-378.2,219.7,68.0,86.61,ACTIVE,RELAY,H1,1,1,1,3,4,0,0.26,0
253.1,3,-787.5,-425.0,76.0,89.74,ACTIVE,RELAY,H1,1,1,1,1,0,0,0.17,0
253.1,4,-664.9,-43.4,84.0,86.56,ACTIVE,RELAY,H1,1,1,1,2,3,0,0.07,0
253.1,5,-562.5,-587.5,0.3,93.48,FAILED,RELAY,P4,0,1,0,,,0,103.53,1
254.0,1,-136.6,459.9,60.0,86.28,ACTIVE,SURVEY,H1,1,1,1,4,2,0,0.3,0
254.0,2,-389.9,228.1,68.0,86.56,ACTIVE,RELAY,H1,1,1,1,3,4,0,0.19,0
254.0,3,-787.5,-425.0,76.0,89.69,ACTIVE,RELAY,H1,1,1,1,1,0,0,0.17,0
254.0,4,-676.6,-35.0,84.0,86.51,ACTIVE,RELAY,H1,1,1,1,2,3,0,0.53,0
254.0,5,-562.5,-587.5,0.3,93.48,FAILED,RELAY,P4,0,1,0,,,0,104.49,1
255.0,1,-149.0,468.9,60.0,86.22,ACTIVE,SURVEY,H1,1,1,1,4,2,0,0.3,0
255.0,2,-402.3,237.1,68.0,86.5,ACTIVE,RELAY,H1,1,1,1,3,4,0,0.26,0
255.0,3,-787.5,-425.0,76.0,89.64,ACTIVE,RELAY,H1,1,1,1,1,0,0,0.17,0
255.0,4,-689.0,-26.0,84.0,86.46,ACTIVE,RELAY,H1,1,1,1,2,3,0,0.04,0
255.0,5,-562.5,-587.5,0.3,93.48,FAILED,RELAY,P4,0,1,0,,,0,105.51,1
256.1,1,-161.4,478.0,60.0,86.17,ACTIVE,SURVEY,H1,1,1,1,4,2,0,0.36,0
256.1,2,-414.8,246.1,68.0,86.45,ACTIVE,RELAY,H1,1,1,1,3,4,0,0.26,0
256.1,3,-787.5,-425.0,76.0,89.59,ACTIVE,RELAY,H1,1,1,1,1,0,0,0.23,0
256.1,4,-701.5,-17.0,84.0,86.4,ACTIVE,RELAY,H1,1,1,1,2,3,0,0.09,0
256.1,5,-562.5,-587.5,0.3,93.48,FAILED,RELAY,P4,0,1,0,,,0,106.54,1
257.0,1,-173.1,486.4,60.0,86.11,ACTIVE,SURVEY,H1,1,1,1,4,2,0,0.3,0
257.0,2,-426.4,254.5,68.0,86.39,ACTIVE,RELAY,H1,1,1,1,3,4,0,0.26,0
257.0,3,-787.5,-425.0,76.0,89.54,ACTIVE,RELAY,H1,1,1,1,1,0,0,0.17,0
257.0,4,-713.2,-8.6,84.0,86.35,ACTIVE,RELAY,H1,1,1,1,2,3,0,0.02,0
257.0,5,-562.5,-587.5,0.3,93.48,FAILED,RELAY,P4,0,1,0,,,0,107.5,1
258.0,1,-185.5,495.5,60.0,86.06,ACTIVE,SURVEY,H1,1,1,1,4,2,0,0.3,0
258.0,2,-438.9,263.5,68.0,86.34,ACTIVE,RELAY,H1,1,1,1,3,4,0,0.24,0
258.0,3,-787.5,-425.0,76.0,89.49,ACTIVE,RELAY,H1,1,1,1,1,0,0,0.17,0
258.0,4,-725.0,-0.0,84.0,86.29,ACTIVE,RELAY,H1,1,1,1,2,3,0,0.09,0
258.0,5,-562.5,-587.5,0.3,93.48,FAILED,RELAY,P4,0,1,0,,,0,108.52,1
259.0,1,-197.1,504.0,60.0,86.0,ACTIVE,SURVEY,H1,1,1,1,4,2,0,0.3,0
259.0,2,-450.6,271.9,68.0,86.28,ACTIVE,RELAY,H1,1,1,1,3,4,0,0.19,0
259.0,3,-787.5,-425.0,76.0,89.44,ACTIVE,RELAY,H1,1,1,1,1,0,0,0.17,0
259.0,4,-725.0,-0.0,84.0,86.24,ACTIVE,RELAY,H1,1,1,1,2,3,0,0.02,0
259.0,5,-562.5,-587.5,0.3,93.48,FAILED,RELAY,P4,0,1,0,,,0,109.48,1
260.0,1,-209.6,513.0,60.0,85.95,ACTIVE,SURVEY,H1,1,1,1,4,2,0,0.3,0
260.0,2,-463.0,280.9,68.0,86.23,ACTIVE,RELAY,H1,1,1,1,3,4,0,0.26,0
260.0,3,-787.5,-425.0,76.0,89.39,ACTIVE,RELAY,H1,1,1,1,1,0,0,0.17,0
260.0,4,-725.0,-0.0,84.0,86.19,ACTIVE,RELAY,H1,1,1,1,2,3,0,0.07,0
260.0,5,-562.5,-587.5,0.3,93.48,FAILED,RELAY,P4,0,1,0,,,0,110.51,1
261.1,1,-222.0,522.0,60.0,85.89,ACTIVE,SURVEY,H1,1,1,1,4,2,0,0.36,0
261.1,2,-475.5,289.9,68.0,86.17,ACTIVE,RELAY,H1,1,1,1,3,4,0,0.26,0
261.1,3,-787.5,-425.0,76.0,89.34,ACTIVE,RELAY,H1,1,1,1,1,0,0,0.17,0
261.1,4,-725.0,-0.0,84.0,86.14,ACTIVE,RELAY,H1,1,1,1,2,3,0,0.09,0
261.1,5,-562.5,-587.5,0.3,93.48,FAILED,RELAY,P4,0,1,0,,,0,111.53,1
262.0,1,-233.6,530.5,60.0,85.84,ACTIVE,SURVEY,H1,1,1,1,4,2,0,0.3,0
262.0,2,-487.1,298.3,68.0,86.12,ACTIVE,RELAY,H1,1,1,1,3,4,0,0.19,0
262.0,3,-787.5,-425.0,76.0,89.29,ACTIVE,RELAY,H1,1,1,1,1,0,0,0.17,0
262.0,4,-725.0,-0.0,84.0,86.09,ACTIVE,RELAY,H1,1,1,1,2,3,0,0.02,0
262.0,5,-562.5,-587.5,0.3,93.48,FAILED,RELAY,P4,0,1,0,,,0,112.49,1
263.0,1,-246.0,539.6,60.0,85.78,ACTIVE,SURVEY,H1,1,1,1,4,2,0,0.3,0
263.0,2,-499.6,307.3,68.0,86.06,ACTIVE,RELAY,H1,1,1,1,3,4,0,0.26,0
263.0,3,-787.5,-425.0,76.0,89.24,ACTIVE,RELAY,H1,1,1,1,1,0,0,0.17,0
263.0,4,-725.0,-0.0,84.0,86.04,ACTIVE,RELAY,H1,1,1,1,2,3,0,0.09,0
263.0,5,-562.5,-587.5,0.3,93.48,FAILED,RELAY,P4,0,1,0,,,0,113.51,1
264.1,1,-258.4,548.6,60.0,85.73,ACTIVE,SURVEY,H1,1,1,1,4,2,0,0.36,0
264.1,2,-512.0,316.3,68.0,86.01,ACTIVE,RELAY,H1,1,1,1,3,4,0,0.26,0
264.1,3,-787.5,-425.0,76.0,89.19,ACTIVE,RELAY,H1,1,1,1,1,0,0,0.23,0
264.1,4,-725.0,-0.0,84.0,85.99,ACTIVE,RELAY,H1,1,1,1,2,3,0,0.09,0
264.1,5,-562.5,-587.5,0.3,93.48,FAILED,RELAY,P4,0,1,0,,,0,114.54,1
265.0,1,-270.1,557.1,60.0,85.67,ACTIVE,SURVEY,H1,1,1,1,4,2,0,0.3,0
265.0,2,-523.7,324.8,68.0,85.95,ACTIVE,RELAY,H1,1,1,1,3,4,0,0.26,0
265.0,3,-787.5,-425.0,76.0,89.14,ACTIVE,RELAY,H1,1,1,1,1,0,0,0.17,0
265.0,4,-725.0,-0.0,84.0,85.94,ACTIVE,RELAY,H1,1,1,1,2,3,0,0.02,0
265.0,5,-562.5,-587.5,0.3,93.48,FAILED,RELAY,P4,0,1,0,,,0,115.5,1
266.0,1,-282.5,566.1,60.0,85.62,ACTIVE,SURVEY,H1,1,1,1,4,2,0,0.28,0
266.0,2,-536.2,333.8,68.0,85.9,ACTIVE,RELAY,H1,1,1,1,3,4,0,0.25,0
266.0,3,-787.5,-425.0,76.0,89.09,ACTIVE,RELAY,H1,1,1,1,1,0,0,0.15,0
266.0,4,-725.0,-0.0,84.0,85.89,ACTIVE,RELAY,H1,1,1,1,2,3,0,0.09,0
266.0,5,-562.5,-587.5,0.3,93.48,FAILED,RELAY,P4,0,1,0,,,0,116.52,1
267.0,1,-294.1,574.6,60.0,85.56,ACTIVE,SURVEY,H1,1,1,1,4,2,0,0.3,0
267.0,2,-547.8,342.2,68.0,85.84,ACTIVE,RELAY,H1,1,1,1,3,4,0,0.19,0
267.0,3,-787.5,-425.0,76.0,89.04,ACTIVE,RELAY,H1,1,1,1,1,0,0,0.17,0
267.0,4,-725.0,-0.0,84.0,85.84,ACTIVE,RELAY,H1,1,1,1,2,3,0,0.0,0
267.0,5,-562.5,-587.5,0.3,93.48,FAILED,RELAY,P4,0,1,0,,,0,117.48,1
268.0,1,-306.5,583.7,60.0,85.51,ACTIVE,SURVEY,H1,1,1,1,4,2,0,0.3,0
268.0,2,-560.3,351.2,68.0,85.79,ACTIVE,RELAY,H1,1,1,1,3,4,0,0.26,0
268.0,3,-787.5,-425.0,76.0,88.99,ACTIVE,RELAY,H1,1,1,1,1,0,0,0.17,0
268.0,4,-725.0,-0.0,84.0,85.79,ACTIVE,RELAY,H1,1,1,1,2,3,0,0.09,0
268.0,5,-562.5,-587.5,0.3,93.48,FAILED,RELAY,P4,0,1,0,,,0,118.51,1
269.1,1,-319.0,592.7,60.0,85.45,ACTIVE,SURVEY,H1,1,1,1,4,2,0,0.34,0
269.1,2,-572.7,360.2,68.0,85.73,ACTIVE,RELAY,H1,1,1,1,3,4,0,0.26,0
269.1,3,-787.5,-425.0,76.0,88.94,ACTIVE,RELAY,H1,1,1,1,1,0,0,0.17,0
269.1,4,-725.0,-0.0,84.0,85.74,ACTIVE,RELAY,H1,1,1,1,2,3,0,0.09,0
269.1,5,-562.5,-587.5,0.3,93.48,FAILED,RELAY,P4,0,1,0,,,0,119.53,1
270.0,1,-330.6,601.2,60.0,85.4,ACTIVE,SURVEY,H1,1,1,1,4,2,0,0.3,0
270.0,2,-584.4,368.6,68.0,85.68,ACTIVE,RELAY,H1,1,1,1,3,4,0,0.19,0
270.0,3,-787.5,-425.0,76.0,88.89,ACTIVE,RELAY,H1,1,1,1,1,0,0,0.17,0
270.0,4,-725.0,-0.0,84.0,85.69,ACTIVE,RELAY,H1,1,1,1,2,3,0,0.0,0
270.0,5,-562.5,-587.5,0.3,93.48,FAILED,RELAY,P4,0,1,0,,,0,120.49,1
271.0,1,-343.0,610.2,60.0,85.34,ACTIVE,SURVEY,H1,1,1,1,4,2,0,0.3,0
271.0,2,-596.9,377.6,68.0,85.62,ACTIVE,RELAY,H1,1,1,1,3,4,0,0.26,0
271.0,3,-787.5,-425.0,76.0,88.84,ACTIVE,RELAY,H1,1,1,1,1,0,0,0.17,0
271.0,4,-725.0,-0.0,84.0,85.64,ACTIVE,RELAY,H1,1,1,1,2,3,0,0.09,0
271.0,5,-562.5,-587.5,0.3,93.48,FAILED,RELAY,P4,0,1,0,,,0,121.51,1
272.1,1,-355.4,619.3,60.0,85.29,ACTIVE,SURVEY,H1,1,1,1,4,2,0,0.36,0
272.1,2,-609.3,386.6,68.0,85.57,ACTIVE,RELAY,H1,1,1,1,3,4,0,0.22,0
272.1,3,-787.5,-425.0,76.0,88.79,ACTIVE,RELAY,H1,1,1,1,1,0,0,0.21,0
272.1,4,-725.0,-0.0,84.0,85.59,ACTIVE,RELAY,H1,1,1,1,2,3,0,0.09,0
272.1,5,-562.5,-587.5,0.3,93.48,FAILED,RELAY,P4,0,1,0,,,0,122.54,1
273.0,1,-367.1,627.7,60.0,85.23,ACTIVE,SURVEY,H1,1,1,1,4,2,0,0.3,0
273.0,2,-621.0,395.0,68.0,85.51,ACTIVE,RELAY,H1,1,1,1,3,4,0,0.26,0
273.0,3,-787.5,-425.0,76.0,88.74,ACTIVE,RELAY,H1,1,1,1,1,0,0,0.16,0
273.0,4,-725.0,-0.0,84.0,85.54,ACTIVE,RELAY,H1,1,1,1,2,3,0,0.02,0
273.0,5,-562.5,-587.5,0.3,93.48,FAILED,RELAY,P4,0,1,0,,,0,123.5,1
274.0,1,-379.5,636.8,60.0,85.18,ACTIVE,SURVEY,H1,1,1,1,4,2,0,0.26,0
274.0,2,-633.4,404.0,68.0,85.46,ACTIVE,RELAY,H1,1,1,1,3,4,0,0.24,0
274.0,3,-787.5,-425.0,76.0,88.69,ACTIVE,RELAY,H1,1,1,1,1,0,0,0.17,0
274.0,4,-725.0,-0.0,84.0,85.49,ACTIVE,RELAY,H1,1,1,1,2,3,0,0.09,0
274.0,5,-562.5,-587.5,0.3,93.48,FAILED,RELAY,P4,0,1,0,,,0,124.52,1
275.0,1,-391.1,645.3,60.0,85.12,ACTIVE,SURVEY,H1,1,1,1,4,2,0,0.3,0
275.0,2,-645.1,412.4,68.0,85.4,ACTIVE,RELAY,H1,1,1,1,3,4,0,0.19,0
275.0,3,-787.5,-425.0,76.0,88.64,ACTIVE,RELAY,H1,1,1,1,1,0,0,0.17,0
275.0,4,-725.0,-0.0,84.0,85.44,ACTIVE,RELAY,H1,1,1,1,2,3,0,0.02,0
275.0,5,-562.5,-587.5,0.3,93.48,FAILED,RELAY,P4,0,1,0,,,0,125.48,1
276.0,1,-403.5,654.3,60.0,85.07,ACTIVE,SURVEY,H1,1,1,1,4,2,0,0.3,0
276.0,2,-657.6,421.4,68.0,85.35,ACTIVE,RELAY,H1,1,1,1,3,4,0,0.26,0
276.0,3,-787.5,-425.0,76.0,88.59,ACTIVE,RELAY,H1,1,1,1,1,0,0,0.17,0
276.0,4,-725.0,-0.0,84.0,85.39,ACTIVE,RELAY,H1,1,1,1,2,3,0,0.09,0
276.0,5,-562.5,-587.5,0.3,93.48,FAILED,RELAY,P4,0,1,0,,,0,126.51,1
277.1,1,-416.0,663.4,60.0,85.01,ACTIVE,SURVEY,H1,1,1,1,4,2,0,0.36,0
277.1,2,-662.5,425.0,68.0,85.29,ACTIVE,RELAY,H1,1,1,1,3,4,0,0.26,0
277.1,3,-787.5,-425.0,76.0,88.54,ACTIVE,RELAY,H1,1,1,1,1,0,0,0.17,0
277.1,4,-725.0,-0.0,84.0,85.34,ACTIVE,RELAY,H1,1,1,1,2,3,0,0.09,0
277.1,5,-562.5,-587.5,0.3,93.48,FAILED,RELAY,P4,0,1,0,,,0,127.53,1
278.0,1,-427.6,671.8,60.0,84.96,ACTIVE,SURVEY,H1,1,1,1,4,2,0,0.28,0
278.0,2,-662.5,425.0,68.0,85.25,ACTIVE,RELAY,H1,1,1,1,3,4,0,0.17,0
278.0,3,-787.5,-425.0,76.0,88.49,ACTIVE,RELAY,H1,1,1,1,1,0,0,0.17,0
278.0,4,-725.0,-0.0,84.0,85.29,ACTIVE,RELAY,H1,1,1,1,2,3,0,0.02,0
278.0,5,-562.5,-587.5,0.3,93.48,FAILED,RELAY,P4,0,1,0,,,0,128.49,1
279.0,1,-440.0,680.9,60.0,84.9,ACTIVE,SURVEY,H1,1,1,1,4,2,0,0.26,0
279.0,2,-662.5,425.0,68.0,85.2,ACTIVE,RELAY,H1,1,1,1,3,4,0,0.24,0
279.0,3,-787.5,-425.0,76.0,88.44,ACTIVE,RELAY,H1,1,1,1,1,0,0,0.17,0
279.0,4,-725.0,-0.0,84.0,85.24,ACTIVE,RELAY,H1,1,1,1,2,3,0,0.09,0
279.0,5,-562.5,-587.5,0.3,93.48,FAILED,RELAY,P4,0,1,0,,,0,129.51,1
280.1,1,-452.4,689.9,60.0,84.85,ACTIVE,SURVEY,H1,1,1,1,4,2,0,0.36,0
280.1,2,-662.5,425.0,68.0,85.14,ACTIVE,RELAY,H1,1,1,1,3,4,0,0.24,0
280.1,3,-787.5,-425.0,76.0,88.39,ACTIVE,RELAY,H1,1,1,1,1,0,0,0.23,0
280.1,4,-725.0,-0.0,84.0,85.19,ACTIVE,RELAY,H1,1,1,1,2,3,0,0.09,0
280.1,5,-562.5,-587.5,0.3,93.48,FAILED,RELAY,P4,0,1,0,,,0,130.54,1
281.0,1,-464.1,698.4,60.0,84.79,ACTIVE,SURVEY,H1,1,1,1,4,2,0,0.28,0
281.0,2,-662.5,425.0,68.0,85.1,ACTIVE,RELAY,H1,1,1,1,3,4,0,0.26,0
281.0,3,-787.5,-425.0,76.0,88.34,ACTIVE,RELAY,H1,1,1,1,1,0,0,0.16,0
281.0,4,-725.0,-0.0,84.0,85.14,ACTIVE,RELAY,H1,1,1,1,2,3,0,0.02,0
281.0,5,-562.5,-587.5,0.3,93.48,FAILED,RELAY,P4,0,1,0,,,0,131.5,1
282.0,1,-476.5,707.4,60.0,84.74,ACTIVE,SURVEY,H1,1,1,1,4,2,0,0.3,0
282.0,2,-662.5,425.0,68.0,85.04,ACTIVE,RELAY,H1,1,1,1,3,4,0,0.26,0
282.0,3,-787.5,-425.0,76.0,88.29,ACTIVE,RELAY,H1,1,1,1,1,0,0,0.17,0
282.0,4,-725.0,-0.0,84.0,85.09,ACTIVE,RELAY,H1,1,1,1,2,3,0,0.07,0
282.0,5,-562.5,-587.5,0.3,93.48,FAILED,RELAY,P4,0,1,0,,,0,132.52,1
283.0,1,-488.1,715.9,60.0,84.68,ACTIVE,SURVEY,H1,1,1,1,4,2,0,0.3,0
283.0,2,-662.5,425.0,68.0,85.0,ACTIVE,RELAY,H1,1,1,1,3,4,0,0.19,0
283.0,3,-787.5,-425.0,76.0,88.24,ACTIVE,RELAY,H1,1,1,1,1,0,0,0.17,0
283.0,4,-725.0,-0.0,84.0,85.04,ACTIVE,RELAY,H1,1,1,1,2,3,0,0.02,0
283.0,5,-562.5,-587.5,0.3,93.48,FAILED,RELAY,P4,0,1,0,,,0,133.48,1
284.0,1,-500.5,725.0,60.0,84.63,ACTIVE,SURVEY,H1,1,1,1,4,2,0,0.3,0
284.0,2,-662.5,425.0,68.0,84.95,ACTIVE,RELAY,H1,1,1,1,3,4,0,0.26,0
284.0,3,-787.5,-425.0,76.0,88.19,ACTIVE,RELAY,H1,1,1,1,1,0,0,0.17,0
284.0,4,-725.0,-0.0,84.0,84.99,ACTIVE,RELAY,H1,1,1,1,2,3,0,0.09,0
284.0,5,-562.5,-587.5,0.3,93.48,FAILED,RELAY,P4,0,1,0,,,0,134.51,1
285.1,1,-512.9,734.0,60.0,84.57,ACTIVE,SURVEY,H1,1,1,1,4,2,0,0.36,0
285.1,2,-662.5,425.0,68.0,84.89,ACTIVE,RELAY,H1,1,1,1,3,4,0,0.26,0
285.1,3,-787.5,-425.0,76.0,88.14,ACTIVE,RELAY,H1,1,1,1,1,0,0,0.15,0
285.1,4,-725.0,-0.0,84.0,84.94,ACTIVE,RELAY,H1,1,1,1,2,3,0,0.09,0
285.1,5,-562.5,-587.5,0.3,93.48,FAILED,RELAY,P4,0,1,0,,,0,135.53,1
286.0,1,-524.6,742.5,60.0,84.52,ACTIVE,SURVEY,H1,1,1,1,4,2,0,0.28,0
286.0,2,-662.5,425.0,68.0,84.85,ACTIVE,RELAY,H1,1,1,1,3,4,0,0.15,0
286.0,3,-787.5,-425.0,76.0,88.09,ACTIVE,RELAY,H1,1,1,1,1,0,0,0.17,0
286.0,4,-725.0,-0.0,84.0,84.89,ACTIVE,RELAY,H1,1,1,1,2,3,0,0.02,0
286.0,5,-562.5,-587.5,0.3,93.48,FAILED,RELAY,P4,0,1,0,,,0,136.49,1
287.0,1,-537.0,751.5,60.0,84.46,ACTIVE,SURVEY,H1,1,1,1,4,2,0,0.3,0
287.0,2,-662.5,425.0,68.0,84.8,ACTIVE,RELAY,H1,1,1,1,3,4,0,0.26,0
287.0,3,-787.5,-425.0,76.0,88.04,ACTIVE,RELAY,H1,1,1,1,1,0,0,0.17,0
287.0,4,-725.0,-0.0,84.0,84.84,ACTIVE,RELAY,H1,1,1,1,2,3,0,0.09,0
287.0,5,-562.5,-587.5,0.3,93.48,FAILED,RELAY,P4,0,1,0,,,0,137.51,1
288.1,1,-549.4,760.6,60.0,84.41,ACTIVE,SURVEY,H1,1,1,1,4,2,0,0.36,0
288.1,2,-662.5,425.0,68.0,84.74,ACTIVE,RELAY,H1,1,1,1,3,4,0,0.26,0
288.1,3,-787.5,-425.0,76.0,87.99,ACTIVE,RELAY,H1,1,1,1,1,0,0,0.23,0
288.1,4,-725.0,-0.0,84.0,84.79,ACTIVE,RELAY,H1,1,1,1,2,3,0,0.09,0
288.1,5,-562.5,-587.5,0.3,93.48,FAILED,RELAY,P4,0,1,0,,,0,138.54,1
289.0,1,-561.1,769.1,60.0,84.35,ACTIVE,SURVEY,H1,1,1,1,4,2,0,0.26,0
289.0,2,-662.5,425.0,68.0,84.7,ACTIVE,RELAY,H1,1,1,1,3,4,0,0.24,0
289.0,3,-787.5,-425.0,76.0,87.94,ACTIVE,RELAY,H1,1,1,1,1,0,0,0.14,0
289.0,4,-725.0,-0.0,84.0,84.74,ACTIVE,RELAY,H1,1,1,1,2,3,0,0.02,0
289.0,5,-562.5,-587.5,0.3,93.48,FAILED,RELAY,P4,0,1,0,,,0,139.5,1
290.0,1,-573.5,778.1,60.0,84.3,ACTIVE,SURVEY,H1,1,1,1,4,2,0,0.3,0
290.0,2,-662.5,425.0,68.0,84.64,ACTIVE,RELAY,H1,1,1,1,3,4,0,0.26,0
290.0,3,-787.5,-425.0,76.0,87.89,ACTIVE,RELAY,H1,1,1,1,1,0,0,0.17,0
290.0,4,-725.0,-0.0,84.0,84.69,ACTIVE,RELAY,H1,1,1,1,2,3,0,0.09,0
290.0,5,-562.5,-587.5,0.3,93.48,FAILED,RELAY,P4,0,1,0,,,0,140.52,1
291.0,1,-585.1,786.6,60.0,84.24,ACTIVE,SURVEY,H1,1,1,1,4,2,0,0.3,0
291.0,2,-662.5,425.0,68.0,84.6,ACTIVE,RELAY,H1,1,1,1,3,4,0,0.14,0
291.0,3,-787.5,-425.0,76.0,87.84,ACTIVE,RELAY,H1,1,1,1,1,0,0,0.17,0
291.0,4,-725.0,-0.0,84.0,84.64,ACTIVE,RELAY,H1,1,1,1,2,3,0,0.02,0
291.0,5,-562.5,-587.5,0.3,93.48,FAILED,RELAY,P4,0,1,0,,,0,141.48,1
292.0,1,-597.5,795.6,60.0,84.19,ACTIVE,SURVEY,H1,1,1,1,4,2,0,0.3,0
292.0,2,-662.5,425.0,68.0,84.55,ACTIVE,RELAY,H1,1,1,1,3,4,0,0.26,0
292.0,3,-787.5,-425.0,76.0,87.79,ACTIVE,RELAY,H1,1,1,1,1,0,0,0.13,0
292.0,4,-725.0,-0.0,84.0,84.59,ACTIVE,RELAY,H1,1,1,1,2,3,0,0.09,0
292.0,5,-562.5,-587.5,0.3,93.48,FAILED,RELAY,P4,0,1,0,,,0,142.51,1
293.1,1,-607.0,802.5,60.0,84.13,ACTIVE,SURVEY,H1,1,1,1,4,2,0,0.36,0
293.1,2,-662.5,425.0,68.0,84.49,ACTIVE,RELAY,H1,1,1,1,3,4,0,0.26,0
293.1,3,-787.5,-425.0,76.0,87.74,ACTIVE,RELAY,H1,1,1,1,1,0,0,0.17,0
293.1,4,-725.0,-0.0,84.0,84.54,ACTIVE,RELAY,H1,1,1,1,2,3,0,0.09,0
293.1,5,-562.5,-587.5,0.3,93.48,FAILED,RELAY,P4,0,1,0,,,0,143.53,1
294.0,1,-607.0,802.5,60.0,84.08,ACTIVE,SURVEY,H1,1,1,1,4,2,0,0.3,0
294.0,2,-662.5,425.0,68.0,84.45,ACTIVE,RELAY,H1,1,1,1,3,4,0,0.19,0
294.0,3,-787.5,-425.0,76.0,87.69,ACTIVE,RELAY,H1,1,1,1,1,0,0,0.17,0
294.0,4,-725.0,-0.0,84.0,84.49,ACTIVE,RELAY,H1,1,1,1,2,3,0,0.02,0
294.0,5,-562.5,-587.5,0.3,93.48,FAILED,RELAY,P4,0,1,0,,,0,144.49,1
295.0,1,-607.0,802.5,60.0,84.03,ACTIVE,SURVEY,H1,1,1,1,4,2,0,0.3,0
295.0,2,-662.5,425.0,68.0,84.4,ACTIVE,RELAY,H1,1,1,1,3,4,0,0.26,0
295.0,3,-787.5,-425.0,76.0,87.64,ACTIVE,RELAY,H1,1,1,1,1,0,0,0.17,0
295.0,4,-725.0,-0.0,84.0,84.44,ACTIVE,RELAY,H1,1,1,1,2,3,0,0.09,0
295.0,5,-562.5,-587.5,0.3,93.48,FAILED,RELAY,P4,0,1,0,,,0,145.51,1
296.1,1,-607.0,802.5,60.0,83.98,ACTIVE,SURVEY,H1,1,1,1,4,2,0,0.36,0
296.1,2,-662.5,425.0,68.0,84.34,ACTIVE,RELAY,H1,1,1,1,3,4,0,0.26,0
296.1,3,-787.5,-425.0,76.0,87.59,ACTIVE,RELAY,H1,1,1,1,1,0,0,0.23,0
296.1,4,-725.0,-0.0,84.0,84.39,ACTIVE,RELAY,H1,1,1,1,2,3,0,0.09,0
296.1,5,-562.5,-587.5,0.3,93.48,FAILED,RELAY,P4,0,1,0,,,0,146.54,1
297.0,1,-607.0,802.5,60.0,83.93,ACTIVE,SURVEY,H1,1,1,1,4,2,0,0.28,0
297.0,2,-662.5,425.0,68.0,84.3,ACTIVE,RELAY,H1,1,1,1,3,4,0,0.24,0
297.0,3,-787.5,-425.0,76.0,87.54,ACTIVE,RELAY,H1,1,1,1,1,0,0,0.17,0
297.0,4,-725.0,-0.0,84.0,84.34,ACTIVE,RELAY,H1,1,1,1,2,3,0,0.02,0
297.0,5,-562.5,-587.5,0.3,93.48,FAILED,RELAY,P4,0,1,0,,,0,147.5,1
298.0,1,-607.0,802.5,60.0,83.88,ACTIVE,SURVEY,H1,1,1,1,4,2,0,0.28,0
298.0,2,-662.5,425.0,68.0,84.24,ACTIVE,RELAY,H1,1,1,1,3,4,0,0.25,0
298.0,3,-787.5,-425.0,76.0,87.49,ACTIVE,RELAY,H1,1,1,1,1,0,0,0.17,0
298.0,4,-725.0,-0.0,84.0,84.29,ACTIVE,RELAY,H1,1,1,1,2,3,0,0.09,0
298.0,5,-562.5,-587.5,0.3,93.48,FAILED,RELAY,P4,0,1,0,,,0,148.52,1
299.0,1,-607.0,802.5,60.0,83.83,ACTIVE,SURVEY,H1,1,1,1,4,2,0,0.28,0
299.0,2,-662.5,425.0,68.0,84.2,ACTIVE,RELAY,H1,1,1,1,3,4,0,0.19,0
299.0,3,-787.5,-425.0,76.0,87.44,ACTIVE,RELAY,H1,1,1,1,1,0,0,0.17,0
299.0,4,-725.0,-0.0,84.0,84.24,ACTIVE,RELAY,H1,1,1,1,2,3,0,0.02,0
299.0,5,-562.5,-587.5,0.3,93.48,FAILED,RELAY,P4,0,1,0,,,0,149.48,1
300.0,1,-607.0,802.5,60.0,83.78,ACTIVE,SURVEY,H1,0,1,0,,,0,0.3,0
300.0,2,-662.5,425.0,68.0,84.15,ACTIVE,RELAY,H1,1,1,1,3,4,0,0.26,0
300.0,3,-787.5,-425.0,76.0,87.39,ACTIVE,RELAY,H1,1,1,1,1,0,0,0.17,0
300.0,4,-725.0,-0.0,84.0,84.19,ACTIVE,RELAY,H1,1,1,1,2,3,0,0.09,0
300.0,5,-562.5,-587.5,0.3,93.48,FAILED,RELAY,P4,0,1,0,,,0,150.51,1
301.1,1,-607.0,802.5,60.0,83.73,ACTIVE,SURVEY,H1,0,1,0,,,0,1.32,0
301.1,2,-662.5,425.0,68.0,84.09,ACTIVE,RELAY,H1,1,1,1,3,4,0,0.26,0
301.1,3,-787.5,-425.0,76.0,87.34,ACTIVE,RELAY,H1,1,1,1,1,0,0,0.17,0
301.1,4,-725.0,-0.0,84.0,84.14,ACTIVE,RELAY,H1,1,1,1,2,3,0,0.09,0
301.1,5,-562.5,-587.5,0.3,93.48,FAILED,RELAY,P4,0,1,0,,,0,151.53,1
302.0,1,-607.0,802.5,60.0,83.68,ACTIVE,SURVEY,H1,0,1,0,,,0,2.28,0
302.0,2,-662.5,425.0,68.0,84.05,ACTIVE,RELAY,H1,1,1,1,3,4,0,0.19,0
302.0,3,-787.5,-425.0,76.0,87.29,ACTIVE,RELAY,H1,1,1,1,1,0,0,0.17,0
302.0,4,-725.0,-0.0,84.0,84.09,ACTIVE,RELAY,H1,1,1,1,2,3,0,0.02,0
302.0,5,-562.5,-587.5,0.3,93.48,FAILED,RELAY,P4,0,1,0,,,0,152.49,1
303.0,1,-607.5,798.7,60.0,83.63,ACTIVE,SURVEY,H1,0,1,0,,,0,3.31,1
303.0,2,-662.5,425.0,68.0,84.0,ACTIVE,RELAY,H1,1,1,1,3,4,0,0.22,0
303.0,3,-787.5,-425.0,76.0,87.24,ACTIVE,RELAY,H1,1,1,1,1,0,0,0.17,0
303.0,4,-725.0,-0.0,84.0,84.04,ACTIVE,RELAY,H1,1,1,1,2,3,0,0.09,0
303.0,5,-562.5,-587.5,0.3,93.48,FAILED,RELAY,P4,0,1,0,,,0,153.51,1
304.1,1,-609.7,783.5,60.0,83.58,ACTIVE,SURVEY,H1,0,1,0,,,0,4.33,1
304.1,2,-662.5,425.0,68.0,83.94,ACTIVE,RELAY,H1,1,1,1,3,4,0,0.26,0
304.1,3,-787.5,-425.0,76.0,87.19,ACTIVE,RELAY,H1,1,1,1,1,0,0,0.23,0
304.1,4,-725.0,-0.0,84.0,83.99,ACTIVE,RELAY,H1,1,1,1,2,3,0,0.09,0
304.1,5,-562.5,-587.5,0.3,93.48,FAILED,RELAY,P4,0,1,0,,,0,154.54,1
305.0,1,-611.7,769.2,60.0,83.52,ACTIVE,SURVEY,H1,0,1,0,,,0,5.29,1
305.0,2,-662.5,425.0,68.0,83.9,ACTIVE,RELAY,H1,1,1,1,3,4,0,0.26,0
305.0,3,-787.5,-425.0,76.0,87.14,ACTIVE,RELAY,H1,1,1,1,1,0,0,0.17,0
305.0,4,-725.0,-0.0,84.0,83.94,ACTIVE,RELAY,H1,1,1,1,2,3,0,0.02,0
305.0,5,-562.5,-587.5,0.3,93.48,FAILED,RELAY,P4,0,1,0,,,0,155.5,1
306.0,1,-613.9,754.0,60.0,83.47,ACTIVE,SURVEY,H1,0,1,0,,,0,6.32,1
306.0,2,-662.5,425.0,68.0,83.84,ACTIVE,RELAY,H1,1,1,1,3,4,0,0.24,0
306.0,3,-787.5,-425.0,76.0,87.09,ACTIVE,RELAY,H1,1,1,1,1,0,0,0.17,0
306.0,4,-725.0,-0.0,84.0,83.89,ACTIVE,RELAY,H1,1,1,1,2,3,0,0.09,0
306.0,5,-562.5,-587.5,0.3,93.48,FAILED,RELAY,P4,0,1,0,,,0,156.52,1
307.0,1,-615.9,739.8,60.0,83.41,ACTIVE,SURVEY,H1,0,1,0,,,0,7.28,1
307.0,2,-662.5,425.0,68.0,83.8,ACTIVE,RELAY,H1,1,1,1,3,4,0,0.19,0
307.0,3,-787.5,-425.0,76.0,87.04,ACTIVE,RELAY,H1,1,1,1,1,0,0,0.17,0
307.0,4,-725.0,-0.0,84.0,83.84,ACTIVE,RELAY,H1,1,1,1,2,3,0,0.02,0
307.0,5,-562.5,-587.5,0.3,93.48,FAILED,RELAY,P4,0,1,0,,,0,157.48,1
308.0,1,-618.1,724.6,60.0,83.36,ACTIVE,SURVEY,H1,0,1,0,,,0,8.3,1
308.0,2,-662.5,425.0,68.0,83.75,ACTIVE,RELAY,H1,1,1,1,3,4,0,0.26,0
308.0,3,-787.5,-425.0,76.0,86.99,ACTIVE,RELAY,H1,1,1,1,1,0,0,0.17,0
308.0,4,-725.0,-0.0,84.0,83.79,ACTIVE,RELAY,H1,1,1,1,2,3,0,0.09,0
308.0,5,-562.5,-587.5,0.3,93.48,FAILED,RELAY,P4,0,1,0,,,0,158.51,1
309.1,1,-620.3,709.4,60.0,83.3,ACTIVE,SURVEY,H1,0,1,0,,,0,9.32,1
309.1,2,-662.5,425.0,68.0,83.69,ACTIVE,RELAY,H1,1,1,1,3,4,0,0.26,0
309.1,3,-787.5,-425.0,76.0,86.94,ACTIVE,RELAY,H1,1,1,1,1,0,0,0.17,0
309.1,4,-725.0,-0.0,84.0,83.74,ACTIVE,RELAY,H1,1,1,1,2,3,0,0.09,0
309.1,5,-562.5,-587.5,0.3,93.48,FAILED,RELAY,P4,0,1,0,,,0,159.53,1
310.0,1,-622.3,695.1,60.0,83.25,ACTIVE,SURVEY,H1,0,1,0,,,0,10.28,1
310.0,2,-662.5,425.0,68.0,83.65,ACTIVE,RELAY,H1,1,1,1,3,4,0,0.17,0
310.0,3,-787.5,-425.0,76.0,86.89,ACTIVE,RELAY,H1,1,1,1,1,0,0,0.15,0
310.0,4,-725.0,-0.0,84.0,83.69,ACTIVE,RELAY,H1,1,1,1,2,3,0,0.02,0
310.0,5,-562.5,-587.5,0.3,93.48,FAILED,RELAY,P4,0,1,0,,,0,160.49,1
311.0,1,-624.5,679.9,60.0,83.19,ACTIVE,SURVEY,H1,0,1,0,,,0,11.31,1
311.0,2,-662.5,425.0,68.0,83.6,ACTIVE,RELAY,H1,1,1,1,3,4,0,0.26,0
311.0,3,-787.5,-425.0,76.0,86.84,ACTIVE,RELAY,H1,1,1,1,1,0,0,0.17,0
311.0,4,-725.0,-0.0,84.0,83.64,ACTIVE,RELAY,H1,1,1,1,2,3,0,0.09,0
311.0,5,-562.5,-587.5,0.3,93.48,FAILED,RELAY,P4,0,1,0,,,0,161.51,1
312.1,1,-626.7,664.7,60.0,83.14,ACTIVE,SURVEY,H1,0,1,0,,,0,12.33,1
312.1,2,-662.5,425.0,68.0,83.54,ACTIVE,RELAY,H1,1,1,1,3,4,0,0.24,0
312.1,3,-787.5,-425.0,76.0,86.79,ACTIVE,RELAY,H1,1,1,1,1,0,0,0.23,0
312.1,4,-725.0,-0.0,84.0,83.59,ACTIVE,RELAY,H1,1,1,1,2,3,0,0.09,0
312.1,5,-562.5,-587.5,0.3,93.48,FAILED,RELAY,P4,0,1,0,,,0,162.54,1
313.0,1,-628.7,650.5,60.0,83.08,ACTIVE,SURVEY,H1,0,1,0,,,0,13.29,1
313.0,2,-662.5,425.0,68.0,83.5,ACTIVE,RELAY,H1,1,1,1,3,4,0,0.26,0
313.0,3,-787.5,-425.0,76.0,86.74,ACTIVE,RELAY,H1,1,1,1,1,0,0,0.17,0
313.0,4,-725.0,-0.0,84.0,83.54,ACTIVE,RELAY,H1,1,1,1,2,3,0,0.02,0
313.0,5,-562.5,-587.5,0.3,93.48,FAILED,RELAY,P4,0,1,0,,,0,163.5,1
314.0,1,-630.9,635.3,60.0,83.03,ACTIVE,SURVEY,H1,0,1,0,,,0,14.32,1
314.0,2,-662.5,425.0,68.0,83.44,ACTIVE,RELAY,H1,1,1,1,3,4,0,0.26,0
314.0,3,-787.5,-425.0,76.0,86.69,ACTIVE,RELAY,H1,1,1,1,1,0,0,0.15,0
314.0,4,-725.0,-0.0,84.0,83.49,ACTIVE,RELAY,H1,1,1,1,2,3,0,0.09,0
314.0,5,-562.5,-587.5,0.3,93.48,FAILED,RELAY,P4,0,1,0,,,0,164.52,1
315.0,1,-632.9,621.0,60.0,82.97,ACTIVE,SURVEY,H1,0,1,0,,,0,15.28,1
315.0,2,-662.5,425.0,68.0,83.4,ACTIVE,RELAY,H1,1,1,1,3,4,0,0.19,0
315.0,3,-787.5,-425.0,76.0,86.64,ACTIVE,RELAY,H1,1,1,1,1,0,0,0.17,0
315.0,4,-725.0,-0.0,84.0,83.44,ACTIVE,RELAY,H1,1,1,1,2,3,0,0.0,0
315.0,5,-562.5,-587.5,0.3,93.48,FAILED,RELAY,P4,0,1,0,,,0,165.48,1
316.0,1,-635.1,605.8,60.0,82.92,ACTIVE,SURVEY,H1,0,1,0,,,0,16.3,1
316.0,2,-662.5,425.0,68.0,83.35,ACTIVE,RELAY,H1,1,1,1,3,4,0,0.26,0
316.0,3,-787.5,-425.0,76.0,86.59,ACTIVE,RELAY,H1,1,1,1,1,0,0,0.17,0
316.0,4,-725.0,-0.0,84.0,83.39,ACTIVE,RELAY,H1,1,1,1,2,3,0,0.09,0
316.0,5,-562.5,-587.5,0.3,93.48,FAILED,RELAY,P4,0,1,0,,,0,166.51,1
317.1,1,-637.3,590.6,60.0,82.86,ACTIVE,SURVEY,H1,0,1,0,,,0,17.32,1
317.1,2,-662.5,425.0,68.0,83.29,ACTIVE,RELAY,H1,1,1,1,3,4,0,0.26,0
317.1,3,-787.5,-425.0,76.0,86.54,ACTIVE,RELAY,H1,1,1,1,1,0,0,0.17,0
317.1,4,-725.0,-0.0,84.0,83.34,ACTIVE,RELAY,H1,1,1,1,2,3,0,0.09,0
317.1,5,-562.5,-587.5,0.3,93.48,FAILED,RELAY,P4,0,1,0,,,0,167.53,1
318.0,1,-639.3,576.3,60.0,82.81,ACTIVE,SURVEY,H1,0,1,0,,,0,18.28,1
318.0,2,-662.5,425.0,68.0,83.25,ACTIVE,RELAY,H1,1,1,1,3,4,0,0.19,0
318.0,3,-787.5,-425.0,76.0,86.49,ACTIVE,RELAY,H1,1,1,1,1,0,0,0.17,0
318.0,4,-725.0,-0.0,84.0,83.29,ACTIVE,RELAY,H1,1,1,1,2,3,0,0.02,0
318.0,5,-562.5,-587.5,0.3,93.48,FAILED,RELAY,P4,0,1,0,,,0,168.49,1
319.0,1,-641.5,561.1,60.0,82.75,ACTIVE,SURVEY,H1,0,1,0,,,0,19.31,1
319.0,2,-662.5,425.0,68.0,83.2,ACTIVE,RELAY,H1,1,1,1,3,4,0,0.22,0
319.0,3,-787.5,-425.0,76.0,86.44,ACTIVE,RELAY,H1,1,1,1,1,0,0,0.17,0
319.0,4,-725.0,-0.0,84.0,83.24,ACTIVE,RELAY,H1,1,1,1,2,3,0,0.09,0
319.0,5,-562.5,-587.5,0.3,93.48,FAILED,RELAY,P4,0,1,0,,,0,169.51,1
320.0,1,-643.5,546.9,60.0,82.7,ACTIVE,SURVEY,H1,0,1,0,,,0,20.27,1
320.0,2,-662.5,425.0,68.0,83.15,ACTIVE,RELAY,H1,1,1,1,3,4,0,0.19,0
320.0,3,-787.5,-425.0,76.0,86.39,ACTIVE,RELAY,H1,1,1,1,1,0,0,0.17,0
320.0,4,-725.0,-0.0,84.0,83.19,ACTIVE,RELAY,H1,1,1,1,2,3,0,0.02,0
320.0,5,-562.5,-587.5,0.3,93.48,FAILED,RELAY,P4,0,1,0,,,0,170.47,1
321.0,1,-645.7,531.7,60.0,82.64,ACTIVE,SURVEY,H1,0,1,0,,,0,21.29,1
321.0,2,-662.5,425.0,68.0,83.1,ACTIVE,RELAY,H1,1,1,1,3,4,0,0.24,0
321.0,3,-787.5,-425.0,76.0,86.34,ACTIVE,RELAY,H1,1,1,1,1,0,0,0.17,0
321.0,4,-725.0,-0.0,84.0,83.14,ACTIVE,RELAY,H1,1,1,1,2,3,0,0.02,0
321.0,5,-562.5,-587.5,0.3,93.48,FAILED,RELAY,P4,0,1,0,,,0,171.5,1
322.0,1,-647.9,516.5,60.0,82.59,ACTIVE,SURVEY,H1,0,1,0,,,0,22.32,1
322.0,2,-662.5,425.0,68.0,83.04,ACTIVE,RELAY,H1,1,1,1,3,4,0,0.26,0
322.0,3,-787.5,-425.0,76.0,86.29,ACTIVE,RELAY,H1,1,1,1,1,0,0,0.17,0
322.0,4,-725.0,-0.0,84.0,83.09,ACTIVE,RELAY,H1,1,1,1,2,3,0,0.07,0
322.0,5,-562.5,-587.5,0.3,93.48,FAILED,RELAY,P4,0,1,0,,,0,172.52,1
323.0,1,-649.9,502.2,60.0,82.53,ACTIVE,SURVEY,H1,0,1,0,,,0,23.28,1
323.0,2,-662.5,425.0,68.0,83.0,ACTIVE,RELAY,H1,1,1,1,3,4,0,0.17,0
323.0,3,-787.5,-425.0,76.0,86.24,ACTIVE,RELAY,H1,1,1,1,1,0,0,0.17,0
323.0,4,-725.0,-0.0,84.0,83.04,ACTIVE,RELAY,H1,1,1,1,2,3,0,0.02,0
323.0,5,-562.5,-587.5,0.3,93.48,FAILED,RELAY,P4,0,1,0,,,0,173.48,1
324.0,1,-652.1,487.0,60.0,82.48,ACTIVE,SURVEY,H1,0,1,0,,,0,24.3,1
324.0,2,-662.5,425.0,68.0,82.95,ACTIVE,RELAY,H1,1,1,1,3,4,0,0.26,0
324.0,3,-787.5,-425.0,76.0,86.19,ACTIVE,RELAY,H1,1,1,1,1,0,0,0.17,0
324.0,4,-725.0,-0.0,84.0,82.99,ACTIVE,RELAY,H1,1,1,1,2,3,0,0.09,0
324.0,5,-562.5,-587.5,0.3,93.48,FAILED,RELAY,P4,0,1,0,,,0,174.51,1
325.1,1,-654.2,471.8,60.0,82.42,ACTIVE,SURVEY,H1,0,1,0,,,0,25.32,1
325.1,2,-662.5,425.0,68.0,82.89,ACTIVE,RELAY,H1,1,1,1,3,4,0,0.26,0
325.1,3,-787.5,-425.0,76.0,86.14,ACTIVE,RELAY,H1,1,1,1,1,0,0,0.21,0
325.1,4,-725.0,-0.0,84.0,82.94,ACTIVE,RELAY,H1,1,1,1,2,3,0,0.09,0
325.1,5,-562.5,-587.5,0.3,93.48,FAILED,RELAY,P4,0,1,0,,,0,175.53,1
326.0,1,-656.3,457.5,60.0,82.37,ACTIVE,SURVEY,H1,0,1,0,,,0,26.28,1
326.0,2,-662.5,425.0,68.0,82.85,ACTIVE,RELAY,H1,1,1,1,3,4,0,0.19,0
326.0,3,-787.5,-425.0,76.0,86.09,ACTIVE,RELAY,H1,1,1,1,1,0,0,0.17,0
326.0,4,-725.0,-0.0,84.0,82.89,ACTIVE,RELAY,H1,1,1,1,2,3,0,0.02,0
326.0,5,-562.5,-587.5,0.3,93.48,FAILED,RELAY,P4,0,1,0,,,0,176.49,1
327.0,1,-658.5,442.3,60.0,82.31,ACTIVE,SURVEY,H1,0,1,0,,,0,27.31,1
327.0,2,-662.5,425.0,68.0,82.8,ACTIVE,RELAY,H1,1,1,1,3,4,0,0.24,0
327.0,3,-787.5,-425.0,76.0,86.04,ACTIVE,RELAY,H1,1,1,1,1,0,0,0.17,0
327.0,4,-725.0,-0.0,84.0,82.84,ACTIVE,RELAY,H1,1,1,1,2,3,0,0.09,0
327.0,5,-562.5,-587.5,0.3,93.48,FAILED,RELAY,P4,0,1,0,,,0,177.51,1
328.0,1,-660.5,428.1,60.0,82.26,ACTIVE,SURVEY,H1,0,1,0,,,0,28.27,1
328.0,2,-662.5,425.0,68.0,82.75,ACTIVE,RELAY,H1,1,1,1,3,4,0,0.19,0
328.0,3,-787.5,-425.0,76.0,85.99,ACTIVE,RELAY,H1,1,1,1,1,0,0,0.17,0
328.0,4,-725.0,-0.0,84.0,82.79,ACTIVE,RELAY,H1,1,1,1,2,3,0,0.02,0
328.0,5,-562.5,-587.5,0.3,93.48,FAILED,RELAY,P4,0,1,0,,,0,178.47,1
329.0,1,-662.7,412.9,60.0,82.2,ACTIVE,SURVEY,H1,0,1,0,,,0,29.29,1
329.0,2,-662.5,425.0,68.0,82.7,ACTIVE,RELAY,H1,1,1,1,3,4,0,0.26,0
329.0,3,-787.5,-425.0,76.0,85.94,ACTIVE,RELAY,H1,1,1,1,1,0,0,0.17,0
329.0,4,-725.0,-0.0,84.0,82.74,ACTIVE,RELAY,H1,1,1,1,2,3,0,0.02,0
329.0,5,-562.5,-587.5,0.3,93.48,FAILED,RELAY,P4,0,1,0,,,0,179.5,1
330.0,1,-664.8,397.7,60.0,82.15,ACTIVE,SURVEY,H1,0,1,0,,,0,30.32,1
330.0,2,-662.5,425.0,68.0,82.64,ACTIVE,RELAY,H1,1,1,1,3,4,0,0.26,0
330.0,3,-787.5,-425.0,76.0,85.89,ACTIVE,RELAY,H1,1,1,1,1,0,0,0.15,0
330.0,4,-725.0,-0.0,84.0,82.69,ACTIVE,RELAY,H1,1,1,1,2,3,0,0.09,0
330.0,5,-562.5,-587.5,0.3,93.48,FAILED,RELAY,P4,0,1,0,,,0,180.52,1
331.0,1,-666.9,383.4,60.0,82.09,ACTIVE,SURVEY,H1,0,1,0,,,0,31.28,1
331.0,2,-662.5,425.0,68.0,82.6,ACTIVE,RELAY,H1,1,1,1,3,4,0,0.19,0
331.0,3,-787.5,-425.0,76.0,85.84,ACTIVE,RELAY,H1,1,1,1,1,0,0,0.17,0
331.0,4,-725.0,-0.0,84.0,82.64,ACTIVE,RELAY,H1,1,1,1,2,3,0,0.02,0
331.0,5,-562.5,-587.5,0.3,93.48,FAILED,RELAY,P4,0,1,0,,,0,181.48,1
332.0,1,-669.1,368.2,60.0,82.04,ACTIVE,SURVEY,H1,0,1,0,,,0,32.3,1
332.0,2,-662.5,425.0,68.0,82.55,ACTIVE,RELAY,H1,1,1,1,3,4,0,0.26,0
332.0,3,-787.5,-425.0,76.0,85.79,ACTIVE,RELAY,H1,1,1,1,1,0,0,0.17,0
332.0,4,-725.0,-0.0,84.0,82.59,ACTIVE,RELAY,H1,1,1,1,2,3,0,0.09,0
332.0,5,-562.5,-587.5,0.3,93.48,FAILED,RELAY,P4,0,1,0,,,0,182.51,1
333.1,1,-671.2,353.0,60.0,81.98,ACTIVE,SURVEY,H1,0,1,0,,,0,33.32,1
333.1,2,-662.5,425.0,68.0,82.49,ACTIVE,RELAY,H1,1,1,1,3,4,0,0.24,0
333.1,3,-787.5,-425.0,76.0,85.74,ACTIVE,RELAY,H1,1,1,1,1,0,0,0.23,0
333.1,4,-725.0,-0.0,84.0,82.54,ACTIVE,RELAY,H1,1,1,1,2,3,0,0.09,0
333.1,5,-562.5,-587.5,0.3,93.48,FAILED,RELAY,P4,0,1,0,,,0,183.53,1
334.0,1,-673.3,338.7,60.0,81.93,ACTIVE,SURVEY,H1,0,1,0,,,0,34.28,1
334.0,2,-662.5,425.0,68.0,82.45,ACTIVE,RELAY,H1,1,1,1,3,4,0,0.19,0
334.0,3,-787.5,-425.0,76.0,85.69,ACTIVE,RELAY,H1,1,1,1,1,0,0,0.17,0
334.0,4,-725.0,-0.0,84.0,82.49,ACTIVE,RELAY,H1,1,1,1,2,3,0,0.02,0
334.0,5,-562.5,-587.5,0.3,93.48,FAILED,RELAY,P4,0,1,0,,,0,184.49,1
335.0,1,-675.4,323.5,60.0,81.87,ACTIVE,SURVEY,H1,0,1,0,,,0,35.31,1
335.0,2,-662.5,425.0,68.0,82.4,ACTIVE,RELAY,H1,1,1,1,3,4,0,0.26,0
335.0,3,-787.5,-425.0,76.0,85.64,ACTIVE,RELAY,H1,1,1,1,1,0,0,0.17,0
335.0,4,-725.0,-0.0,84.0,82.44,ACTIVE,RELAY,H1,1,1,1,2,3,0,0.09,0
335.0,5,-562.5,-587.5,0.3,93.48,FAILED,RELAY,P4,0,1,0,,,0,185.51,1
336.0,1,-677.5,309.3,60.0,81.82,ACTIVE,SURVEY,H1,0,1,0,,,0,36.27,1
336.0,2,-662.5,425.0,68.0,82.35,ACTIVE,RELAY,H1,1,1,1,3,4,0,0.19,0
336.0,3,-787.5,-425.0,76.0,85.59,ACTIVE,RELAY,H1,1,1,1,1,0,0,0.17,0
336.0,4,-725.0,-0.0,84.0,82.39,ACTIVE,RELAY,H1,1,1,1,2,3,0,0.0,0
336.0,5,-562.5,-587.5,0.3,93.48,FAILED,RELAY,P4,0,1,0,,,0,186.47,1
337.0,1,-679.6,294.1,60.0,81.76,ACTIVE,SURVEY,H1,0,1,0,,,0,37.29,1
337.0,2,-662.5,425.0,68.0,82.3,ACTIVE,RELAY,H1,1,1,1,3,4,0,0.26,0
337.0,3,-787.5,-425.0,76.0,85.54,ACTIVE,RELAY,H1,1,1,1,1,0,0,0.17,0
337.0,4,-725.0,-0.0,84.0,82.34,ACTIVE,RELAY,H1,1,1,1,2,3,0,0.02,0
337.0,5,-562.5,-587.5,0.3,93.48,FAILED,RELAY,P4,0,1,0,,,0,187.5,1
338.0,1,-681.8,278.9,60.0,81.71,ACTIVE,SURVEY,H1,0,1,0,,,0,38.32,1
338.0,2,-662.5,425.0,68.0,82.24,ACTIVE,RELAY,H1,1,1,1,3,4,0,0.26,0
338.0,3,-787.5,-425.0,76.0,85.49,ACTIVE,RELAY,H1,1,1,1,1,0,0,0.17,0
338.0,4,-725.0,-0.0,84.0,82.29,ACTIVE,RELAY,H1,1,1,1,2,3,0,0.09,0
338.0,5,-562.5,-587.5,0.3,93.48,FAILED,RELAY,P4,0,1,0,,,0,188.52,1
339.0,1,-683.9,264.6,60.0,81.65,ACTIVE,SURVEY,H1,0,1,0,,,0,39.28,1
339.0,2,-662.5,425.0,68.0,82.2,ACTIVE,RELAY,H1,1,1,1,3,4,0,0.19,0
339.0,3,-787.5,-425.0,76.0,85.44,ACTIVE,RELAY,H1,1,1,1,1,0,0,0.17,0
339.0,4,-725.0,-0.0,84.0,82.24,ACTIVE,RELAY,H1,1,1,1,2,3,0,0.02,0
339.0,5,-562.5,-587.5,0.3,93.48,FAILED,RELAY,P4,0,1,0,,,0,189.48,1
340.0,1,-686.0,249.4,60.0,81.6,ACTIVE,SURVEY,H1,0,1,0,,,0,40.3,1
340.0,2,-662.5,425.0,68.0,82.15,ACTIVE,RELAY,H1,1,1,1,3,4,0,0.24,0
340.0,3,-787.5,-425.0,76.0,85.39,ACTIVE,RELAY,H1,1,1,1,1,0,0,0.17,0
340.0,4,-725.0,-0.0,84.0,82.19,ACTIVE,RELAY,H1,1,1,1,2,3,0,0.09,0
340.0,5,-562.5,-587.5,0.3,93.48,FAILED,RELAY,P4,0,1,0,,,0,190.51,1
341.1,1,-688.2,234.2,60.0,81.54,ACTIVE,SURVEY,H1,0,1,0,,,0,41.32,1
341.1,2,-662.5,425.0,68.0,82.09,ACTIVE,RELAY,H1,1,1,1,3,4,0,0.26,0
341.1,3,-787.5,-425.0,76.0,85.34,ACTIVE,RELAY,H1,1,1,1,1,0,0,0.23,0
341.1,4,-725.0,-0.0,84.0,82.14,ACTIVE,RELAY,H1,1,1,1,2,3,0,0.09,0
341.1,5,-562.5,-587.5,0.3,93.48,FAILED,RELAY,P4,0,1,0,,,0,191.53,1
342.0,1,-690.2,219.9,60.0,81.49,ACTIVE,SURVEY,H1,0,1,0,,,0,42.28,1
342.0,2,-662.5,425.0,68.0,82.05,ACTIVE,RELAY,H1,1,1,1,3,4,0,0.19,0
342.0,3,-787.5,-425.0,76.0,85.29,ACTIVE,RELAY,H1,1,1,1,1,0,0,0.17,0
342.0,4,-725.0,-0.0,84.0,82.09,ACTIVE,RELAY,H1,1,1,1,2,3,0,0.0,0
342.0,5,-562.5,-587.5,0.3,93.48,FAILED,RELAY,P4,0,1,0,,,0,192.49,1
343.0,1,-692.4,204.7,60.0,81.43,ACTIVE,SURVEY,H1,0,1,0,,,0,43.31,1
343.0,2,-662.5,425.0,68.0,82.0,ACTIVE,RELAY,H1,1,1,1,3,4,0,0.26,0
343.0,3,-787.5,-425.0,76.0,85.24,ACTIVE,RELAY,H1,1,1,1,1,0,0,0.17,0
343.0,4,-725.0,-0.0,84.0,82.04,ACTIVE,RELAY,H1,1,1,1,2,3,0,0.06,0
343.0,5,-562.5,-587.5,0.3,93.48,FAILED,RELAY,P4,0,1,0,,,0,193.51,1
344.0,1,-694.4,190.5,60.0,81.38,ACTIVE,SURVEY,H1,0,1,0,,,0,44.27,1
344.0,2,-662.5,425.0,68.0,81.95,ACTIVE,RELAY,H1,1,1,1,3,4,0,0.19,0
344.0,3,-787.5,-425.0,76.0,85.19,ACTIVE,RELAY,H1,1,1,1,1,0,0,0.17,0
344.0,4,-725.0,-0.0,84.0,81.99,ACTIVE,RELAY,H1,1,1,1,2,3,0,0.02,0
344.0,5,-562.5,-587.5,0.3,93.48,FAILED,RELAY,P4,0,1,0,,,0,194.47,1
345.0,1,-696.6,175.3,60.0,81.32,ACTIVE,SURVEY,H1,0,1,0,,,0,45.29,1
345.0,2,-662.5,425.0,68.0,81.9,ACTIVE,RELAY,H1,1,1,1,3,4,0,0.26,0
345.0,3,-787.5,-425.0,76.0,85.14,ACTIVE,RELAY,H1,1,1,1,1,0,0,0.17,0
345.0,4,-725.0,-0.0,84.0,81.94,ACTIVE,RELAY,H1,1,1,1,2,3,0,0.02,0
345.0,5,-562.5,-587.5,0.3,93.48,FAILED,RELAY,P4,0,1,0,,,0,195.5,1
346.0,1,-694.4,190.5,60.0,81.27,ACTIVE,SURVEY,H1,1,1,1,3,4,0,0.26,0
346.0,2,-662.5,425.0,68.0,81.84,ACTIVE,RELAY,H1,1,1,1,3,4,0,0.24,0
346.0,3,-787.5,-425.0,76.0,85.09,ACTIVE,RELAY,H1,1,1,1,1,0,2,0.11,0
346.0,4,-725.0,-0.0,84.0,81.89,ACTIVE,RELAY,H1,1,1,1,2,3,0,0.02,0
346.0,5,-562.5,-587.5,0.3,93.48,FAILED,RELAY,P4,0,1,0,,,0,196.52,1
347.0,1,-692.4,204.7,60.0,81.21,ACTIVE,SURVEY,H1,1,1,1,3,4,0,0.19,0
347.0,2,-662.5,425.0,68.0,81.8,ACTIVE,RELAY,H1,1,1,1,3,4,0,0.64,0
347.0,3,-787.5,-425.0,76.0,85.04,ACTIVE,RELAY,H1,1,1,1,1,0,0,0.16,0
347.0,4,-725.0,-0.0,84.0,81.84,ACTIVE,RELAY,H1,1,1,1,2,3,1,0.3,0
347.0,5,-562.5,-587.5,0.3,93.48,FAILED,RELAY,P4,0,1,0,,,0,197.48,1
348.0,1,-690.2,219.9,60.0,81.16,ACTIVE,SURVEY,H1,1,1,1,3,4,1,0.29,0
348.0,2,-662.5,425.0,68.0,81.75,ACTIVE,RELAY,H1,1,1,1,3,4,0,0.13,0
348.0,3,-787.5,-425.0,76.0,84.99,ACTIVE,RELAY,H1,1,1,1,1,0,0,0.17,0
348.0,4,-725.0,-0.0,84.0,81.79,ACTIVE,RELAY,H1,1,1,1,2,3,0,0.44,0
348.0,5,-562.5,-587.5,0.3,93.48,FAILED,RELAY,P4,0,1,0,,,0,198.51,1
349.1,1,-688.1,235.2,60.0,81.1,ACTIVE,SURVEY,H1,1,1,1,3,4,0,0.38,0
349.1,2,-662.5,425.0,68.0,81.69,ACTIVE,RELAY,H1,1,1,1,3,4,0,0.66,0
349.1,3,-787.5,-425.0,76.0,84.94,ACTIVE,RELAY,H1,1,1,1,1,0,3,0.21,0
349.1,4,-725.0,-0.0,84.0,81.74,ACTIVE,RELAY,H1,1,1,1,2,3,2,0.03,0
349.1,5,-562.5,-587.5,0.3,93.48,FAILED,RELAY,P4,0,1,0,,,0,199.53,1
350.0,1,-686.0,249.4,60.0,81.05,ACTIVE,SURVEY,H1,1,1,1,3,4,0,0.14,0
350.0,2,-662.5,425.0,68.0,81.65,ACTIVE,RELAY,H1,1,1,1,3,4,0,0.12,0
350.0,3,-787.5,-425.0,76.0,84.89,ACTIVE,RELAY,H1,1,1,1,1,0,1,0.17,0
350.0,4,-725.0,-0.0,84.0,81.69,ACTIVE,RELAY,H1,1,1,1,2,3,2,0.51,0
350.0,5,-562.5,-587.5,0.3,93.48,FAILED,RELAY,P4,0,1,0,,,0,200.49,1
351.0,1,-683.9,264.6,60.0,80.99,ACTIVE,SURVEY,H1,1,1,1,3,4,0,0.08,0
351.0,2,-662.5,425.0,68.0,81.6,ACTIVE,RELAY,H1,1,1,1,3,4,0,0.02,0
351.0,3,-787.5,-425.0,76.0,84.84,ACTIVE,RELAY,H1,1,1,1,1,0,3,0.17,0
351.0,4,-725.0,-0.0,84.0,81.64,ACTIVE,RELAY,H1,1,1,1,2,3,2,0.54,0
351.0,5,-562.5,-587.5,0.3,93.48,FAILED,RELAY,P4,0,1,0,,,0,201.51,1
352.0,1,-681.8,278.9,60.0,80.94,ACTIVE,SURVEY,H1,1,1,1,3,4,1,0.25,0
352.0,2,-662.5,425.0,68.0,81.55,ACTIVE,RELAY,H1,1,1,1,3,4,0,0.14,0
352.0,3,-787.5,-425.0,76.0,84.79,ACTIVE,RELAY,H1,1,1,1,1,0,0,0.17,0
352.0,4,-725.0,-0.0,84.0,81.59,ACTIVE,RELAY,H1,1,1,1,2,3,3,0.51,0
352.0,5,-562.5,-587.5,0.3,93.48,FAILED,RELAY,P4,0,1,0,,,0,202.47,1
353.0,1,-679.6,294.1,60.0,80.88,ACTIVE,SURVEY,H1,1,1,1,3,4,0,0.31,0
353.0,2,-662.5,425.0,68.0,81.5,ACTIVE,RELAY,H1,1,1,1,3,4,0,0.7,0
353.0,3,-787.5,-425.0,76.0,84.74,ACTIVE,RELAY,H1,1,1,1,1,0,0,0.17,0
353.0,4,-725.0,-0.0,84.0,81.54,ACTIVE,RELAY,H1,1,1,1,2,3,2,0.41,0
353.0,5,-562.5,-587.5,0.3,93.48,FAILED,RELAY,P4,0,1,0,,,0,203.5,1
354.0,1,-677.5,309.3,60.0,80.83,ACTIVE,SURVEY,H1,1,1,1,3,4,2,0.3,0
354.0,2,-662.5,425.0,68.0,81.44,ACTIVE,RELAY,H1,1,1,1,3,4,0,0.05,0
354.0,3,-787.5,-425.0,76.0,84.69,ACTIVE,RELAY,H1,1,1,1,1,0,0,0.12,0
354.0,4,-725.0,-0.0,84.0,81.49,ACTIVE,RELAY,H1,1,1,1,2,3,2,0.49,0
354.0,5,-562.5,-587.5,0.3,93.48,FAILED,RELAY,P4,0,1,0,,,0,204.52,1
355.0,1,-675.4,323.5,60.0,80.77,ACTIVE,SURVEY,H1,1,1,1,3,4,0,0.31,0
355.0,2,-662.5,425.0,68.0,81.4,ACTIVE,RELAY,H1,1,1,1,3,4,0,0.56,0
355.0,3,-787.5,-425.0,76.0,84.64,ACTIVE,RELAY,H1,1,1,1,1,0,0,0.13,0
355.0,4,-725.0,-0.0,84.0,81.44,ACTIVE,RELAY,H1,1,1,1,2,3,2,0.0,0
355.0,5,-562.5,-587.5,0.3,93.48,FAILED,RELAY,P4,0,1,0,,,0,205.48,1
356.0,1,-673.4,337.8,60.0,80.72,ACTIVE,SURVEY,H1,1,1,1,3,4,0,0.27,0
356.0,2,-662.5,425.0,68.0,81.35,ACTIVE,RELAY,H1,1,1,1,3,4,0,0.19,0
356.0,3,-787.5,-425.0,76.0,84.59,ACTIVE,RELAY,H1,1,1,1,1,0,0,0.17,0
356.0,4,-725.0,-0.0,84.0,81.39,ACTIVE,RELAY,H1,1,1,1,2,3,0,0.08,0
356.0,5,-562.5,-587.5,0.3,93.48,FAILED,RELAY,P4,0,1,0,,,0,206.51,1
357.1,1,-661.0,336.8,60.0,80.66,ACTIVE,RELAY,P5,1,1,1,3,4,0,0.39,0
357.1,2,-652.2,430.2,68.0,81.29,ACTIVE,SURVEY,P5,1,1,1,3,4,0,0.26,0
357.1,3,-777.6,-428.7,76.0,84.53,ACTIVE,RELAY,P5,1,1,1,1,0,0,0.23,0
357.1,4,-717.8,-2.7,84.0,81.34,ACTIVE,RELAY,P5,1,1,1,2,3,0,0.09,0
357.1,5,-562.5,-587.5,0.3,93.48,FAILED,RELAY,P4,0,1,0,,,0,207.53,1
358.0,1,-646.6,335.6,60.0,80.61,ACTIVE,RELAY,P5,1,1,1,3,4,0,0.32,0
358.0,2,-639.4,436.8,68.0,81.24,ACTIVE,SURVEY,P5,1,1,1,3,4,0,0.19,0
358.0,3,-764.1,-433.8,76.0,84.48,ACTIVE,RELAY,P5,1,1,1,1,0,0,0.17,0
358.0,4,-704.3,-7.8,84.0,81.28,ACTIVE,RELAY,P5,1,1,1,2,3,0,0.02,0
358.0,5,-562.5,-587.5,0.3,93.48,FAILED,RELAY,P4,0,1,0,,,0,208.49,1
359.0,1,-631.3,334.4,60.0,80.55,ACTIVE,RELAY,P5,1,1,1,3,4,0,0.3,0
359.0,2,-625.7,443.7,68.0,81.18,ACTIVE,SURVEY,P5,1,1,1,3,4,0,0.26,0
359.0,3,-749.7,-439.2,76.0,84.42,ACTIVE,RELAY,P5,1,1,1,1,0,0,0.17,0
359.0,4,-689.9,-13.1,84.0,81.23,ACTIVE,RELAY,P5,1,1,1,2,3,0,0.09,0
359.0,5,-562.5,-587.5,0.3,93.48,FAILED,RELAY,P4,0,1,0,,,0,209.51,1
360.0,1,-616.9,333.2,60.0,80.5,ACTIVE,RELAY,P5,1,1,1,3,4,0,0.3,0
360.0,2,-612.9,450.3,68.0,81.13,ACTIVE,SURVEY,P5,1,1,1,3,4,0,0.19,0
360.0,3,-736.3,-444.2,76.0,32.37,ACTIVE,RELAY,P5,1,1,1,1,0,0,0.17,0
360.0,4,-676.5,-18.2,84.0,81.17,ACTIVE,RELAY,P5,1,1,1,2,3,0,0.02,0
360.0,5,-562.5,-587.5,0.3,93.48,FAILED,RELAY,P4,0,1,0,,,0,210.47,1
361.0,1,-601.6,332.0,60.0,80.44,ACTIVE,RELAY,P5,1,1,1,3,4,0,0.32,0
361.0,2,-599.2,457.2,68.0,81.07,ACTIVE,SURVEY,P5,1,1,1,3,4,0,0.26,0
361.0,3,-721.9,-449.6,76.0,32.31,ACTIVE,RELAY,P5,1,1,1,1,0,0,0.17,0
361.0,4,-662.1,-23.6,84.0,81.12,ACTIVE,RELAY,P5,1,1,1,2,3,0,0.02,0
361.0,5,-562.5,-587.5,0.3,93.48,FAILED,RELAY,P4,0,1,0,,,0,211.5,1
362.0,1,-586.3,330.7,60.0,80.39,ACTIVE,RELAY,P5,1,1,1,3,4,0,0.39,0
362.0,2,-585.5,464.2,68.0,81.02,ACTIVE,SURVEY,P5,1,1,1,3,4,0,0.26,0
362.0,3,-707.5,-455.0,76.0,32.26,ACTIVE,RELAY,P5,1,1,1,1,0,0,0.17,0
362.0,4,-647.7,-29.0,84.0,81.06,ACTIVE,RELAY,P5,1,1,1,2,3,0,0.09,0
362.0,5,-562.5,-587.5,0.3,93.48,FAILED,RELAY,P4,0,1,0,,,0,212.52,1
363.0,1,-572.0,329.5,60.0,80.34,ACTIVE,RELAY,P5,1,1,1,3,4,0,0.3,0
363.0,2,-572.7,470.7,68.0,80.96,ACTIVE,SURVEY,P5,1,1,1,3,4,0,0.19,0
363.0,3,-694.0,-460.1,76.0,32.21,ACTIVE,RELAY,P5,1,1,1,1,0,0,0.17,0
363.0,4,-634.2,-34.0,84.0,81.01,ACTIVE,RELAY,P5,1,1,1,2,3,0,0.02,0
363.0,5,-562.5,-587.5,0.3,93.48,FAILED,RELAY,P4,0,1,0,,,0,213.48,1
364.0,1,-556.7,328.3,60.0,80.28,ACTIVE,RELAY,P5,1,1,1,3,4,0,0.32,0
364.0,2,-559.0,477.7,68.0,80.91,ACTIVE,SURVEY,P5,1,1,1,3,4,0,0.26,0
364.0,3,-687.5,-462.5,76.0,32.15,ACTIVE,RELAY,P5,1,1,1,1,0,0,0.17,0
364.0,4,-619.8,-39.4,84.0,80.95,ACTIVE,RELAY,P5,1,1,1,2,3,0,0.09,0
364.0,5,-562.5,-587.5,0.3,93.48,FAILED,RELAY,P4,0,1,0,,,0,214.51,1
365.1,1,-541.4,327.1,60.0,80.22,ACTIVE,RELAY,P5,1,1,1,3,4,0,0.39,0
365.1,2,-545.3,484.7,68.0,80.85,ACTIVE,SURVEY,P5,1,1,1,3,4,0,0.24,0
365.1,3,-687.5,-462.5,76.0,32.1,ACTIVE,RELAY,P5,1,1,1,1,0,0,0.23,0
365.1,4,-605.4,-44.8,84.0,80.9,ACTIVE,RELAY,P5,1,1,1,2,3,0,0.09,0
365.1,5,-562.5,-587.5,0.3,93.48,FAILED,RELAY,P4,0,1,0,,,0,215.53,1
366.0,1,-527.0,325.9,60.0,80.17,ACTIVE,RELAY,P5,1,1,1,3,4,0,0.32,0
366.0,2,-532.5,491.2,68.0,80.8,ACTIVE,SURVEY,P5,1,1,1,3,4,0,0.19,0
366.0,3,-687.5,-462.5,76.0,32.05,ACTIVE,RELAY,P5,1,1,1,1,0,0,0.17,0
366.0,4,-592.0,-49.9,84.0,80.84,ACTIVE,RELAY,P5,1,1,1,2,3,0,0.02,0
366.0,5,-562.5,-587.5,0.3,93.48,FAILED,RELAY,P4,0,1,0,,,0,216.49,1
367.0,1,-511.7,324.6,60.0,80.11,ACTIVE,RELAY,P5,1,1,1,3,4,0,0.32,0
367.0,2,-518.8,498.2,68.0,80.74,ACTIVE,SURVEY,P5,1,1,1,3,4,0,0.24,0
367.0,3,-687.5,-462.5,76.0,32.0,ACTIVE,RELAY,P5,1,1,1,1,0,0,0.17,0
367.0,4,-577.6,-55.3,84.0,80.79,ACTIVE,RELAY,P5,1,1,1,2,3,0,0.07,0
367.0,5,-562.5,-587.5,0.3,93.48,FAILED,RELAY,P4,0,1,0,,,0,217.51,1
368.0,1,-497.3,323.5,60.0,80.06,ACTIVE,RELAY,P5,1,1,1,3,4,0,0.32,0
368.0,2,-506.0,504.7,68.0,80.69,ACTIVE,SURVEY,P5,1,1,1,3,4,0,0.15,0
368.0,3,-687.5,-462.5,76.0,31.95,ACTIVE,RELAY,P5,1,1,1,1,0,0,0.17,0
368.0,4,-564.1,-60.3,84.0,80.73,ACTIVE,RELAY,P5,1,1,1,2,3,0,0.02,0
368.0,5,-562.5,-587.5,0.3,93.48,FAILED,RELAY,P4,0,1,0,,,0,218.47,1
369.0,1,-482.0,322.2,60.0,80.0,ACTIVE,RELAY,P5,1,1,1,3,4,0,0.32,0
369.0,2,-492.3,511.7,68.0,80.63,ACTIVE,SURVEY,P5,1,1,1,3,4,0,0.26,0
369.0,3,-687.5,-462.5,76.0,31.9,ACTIVE,RELAY,P5,1,1,1,1,0,0,0.17,0
369.0,4,-549.7,-65.7,84.0,80.68,ACTIVE,RELAY,P5,1,1,1,2,3,0,0.0,0
369.0,5,-562.5,-587.5,0.3,93.48,FAILED,RELAY,P4,0,1,0,,,0,219.5,1
370.0,1,-466.7,321.0,60.0,79.95,ACTIVE,RELAY,P5,1,1,1,3,4,0,0.39,0
370.0,2,-478.6,518.7,68.0,80.58,ACTIVE,SURVEY,P5,1,1,1,3,4,0,0.26,0
370.0,3,-687.5,-462.5,76.0,31.85,ACTIVE,RELAY,P5,1,1,1,1,0,0,0.17,0
370.0,4,-535.3,-71.1,84.0,80.62,ACTIVE,RELAY,P5,1,1,1,2,3,0,0.09,0
370.0,5,-562.5,-587.5,0.3,93.48,FAILED,RELAY,P4,0,1,0,,,0,220.52,1
371.0,1,-452.4,319.8,60.0,79.9,ACTIVE,RELAY,P5,1,1,1,3,4,0,0.32,0
371.0,2,-465.7,525.2,68.0,80.52,ACTIVE,SURVEY,P5,1,1,1,4,1,0,0.14,0
371.0,3,-687.5,-462.5,76.0,31.8,ACTIVE,RELAY,P5,1,1,1,1,0,0,0.17,0
371.0,4,-525.0,-75.0,84.0,80.57,ACTIVE,RELAY,P5,1,1,1,2,3,0,0.02,0
371.0,5,-562.5,-587.5,0.3,93.48,FAILED,RELAY,P4,0,1,0,,,0,221.48,1
372.0,1,-437.1,318.6,60.0,79.84,ACTIVE,RELAY,P5,1,1,1,3,4,0,0.32,0
372.0,2,-452.1,532.2,68.0,80.47,ACTIVE,SURVEY,P5,1,1,1,4,1,0,0.24,0
372.0,3,-687.5,-462.5,76.0,31.75,ACTIVE,RELAY,P5,1,1,1,1,0,0,0.17,0
372.0,4,-525.0,-75.0,84.0,80.52,ACTIVE,RELAY,P5,1,1,1,2,3,0,0.09,0
372.0,5,-562.5,-587.5,0.3,93.48,FAILED,RELAY,P4,0,1,0,,,0,222.51,1
373.1,1,-421.7,317.3,60.0,79.78,ACTIVE,RELAY,P5,1,1,1,3,4,0,0.39,0
373.1,2,-438.4,539.1,68.0,80.41,ACTIVE,SURVEY,P5,1,1,1,4,1,0,0.24,0
373.1,3,-687.5,-462.5,76.0,31.7,ACTIVE,RELAY,P5,1,1,1,1,0,0,0.23,0
373.1,4,-525.0,-75.0,84.0,80.47,ACTIVE,RELAY,P5,1,1,1,2,3,0,0.08,0
373.1,5,-562.5,-587.5,0.3,93.48,FAILED,RELAY,P4,0,1,0,,,0,223.53,1
374.0,1,-407.4,316.2,60.0,79.73,ACTIVE,RELAY,P5,1,1,1,3,4,0,0.32,0
374.0,2,-425.5,545.7,68.0,80.36,ACTIVE,SURVEY,P5,1,1,1,4,1,0,0.17,0
374.0,3,-687.5,-462.5,76.0,31.65,ACTIVE,RELAY,P5,1,1,1,1,0,0,0.17,0
374.0,4,-525.0,-75.0,84.0,80.42,ACTIVE,RELAY,P5,1,1,1,2,3,0,0.02,0
374.0,5,-562.5,-587.5,0.3,93.48,FAILED,RELAY,P4,0,1,0,,,0,224.49,1
375.0,1,-392.1,314.9,60.0,79.67,ACTIVE,RELAY,P5,1,1,1,3,4,0,0.32,0
375.0,2,-411.9,552.7,68.0,80.3,ACTIVE,SURVEY,P5,1,1,1,4,1,0,0.24,0
375.0,3,-687.5,-462.5,76.0,31.6,ACTIVE,RELAY,P5,1,1,1,1,0,0,0.17,0
375.0,4,-525.0,-75.0,84.0,80.37,ACTIVE,RELAY,P5,1,1,1,2,3,0,0.05,0
375.0,5,-562.5,-587.5,0.3,93.48,FAILED,RELAY,P4,0,1,0,,,0,225.51,1
376.0,1,-377.7,313.7,60.0,79.62,ACTIVE,RELAY,P5,1,1,1,3,4,0,0.32,0
376.0,2,-399.0,559.2,68.0,80.25,ACTIVE,SURVEY,P5,1,1,1,4,1,0,0.17,0
376.0,3,-687.5,-462.5,76.0,31.55,ACTIVE,RELAY,P5,1,1,1,1,0,0,0.17,0
376.0,4,-525.0,-75.0,84.0,80.32,ACTIVE,RELAY,P5,1,1,1,2,3,0,0.02,0
376.0,5,-562.5,-587.5,0.3,93.48,FAILED,RELAY,P4,0,1,0,,,0,226.47,1
377.0,1,-362.5,312.5,60.0,79.56,ACTIVE,RELAY,P5,1,1,1,3,4,0,0.32,0
377.0,2,-385.3,566.2,68.0,80.19,ACTIVE,SURVEY,P5,1,1,1,4,1,0,0.24,0
377.0,3,-687.5,-462.5,76.0,31.5,ACTIVE,RELAY,P5,1,1,1,1,0,0,0.17,0
377.0,4,-525.0,-75.0,84.0,80.27,ACTIVE,RELAY,P5,1,1,1,2,3,0,0.02,0
377.0,5,-562.5,-587.5,0.3,93.48,FAILED,RELAY,P4,0,1,0,,,0,227.5,1
378.0,1,-362.5,312.5,60.0,79.51,ACTIVE,RELAY,P5,1,1,1,3,4,0,0.39,0
378.0,2,-371.6,573.1,68.0,80.14,ACTIVE,SURVEY,P5,1,1,1,4,1,0,0.24,0
378.0,3,-687.5,-462.5,76.0,31.45,ACTIVE,RELAY,P5,1,1,1,1,0,0,0.17,0
378.0,4,-525.0,-75.0,84.0,80.22,ACTIVE,RELAY,P5,1,1,1,2,3,0,0.09,0
378.0,5,-562.5,-587.5,0.3,93.48,FAILED,RELAY,P4,0,1,0,,,0,228.52,1
379.0,1,-362.5,312.5,60.0,79.46,ACTIVE,RELAY,P5,1,1,1,3,4,0,0.32,0
379.0,2,-358.8,579.7,68.0,80.08,ACTIVE,SURVEY,P5,1,1,1,4,1,0,0.14,0
379.0,3,-687.5,-462.5,76.0,31.4,ACTIVE,RELAY,P5,1,1,1,1,0,0,0.17,0
379.0,4,-525.0,-75.0,84.0,80.17,ACTIVE,RELAY,P5,1,1,1,2,3,0,0.02,0
379.0,5,-562.5,-587.5,0.3,93.48,FAILED,RELAY,P4,0,1,0,,,0,229.48,1
380.0,1,-362.5,312.5,60.0,79.41,ACTIVE,RELAY,P5,1,1,1,3,4,0,0.3,0
380.0,2,-345.1,586.6,68.0,80.03,ACTIVE,SURVEY,P5,1,1,1,4,1,0,0.24,0
380.0,3,-687.5,-462.5,76.0,31.35,ACTIVE,RELAY,P5,1,1,1,1,0,0,0.17,0
380.0,4,-525.0,-75.0,84.0,80.12,ACTIVE,RELAY,P5,1,1,1,2,3,0,0.09,0
380.0,5,-562.5,-587.5,0.3,93.48,FAILED,RELAY,P4,0,1,0,,,0,230.51,1
381.1,1,-362.5,312.5,60.0,79.36,ACTIVE,RELAY,P5,1,1,1,3,4,0,0.39,0
381.1,2,-331.4,593.6,68.0,79.97,ACTIVE,SURVEY,P5,1,1,1,4,1,0,0.24,0
381.1,3,-687.5,-462.5,76.0,31.3,ACTIVE,RELAY,P5,1,1,1,1,0,0,0.23,0
381.1,4,-525.0,-75.0,84.0,80.07,ACTIVE,RELAY,P5,1,1,1,2,3,0,0.08,0
381.1,5,-562.5,-587.5,0.3,93.48,FAILED,RELAY,P4,0,1,0,,,0,231.53,1
382.0,1,-362.5,312.5,60.0,79.31,ACTIVE,RELAY,P5,1,1,1,3,4,0,0.3,0
382.0,2,-318.6,600.1,68.0,79.92,ACTIVE,SURVEY,P5,1,1,1,4,1,0,0.17,0
382.0,3,-687.5,-462.5,76.0,31.25,ACTIVE,RELAY,P5,1,1,1,1,0,0,0.17,0
382.0,4,-525.0,-75.0,84.0,80.02,ACTIVE,RELAY,P5,1,1,1,2,3,0,0.02,0
382.0,5,-562.5,-587.5,0.3,93.48,FAILED,RELAY,P4,0,1,0,,,0,232.49,1
383.0,1,-362.5,312.5,60.0,79.26,ACTIVE,RELAY,P5,1,1,1,3,4,0,0.32,0
383.0,2,-304.9,607.1,68.0,79.86,ACTIVE,SURVEY,P5,1,1,1,4,1,0,0.24,0
383.0,3,-687.5,-462.5,76.0,31.2,ACTIVE,RELAY,P5,1,1,1,1,0,0,0.17,0
383.0,4,-525.0,-75.0,84.0,79.97,ACTIVE,RELAY,P5,1,1,1,2,3,0,0.09,0
383.0,5,-562.5,-587.5,0.3,93.48,FAILED,RELAY,P4,0,1,0,,,0,233.51,1
384.0,1,-362.5,312.5,60.0,79.22,ACTIVE,RELAY,P5,1,1,1,3,4,0,0.32,0
384.0,2,-292.1,613.6,68.0,79.81,ACTIVE,SURVEY,P5,1,1,1,4,1,0,0.17,0
384.0,3,-687.5,-462.5,76.0,31.15,ACTIVE,RELAY,P5,1,1,1,1,0,0,0.17,0
384.0,4,-525.0,-75.0,84.0,79.92,ACTIVE,RELAY,P5,1,1,1,2,3,0,0.02,0
384.0,5,-562.5,-587.5,0.3,93.48,FAILED,RELAY,P4,0,1,0,,,0,234.47,1
385.0,1,-362.5,312.5,60.0,79.16,ACTIVE,RELAY,P5,1,1,1,3,4,0,0.32,0
385.0,2,-278.4,620.6,68.0,79.75,ACTIVE,SURVEY,P5,1,1,1,4,1,0,0.23,0
385.0,3,-687.5,-462.5,76.0,31.1,ACTIVE,RELAY,P5,1,1,1,1,0,0,0.17,0
385.0,4,-525.0,-75.0,84.0,79.87,ACTIVE,RELAY,P5,1,1,1,2,3,0,0.51,0
385.0,5,-562.5,-587.5,0.3,93.48,FAILED,RELAY,P4,0,1,0,,,0,235.5,1
386.0,1,-362.5,312.5,60.0,79.11,ACTIVE,RELAY,P5,1,1,1,3,4,0,0.39,0
386.0,2,-264.7,627.6,68.0,79.7,ACTIVE,SURVEY,P5,1,1,1,4,1,0,0.24,0
386.0,3,-687.5,-462.5,76.0,31.05,ACTIVE,RELAY,P5,1,1,1,1,0,0,0.17,0
386.0,4,-525.0,-75.0,84.0,79.82,ACTIVE,RELAY,P5,1,1,1,2,3,0,0.07,0
386.0,5,-562.5,-587.5,0.3,93.48,FAILED,RELAY,P4,0,1,0,,,0,236.52,1
387.0,1,-362.5,312.5,60.0,79.06,ACTIVE,RELAY,P5,1,1,1,3,4,0,0.32,0
387.0,2,-251.9,634.1,68.0,79.64,ACTIVE,SURVEY,P5,1,1,1,4,1,0,0.14,0
387.0,3,-687.5,-462.5,76.0,31.0,ACTIVE,RELAY,P5,1,1,1,1,0,0,0.17,0
387.0,4,-525.0,-75.0,84.0,79.77,ACTIVE,RELAY,P5,1,1,1,2,3,0,0.02,0
387.0,5,-562.5,-587.5,0.3,93.48,FAILED,RELAY,P4,0,1,0,,,0,237.48,1
388.0,1,-362.5,312.5,60.0,79.01,ACTIVE,RELAY,P5,1,1,1,3,4,0,0.32,0
388.0,2,-238.2,641.1,68.0,79.59,ACTIVE,SURVEY,P5,1,1,1,4,1,0,0.19,0
388.0,3,-687.5,-462.5,76.0,30.95,ACTIVE,RELAY,P5,1,1,1,1,0,0,0.17,0
388.0,4,-525.0,-75.0,84.0,79.72,ACTIVE,RELAY,P5,1,1,1,2,3,0,0.09,0
388.0,5,-562.5,-587.5,0.3,93.48,FAILED,RELAY,P4,0,1,0,,,0,238.51,1
389.1,1,-362.5,312.5,60.0,78.96,ACTIVE,RELAY,P5,1,1,1,3,4,0,0.39,0
389.1,2,-224.5,648.1,68.0,79.53,ACTIVE,SURVEY,P5,1,1,1,4,1,0,0.24,0
389.1,3,-687.5,-462.5,76.0,30.9,ACTIVE,RELAY,P5,1,1,1,1,0,0,0.23,0
389.1,4,-525.0,-75.0,84.0,79.67,ACTIVE,RELAY,P5,1,1,1,2,3,0,0.09,0
389.1,5,-562.5,-587.5,0.3,93.48,FAILED,RELAY,P4,0,1,0,,,0,239.53,1
390.0,1,-362.5,312.5,60.0,78.91,ACTIVE,RELAY,P5,1,1,1,3,4,0,0.32,0
390.0,2,-221.0,649.8,68.0,79.48,ACTIVE,SURVEY,P5,1,1,1,4,1,0,0.17,0
390.0,3,-687.5,-462.5,76.0,30.85,ACTIVE,RELAY,P5,1,1,1,1,0,0,0.17,0
390.0,4,-525.0,-75.0,84.0,79.62,ACTIVE,RELAY,P5,1,1,1,2,3,0,0.02,0
390.0,5,-562.5,-587.5,0.3,93.48,FAILED,RELAY,P4,0,1,0,,,0,240.49,1
391.0,1,-362.5,312.5,60.0,78.86,ACTIVE,RELAY,P5,1,1,1,3,4,0,0.32,0
391.0,2,-221.0,649.8,68.0,79.43,ACTIVE,SURVEY,P5,1,1,1,4,1,0,0.19,0
391.0,3,-687.5,-462.5,76.0,30.8,ACTIVE,RELAY,P5,1,1,1,1,0,0,0.17,0
391.0,4,-525.0,-75.0,84.0,79.57,ACTIVE,RELAY,P5,1,1,1,2,3,0,0.09,0
391.0,5,-562.5,-587.5,0.3,93.48,FAILED,RELAY,P4,0,1,0,,,0,241.51,1
392.0,1,-362.5,312.5,60.0,78.82,ACTIVE,RELAY,P5,1,1,1,3,4,0,0.32,0
392.0,2,-221.0,649.8,68.0,79.38,ACTIVE,SURVEY,P5,1,1,1,4,1,0,0.17,0
392.0,3,-687.5,-462.5,76.0,30.75,ACTIVE,RELAY,P5,1,1,1,1,0,0,0.17,0
392.0,4,-525.0,-75.0,84.0,79.52,ACTIVE,RELAY,P5,1,1,1,2,3,0,0.02,0
392.0,5,-562.5,-587.5,0.3,93.48,FAILED,RELAY,P4,0,1,0,,,0,242.47,1
393.0,1,-362.5,312.5,60.0,78.76,ACTIVE,RELAY,P5,1,1,1,3,4,0,0.3,0
393.0,2,-221.0,649.8,68.0,79.33,ACTIVE,SURVEY,P5,1,1,1,4,1,0,0.24,0
393.0,3,-687.5,-462.5,76.0,30.7,ACTIVE,RELAY,P5,1,1,1,1,0,0,0.17,0
393.0,4,-525.0,-75.0,84.0,79.47,ACTIVE,RELAY,P5,1,1,1,2,3,0,0.02,0
393.0,5,-562.5,-587.5,0.3,93.48,FAILED,RELAY,P4,0,1,0,,,0,243.5,1
394.0,1,-362.5,312.5,60.0,78.71,ACTIVE,RELAY,P5,1,1,1,3,4,0,0.39,0
394.0,2,-221.0,649.8,68.0,79.28,ACTIVE,SURVEY,P5,1,1,1,4,1,0,0.24,0
394.0,3,-687.5,-462.5,76.0,30.65,ACTIVE,RELAY,P5,1,1,1,1,0,0,0.17,0
394.0,4,-525.0,-75.0,84.0,79.42,ACTIVE,RELAY,P5,1,1,1,2,3,0,0.09,0
394.0,5,-562.5,-587.5,0.3,93.48,FAILED,RELAY,P4,0,1,0,,,0,244.52,1
395.0,1,-362.5,312.5,60.0,78.66,ACTIVE,RELAY,P5,1,1,1,3,4,0,0.32,0
395.0,2,-221.0,649.8,68.0,79.23,ACTIVE,SURVEY,P5,1,1,1,4,1,0,0.14,0
395.0,3,-687.5,-462.5,76.0,30.6,ACTIVE,RELAY,P5,1,1,1,1,0,0,0.17,0
395.0,4,-525.0,-75.0,84.0,79.37,ACTIVE,RELAY,P5,1,1,1,2,3,0,0.02,0
395.0,5,-562.5,-587.5,0.3,93.48,FAILED,RELAY,P4,0,1,0,,,0,245.48,1
396.0,1,-362.5,312.5,60.0,78.61,ACTIVE,RELAY,P5,1,1,1,3,4,0,0.3,0
396.0,2,-221.0,649.8,68.0,79.18,ACTIVE,SURVEY,P5,1,1,1,4,1,0,0.24,0
396.0,3,-687.5,-462.5,76.0,30.55,ACTIVE,RELAY,P5,1,1,1,1,0,0,0.17,0
396.0,4,-525.0,-75.0,84.0,79.32,ACTIVE,RELAY,P5,1,1,1,2,3,0,0.09,0
396.0,5,-562.5,-587.5,0.3,93.48,FAILED,RELAY,P4,0,1,0,,,0,246.51,1
397.1,1,-362.5,312.5,60.0,78.56,ACTIVE,RELAY,P5,1,1,1,3,4,0,0.39,0
397.1,2,-221.0,649.8,68.0,79.13,ACTIVE,SURVEY,P5,1,1,1,4,1,0,0.24,0
397.1,3,-687.5,-462.5,76.0,30.5,ACTIVE,RELAY,P5,1,1,1,1,0,0,0.21,0
397.1,4,-525.0,-75.0,84.0,79.27,ACTIVE,RELAY,P5,1,1,1,2,3,0,0.05,0
397.1,5,-562.5,-587.5,0.3,93.48,FAILED,RELAY,P4,0,1,0,,,0,247.53,1
398.0,1,-362.5,312.5,60.0,78.51,ACTIVE,RELAY,P5,1,1,1,3,4,0,0.32,0
398.0,2,-221.0,649.8,68.0,79.08,ACTIVE,SURVEY,P5,1,1,1,4,1,0,0.15,0
398.0,3,-687.5,-462.5,76.0,30.45,ACTIVE,RELAY,P5,1,1,1,1,0,0,0.17,0
398.0,4,-525.0,-75.0,84.0,79.22,ACTIVE,RELAY,P5,1,1,1,2,3,0,0.02,0
398.0,5,-562.5,-587.5,0.3,93.48,FAILED,RELAY,P4,0,1,0,,,0,248.49,1
399.0,1,-362.5,312.5,60.0,78.46,ACTIVE,RELAY,P5,1,1,1,3,4,0,0.3,0
399.0,2,-221.0,649.8,68.0,79.03,ACTIVE,SURVEY,P5,1,1,1,4,1,0,0.24,0
399.0,3,-687.5,-462.5,76.0,30.4,ACTIVE,RELAY,P5,1,1,1,1,0,0,0.17,0
399.0,4,-525.0,-75.0,84.0,79.17,ACTIVE,RELAY,P5,1,1,1,2,3,0,0.08,0
399.0,5,-562.5,-587.5,0.3,93.48,FAILED,RELAY,P4,0,1,0,,,0,249.51,1
400.0,1,-362.5,312.5,60.0,78.42,ACTIVE,RELAY,P5,1,1,1,3,4,0,0.26,0
400.0,2,-221.0,649.8,68.0,78.98,ACTIVE,SURVEY,P5,1,1,1,4,1,0,0.48,0
400.0,3,-687.5,-462.5,76.0,30.35,ACTIVE,RELAY,P5,1,1,1,1,0,0,0.11,0
400.0,4,-525.0,-75.0,84.0,79.12,ACTIVE,RELAY,P5,1,1,1,2,3,4,0.48,0
400.0,5,-562.5,-587.5,0.3,93.48,FAILED,RELAY,P4,0,1,0,,,0,250.47,1
401.0,1,-362.5,312.5,60.0,78.36,ACTIVE,RELAY,P5,1,1,1,3,4,0,0.25,0
401.0,2,-221.0,649.8,68.0,78.93,ACTIVE,SURVEY,P5,1,1,1,4,1,0,0.23,0
401.0,3,-687.5,-462.5,76.0,30.3,ACTIVE,RELAY,P5,1,1,1,1,0,0,0.16,0
401.0,4,-525.0,-75.0,84.0,79.07,ACTIVE,RELAY,P5,1,1,1,2,3,3,0.36,0
401.0,5,-562.5,-587.5,0.3,93.48,FAILED,RELAY,P4,0,1,0,,,0,251.5,1
402.0,1,-362.5,312.5,60.0,78.31,ACTIVE,RELAY,P5,1,1,1,3,4,0,0.25,0
402.0,2,-221.0,649.8,68.0,78.88,ACTIVE,SURVEY,P5,1,1,1,4,1,1,0.23,0
402.0,3,-687.5,-462.5,76.0,30.25,ACTIVE,RELAY,P5,1,1,1,1,0,1,0.16,0
402.0,4,-525.0,-75.0,84.0,79.02,ACTIVE,RELAY,P5,1,1,1,2,3,0,0.54,0
402.0,5,-562.5,-587.5,0.3,93.48,FAILED,RELAY,P4,0,1,0,,,0,252.52,1
403.0,1,-362.5,312.5,60.0,78.26,ACTIVE,RELAY,P5,1,1,1,3,4,1,0.23,0
403.0,2,-221.0,649.8,68.0,78.83,ACTIVE,SURVEY,P5,1,1,1,4,1,1,0.09,0
403.0,3,-687.5,-462.5,76.0,30.2,ACTIVE,RELAY,P5,1,1,1,1,0,0,0.11,0
403.0,4,-525.0,-75.0,84.0,78.97,ACTIVE,RELAY,P5,1,1,1,2,3,0,0.34,0
403.0,5,-562.5,-587.5,0.3,93.48,FAILED,RELAY,P4,0,1,0,,,0,253.48,1
404.0,1,-362.5,312.5,60.0,78.21,ACTIVE,RELAY,P5,1,1,1,3,4,0,0.15,0
404.0,2,-221.0,649.8,68.0,78.78,ACTIVE,SURVEY,P5,1,1,1,4,1,1,0.13,0
404.0,3,-687.5,-462.5,76.0,30.15,ACTIVE,RELAY,P5,1,1,1,1,0,1,0.17,0
404.0,4,-525.0,-75.0,84.0,78.92,ACTIVE,RELAY,P5,1,1,1,2,3,1,0.06,0
404.0,5,-562.5,-587.5,0.3,93.48,FAILED,RELAY,P4,0,1,0,,,0,254.51,1
405.1,1,-362.5,312.5,60.0,78.16,ACTIVE,RELAY,P5,1,1,1,3,4,0,0.24,0
405.1,2,-221.0,649.8,68.0,78.73,ACTIVE,SURVEY,P5,1,1,1,4,1,1,0.18,0
405.1,3,-687.5,-462.5,76.0,30.1,ACTIVE,RELAY,P5,1,1,1,1,0,0,0.23,0
405.1,4,-525.0,-75.0,84.0,78.87,ACTIVE,RELAY,P5,1,1,1,2,3,1,0.03,0
405.1,5,-562.5,-587.5,0.3,93.48,FAILED,RELAY,P4,0,1,0,,,0,255.53,1
406.0,1,-362.5,312.5,60.0,78.11,ACTIVE,RELAY,P5,1,1,1,3,4,0,0.17,0
406.0,2,-221.0,649.8,68.0,78.68,ACTIVE,SURVEY,P5,1,1,1,4,1,0,0.1,0
406.0,3,-687.5,-462.5,76.0,30.05,ACTIVE,RELAY,P5,1,1,1,1,0,0,0.17,0
406.0,4,-525.0,-75.0,84.0,78.82,ACTIVE,RELAY,P5,1,1,1,2,3,0,0.47,0
406.0,5,-562.5,-587.5,0.3,93.48,FAILED,RELAY,P4,0,1,0,,,0,256.49,1
407.0,1,-362.5,312.5,60.0,78.06,ACTIVE,RELAY,P5,1,1,1,3,4,1,0.07,0
407.0,2,-221.0,649.8,68.0,78.63,ACTIVE,SURVEY,P5,1,1,1,4,1,1,0.03,0
407.0,3,-687.5,-462.5,76.0,30.0,ACTIVE,RELAY,P5,1,1,1,1,0,3,0.12,0
407.0,4,-525.0,-75.0,84.0,78.77,ACTIVE,RELAY,P5,1,1,1,2,3,0,0.05,0
407.0,5,-562.5,-587.5,0.3,93.48,FAILED,RELAY,P4,0,1,0,,,0,257.51,1
408.0,1,-362.5,312.5,60.0,78.02,ACTIVE,RELAY,P5,1,1,1,3,4,0,0.03,0
408.0,2,-221.0,649.8,68.0,78.58,ACTIVE,SURVEY,P5,1,1,1,4,1,0,0.03,0
408.0,3,-687.5,-462.5,76.0,29.95,ACTIVE,RELAY,P5,1,1,1,1,0,0,0.06,0
408.0,4,-525.0,-75.0,84.0,78.72,ACTIVE,RELAY,P5,1,1,1,2,3,4,0.43,0
408.0,5,-562.5,-587.5,0.3,93.48,FAILED,RELAY,P4,0,1,0,,,0,258.47,1
409.0,1,-362.5,312.5,60.0,77.96,ACTIVE,RELAY,P5,1,1,1,3,4,0,0.31,0
409.0,2,-221.0,649.8,68.0,78.53,ACTIVE,SURVEY,P5,1,1,1,4,1,0,0.68,0
409.0,3,-687.5,-462.5,76.0,29.9,ACTIVE,RELAY,P5,1,1,1,1,0,0,0.12,0
409.0,4,-525.0,-75.0,84.0,78.67,ACTIVE,RELAY,P5,1,1,1,2,3,6,0.34,0
409.0,5,-562.5,-587.5,0.3,93.48,FAILED,RELAY,P4,0,1,0,,,0,259.5,1
410.0,1,-362.5,312.5,60.0,77.91,ACTIVE,RELAY,P5,1,1,1,3,4,0,0.38,0
410.0,2,-221.0,649.8,68.0,78.48,ACTIVE,SURVEY,P5,1,1,1,4,1,0,0.21,0
410.0,3,-687.5,-462.5,76.0,29.85,ACTIVE,RELAY,P5,1,1,1,1,0,0,0.12,0
410.0,4,-525.0,-75.0,84.0,78.62,ACTIVE,RELAY,P5,1,1,1,2,3,0,0.03,0
410.0,5,-562.5,-587.5,0.3,93.48,FAILED,RELAY,P4,0,1,0,,,0,260.52,1
411.0,1,-362.5,312.5,60.0,77.86,ACTIVE,RELAY,P5,1,1,1,3,4,0,0.25,0
411.0,2,-221.0,649.8,68.0,78.43,ACTIVE,SURVEY,P5,1,1,1,4,1,0,0.06,0
411.0,3,-687.5,-462.5,76.0,29.8,ACTIVE,RELAY,P5,1,1,1,1,0,0,0.17,0
411.0,4,-525.0,-75.0,84.0,78.57,ACTIVE,RELAY,P5,1,1,1,2,3,0,0.46,0
411.0,5,-562.5,-587.5,0.3,93.48,FAILED,RELAY,P4,0,1,0,,,0,261.48,1
412.0,1,-359.7,309.9,60.0,77.81,ACTIVE,RELAY,P6,1,1,1,3,4,0,0.32,0
412.0,2,-218.9,647.9,68.0,78.38,ACTIVE,SURVEY,P6,1,1,1,4,1,0,0.23,0
412.0,3,-680.5,-469.1,76.0,29.75,ACTIVE,RELAY,P6,1,1,1,1,0,0,0.17,0
412.0,4,-518.7,-80.9,84.0,78.52,ACTIVE,RELAY,P6,1,1,1,2,3,0,0.09,0
412.0,5,-562.5,-587.5,0.3,93.48,FAILED,RELAY,P4,0,1,0,,,0,262.51,1
413.1,1,-348.6,299.3,60.0,77.76,ACTIVE,RELAY,P6,1,1,1,3,4,0,0.39,0
413.1,2,-207.8,637.3,68.0,78.32,ACTIVE,SURVEY,P6,1,1,1,4,1,0,0.24,0
413.1,3,-669.4,-479.7,76.0,29.69,ACTIVE,RELAY,P6,1,1,1,1,0,0,0.23,0
413.1,4,-507.6,-91.5,84.0,78.46,ACTIVE,RELAY,P6,1,1,1,2,3,0,0.09,0
413.1,5,-562.5,-587.5,0.3,93.48,FAILED,RELAY,P4,0,1,0,,,0,263.53,1
414.0,1,-338.1,289.4,60.0,77.7,ACTIVE,RELAY,P6,1,1,1,3,4,0,0.32,0
414.0,2,-197.3,627.4,68.0,78.27,ACTIVE,SURVEY,P6,1,1,1,4,1,0,0.17,0
414.0,3,-658.9,-489.6,76.0,29.64,ACTIVE,RELAY,P6,1,1,1,1,0,0,0.17,0
414.0,4,-497.1,-101.4,84.0,78.41,ACTIVE,RELAY,P6,1,1,1,2,3,0,0.02,0
414.0,5,-562.5,-587.5,0.3,93.48,FAILED,RELAY,P4,0,1,0,,,0,264.49,1
415.0,1,-327.0,278.8,60.0,77.65,ACTIVE,RELAY,P6,1,1,1,3,4,0,0.32,0
415.0,2,-186.2,616.9,68.0,78.21,ACTIVE,SURVEY,P6,1,1,1,4,1,0,0.24,0
415.0,3,-647.8,-500.1,76.0,29.58,ACTIVE,RELAY,P6,1,1,1,1,0,0,0.17,0
415.0,4,-486.0,-112.0,84.0,78.35,ACTIVE,RELAY,P6,1,1,1,2,3,0,0.09,0
415.0,5,-562.5,-587.5,0.3,93.48,FAILED,RELAY,P4,0,1,0,,,0,265.51,1
416.0,1,-316.5,268.9,60.0,77.59,ACTIVE,RELAY,P6,1,1,1,3,4,0,0.32,0
416.0,2,-175.7,607.0,68.0,78.16,ACTIVE,SURVEY,P6,1,1,1,4,1,0,0.17,0
416.0,3,-637.3,-510.0,76.0,29.53,ACTIVE,RELAY,P6,1,1,1,1,0,0,0.17,0
416.0,4,-475.5,-121.9,84.0,78.3,ACTIVE,RELAY,P6,1,1,1,2,3,0,0.02,0
416.0,5,-562.5,-587.5,0.3,93.48,FAILED,RELAY,P4,0,1,0,,,0,266.47,1
417.0,1,-305.4,258.4,60.0,77.54,ACTIVE,RELAY,P6,1,1,1,3,4,0,0.3,0
417.0,2,-164.5,596.4,68.0,78.1,ACTIVE,SURVEY,P6,1,1,1,4,1,0,0.22,0
417.0,3,-626.2,-520.6,76.0,29.47,ACTIVE,RELAY,P6,1,1,1,1,0,0,0.17,0
417.0,4,-464.4,-132.4,84.0,78.24,ACTIVE,RELAY,P6,1,1,1,2,3,0,0.02,0
417.0,5,-562.5,-587.5,0.3,93.48,FAILED,RELAY,P4,0,1,0,,,0,267.5,1
418.0,1,-294.2,247.8,60.0,77.48,ACTIVE,RELAY,P6,1,1,1,3,4,0,0.39,0
418.0,2,-153.4,585.9,68.0,78.05,ACTIVE,SURVEY,P6,1,1,1,4,1,0,0.24,0
418.0,3,-615.0,-531.2,76.0,29.42,ACTIVE,RELAY,P6,1,1,1,1,0,0,0.17,0
418.0,4,-453.2,-143.0,84.0,78.19,ACTIVE,RELAY,P6,1,1,1,2,3,0,0.09,0
418.0,5,-562.5,-587.5,0.3,93.48,FAILED,RELAY,P4,0,1,0,,,0,268.52,1
419.0,1,-283.7,237.9,60.0,77.43,ACTIVE,RELAY,P6,1,1,1,3,4,0,0.32,0
419.0,2,-142.9,576.0,68.0,78.0,ACTIVE,SURVEY,P6,1,1,1,4,1,0,0.14,0
419.0,3,-604.6,-541.1,76.0,29.36,ACTIVE,RELAY,P6,1,1,1,1,0,0,0.17,0
419.0,4,-442.8,-152.9,84.0,78.13,ACTIVE,RELAY,P6,1,1,1,2,3,0,0.02,0
419.0,5,-562.5,-587.5,0.3,93.48,FAILED,RELAY,P4,0,1,0,,,0,269.48,1
420.0,1,-272.6,227.3,60.0,77.37,ACTIVE,RELAY,P6,1,1,1,3,4,0,0.32,0
420.0,2,-131.7,565.4,68.0,77.94,ACTIVE,SURVEY,P6,1,1,1,4,1,0,0.19,0
420.0,3,-593.4,-551.6,76.0,29.31,ACTIVE,RELAY,P6,1,1,1,1,0,0,0.17,0
420.0,4,-431.6,-163.5,84.0,78.08,ACTIVE,RELAY,P6,1,1,1,2,3,0,0.09,0
420.0,5,-562.5,-587.5,0.3,93.48,FAILED,RELAY,P4,0,1,0,,,0,270.51,1
421.1,1,-261.4,216.8,60.0,77.32,ACTIVE,RELAY,P6,1,1,1,3,4,0,0.39,0
421.1,2,-120.6,554.9,68.0,77.88,ACTIVE,SURVEY,P6,1,1,1,4,1,0,0.24,0
421.1,3,-582.3,-562.2,76.0,29.25,ACTIVE,RELAY,P6,1,1,1,1,0,0,0.23,0
421.1,4,-420.5,-174.0,84.0,78.02,ACTIVE,RELAY,P6,1,1,1,2,3,0,0.08,0
421.1,5,-562.5,-587.5,0.3,93.48,FAILED,RELAY,P4,0,1,0,,,0,271.53,1
422.0,1,-251.0,206.9,60.0,77.26,ACTIVE,RELAY,P6,1,1,1,3,4,0,0.32,0
422.0,2,-110.1,545.0,68.0,77.83,ACTIVE,SURVEY,P6,1,1,1,4,1,0,0.17,0
422.0,3,-571.8,-572.1,76.0,29.2,ACTIVE,RELAY,P6,1,1,1,1,0,0,0.17,0
422.0,4,-410.0,-183.9,84.0,77.97,ACTIVE,RELAY,P6,1,1,1,2,3,0,0.02,0
422.0,5,-562.5,-587.5,0.3,93.48,FAILED,RELAY,P4,0,1,0,,,0,272.49,1
423.0,1,-241.5,195.2,60.0,77.21,ACTIVE,RELAY,P6,1,1,1,3,4,0,0.3,0
423.0,2,-99.0,534.4,68.0,77.77,ACTIVE,SURVEY,P6,1,1,1,4,1,0,0.22,0
423.0,3,-560.7,-582.7,76.0,29.14,ACTIVE,RELAY,P6,1,1,1,1,0,0,0.17,0
423.0,4,-399.6,-194.8,84.0,77.91,ACTIVE,RELAY,P6,1,1,1,2,3,0,0.09,0
423.0,5,-562.5,-587.5,0.3,93.48,FAILED,RELAY,P4,0,1,0,,,0,273.51,1
424.0,1,-236.0,181.8,60.0,77.15,ACTIVE,RELAY,P6,1,1,1,3,4,0,0.3,0
424.0,2,-88.5,524.5,68.0,77.72,ACTIVE,SURVEY,P6,1,1,1,4,1,0,0.17,0
424.0,3,-550.2,-592.6,76.0,29.09,ACTIVE,RELAY,P6,1,1,1,1,0,0,0.17,0
424.0,4,-399.7,-209.2,84.0,77.86,ACTIVE,RELAY,P6,1,1,1,2,3,0,0.02,0
424.0,5,-562.5,-587.5,0.3,93.48,FAILED,RELAY,P4,0,1,0,,,0,274.47,1
425.0,1,-230.2,167.6,60.0,77.1,ACTIVE,RELAY,P6,1,1,1,3,4,0,0.32,0
425.0,2,-77.3,514.0,68.0,77.66,ACTIVE,SURVEY,P6,1,1,1,4,1,0,0.24,0
425.0,3,-539.1,-603.1,76.0,29.03,ACTIVE,RELAY,P6,1,1,1,1,0,0,0.17,0
425.0,4,-399.9,-224.6,84.0,77.8,ACTIVE,RELAY,P6,1,1,1,2,3,0,0.02,0
425.0,5,-562.5,-587.5,0.3,93.48,FAILED,RELAY,P4,0,1,0,,,0,275.5,1
426.0,1,-224.4,153.4,60.0,77.04,ACTIVE,RELAY,P6,1,1,1,3,4,0,0.39,0
426.0,2,-66.2,503.4,68.0,77.61,ACTIVE,SURVEY,P6,1,1,1,4,1,0,0.24,0
426.0,3,-527.9,-613.7,76.0,28.98,ACTIVE,RELAY,P6,1,1,1,1,0,0,0.17,0
426.0,4,-400.1,-239.9,84.0,77.75,ACTIVE,RELAY,P6,1,1,1,2,3,0,0.09,0
426.0,5,-562.5,-587.5,0.3,93.48,FAILED,RELAY,P4,0,1,0,,,0,276.52,1
427.0,1,-218.9,140.1,60.0,76.99,ACTIVE,RELAY,P6,1,1,1,3,4,0,0.32,0
427.0,2,-55.7,493.5,68.0,77.56,ACTIVE,SURVEY,P6,1,1,1,4,1,0,0.14,0
427.0,3,-517.5,-623.6,76.0,28.92,ACTIVE,RELAY,P6,1,1,1,1,0,0,0.17,0
427.0,4,-400.3,-254.3,84.0,77.69,ACTIVE,RELAY,P6,1,1,1,2,3,0,0.0,0
427.0,5,-562.5,-587.5,0.3,93.48,FAILED,RELAY,P4,0,1,0,,,0,277.48,1
428.0,1,-213.1,125.9,60.0,76.93,ACTIVE,RELAY,P6,1,1,1,3,4,0,0.32,0
428.0,2,-44.5,483.0,68.0,77.5,ACTIVE,SURVEY,P6,1,1,1,4,1,0,0.24,0
428.0,3,-506.3,-634.2,76.0,28.87,ACTIVE,RELAY,P6,1,1,1,1,0,0,0.17,0
428.0,4,-400.5,-269.7,84.0,77.64,ACTIVE,RELAY,P6,1,1,1,2,3,0,0.09,0
428.0,5,-562.5,-587.5,0.3,93.48,FAILED,RELAY,P4,0,1,0,,,0,278.51,1
429.1,1,-207.2,111.7,60.0,76.88,ACTIVE,RELAY,P6,1,1,1,3,4,0,0.39,0
429.1,2,-33.4,472.4,68.0,77.44,ACTIVE,SURVEY,P6,1,1,1,4,1,0,0.24,0
429.1,3,-495.2,-644.7,76.0,28.81,ACTIVE,RELAY,P6,1,1,1,1,0,0,0.23,0
429.1,4,-400.7,-285.0,84.0,77.58,ACTIVE,RELAY,P6,1,1,1,2,3,0,0.07,0
429.1,5,-562.5,-587.5,0.3,93.48,FAILED,RELAY,P4,0,1,0,,,0,279.53,1
430.0,1,-201.7,98.4,60.0,76.82,ACTIVE,RELAY,P6,1,1,1,3,4,0,0.32,0
430.0,2,-22.9,462.5,68.0,77.39,ACTIVE,SURVEY,P6,1,1,1,4,1,0,0.15,0
430.0,3,-484.7,-654.6,76.0,28.76,ACTIVE,RELAY,P6,1,1,1,1,0,0,0.17,0
430.0,4,-400.8,-299.4,84.0,77.53,ACTIVE,RELAY,P6,1,1,1,2,3,0,0.02,0
430.0,5,-562.5,-587.5,0.3,93.48,FAILED,RELAY,P4,0,1,0,,,0,280.49,1
431.0,1,-195.9,84.2,60.0,76.77,ACTIVE,RELAY,P6,1,1,1,3,4,0,0.32,0
431.0,2,-11.8,452.0,68.0,77.33,ACTIVE,SURVEY,P6,1,1,1,4,1,0,0.24,0
431.0,3,-473.5,-665.2,76.0,28.7,ACTIVE,RELAY,P6,1,1,1,1,0,0,0.17,0
431.0,4,-401.0,-314.8,84.0,77.47,ACTIVE,RELAY,P6,1,1,1,2,3,0,0.09,0
431.0,5,-562.5,-587.5,0.3,93.48,FAILED,RELAY,P4,0,1,0,,,0,281.51,1
432.0,1,-190.4,70.8,60.0,76.71,ACTIVE,RELAY,P6,1,1,1,3,4,0,0.32,0
432.0,2,-1.3,442.1,68.0,77.28,ACTIVE,SURVEY,P6,1,1,1,4,1,0,0.17,0
432.0,3,-463.1,-675.1,76.0,28.65,ACTIVE,RELAY,P6,1,1,1,1,0,0,0.15,0
432.0,4,-401.2,-329.2,84.0,77.42,ACTIVE,RELAY,P6,1,1,1,2,3,0,0.02,0
432.0,5,-562.5,-587.5,0.3,93.48,FAILED,RELAY,P4,0,1,0,,,0,282.47,1
433.0,1,-184.6,56.6,60.0,76.66,ACTIVE,RELAY,P6,1,1,1,3,4,0,0.3,0
433.0,2,9.9,431.5,68.0,77.22,ACTIVE,SURVEY,P6,1,1,1,4,1,0,0.24,0
433.0,3,-451.9,-685.7,76.0,28.59,ACTIVE,RELAY,P6,1,1,1,1,0,0,0.17,0
433.0,4,-401.4,-344.6,84.0,77.36,ACTIVE,RELAY,P6,1,1,1,2,3,0,0.02,0
433.0,5,-562.5,-587.5,0.3,93.48,FAILED,RELAY,P4,0,1,0,,,0,283.5,1
434.0,1,-178.8,42.4,60.0,76.6,ACTIVE,RELAY,P6,1,1,1,3,4,0,0.39,0
434.0,2,21.0,421.0,68.0,77.17,ACTIVE,SURVEY,P6,1,1,1,4,1,0,0.24,0
434.0,3,-450.0,-687.5,76.0,28.54,ACTIVE,RELAY,P6,1,1,1,1,0,0,0.17,0
434.0,4,-401.6,-359.9,84.0,77.31,ACTIVE,RELAY,P6,1,1,1,2,3,0,0.09,0
434.0,5,-562.5,-587.5,0.3,93.48,FAILED,RELAY,P4,0,1,0,,,0,284.52,1
435.0,1,-173.3,29.1,60.0,76.55,ACTIVE,RELAY,P6,1,1,1,3,4,0,0.32,0
435.0,2,31.5,411.1,68.0,77.12,ACTIVE,SURVEY,P6,1,1,1,4,1,0,0.14,0
435.0,3,-450.0,-687.5,76.0,28.49,ACTIVE,RELAY,P6,1,1,1,1,0,0,0.15,0
435.0,4,-401.7,-374.3,84.0,77.25,ACTIVE,RELAY,P6,1,1,1,2,3,0,0.02,0
435.0,5,-562.5,-587.5,0.3,93.48,FAILED,RELAY,P4,0,1,0,,,0,285.48,1
436.0,1,-167.5,14.9,60.0,76.49,ACTIVE,RELAY,P6,1,1,1,3,4,0,0.32,0
436.0,2,42.7,400.5,68.0,77.06,ACTIVE,SURVEY,P6,1,1,1,4,1,0,0.24,0
436.0,3,-450.0,-687.5,76.0,28.44,ACTIVE,RELAY,P6,1,1,1,1,0,0,0.17,0
436.0,4,-401.9,-389.7,84.0,77.2,ACTIVE,RELAY,P6,1,1,1,2,3,0,0.09,0
436.0,5,-562.5,-587.5,0.3,93.48,FAILED,RELAY,P4,0,1,0,,,0,286.51,1
437.1,1,-161.6,0.7,60.0,76.44,ACTIVE,RELAY,P6,1,1,1,3,4,0,0.39,0
437.1,2,53.8,390.0,68.0,77.0,ACTIVE,SURVEY,P6,1,1,1,4,1,0,0.24,0
437.1,3,-450.0,-687.5,76.0,28.39,ACTIVE,RELAY,P6,1,1,1,1,0,0,0.23,0
437.1,4,-402.1,-405.0,84.0,77.14,ACTIVE,RELAY,P6,1,1,1,2,3,0,0.09,0
437.1,5,-562.5,-587.5,0.3,93.48,FAILED,RELAY,P4,0,1,0,,,0,287.53,1
438.0,1,-156.1,-12.6,60.0,76.38,ACTIVE,RELAY,P6,1,1,1,3,4,0,0.3,0
438.0,2,64.3,380.1,68.0,76.95,ACTIVE,SURVEY,P6,1,1,1,4,1,0,0.17,0
438.0,3,-450.0,-687.5,76.0,28.34,ACTIVE,RELAY,P6,1,1,1,1,0,0,0.17,0
438.0,4,-402.3,-419.4,84.0,77.09,ACTIVE,RELAY,P6,1,1,1,2,3,0,0.0,0
438.0,5,-562.5,-587.5,0.3,93.48,FAILED,RELAY,P4,0,1,0,,,0,288.49,1
439.0,1,-150.3,-26.8,60.0,76.33,ACTIVE,RELAY,P6,1,1,1,3,4,0,0.32,0
439.0,2,75.5,369.6,68.0,76.89,ACTIVE,SURVEY,P6,1,1,1,4,1,0,0.22,0
439.0,3,-450.0,-687.5,76.0,28.29,ACTIVE,RELAY,P6,1,1,1,1,0,0,0.17,0
439.0,4,-402.5,-434.8,84.0,77.03,ACTIVE,RELAY,P6,1,1,1,2,3,0,0.09,0
439.0,5,-562.5,-587.5,0.3,93.48,FAILED,RELAY,P4,0,1,0,,,0,289.51,1
440.0,1,-144.8,-40.2,60.0,76.27,ACTIVE,RELAY,P6,1,1,1,3,4,0,0.3,0
440.0,2,85.9,359.7,68.0,76.84,ACTIVE,SURVEY,P6,1,1,1,4,1,0,0.15,0
440.0,3,-450.0,-687.5,76.0,28.24,ACTIVE,RELAY,P6,1,1,1,1,0,0,0.15,0
440.0,4,-402.6,-449.2,84.0,76.98,ACTIVE,RELAY,P6,1,1,1,2,3,0,0.02,0
440.0,5,-562.5,-587.5,0.3,93.48,FAILED,RELAY,P4,0,1,0,,,0,290.47,1
441.0,1,-139.0,-54.4,60.0,76.22,ACTIVE,RELAY,P6,1,1,1,2,4,0,0.32,0
441.0,2,97.1,349.1,68.0,76.78,ACTIVE,SURVEY,P6,1,1,1,3,1,0,0.22,0
441.0,3,-450.0,-687.5,76.0,28.19,ACTIVE,RELAY,P6,1,1,1,1,0,0,0.17,0
441.0,4,-402.8,-464.5,84.0,76.92,ACTIVE,RELAY,P6,1,1,1,1,0,0,0.04,0
441.0,5,-562.5,-587.5,0.3,93.48,FAILED,RELAY,P4,0,1,0,,,0,291.5,1
442.0,1,-133.2,-68.6,60.0,76.16,ACTIVE,RELAY,P6,1,1,1,2,4,0,0.41,0
442.0,2,108.2,338.6,68.0,76.73,ACTIVE,SURVEY,P6,1,1,1,3,1,0,0.26,0
442.0,3,-450.0,-687.5,76.0,28.14,ACTIVE,RELAY,P6,1,1,1,1,0,0,0.17,0
442.0,4,-403.0,-479.9,84.0,76.87,ACTIVE,RELAY,P6,1,1,1,1,0,0,0.11,0
442.0,5,-562.5,-587.5,0.3,93.48,FAILED,RELAY,P4,0,1,0,,,0,292.52,1
443.0,1,-127.7,-81.9,60.0,76.11,ACTIVE,RELAY,P6,1,1,1,2,4,0,0.32,0
443.0,2,118.7,328.7,68.0,76.68,ACTIVE,SURVEY,P6,1,1,1,3,1,0,0.19,0
443.0,3,-450.0,-687.5,76.0,28.09,ACTIVE,RELAY,P6,1,1,1,1,0,0,0.17,0
443.0,4,-403.2,-494.3,84.0,76.81,ACTIVE,RELAY,P6,1,1,1,1,0,0,0.04,0
443.0,5,-562.5,-587.5,0.3,93.48,FAILED,RELAY,P4,0,1,0,,,0,293.48,1
444.0,1,-121.9,-96.1,60.0,76.05,ACTIVE,RELAY,P6,1,1,1,2,4,0,0.34,0
444.0,2,129.9,318.1,68.0,76.62,ACTIVE,SURVEY,P6,1,1,1,3,1,0,0.22,0
444.0,3,-450.0,-687.5,76.0,28.04,ACTIVE,RELAY,P6,1,1,1,1,0,0,0.17,0
444.0,4,-403.4,-509.7,84.0,76.76,ACTIVE,RELAY,P6,1,1,1,1,0,0,0.08,0
444.0,5,-562.5,-587.5,0.3,93.48,FAILED,RELAY,P4,0,1,0,,,0,294.51,1
445.1,1,-116.0,-110.3,60.0,76.0,ACTIVE,RELAY,P6,1,1,1,2,4,0,0.41,0
445.1,2,141.0,307.6,68.0,76.56,ACTIVE,SURVEY,P6,1,1,1,3,1,0,0.26,0
445.1,3,-450.0,-687.5,76.0,27.99,ACTIVE,RELAY,P6,1,1,1,1,0,0,0.23,0
445.1,4,-403.6,-525.0,84.0,76.7,ACTIVE,RELAY,P6,1,1,1,1,0,0,0.11,0
445.1,5,-562.5,-587.5,0.3,93.48,FAILED,RELAY,P4,0,1,0,,,0,295.53,1
446.0,1,-110.5,-123.6,60.0,75.94,ACTIVE,RELAY,P6,1,1,1,2,4,0,0.32,0
446.0,2,151.5,297.7,68.0,76.51,ACTIVE,SURVEY,P6,1,1,1,3,1,0,0.17,0
446.0,3,-450.0,-687.5,76.0,27.94,ACTIVE,RELAY,P6,1,1,1,1,0,0,0.17,0
446.0,4,-403.7,-539.4,84.0,76.65,ACTIVE,RELAY,P6,1,1,1,1,0,0,0.04,0
446.0,5,-562.5,-587.5,0.3,93.48,FAILED,RELAY,P4,0,1,0,,,0,296.49,1
447.0,1,-104.7,-137.8,60.0,75.89,ACTIVE,RELAY,P6,1,1,1,2,4,0,0.34,0
447.0,2,162.7,287.1,68.0,76.45,ACTIVE,SURVEY,P6,1,1,1,3,1,0,0.26,0
447.0,3,-450.0,-687.5,76.0,27.89,ACTIVE,RELAY,P6,1,1,1,1,0,0,0.17,0
447.0,4,-403.9,-554.8,84.0,76.59,ACTIVE,RELAY,P6,1,1,1,1,0,0,0.11,0
447.0,5,-562.5,-587.5,0.3,93.48,FAILED,RELAY,P4,0,1,0,,,0,297.51,1
448.0,1,-99.2,-151.2,60.0,75.83,ACTIVE,RELAY,P6,1,1,1,2,4,0,0.34,0
448.0,2,173.1,277.2,68.0,76.4,ACTIVE,SURVEY,P6,1,1,1,3,1,0,0.19,0
448.0,3,-450.0,-687.5,76.0,27.84,ACTIVE,RELAY,P6,1,1,1,1,0,0,0.17,0
448.0,4,-404.1,-569.2,84.0,76.54,ACTIVE,RELAY,P6,1,1,1,1,0,0,0.04,0
448.0,5,-562.5,-587.5,0.3,93.48,FAILED,RELAY,P4,0,1,0,,,0,298.47,1
449.0,1,-93.4,-165.4,60.0,75.78,ACTIVE,RELAY,P6,1,1,1,2,4,0,0.32,0
449.0,2,184.3,266.7,68.0,76.34,ACTIVE,SURVEY,P6,1,1,1,3,1,0,0.26,0
449.0,3,-450.0,-687.5,76.0,27.79,ACTIVE,RELAY,P6,1,1,1,1,0,0,0.14,0
449.0,4,-404.3,-584.5,84.0,76.48,ACTIVE,RELAY,P6,1,1,1,1,0,0,0.04,0
449.0,5,-562.5,-587.5,0.3,93.48,FAILED,RELAY,P4,0,1,0,,,0,299.5,1
450.0,1,-87.6,-179.6,60.0,75.72,ACTIVE,RELAY,P6,1,1,1,2,4,0,0.41,0
450.0,2,195.4,256.1,68.0,76.29,ACTIVE,SURVEY,P6,1,1,1,3,1,0,0.26,0
450.0,3,-450.0,-687.5,76.0,27.74,ACTIVE,RELAY,P6,1,1,1,1,0,0,0.17,0
450.0,4,-404.5,-599.9,84.0,76.43,ACTIVE,RELAY,P6,1,1,1,1,0,0,0.11,0
450.0,5,-562.5,-587.5,0.3,93.48,FAILED,RELAY,P4,0,1,0,,,0,300.52,1
451.0,1,-82.1,-192.9,60.0,75.67,ACTIVE,RELAY,P6,1,1,1,2,4,0,0.34,0
451.0,2,205.9,246.2,68.0,76.24,ACTIVE,SURVEY,P6,1,1,1,3,1,0,0.19,0
451.0,3,-450.0,-687.5,76.0,27.69,ACTIVE,RELAY,P6,1,1,1,1,0,0,0.17,0
451.0,4,-404.6,-614.3,84.0,76.37,ACTIVE,RELAY,P6,1,1,1,1,0,0,0.04,0
451.0,5,-562.5,-587.5,0.3,93.48,FAILED,RELAY,P4,0,1,0,,,0,301.48,1
452.0,1,-76.3,-207.1,60.0,75.61,ACTIVE,RELAY,P6,1,1,1,2,4,0,0.34,0
452.0,2,217.1,235.7,68.0,76.18,ACTIVE,SURVEY,P6,1,1,1,3,1,0,0.26,0
452.0,3,-450.0,-687.5,76.0,27.64,ACTIVE,RELAY,P6,1,1,1,1,0,0,0.17,0
452.0,4,-404.8,-629.7,84.0,76.32,ACTIVE,RELAY,P6,1,1,1,1,0,0,0.11,0
452.0,5,-562.5,-587.5,0.3,93.48,FAILED,RELAY,P4,0,1,0,,,0,302.51,1
453.1,1,-70.4,-221.3,60.0,75.56,ACTIVE,RELAY,P6,1,1,1,2,4,0,0.41,0
453.1,2,228.2,225.1,68.0,76.12,ACTIVE,SURVEY,P6,1,1,1,3,1,0,0.22,0
453.1,3,-450.0,-687.5,76.0,27.59,ACTIVE,RELAY,P6,1,1,1,1,0,0,0.23,0
453.1,4,-405.0,-645.0,84.0,76.26,ACTIVE,RELAY,P6,1,1,1,1,0,0,0.11,0
453.1,5,-562.5,-587.5,0.3,93.48,FAILED,RELAY,P4,0,1,0,,,0,303.53,1
454.0,1,-65.0,-234.6,60.0,75.5,ACTIVE,RELAY,P6,1,1,1,2,4,0,0.34,0
454.0,2,238.7,215.2,68.0,76.07,ACTIVE,SURVEY,P6,1,1,1,3,1,0,0.19,0
454.0,3,-450.0,-687.5,76.0,27.54,ACTIVE,RELAY,P6,1,1,1,1,0,0,0.17,0
454.0,4,-405.2,-659.4,84.0,76.21,ACTIVE,RELAY,P6,1,1,1,1,0,0,0.04,0
454.0,5,-562.5,-587.5,0.3,93.48,FAILED,RELAY,P4,0,1,0,,,0,304.49,1
455.0,1,-59.1,-248.8,60.0,75.45,ACTIVE,RELAY,P6,1,1,1,2,4,0,0.34,0
455.0,2,249.9,204.7,68.0,76.01,ACTIVE,SURVEY,P6,1,1,1,3,1,0,0.26,0
455.0,3,-450.0,-687.5,76.0,27.49,ACTIVE,RELAY,P6,1,0,1,1,0,0,0.16,0
455.0,4,-405.3,-669.3,84.0,76.15,ACTIVE,RELAY,P6,1,1,1,1,0,0,0.11,0
455.0,5,-562.5,-587.5,0.3,93.48,FAILED,RELAY,P4,0,1,0,,,0,305.51,1
456.0,1,-53.6,-262.2,60.0,75.39,ACTIVE,RELAY,P6,1,1,1,2,4,0,0.34,0
456.0,2,260.3,194.8,68.0,75.96,ACTIVE,SURVEY,P6,1,1,1,3,1,0,0.19,0
456.0,3,-450.0,-687.5,76.0,27.44,ACTIVE,RELAY,P6,1,0,1,1,0,0,0.17,0
456.0,4,-405.3,-669.3,84.0,76.1,ACTIVE,RELAY,P6,1,1,1,1,0,0,0.04,0
456.0,5,-562.5,-587.5,0.3,93.48,FAILED,RELAY,P4,0,1,0,,,0,306.47,1
457.0,1,-47.8,-276.4,60.0,75.34,ACTIVE,RELAY,P6,1,1,1,2,4,0,0.34,0
457.0,2,271.5,184.2,68.0,75.9,ACTIVE,SURVEY,P6,1,1,1,3,1,0,0.26,0
457.0,3,-450.0,-687.5,76.0,27.39,ACTIVE,RELAY,P6,1,0,1,1,0,0,0.16,0
457.0,4,-405.3,-669.3,84.0,76.05,ACTIVE,RELAY,P6,1,1,1,1,0,0,0.04,0
457.0,5,-562.5,-587.5,0.3,93.48,FAILED,RELAY,P4,0,1,0,,,0,307.5,1
458.0,1,-42.0,-290.6,60.0,75.28,ACTIVE,RELAY,P6,1,1,1,2,4,0,0.39,0
458.0,2,282.6,173.7,68.0,75.85,ACTIVE,SURVEY,P6,1,1,1,3,1,0,0.26,0
458.0,3,-450.0,-687.5,76.0,27.34,ACTIVE,RELAY,P6,1,0,1,1,0,0,0.17,0
458.0,4,-405.3,-669.3,84.0,76.0,ACTIVE,RELAY,P6,1,1,1,1,0,0,0.11,0
458.0,5,-562.5,-587.5,0.3,93.48,FAILED,RELAY,P4,0,1,0,,,0,308.52,1
459.0,1,-36.5,-303.9,60.0,75.23,ACTIVE,RELAY,P6,1,1,1,2,4,0,0.34,0
459.0,2,293.1,163.8,68.0,75.8,ACTIVE,SURVEY,P6,1,1,1,3,1,0,0.16,0
459.0,3,-450.0,-687.5,76.0,27.29,ACTIVE,RELAY,P6,1,0,1,1,0,0,0.16,0
459.0,4,-405.3,-669.3,84.0,75.95,ACTIVE,RELAY,P6,1,1,1,1,0,0,0.04,0
459.0,5,-562.5,-587.5,0.3,93.48,FAILED,RELAY,P4,0,1,0,,,0,309.48,1
460.0,1,-30.7,-318.1,60.0,75.17,ACTIVE,RELAY,P6,1,1,1,2,4,0,0.32,0
460.0,2,304.3,153.2,68.0,75.74,ACTIVE,SURVEY,P6,1,1,1,3,1,0,0.26,0
460.0,3,-450.0,-687.5,76.0,27.24,ACTIVE,RELAY,P6,1,0,1,1,0,0,0.17,0
460.0,4,-405.3,-669.3,84.0,75.9,ACTIVE,RELAY,P6,1,1,1,1,0,0,0.11,0
460.0,5,-562.5,-587.5,0.3,93.48,FAILED,RELAY,P4,0,1,0,,,0,310.51,1
461.1,1,-24.8,-332.3,60.0,75.12,ACTIVE,RELAY,P6,1,1,1,2,4,0,0.41,0
461.1,2,315.4,142.7,68.0,75.68,ACTIVE,SURVEY,P6,1,1,1,3,1,0,0.26,0
461.1,3,-452.7,-688.6,76.0,27.19,ACTIVE,HOME,,1,1,1,1,0,0,0.23,0
461.1,4,-405.3,-669.3,84.0,75.85,ACTIVE,RELAY,P6,1,1,1,1,0,0,0.11,0
461.1,5,-562.5,-587.5,0.3,93.48,FAILED,RELAY,P4,0,1,0,,,0,311.53,1
462.0,1,-19.4,-345.6,60.0,75.06,ACTIVE,RELAY,P6,1,1,1,2,4,0,0.34,0
462.0,2,325.9,132.8,68.0,75.63,ACTIVE,SURVEY,P6,1,1,1,3,1,0,0.15,0
462.0,3,-466.1,-693.9,76.0,27.14,ACTIVE,HOME,,1,1,1,1,0,0,0.15,0
462.0,4,-405.3,-669.3,84.0,75.8,ACTIVE,RELAY,P6,1,1,1,1,0,0,0.04,0
462.0,5,-562.5,-587.5,0.3,93.48,FAILED,RELAY,P4,0,1,0,,,0,312.49,1
463.0,1,-13.5,-359.8,60.0,75.01,ACTIVE,RELAY,P6,1,1,1,2,4,0,0.34,0
463.0,2,337.1,122.2,68.0,75.57,ACTIVE,SURVEY,P6,1,1,1,3,1,0,0.24,0
463.0,3,-480.3,-699.6,76.0,27.08,ACTIVE,HOME,,1,1,1,1,0,0,0.16,0
463.0,4,-405.3,-669.3,84.0,75.75,ACTIVE,RELAY,P6,1,1,1,1,0,0,0.11,0
463.0,5,-562.5,-587.5,0.3,93.48,FAILED,RELAY,P4,0,1,0,,,0,313.51,1
464.0,1,-8.0,-373.2,60.0,74.95,ACTIVE,RELAY,P6,1,1,1,2,4,0,0.34,0
464.0,2,347.5,112.4,68.0,75.52,ACTIVE,SURVEY,P6,1,1,0,,,1,0.68,0
464.0,3,-493.7,-704.9,76.0,27.03,ACTIVE,HOME,,1,1,1,1,0,0,0.17,0
464.0,4,-405.3,-669.3,84.0,75.7,ACTIVE,RELAY,P6,1,1,1,1,0,0,0.04,0
464.0,5,-562.5,-587.5,0.3,93.48,FAILED,RELAY,P4,0,1,0,,,0,314.47,1
465.0,1,-2.2,-387.4,60.0,74.9,ACTIVE,RELAY,P6,1,1,1,2,4,0,0.34,0
465.0,2,358.7,101.8,68.0,75.46,ACTIVE,SURVEY,P6,1,1,0,,,4,1.71,0
465.0,3,-508.0,-710.6,76.0,26.97,ACTIVE,HOME,,1,1,1,1,0,0,0.17,0
465.0,4,-405.3,-669.3,84.0,75.65,ACTIVE,RELAY,P6,1,1,1,1,0,0,0.04,0
465.0,5,-562.5,-587.5,0.3,93.48,FAILED,RELAY,P4,0,1,0,,,0,315.5,1
466.0,1,3.6,-401.6,60.0,74.84,ACTIVE,RELAY,P6,1,1,1,2,4,0,0.41,0
466.0,2,369.8,91.2,68.0,75.41,ACTIVE,SURVEY,P6,1,1,0,,,5,2.73,0
466.0,3,-522.2,-716.3,76.0,26.92,ACTIVE,HOME,,1,1,1,1,0,0,0.17,0
466.0,4,-405.3,-669.3,84.0,75.6,ACTIVE,RELAY,P6,1,1,1,1,0,0,0.11,0
466.0,5,-562.5,-587.5,0.3,93.48,FAILED,RELAY,P4,0,1,0,,,0,316.52,1
467.0,1,9.1,-414.9,60.0,74.79,ACTIVE,RELAY,P6,1,1,1,2,4,0,0.34,0
467.0,2,380.3,81.4,68.0,75.36,ACTIVE,SURVEY,P6,1,1,0,,,5,3.69,1
467.0,3,-535.6,-721.6,76.0,26.86,ACTIVE,HOME,,1,1,1,1,0,0,0.17,0
467.0,4,-405.3,-669.3,84.0,75.55,ACTIVE,RELAY,P6,1,1,1,1,0,0,0.02,0
467.0,5,-562.5,-587.5,0.3,93.48,FAILED,RELAY,P4,0,1,0,,,0,317.48,1
468.0,1,14.9,-429.1,60.0,74.73,ACTIVE,RELAY,P6,1,1,1,2,4,0,0.34,0
468.0,2,391.5,70.8,68.0,75.3,ACTIVE,SURVEY,P6,1,1,0,,,5,4.72,1
468.0,3,-549.9,-727.3,76.0,26.81,ACTIVE,HOME,,1,1,1,1,0,0,0.15,0
468.0,4,-405.3,-669.3,84.0,75.5,ACTIVE,RELAY,P6,1,1,1,1,0,0,0.11,0
468.0,5,-562.5,-587.5,0.3,93.48,FAILED,RELAY,P4,0,1,0,,,0,318.51,1
469.1,1,20.8,-443.3,60.0,74.68,ACTIVE,RELAY,P6,1,1,1,2,4,0,0.41,0
469.1,2,402.6,60.3,68.0,75.24,ACTIVE,SURVEY,P6,1,1,0,,,5,5.74,1
469.1,3,-564.2,-733.0,76.0,26.75,ACTIVE,HOME,,1,1,1,1,0,0,0.24,0
469.1,4,-405.3,-669.3,84.0,75.45,ACTIVE,RELAY,P6,1,1,1,1,0,0,0.11,0
469.1,5,-562.5,-587.5,0.3,93.48,FAILED,RELAY,P4,0,1,0,,,0,319.53,1
470.0,1,26.2,-456.6,60.0,74.62,ACTIVE,RELAY,P6,1,1,1,2,4,0,0.34,0
470.0,2,413.1,50.4,68.0,75.19,ACTIVE,SURVEY,P6,1,1,0,,,5,6.7,1
470.0,3,-577.5,-738.3,76.0,26.7,ACTIVE,HOME,,1,1,1,1,0,0,0.17,0
470.0,4,-405.3,-669.3,84.0,75.4,ACTIVE,RELAY,P6,1,1,1,1,0,0,0.04,0
470.0,5,-562.5,-587.5,0.3,93.48,FAILED,RELAY,P4,0,1,0,,,0,320.49,1
471.0,1,32.1,-470.8,60.0,74.57,ACTIVE,RELAY,P6,1,1,1,2,4,0,0.34,0
471.0,2,424.3,39.8,68.0,75.13,ACTIVE,SURVEY,P6,1,1,0,,,5,7.72,1
471.0,3,-591.8,-744.0,76.0,26.64,ACTIVE,HOME,,1,1,1,1,0,0,0.17,0
471.0,4,-405.3,-669.3,84.0,75.35,ACTIVE,RELAY,P6,1,1,1,1,0,0,0.11,0
471.0,5,-562.5,-587.5,0.3,93.48,FAILED,RELAY,P4,0,1,0,,,0,321.51,1
472.0,1,37.6,-484.2,60.0,74.51,ACTIVE,RELAY,P6,1,1,1,2,4,0,0.34,0
472.0,2,434.7,29.9,68.0,75.08,ACTIVE,SURVEY,P6,1,1,0,,,5,8.68,1
472.0,3,-605.2,-749.3,76.0,26.59,ACTIVE,HOME,,1,1,1,1,0,0,0.17,0
472.0,4,-405.3,-669.3,84.0,75.3,ACTIVE,RELAY,P6,1,1,1,1,0,0,0.04,0
472.0,5,-562.5,-587.5,0.3,93.48,FAILED,RELAY,P4,0,1,0,,,0,322.47,1
473.0,1,39.4,-488.7,60.0,74.46,ACTIVE,RELAY,P6,1,1,1,2,4,0,0.34,0
473.0,2,445.9,19.4,68.0,75.02,ACTIVE,SURVEY,P6,1,1,0,,,5,9.71,1
473.0,3,-619.5,-755.0,76.0,26.53,ACTIVE,HOME,,1,1,1,1,0,0,0.17,0
473.0,4,-405.3,-669.3,84.0,75.25,ACTIVE,RELAY,P6,1,1,1,1,0,0,0.04,0
473.0,5,-562.5,-587.5,0.3,93.48,FAILED,RELAY,P4,0,1,0,,,0,323.5,1
474.0,1,39.4,-488.7,60.0,74.41,ACTIVE,RELAY,P6,1,1,1,2,4,0,0.41,0
474.0,2,457.1,8.8,68.0,74.97,ACTIVE,SURVEY,P6,1,1,0,,,5,10.73,1
474.0,3,-633.7,-760.7,76.0,26.48,ACTIVE,HOME,,1,1,1,1,0,0,0.17,0
474.0,4,-405.3,-669.3,84.0,75.2,ACTIVE,RELAY,P6,1,1,1,1,0,0,0.11,0
474.0,5,-562.5,-587.5,0.3,93.48,FAILED,RELAY,P4,0,1,0,,,0,324.52,1
475.0,1,39.4,-488.7,60.0,74.36,ACTIVE,RELAY,P6,1,1,1,2,4,0,0.34,0
475.0,2,467.5,-1.1,68.0,74.92,ACTIVE,SURVEY,P6,1,1,0,,,5,11.69,1
475.0,3,-647.1,-766.0,76.0,26.42,ACTIVE,HOME,,1,1,1,1,0,0,0.17,0
475.0,4,-405.3,-669.3,84.0,75.15,ACTIVE,RELAY,P6,1,1,1,1,0,0,0.04,0
475.0,5,-562.5,-587.5,0.3,93.48,FAILED,RELAY,P4,0,1,0,,,0,325.48,1
476.0,1,39.4,-488.7,60.0,74.31,ACTIVE,RELAY,P6,1,1,1,2,4,0,0.34,0
476.0,2,478.7,-11.6,68.0,74.86,ACTIVE,SURVEY,P6,1,1,0,,,5,12.72,1
476.0,3,-661.4,-771.7,76.0,26.37,ACTIVE,HOME,,1,1,1,1,0,0,0.17,0
476.0,4,-405.3,-669.3,84.0,75.1,ACTIVE,RELAY,P6,1,1,1,1,0,0,0.11,0
476.0,5,-562.5,-587.5,0.3,93.48,FAILED,RELAY,P4,0,1,0,,,0,326.51,1
477.1,1,39.4,-488.7,60.0,74.26,ACTIVE,RELAY,P6,1,1,1,2,4,0,0.41,0
477.1,2,489.8,-22.2,68.0,74.8,ACTIVE,SURVEY,P6,1,1,0,,,5,13.74,1
477.1,3,-675.7,-777.3,76.0,26.31,ACTIVE,HOME,,1,1,1,1,0,0,0.24,0
477.1,4,-405.3,-669.3,84.0,75.05,ACTIVE,RELAY,P6,1,1,1,1,0,0,0.11,0
477.1,5,-562.5,-587.5,0.3,93.48,FAILED,RELAY,P4,0,1,0,,,0,327.53,1
478.0,1,39.4,-488.7,60.0,74.21,ACTIVE,RELAY,P6,1,1,1,2,4,0,0.34,0
478.0,2,500.3,-32.1,68.0,74.75,ACTIVE,SURVEY,P6,1,1,0,,,5,14.7,1
478.0,3,-689.0,-782.7,76.0,26.26,ACTIVE,HOME,,1,1,1,1,0,0,0.17,0
478.0,4,-405.3,-669.3,84.0,75.0,ACTIVE,RELAY,P6,1,1,1,1,0,0,0.04,0
478.0,5,-562.5,-587.5,0.3,93.48,FAILED,RELAY,P4,0,1,0,,,0,328.49,1
479.0,1,39.4,-488.7,60.0,74.16,ACTIVE,RELAY,P6,1,1,1,2,4,0,0.34,0
479.0,2,511.5,-42.6,68.0,74.69,ACTIVE,SURVEY,P6,1,1,0,,,5,15.72,1
479.0,3,-703.3,-788.4,76.0,26.2,ACTIVE,HOME,,1,1,1,1,0,0,0.17,0
479.0,4,-405.3,-669.3,84.0,74.95,ACTIVE,RELAY,P6,1,1,1,1,0,0,0.09,0
479.0,5,-562.5,-587.5,0.3,93.48,FAILED,RELAY,P4,0,1,0,,,0,329.51,1
480.0,1,39.4,-488.7,60.0,74.11,ACTIVE,RELAY,P6,1,1,1,2,4,0,0.34,0
480.0,2,521.9,-52.5,68.0,74.64,ACTIVE,SURVEY,P6,1,1,0,,,5,16.68,1
480.0,3,-716.7,-793.7,76.0,26.15,ACTIVE,HOME,,1,1,1,1,0,0,0.17,0
480.0,4,-405.3,-669.3,84.0,74.9,ACTIVE,RELAY,P6,1,1,1,1,0,0,0.04,0
480.0,5,-562.5,-587.5,0.3,93.48,FAILED,RELAY,P4,0,1,0,,,0,330.47,1
481.0,1,39.4,-488.7,60.0,74.06,ACTIVE,RELAY,P6,1,1,1,2,4,0,0.34,0
481.0,2,533.1,-63.1,68.0,74.58,ACTIVE,SURVEY,P6,1,1,0,,,5,17.71,1
481.0,3,-731.0,-799.4,76.0,26.09,ACTIVE,HOME,,1,1,1,1,0,0,0.17,0
481.0,4,-405.3,-669.3,84.0,74.85,ACTIVE,RELAY,P6,1,1,1,1,0,0,0.04,0
481.0,5,-562.5,-587.5,0.3,93.48,FAILED,RELAY,P4,0,1,0,,,0,331.5,1
482.0,1,39.4,-488.7,60.0,74.01,ACTIVE,RELAY,P6,1,1,1,2,4,0,0.41,0
482.0,2,544.3,-73.6,68.0,74.53,ACTIVE,SURVEY,P6,1,1,0,,,5,18.73,1
482.0,3,-745.2,-805.0,76.0,26.04,ACTIVE,HOME,,1,1,1,1,0,0,0.17,0
482.0,4,-405.3,-669.3,84.0,74.8,ACTIVE,RELAY,P6,1,1,1,1,0,0,0.11,0
482.0,5,-562.5,-587.5,0.3,93.48,FAILED,RELAY,P4,0,1,0,,,0,332.52,1
483.0,1,39.4,-488.7,60.0,73.96,ACTIVE,RELAY,P6,1,1,1,2,4,0,0.32,0
483.0,2,554.7,-83.5,68.0,74.48,ACTIVE,SURVEY,P6,1,1,0,,,5,19.69,1
483.0,3,-758.6,-810.4,76.0,25.98,ACTIVE,HOME,,1,1,1,1,0,0,0.17,0
483.0,4,-405.3,-669.3,84.0,74.75,ACTIVE,RELAY,P6,1,1,1,1,0,0,0.02,0
483.0,5,-562.5,-587.5,0.3,93.48,FAILED,RELAY,P4,0,1,0,,,0,333.48,1
484.0,1,39.4,-488.7,60.0,73.91,ACTIVE,RELAY,P6,1,1,1,2,4,0,0.32,0
484.0,2,565.9,-94.1,68.0,74.42,ACTIVE,SURVEY,P6,1,1,0,,,5,20.72,1
484.0,3,-772.9,-816.1,76.0,25.93,ACTIVE,HOME,,1,1,1,1,0,0,0.17,0
484.0,4,-405.3,-669.3,84.0,74.7,ACTIVE,RELAY,P6,1,1,1,1,0,0,0.09,0
484.0,5,-562.5,-587.5,0.3,93.48,FAILED,RELAY,P4,0,1,0,,,0,334.51,1
485.1,1,39.4,-488.7,60.0,73.86,ACTIVE,RELAY,P6,1,1,1,2,4,0,0.41,0
485.1,2,577.0,-104.6,68.0,74.36,ACTIVE,SURVEY,P6,1,1,0,,,5,21.74,1
485.1,3,-787.1,-821.7,76.0,25.87,ACTIVE,HOME,,1,1,1,1,0,0,0.24,0
485.1,4,-405.3,-669.3,84.0,74.65,ACTIVE,RELAY,P6,1,1,1,1,0,0,0.11,0
485.1,5,-562.5,-587.5,0.3,93.48,FAILED,RELAY,P4,0,1,0,,,0,335.53,1
486.0,1,39.4,-488.7,60.0,73.81,ACTIVE,RELAY,P6,1,1,1,2,4,0,0.34,0
486.0,2,587.5,-114.5,68.0,74.31,ACTIVE,SURVEY,P6,1,1,0,,,5,22.7,1
486.0,3,-800.5,-827.1,76.0,25.82,ACTIVE,HOME,,1,1,1,1,0,0,0.17,0
486.0,4,-405.3,-669.3,84.0,74.6,ACTIVE,RELAY,P6,1,1,1,1,0,0,0.04,0
486.0,5,-562.5,-587.5,0.3,93.48,FAILED,RELAY,P4,0,1,0,,,0,336.49,1
487.0,1,39.4,-488.7,60.0,73.76,ACTIVE,RELAY,P6,1,1,1,2,4,0,0.34,0
487.0,2,598.7,-125.1,68.0,74.25,ACTIVE,SURVEY,P6,1,1,0,,,5,23.72,1
487.0,3,-814.8,-832.7,76.0,25.76,ACTIVE,HOME,,1,1,1,1,0,0,0.17,0
487.0,4,-405.3,-669.3,84.0,74.55,ACTIVE,RELAY,P6,1,1,1,1,0,0,0.11,0
487.0,5,-562.5,-587.5,0.3,93.48,FAILED,RELAY,P4,0,1,0,,,0,337.51,1
488.0,1,39.4,-488.7,60.0,73.71,ACTIVE,RELAY,P6,1,1,1,2,4,0,0.34,0
488.0,2,609.1,-135.0,68.0,74.2,ACTIVE,SURVEY,P6,1,1,0,,,5,24.68,1
488.0,3,-828.0,-838.0,76.0,25.71,ACTIVE,HOME,,1,1,1,1,0,0,0.17,0
488.0,4,-405.3,-669.3,84.0,74.5,ACTIVE,RELAY,P6,1,1,1,1,0,0,0.02,0
488.0,5,-562.5,-587.5,0.3,93.48,FAILED,RELAY,P4,0,1,0,,,0,338.47,1
489.0,1,39.4,-488.7,60.0,73.66,ACTIVE,RELAY,P6,1,1,1,2,4,0,0.34,0
489.0,2,620.3,-145.5,68.0,74.14,ACTIVE,SURVEY,P6,1,1,0,,,5,25.71,1
489.0,3,-828.0,-838.0,70.9,25.65,RTH,HOME,,1,1,1,1,0,0,0.17,0
489.0,4,-405.3,-669.3,84.0,74.45,ACTIVE,RELAY,P6,1,1,1,1,0,0,0.04,0
489.0,5,-562.5,-587.5,0.3,93.48,FAILED,RELAY,P4,0,1,0,,,0,339.5,1
490.0,1,39.4,-488.7,60.0,73.61,ACTIVE,RELAY,P6,1,1,1,2,4,0,0.41,0
490.0,2,631.5,-156.1,68.0,74.09,ACTIVE,SURVEY,P6,1,1,0,,,5,26.73,1
490.0,3,-828.0,-838.0,65.8,25.6,RTH,HOME,,1,1,1,1,0,0,0.17,0
490.0,4,-405.3,-669.3,84.0,74.4,ACTIVE,RELAY,P6,1,1,1,1,0,0,0.11,0
490.0,5,-562.5,-587.5,0.3,93.48,FAILED,RELAY,P4,0,1,0,,,0,340.52,1
491.0,1,39.4,-488.7,60.0,73.56,ACTIVE,RELAY,P6,1,1,1,2,4,0,0.32,0
491.0,2,641.9,-166.0,68.0,74.04,ACTIVE,SURVEY,P6,1,1,0,,,5,27.69,1
491.0,3,-828.0,-838.0,61.0,25.54,RTH,HOME,,1,1,1,1,0,0,0.17,0
491.0,4,-405.3,-669.3,84.0,74.35,ACTIVE,RELAY,P6,1,1,1,1,0,0,0.02,0
491.0,5,-562.5,-587.5,0.3,93.48,FAILED,RELAY,P4,0,1,0,,,0,341.48,1
492.0,1,39.4,-488.7,60.0,73.51,ACTIVE,RELAY,P6,1,1,1,2,4,0,0.32,0
492.0,2,653.1,-176.5,68.0,73.98,ACTIVE,SURVEY,P6,1,1,0,,,5,28.72,1
492.0,3,-828.0,-838.0,55.8,25.49,RTH,HOME,,1,1,1,1,0,0,0.17,0
492.0,4,-405.3,-669.3,84.0,74.3,ACTIVE,RELAY,P6,1,1,1,1,0,0,0.11,0
492.0,5,-562.5,-587.5,0.3,93.48,FAILED,RELAY,P4,0,1,0,,,0,342.51,1
493.1,1,39.4,-488.7,60.0,73.46,ACTIVE,RELAY,P6,1,1,1,2,4,0,0.41,0
493.1,2,664.2,-187.1,68.0,73.92,ACTIVE,SURVEY,P6,1,1,0,,,5,29.74,1
493.1,3,-828.0,-838.0,50.7,25.43,RTH,HOME,,1,1,1,1,0,0,0.24,0
493.1,4,-405.3,-669.3,84.0,74.25,ACTIVE,RELAY,P6,1,1,1,1,0,0,0.11,0
493.1,5,-562.5,-587.5,0.3,93.48,FAILED,RELAY,P4,0,1,0,,,0,343.53,1
494.0,1,39.4,-488.7,60.0,73.41,ACTIVE,RELAY,P6,1,1,1,2,4,0,0.34,0
494.0,2,674.7,-196.9,68.0,73.87,ACTIVE,SURVEY,P6,1,1,0,,,5,30.7,1
494.0,3,-828.0,-838.0,45.9,25.38,RTH,HOME,,1,1,1,1,0,0,0.17,0
494.0,4,-405.3,-669.3,84.0,74.2,ACTIVE,RELAY,P6,1,1,1,1,0,0,0.04,0
494.0,5,-562.5,-587.5,0.3,93.48,FAILED,RELAY,P4,0,1,0,,,0,344.49,1
495.0,1,39.4,-488.7,60.0,73.36,ACTIVE,RELAY,P6,1,1,1,2,4,0,0.34,0
495.0,2,685.9,-207.5,68.0,73.81,ACTIVE,SURVEY,P6,1,1,0,,,5,31.72,1
495.0,3,-828.0,-838.0,40.8,25.32,RTH,HOME,,1,1,1,1,0,0,0.17,0
495.0,4,-405.3,-669.3,84.0,74.15,ACTIVE,RELAY,P6,1,1,1,1,0,0,0.11,0
495.0,5,-562.5,-587.5,0.3,93.48,FAILED,RELAY,P4,0,1,0,,,0,345.51,1
496.0,1,39.4,-488.7,60.0,73.31,ACTIVE,RELAY,P6,1,1,1,2,4,0,0.34,0
496.0,2,696.3,-217.4,68.0,73.76,ACTIVE,SURVEY,P6,1,1,0,,,5,32.68,1
496.0,3,-828.0,-838.0,36.0,25.27,RTH,HOME,,1,1,1,1,0,0,0.17,0
496.0,4,-405.3,-669.3,84.0,74.1,ACTIVE,RELAY,P6,1,1,1,1,0,0,0.04,0
496.0,5,-562.5,-587.5,0.3,93.48,FAILED,RELAY,P4,0,1,0,,,0,346.47,1
497.0,1,39.4,-488.7,60.0,73.26,ACTIVE,RELAY,P6,1,1,1,2,4,0,0.34,0
497.0,2,699.6,-220.5,68.0,73.71,ACTIVE,SURVEY,P6,1,1,0,,,5,33.71,1
497.0,3,-828.0,-838.0,30.9,25.21,RTH,HOME,,1,1,1,1,0,0,0.17,0
497.0,4,-405.3,-669.3,84.0,74.05,ACTIVE,RELAY,P6,1,1,1,1,0,0,0.04,0
497.0,5,-562.5,-587.5,0.3,93.48,FAILED,RELAY,P4,0,1,0,,,0,347.5,1
498.0,1,39.4,-488.7,60.0,73.21,ACTIVE,RELAY,P6,1,1,1,2,4,0,0.41,0
498.0,2,699.6,-220.5,68.0,73.66,ACTIVE,SURVEY,P6,1,1,0,,,5,34.73,1
498.0,3,-828.0,-838.0,25.8,25.16,RTH,HOME,,1,1,1,1,0,0,0.17,0
498.0,4,-405.3,-669.3,84.0,74.0,ACTIVE,RELAY,P6,1,1,1,1,0,0,0.11,0
498.0,5,-562.5,-587.5,0.3,93.48,FAILED,RELAY,P4,0,1,0,,,0,348.52,1
499.0,1,39.4,-488.7,60.0,73.16,ACTIVE,RELAY,P6,1,1,1,2,4,0,0.34,0
499.0,2,699.6,-220.5,68.0,73.61,ACTIVE,SURVEY,P6,1,1,0,,,5,35.69,1
499.0,3,-828.0,-838.0,21.0,25.1,RTH,HOME,,1,1,1,1,0,0,0.17,0
499.0,4,-405.3,-669.3,84.0,73.95,ACTIVE,RELAY,P6,1,1,1,1,0,0,0.04,0
499.0,5,-562.5,-587.5,0.3,93.48,FAILED,RELAY,P4,0,1,0,,,0,349.48,1
500.0,1,39.4,-488.7,60.0,73.11,ACTIVE,RELAY,P6,1,1,1,2,4,0,0.32,0
500.0,2,699.6,-220.5,68.0,73.56,ACTIVE,SURVEY,P6,1,1,0,,,5,36.72,1
500.0,3,-828.0,-838.0,15.8,25.05,RTH,HOME,,1,1,1,1,0,0,0.17,0
500.0,4,-405.3,-669.3,84.0,73.9,ACTIVE,RELAY,P6,1,1,1,1,0,0,0.11,0
500.0,5,-562.5,-587.5,0.3,93.48,FAILED,RELAY,P4,0,1,0,,,0,350.51,1
501.1,1,39.4,-488.7,60.0,73.06,ACTIVE,RELAY,P6,1,1,1,2,4,0,0.41,0
501.1,2,699.6,-220.5,68.0,73.51,ACTIVE,SURVEY,P6,1,1,0,,,5,37.74,1
501.1,3,-828.0,-838.0,10.7,24.99,RTH,HOME,,1,1,1,1,0,0,0.24,0
501.1,4,-405.3,-669.3,84.0,73.85,ACTIVE,RELAY,P6,1,1,1,1,0,0,0.11,0
501.1,5,-562.5,-587.5,0.3,93.48,FAILED,RELAY,P4,0,1,0,,,0,351.53,1
502.0,1,39.4,-488.7,60.0,73.01,ACTIVE,RELAY,P6,1,1,1,2,4,0,0.34,0
502.0,2,699.6,-220.5,68.0,73.46,ACTIVE,SURVEY,P6,1,1,0,,,5,38.7,1
502.0,3,-828.0,-838.0,5.9,24.94,RTH,HOME,,1,1,1,1,0,0,0.17,0
502.0,4,-405.3,-669.3,84.0,73.8,ACTIVE,RELAY,P6,1,1,1,1,0,0,0.04,0
502.0,5,-562.5,-587.5,0.3,93.48,FAILED,RELAY,P4,0,1,0,,,0,352.49,1
503.0,1,39.4,-488.7,60.0,72.96,ACTIVE,RELAY,P6,1,1,1,2,4,0,0.32,0
503.0,2,699.6,-220.5,68.0,73.41,ACTIVE,SURVEY,P6,1,1,0,,,5,39.72,1
503.0,3,-828.0,-838.0,0.8,24.88,RTH,HOME,,1,1,1,1,0,0,0.17,0
503.0,4,-405.3,-669.3,84.0,73.75,ACTIVE,RELAY,P6,1,1,1,1,0,0,0.09,0
503.0,5,-562.5,-587.5,0.3,93.48,FAILED,RELAY,P4,0,1,0,,,0,353.51,1
504.0,1,39.4,-488.7,60.0,72.91,ACTIVE,RELAY,P6,1,1,1,2,4,0,0.32,0
504.0,2,699.6,-220.5,68.0,73.36,ACTIVE,SURVEY,P6,1,1,0,,,5,40.68,1
504.0,3,-828.0,-838.0,0.3,24.87,SERVICE,HOME,,1,1,1,1,0,0,0.17,0
504.0,4,-405.3,-669.3,84.0,73.7,ACTIVE,RELAY,P6,1,1,1,1,0,0,0.04,0
504.0,5,-562.5,-587.5,0.3,93.48,FAILED,RELAY,P4,0,1,0,,,0,354.47,1
505.0,1,39.4,-488.7,60.0,72.86,ACTIVE,RELAY,P6,1,1,1,2,4,0,0.34,0
505.0,2,699.6,-220.5,68.0,73.31,ACTIVE,SURVEY,P6,1,1,0,,,5,41.71,1
505.0,3,-828.0,-838.0,0.3,24.87,SERVICE,HOME,,1,1,1,1,0,0,0.17,0
505.0,4,-405.3,-669.3,84.0,73.65,ACTIVE,RELAY,P6,1,1,1,1,0,0,0.04,0
505.0,5,-562.5,-587.5,0.3,93.48,FAILED,RELAY,P4,0,1,0,,,0,355.5,1
506.0,1,39.4,-488.7,60.0,72.81,ACTIVE,RELAY,P6,1,1,1,2,4,0,0.41,0
506.0,2,699.6,-220.5,68.0,73.26,ACTIVE,SURVEY,P6,1,1,0,,,5,42.73,1
506.0,3,-828.0,-838.0,0.3,24.87,SERVICE,HOME,,1,1,1,1,0,0,0.17,0
506.0,4,-405.3,-669.3,84.0,73.6,ACTIVE,RELAY,P6,1,1,1,1,0,0,0.11,0
506.0,5,-562.5,-587.5,0.3,93.48,FAILED,RELAY,P4,0,1,0,,,0,356.52,1
507.0,1,39.4,-488.7,60.0,72.76,ACTIVE,RELAY,P6,1,1,1,2,4,0,0.34,0
507.0,2,686.2,-225.9,68.0,73.2,ACTIVE,SURVEY,P6,1,1,0,,,9,43.69,1
507.0,3,-828.0,-838.0,0.3,24.87,SERVICE,HOME,,1,1,1,1,0,0,0.17,0
507.0,4,-405.3,-669.3,84.0,73.55,ACTIVE,RELAY,P6,1,1,1,1,0,0,0.04,0
507.0,5,-562.5,-587.5,0.3,93.48,FAILED,RELAY,P4,0,1,0,,,0,357.48,1
508.0,1,39.4,-488.7,60.0,72.71,ACTIVE,RELAY,P6,1,1,1,2,4,0,0.32,0
508.0,2,672.0,-231.6,68.0,73.15,ACTIVE,SURVEY,P6,1,1,0,,,9,44.72,1
508.0,3,-828.0,-838.0,0.3,24.87,SERVICE,HOME,,1,1,1,1,0,0,0.17,0
508.0,4,-405.3,-669.3,84.0,73.5,ACTIVE,RELAY,P6,1,1,1,1,0,0,0.11,0
508.0,5,-562.5,-587.5,0.3,93.48,FAILED,RELAY,P4,0,1,0,,,0,358.51,1
509.1,1,39.4,-488.7,60.0,72.66,ACTIVE,RELAY,P6,1,1,1,2,4,0,0.41,0
509.1,2,657.8,-237.3,68.0,73.09,ACTIVE,SURVEY,P6,1,1,0,,,9,45.74,1
509.1,3,-828.0,-838.0,0.3,24.87,SERVICE,HOME,,1,1,1,1,0,0,0.24,0
509.1,4,-405.3,-669.3,84.0,73.45,ACTIVE,RELAY,P6,1,1,1,1,0,0,0.09,0
509.1,5,-562.5,-587.5,0.3,93.48,FAILED,RELAY,P4,0,1,0,,,0,359.53,1
510.0,1,39.4,-488.7,60.0,72.61,ACTIVE,RELAY,P6,1,1,1,2,4,0,0.34,0
510.0,2,644.4,-242.7,68.0,73.04,ACTIVE,SURVEY,P6,1,1,0,,,9,46.7,1
510.0,3,-828.0,-838.0,0.3,24.87,SERVICE,HOME,,1,1,1,1,0,0,0.17,0
510.0,4,-405.3,-669.3,84.0,73.4,ACTIVE,RELAY,P6,1,1,1,1,0,0,0.04,0
510.0,5,-562.5,-587.5,0.3,93.48,FAILED,RELAY,P4,0,1,0,,,0,360.49,1
511.0,1,39.4,-488.7,60.0,72.56,ACTIVE,RELAY,P6,1,1,1,2,4,0,0.34,0
511.0,2,630.2,-248.5,68.0,72.98,ACTIVE,SURVEY,P6,1,1,0,,,13,47.72,1
511.0,3,-828.0,-838.0,0.3,24.87,SERVICE,HOME,,1,1,1,1,0,0,0.17,0
511.0,4,-405.3,-669.3,84.0,73.35,ACTIVE,RELAY,P6,1,1,1,1,0,0,0.11,0
511.0,5,-562.5,-587.5,0.3,93.48,FAILED,RELAY,P4,0,1,0,,,0,361.51,1
512.0,1,39.4,-488.7,60.0,72.51,ACTIVE,RELAY,P6,1,1,1,2,4,0,0.3,0
512.0,2,616.8,-253.9,68.0,72.93,ACTIVE,SURVEY,P6,1,1,0,,,13,48.68,1
512.0,3,-828.0,-838.0,0.3,24.87,SERVICE,HOME,,1,1,1,1,0,0,0.17,0
512.0,4,-405.3,-669.3,84.0,73.3,ACTIVE,RELAY,P6,1,1,1,1,0,0,0.04,0
512.0,5,-562.5,-587.5,0.3,93.48,FAILED,RELAY,P4,0,1,0,,,0,362.47,1
513.0,1,39.4,-488.7,60.0,72.46,ACTIVE,RELAY,P6,1,1,1,2,4,0,0.32,0
513.0,2,602.6,-259.6,68.0,72.87,ACTIVE,SURVEY,P6,1,1,0,,,13,49.71,1
513.0,3,-828.0,-838.0,0.3,24.87,SERVICE,HOME,,1,1,1,1,0,0,0.17,0
513.0,4,-405.3,-669.3,84.0,73.25,ACTIVE,RELAY,P6,1,1,1,1,0,0,0.04,0
513.0,5,-562.5,-587.5,0.3,93.48,FAILED,RELAY,P4,0,1,0,,,0,363.5,1
514.0,1,39.4,-488.7,60.0,72.41,ACTIVE,RELAY,P6,1,1,1,2,4,10,0.4,0
514.0,2,590.1,-264.6,68.0,72.82,ACTIVE,SURVEY,P6,1,1,1,3,1,2,0.06,0
514.0,3,-828.0,-838.0,0.3,24.87,SERVICE,HOME,,1,1,1,1,0,0,0.17,0
514.0,4,-405.3,-669.3,84.0,73.2,ACTIVE,RELAY,P6,1,1,1,1,0,0,0.08,0
514.0,5,-562.5,-587.5,0.3,93.48,FAILED,RELAY,P4,0,1,0,,,0,364.52,1
515.0,1,39.4,-488.7,60.0,72.36,ACTIVE,RELAY,P6,1,1,1,2,4,0,0.0,0
515.0,2,603.4,-259.2,68.0,72.76,ACTIVE,SURVEY,P6,1,1,0,,,6,0.75,0
515.0,3,-828.0,-838.0,0.3,24.87,SERVICE,HOME,,1,1,1,1,0,0,0.17,0
515.0,4,-405.3,-669.3,84.0,73.15,ACTIVE,RELAY,P6,1,1,1,1,0,12,0.33,0
515.0,5,-562.5,-587.5,0.3,93.48,FAILED,RELAY,P4,0,1,0,,,0,365.48,1
516.0,1,39.4,-488.7,60.0,72.31,ACTIVE,RELAY,P6,1,1,1,2,4,0,0.26,0
516.0,2,617.7,-253.5,68.0,72.71,ACTIVE,SURVEY,P6,1,1,0,,,8,1.77,0
516.0,3,-828.0,-838.0,0.3,24.87,SERVICE,HOME,,1,1,1,1,0,0,0.17,0
516.0,4,-405.3,-669.3,84.0,73.1,ACTIVE,RELAY,P6,1,1,1,1,0,1,0.08,0
516.0,5,-562.5,-587.5,0.3,93.48,FAILED,RELAY,P4,0,1,0,,,0,366.51,1
517.1,1,39.4,-488.7,60.0,72.26,ACTIVE,RELAY,P6,1,1,1,2,4,0,0.41,0
517.1,2,631.9,-247.8,68.0,72.65,ACTIVE,SURVEY,P6,1,1,0,,,8,2.8,0
517.1,3,-828.0,-838.0,0.3,24.87,SERVICE,HOME,,1,1,1,1,0,0,0.24,0
517.1,4,-405.3,-669.3,84.0,73.05,ACTIVE,RELAY,P6,1,1,1,1,0,0,0.11,0
517.1,5,-562.5,-587.5,0.3,93.48,FAILED,RELAY,P4,0,1,0,,,0,367.53,1
518.0,1,39.4,-488.7,60.0,72.21,ACTIVE,RELAY,P6,1,1,1,2,4,0,0.34,0
518.0,2,623.9,-251.0,68.0,72.6,ACTIVE,SURVEY,P6,1,1,0,,,8,3.76,1
518.0,3,-828.0,-838.0,0.3,24.87,SERVICE,HOME,,1,1,1,1,0,0,0.17,0
518.0,4,-405.3,-669.3,84.0,73.0,ACTIVE,RELAY,P6,1,1,1,1,0,0,0.04,0
518.0,5,-562.5,-587.5,0.3,93.48,FAILED,RELAY,P4,0,1,0,,,0,368.49,1
519.0,1,39.4,-488.7,60.0,72.16,ACTIVE,RELAY,P6,1,1,1,2,4,0,0.32,0
519.0,2,609.7,-256.7,68.0,72.54,ACTIVE,SURVEY,P6,1,1,0,,,12,4.78,1
519.0,3,-828.0,-838.0,0.3,24.87,SERVICE,HOME,,1,1,1,1,0,0,0.17,0
519.0,4,-405.3,-669.3,84.0,72.95,ACTIVE,RELAY,P6,1,1,1,1,0,0,0.11,0
519.0,5,-562.5,-587.5,0.3,93.48,FAILED,RELAY,P4,0,1,0,,,0,369.51,1
520.0,1,39.4,-488.7,60.0,72.11,ACTIVE,RELAY,P6,1,1,1,2,4,0,0.34,0
520.0,2,596.3,-262.1,68.0,72.49,ACTIVE,SURVEY,P6,1,1,0,,,12,5.74,1
520.0,3,-828.0,-838.0,0.3,24.87,SERVICE,HOME,,1,1,1,1,0,0,0.17,0
520.0,4,-405.3,-669.3,84.0,72.9,ACTIVE,RELAY,P6,1,1,1,1,0,0,0.04,0
520.0,5,-562.5,-587.5,0.3,93.48,FAILED,RELAY,P4,0,1,0,,,0,370.47,1
521.0,1,39.4,-488.7,60.0,72.06,ACTIVE,RELAY,P6,1,1,1,2,4,0,0.34,0
521.0,2,607.0,-257.8,68.0,72.43,ACTIVE,SURVEY,P6,1,1,0,,,12,0.77,0
521.0,3,-828.0,-838.0,0.3,24.87,SERVICE,HOME,,1,1,1,1,0,0,0.17,0
521.0,4,-405.3,-669.3,84.0,72.85,ACTIVE,RELAY,P6,1,1,1,1,0,0,0.04,0
521.0,5,-562.5,-587.5,0.3,93.48,FAILED,RELAY,P4,0,1,0,,,0,371.5,1
522.0,1,39.4,-488.7,60.0,72.01,ACTIVE,RELAY,P6,1,1,1,2,4,0,0.41,0
522.0,2,621.2,-252.1,68.0,72.38,ACTIVE,SURVEY,P6,1,1,0,,,13,1.79,0
522.0,3,-828.0,-838.0,0.3,24.87,SERVICE,HOME,,1,1,1,1,0,0,0.17,0
522.0,4,-405.3,-669.3,84.0,72.8,ACTIVE,RELAY,P6,1,1,1,1,0,0,0.11,0
522.0,5,-562.5,-587.5,0.3,93.48,FAILED,RELAY,P4,0,1,0,,,0,372.52,1
523.0,1,39.4,-488.7,60.0,71.96,ACTIVE,RELAY,P6,1,1,1,2,4,0,0.34,0
523.0,2,634.6,-246.7,68.0,72.32,ACTIVE,SURVEY,P6,1,1,0,,,16,2.75,0
523.0,3,-828.0,-838.0,0.3,24.87,SERVICE,HOME,,1,1,1,1,0,0,0.17,0
523.0,4,-405.3,-669.3,84.0,72.75,ACTIVE,RELAY,P6,1,1,1,1,0,0,0.04,0
523.0,5,-562.5,-587.5,0.3,93.48,FAILED,RELAY,P4,0,1,0,,,0,373.48,1
524.0,1,39.4,-488.7,60.0,71.91,ACTIVE,RELAY,P6,1,1,1,2,4,0,0.34,0
524.0,2,623.9,-251.0,68.0,72.27,ACTIVE,SURVEY,P6,1,1,0,,,16,3.77,1
524.0,3,-828.0,-838.0,0.3,24.87,SERVICE,HOME,,1,1,1,1,0,0,0.17,0
524.0,4,-405.3,-669.3,84.0,72.7,ACTIVE,RELAY,P6,1,1,1,1,0,0,0.11,0
524.0,5,-562.5,-587.5,0.3,93.48,FAILED,RELAY,P4,0,1,0,,,0,374.51,1
525.1,1,39.4,-488.7,60.0,71.86,ACTIVE,RELAY,P6,1,1,1,2,4,0,0.41,0
525.1,2,609.7,-256.7,68.0,72.21,ACTIVE,SURVEY,P6,1,1,0,,,17,4.8,1
525.1,3,-828.0,-838.0,0.3,24.87,SERVICE,HOME,,1,1,1,1,0,0,0.24,0
525.1,4,-405.3,-669.3,84.0,72.65,ACTIVE,RELAY,P6,1,1,1,1,0,0,0.11,0
525.1,5,-562.5,-587.5,0.3,93.48,FAILED,RELAY,P4,0,1,0,,,0,375.53,1
526.0,1,39.4,-488.7,60.0,71.81,ACTIVE,RELAY,P6,1,1,1,2,4,0,0.34,0
526.0,2,596.3,-262.1,68.0,72.16,ACTIVE,SURVEY,P6,1,1,0,,,17,5.76,1
526.0,3,-828.0,-838.0,0.3,24.87,SERVICE,HOME,,1,1,1,1,0,0,0.17,0
526.0,4,-405.3,-669.3,84.0,72.6,ACTIVE,RELAY,P6,1,1,1,1,0,0,0.04,0
526.0,5,-562.5,-587.5,0.3,93.48,FAILED,RELAY,P4,0,1,0,,,0,376.49,1
527.0,1,39.4,-488.7,60.0,71.76,ACTIVE,RELAY,P6,1,1,1,2,4,6,0.15,0
527.0,2,598.1,-261.4,68.0,72.1,ACTIVE,SURVEY,P6,1,1,0,,,9,0.13,0
527.0,3,-828.0,-838.0,0.3,24.87,SERVICE,HOME,,1,1,1,1,0,0,0.17,0
527.0,4,-405.3,-669.3,84.0,72.55,ACTIVE,RELAY,P6,1,1,1,1,0,3,0.61,0
527.0,5,-562.5,-587.5,0.3,93.48,FAILED,RELAY,P4,0,1,0,,,0,377.51,1
528.0,1,39.4,-488.7,60.0,71.71,ACTIVE,RELAY,P6,1,1,1,2,4,2,0.28,0
528.0,2,611.5,-256.0,68.0,72.05,ACTIVE,SURVEY,P6,1,1,0,,,11,1.09,0
528.0,3,-828.0,-838.0,0.3,24.87,SERVICE,HOME,,1,1,1,1,0,0,0.13,0
528.0,4,-405.3,-669.3,84.0,72.5,ACTIVE,RELAY,P6,1,1,1,1,0,2,0.54,0
528.0,5,-562.5,-587.5,0.3,93.48,FAILED,RELAY,P4,0,1,0,,,0,378.47,1
529.0,1,39.4,-488.7,60.0,71.66,ACTIVE,RELAY,P6,1,1,1,2,4,0,0.34,0
529.0,2,625.7,-250.3,68.0,71.99,ACTIVE,SURVEY,P6,1,1,0,,,14,2.12,0
529.0,3,-828.0,-838.0,0.3,24.87,SERVICE,HOME,,1,1,1,1,0,0,0.17,0
529.0,4,-405.3,-669.3,84.0,72.45,ACTIVE,RELAY,P6,1,1,1,1,0,0,0.04,0
529.0,5,-562.5,-587.5,0.3,93.48,FAILED,RELAY,P4,0,1,0,,,0,379.5,1
530.0,1,39.4,-488.7,60.0,71.61,ACTIVE,RELAY,P6,1,1,1,2,4,0,0.41,0
530.0,2,631.0,-248.1,68.0,71.94,ACTIVE,SURVEY,P6,1,1,0,,,14,3.14,1
530.0,3,-828.0,-838.0,0.3,24.87,SERVICE,HOME,,1,1,1,1,0,0,0.17,0
530.0,4,-405.3,-669.3,84.0,72.4,ACTIVE,RELAY,P6,1,1,1,1,0,0,0.09,0
530.0,5,-562.5,-587.5,0.3,93.48,FAILED,RELAY,P4,0,1,0,,,0,380.52,1
531.0,1,39.4,-488.7,60.0,71.56,ACTIVE,RELAY,P6,1,1,1,2,4,0,0.32,0
531.0,2,617.7,-253.5,68.0,71.88,ACTIVE,SURVEY,P6,1,1,0,,,17,4.1,1
531.0,3,-828.0,-838.0,0.3,24.87,SERVICE,HOME,,1,1,1,1,0,0,0.17,0
531.0,4,-405.3,-669.3,84.0,72.35,ACTIVE,RELAY,P6,1,1,1,1,0,0,0.04,0
531.0,5,-562.5,-587.5,0.3,93.48,FAILED,RELAY,P4,0,1,0,,,0,381.48,1
532.0,1,39.4,-488.7,60.0,71.51,ACTIVE,RELAY,P6,1,1,1,2,4,0,0.32,0
532.0,2,603.4,-259.2,68.0,71.83,ACTIVE,SURVEY,P6,1,1,0,,,17,5.12,1
532.0,3,-828.0,-838.0,0.3,24.87,SERVICE,HOME,,1,1,1,1,0,0,0.17,0
532.0,4,-405.3,-669.3,84.0,72.3,ACTIVE,RELAY,P6,1,1,1,1,0,0,0.11,0
532.0,5,-562.5,-587.5,0.3,93.48,FAILED,RELAY,P4,0,1,0,,,0,382.51,1
533.1,1,39.4,-488.7,60.0,71.46,ACTIVE,RELAY,P6,1,1,1,2,4,0,0.41,0
533.1,2,599.9,-260.7,68.0,71.77,ACTIVE,SURVEY,P6,1,1,0,,,17,0.24,0
533.1,3,-828.0,-838.0,0.3,24.87,SERVICE,HOME,,1,1,1,1,0,0,0.24,0
533.1,4,-405.3,-669.3,84.0,72.25,ACTIVE,RELAY,P6,1,1,1,1,0,1,0.11,0
533.1,5,-562.5,-587.5,0.3,93.48,FAILED,RELAY,P4,0,1,0,,,0,383.53,1
534.0,1,39.4,-488.7,60.0,71.41,ACTIVE,RELAY,P6,1,1,1,2,4,0,0.34,0
534.0,2,613.2,-255.3,68.0,71.72,ACTIVE,SURVEY,P6,1,1,0,,,19,1.2,0
534.0,3,-828.0,-838.0,0.3,24.87,SERVICE,HOME,,1,1,1,1,0,0,0.17,0
534.0,4,-405.3,-669.3,84.0,72.2,ACTIVE,RELAY,P6,1,1,1,1,0,0,0.04,0
534.0,5,-562.5,-587.5,0.3,93.48,FAILED,RELAY,P4,0,1,0,,,0,384.49,1
535.0,1,39.4,-488.7,60.0,71.36,ACTIVE,RELAY,P6,1,1,1,2,4,0,0.34,0
535.0,2,627.5,-249.6,68.0,71.66,ACTIVE,SURVEY,P6,1,1,0,,,21,2.22,0
535.0,3,-828.0,-838.0,0.3,24.87,SERVICE,HOME,,1,1,1,1,0,0,0.17,0
535.0,4,-405.3,-669.3,84.0,72.15,ACTIVE,RELAY,P6,1,1,1,1,0,0,0.11,0
535.0,5,-562.5,-587.5,0.3,93.48,FAILED,RELAY,P4,0,1,0,,,0,385.51,1
536.0,1,39.4,-488.7,60.0,71.31,ACTIVE,RELAY,P6,1,1,1,2,4,0,0.34,0
536.0,2,631.9,-247.8,68.0,71.61,ACTIVE,SURVEY,P6,1,1,0,,,21,3.18,1
536.0,3,-828.0,-838.0,0.3,24.87,SERVICE,HOME,,1,1,1,1,0,0,0.17,0
536.0,4,-405.3,-669.3,84.0,72.1,ACTIVE,RELAY,P6,1,1,1,1,0,0,0.04,0
536.0,5,-562.5,-587.5,0.3,93.48,FAILED,RELAY,P4,0,1,0,,,0,386.47,1
537.0,1,39.4,-488.7,60.0,71.26,ACTIVE,RELAY,P6,1,1,1,2,4,0,0.34,0
537.0,2,617.7,-253.5,68.0,71.55,ACTIVE,SURVEY,P6,1,1,0,,,23,4.2,1
537.0,3,-828.0,-838.0,0.3,24.87,SERVICE,HOME,,1,1,1,1,0,0,0.17,0
537.0,4,-405.3,-669.3,84.0,72.05,ACTIVE,RELAY,P6,1,1,1,1,0,0,0.04,0
537.0,5,-562.5,-587.5,0.3,93.48,FAILED,RELAY,P4,0,1,0,,,0,387.5,1
538.0,1,39.4,-488.7,60.0,71.21,ACTIVE,RELAY,P6,1,1,1,2,4,0,0.41,0
538.0,2,603.4,-259.2,68.0,71.5,ACTIVE,SURVEY,P6,1,1,0,,,23,5.23,1
538.0,3,-828.0,-838.0,0.3,24.87,SERVICE,HOME,,1,1,1,1,0,0,0.17,0
538.0,4,-405.3,-669.3,84.0,72.0,ACTIVE,RELAY,P6,1,1,1,1,0,0,0.11,0
538.0,5,-562.5,-587.5,0.3,93.48,FAILED,RELAY,P4,0,1,0,,,0,388.52,1
539.0,1,39.4,-488.7,60.0,71.16,ACTIVE,RELAY,P6,1,1,1,2,4,3,0.34,0
539.0,2,597.2,-261.8,68.0,71.44,ACTIVE,SURVEY,P6,1,1,0,,,19,0.06,0
539.0,3,-828.0,-838.0,0.3,24.87,SERVICE,HOME,,1,1,1,1,0,0,0.17,0
539.0,4,-405.3,-669.3,84.0,71.95,ACTIVE,RELAY,P6,1,1,1,1,0,0,0.52,0
539.0,5,-562.5,-587.5,0.3,93.48,FAILED,RELAY,P4,0,1,0,,,0,389.48,1
540.0,1,39.4,-488.7,60.0,71.11,ACTIVE,RELAY,P6,1,1,1,2,4,2,0.34,0
540.0,2,611.5,-256.0,68.0,71.39,ACTIVE,SURVEY,P6,1,1,0,,,21,1.08,0
540.0,3,-828.0,-838.0,0.3,24.87,SERVICE,HOME,,1,1,1,1,0,0,0.17,0
540.0,4,-405.3,-669.3,84.0,71.9,ACTIVE,RELAY,P6,1,1,1,1,0,0,0.11,0
540.0,5,-562.5,-587.5,0.3,93.48,FAILED,RELAY,P4,0,1,0,,,0,390.51,1
541.1,1,39.4,-488.7,60.0,71.06,ACTIVE,RELAY,P6,1,1,1,2,4,0,0.41,0
541.1,2,625.7,-250.3,68.0,71.33,ACTIVE,SURVEY,P6,1,1,0,,,26,2.1,0
541.1,3,-828.0,-838.0,0.3,24.87,SERVICE,HOME,,1,1,1,1,0,0,0.24,0
541.1,4,-405.3,-669.3,84.0,71.85,ACTIVE,RELAY,P6,1,1,1,1,0,0,0.11,0
541.1,5,-562.5,-587.5,0.3,93.48,FAILED,RELAY,P4,0,1,0,,,0,391.53,1
542.0,1,39.4,-488.7,60.0,71.01,ACTIVE,RELAY,P6,1,1,1,2,4,0,0.32,0
542.0,2,633.7,-247.0,68.0,71.28,ACTIVE,SURVEY,P6,1,1,0,,,26,3.06,1
542.0,3,-828.0,-838.0,0.3,24.87,SERVICE,HOME,,1,1,1,1,0,0,0.17,0
542.0,4,-405.3,-669.3,84.0,71.8,ACTIVE,RELAY,P6,1,1,1,1,0,0,0.04,0
542.0,5,-562.5,-587.5,0.3,93.48,FAILED,RELAY,P4,0,1,0,,,0,392.49,1
543.0,1,39.4,-488.7,60.0,70.96,ACTIVE,RELAY,P6,1,1,1,2,4,0,0.3,0
543.0,2,619.5,-252.8,68.0,71.22,ACTIVE,SURVEY,P6,1,1,0,,,28,4.09,1
543.0,3,-828.0,-838.0,0.3,24.87,SERVICE,HOME,,1,1,1,1,0,0,0.17,0
543.0,4,-405.3,-669.3,84.0,71.75,ACTIVE,RELAY,P6,1,1,1,1,0,0,0.11,0
543.0,5,-562.5,-587.5,0.3,93.48,FAILED,RELAY,P4,0,1,0,,,0,393.51,1
544.0,1,39.4,-488.7,60.0,70.91,ACTIVE,RELAY,P6,1,1,1,2,4,0,0.34,0
544.0,2,606.1,-258.2,68.0,71.17,ACTIVE,SURVEY,P6,1,1,0,,,28,5.05,1
544.0,3,-828.0,-838.0,0.3,24.87,SERVICE,HOME,,1,1,1,1,0,0,0.17,0
544.0,4,-405.3,-669.3,84.0,71.7,ACTIVE,RELAY,P6,1,1,1,1,0,0,0.04,0
544.0,5,-562.5,-587.5,0.3,93.48,FAILED,RELAY,P4,0,1,0,,,0,394.47,1
545.0,1,39.4,-488.7,60.0,70.86,ACTIVE,RELAY,P6,1,1,1,2,4,5,0.34,0
545.0,2,595.4,-262.5,68.0,71.11,ACTIVE,SURVEY,P6,1,1,1,3,1,24,0.09,0
545.0,3,-828.0,-838.0,0.3,24.87,SERVICE,HOME,,1,1,1,1,0,0,0.17,0
545.0,4,-405.3,-669.3,84.0,71.65,ACTIVE,RELAY,P6,1,1,1,1,0,0,0.04,0
545.0,5,-562.5,-587.5,0.3,93.48,FAILED,RELAY,P4,0,1,0,,,0,395.5,1
546.0,1,39.4,-488.7,60.0,70.81,ACTIVE,RELAY,P6,1,1,1,2,4,2,0.41,0
546.0,2,609.7,-256.7,68.0,71.06,ACTIVE,SURVEY,P6,1,1,0,,,26,0.94,0
546.0,3,-828.0,-838.0,0.3,24.87,SERVICE,HOME,,1,1,1,1,0,0,0.17,0
546.0,4,-405.3,-669.3,84.0,71.6,ACTIVE,RELAY,P6,1,1,1,1,0,0,0.11,0
546.0,5,-562.5,-587.5,0.3,93.48,FAILED,RELAY,P4,0,1,0,,,0,396.52,1
547.0,1,39.4,-488.7,60.0,70.76,ACTIVE,RELAY,P6,1,1,1,2,4,0,0.34,0
547.0,2,623.0,-251.3,68.0,71.0,ACTIVE,SURVEY,P6,1,1,0,,,31,1.9,0
547.0,3,-828.0,-838.0,0.3,24.87,SERVICE,HOME,,1,1,1,1,0,0,0.17,0
547.0,4,-405.3,-669.3,84.0,71.55,ACTIVE,RELAY,P6,1,1,1,1,0,0,0.04,0
547.0,5,-562.5,-587.5,0.3,93.48,FAILED,RELAY,P4,0,1,0,,,0,397.48,1
548.0,1,39.4,-488.7,60.0,70.71,ACTIVE,RELAY,P6,1,1,1,2,4,0,0.34,0
548.0,2,635.5,-246.3,68.0,70.95,ACTIVE,SURVEY,P6,1,1,0,,,31,2.93,0
548.0,3,-828.0,-838.0,0.3,24.87,SERVICE,HOME,,1,1,1,1,0,0,0.17,0
548.0,4,-405.3,-669.3,84.0,71.5,ACTIVE,RELAY,P6,1,1,1,1,0,0,0.11,0
548.0,5,-562.5,-587.5,0.3,93.48,FAILED,RELAY,P4,0,1,0,,,0,398.51,1
549.1,1,39.4,-488.7,60.0,70.66,ACTIVE,RELAY,P6,1,1,1,2,4,0,0.39,0
549.1,2,621.2,-252.1,68.0,70.89,ACTIVE,SURVEY,P6,1,1,0,,,33,3.95,1
549.1,3,-828.0,-838.0,0.3,24.87,SERVICE,HOME,,1,1,1,1,0,0,0.24,0
549.1,4,-405.3,-669.3,84.0,71.45,ACTIVE,RELAY,P6,1,1,1,1,0,0,0.11,0
549.1,5,-562.5,-587.5,0.3,93.48,FAILED,RELAY,P4,0,1,0,,,0,399.53,1
550.0,1,39.4,-488.7,60.0,70.61,ACTIVE,RELAY,P6,1,1,1,2,4,0,0.34,0
550.0,2,607.9,-257.4,68.0,70.84,ACTIVE,SURVEY,P6,1,1,0,,,33,4.91,1
550.0,3,-828.0,-838.0,0.3,24.87,SERVICE,HOME,,1,1,1,1,0,0,0.17,0
550.0,4,-405.3,-669.3,84.0,71.4,ACTIVE,RELAY,P6,1,1,1,1,0,0,0.04,0
550.0,5,-562.5,-587.5,0.3,93.48,FAILED,RELAY,P4,0,1,0,,,0,400.49,1
551.0,1,39.4,-488.7,60.0,70.56,ACTIVE,RELAY,P6,1,1,1,2,4,2,0.34,0
551.0,2,593.6,-263.2,68.0,70.78,ACTIVE,SURVEY,P6,1,1,1,3,1,32,5.93,1
551.0,3,-828.0,-838.0,0.3,24.87,SERVICE,HOME,,1,1,1,1,0,0,0.17,0
551.0,4,-405.3,-669.3,84.0,71.35,ACTIVE,RELAY,P6,1,1,1,1,0,0,0.11,0
551.0,5,-562.5,-587.5,0.3,93.48,FAILED,RELAY,P4,0,1,0,,,0,401.51,1
552.0,1,39.4,-488.7,60.0,70.51,ACTIVE,RELAY,P6,1,1,1,2,4,1,0.34,0
552.0,2,607.0,-257.8,68.0,70.73,ACTIVE,SURVEY,P6,1,1,0,,,30,0.61,0
552.0,3,-828.0,-838.0,0.3,24.87,SERVICE,HOME,,1,1,1,1,0,0,0.17,0
552.0,4,-405.3,-669.3,84.0,71.3,ACTIVE,RELAY,P6,1,1,1,1,0,0,0.04,0
552.0,5,-562.5,-587.5,0.3,93.48,FAILED,RELAY,P4,0,1,0,,,0,402.47,1
553.0,1,39.4,-488.7,60.0,70.46,ACTIVE,RELAY,P6,1,1,1,2,4,0,0.34,0
553.0,2,621.2,-252.1,68.0,70.67,ACTIVE,SURVEY,P6,1,1,0,,,35,1.64,0
553.0,3,-828.0,-838.0,0.3,24.87,SERVICE,HOME,,1,1,1,1,0,0,0.17,0
553.0,4,-405.3,-669.3,84.0,71.25,ACTIVE,RELAY,P6,1,1,1,1,0,0,0.04,0
553.0,5,-562.5,-587.5,0.3,93.48,FAILED,RELAY,P4,0,1,0,,,0,403.5,1
554.0,1,39.4,-488.7,60.0,70.41,ACTIVE,RELAY,P6,1,1,1,2,4,0,0.41,0
554.0,2,635.5,-246.3,68.0,70.62,ACTIVE,SURVEY,P6,1,1,0,,,35,2.66,0
554.0,3,-828.0,-838.0,0.3,24.87,SERVICE,HOME,,1,1,1,1,0,0,0.17,0
554.0,4,-405.3,-669.3,84.0,71.2,ACTIVE,RELAY,P6,1,1,1,1,0,0,0.11,0
554.0,5,-562.5,-587.5,0.3,93.48,FAILED,RELAY,P4,0,1,0,,,0,404.52,1
555.0,1,39.4,-488.7,60.0,70.36,ACTIVE,RELAY,P6,1,1,1,2,4,0,0.34,0
555.0,2,622.1,-251.7,68.0,70.56,ACTIVE,SURVEY,P6,1,1,0,,,37,3.62,1
555.0,3,-828.0,-838.0,0.3,24.87,SERVICE,HOME,,1,1,1,1,0,0,0.17,0
555.0,4,-405.3,-669.3,84.0,71.15,ACTIVE,RELAY,P6,1,1,1,1,0,0,0.04,0
555.0,5,-562.5,-587.5,0.3,93.48,FAILED,RELAY,P4,0,1,0,,,0,405.48,1
556.0,1,39.4,-488.7,60.0,70.31,ACTIVE,RELAY,P6,1,1,1,2,4,0,0.34,0
556.0,2,607.9,-257.4,68.0,70.51,ACTIVE,SURVEY,P6,1,1,0,,,37,4.64,1
556.0,3,-828.0,-838.0,0.3,24.87,SERVICE,HOME,,1,1,1,1,0,0,0.17,0
556.0,4,-405.3,-669.3,84.0,71.1,ACTIVE,RELAY,P6,1,1,1,1,0,0,0.09,0
556.0,5,-562.5,-587.5,0.3,93.48,FAILED,RELAY,P4,0,1,0,,,0,406.51,1
557.1,1,39.4,-488.7,60.0,70.26,ACTIVE,RELAY,P6,1,1,1,2,4,0,0.39,0
557.1,2,593.6,-263.2,68.0,70.45,ACTIVE,SURVEY,P6,1,1,1,3,1,33,5.67,1
557.1,3,-828.0,-838.0,0.3,24.87,SERVICE,HOME,,1,1,1,1,0,0,0.24,0
557.1,4,-405.3,-669.3,84.0,71.05,ACTIVE,RELAY,P6,1,1,1,1,0,0,0.11,0
557.1,5,-562.5,-587.5,0.3,93.48,FAILED,RELAY,P4,0,1,0,,,0,407.53,1
558.0,1,39.4,-488.7,60.0,70.21,ACTIVE,RELAY,P6,1,1,1,2,4,2,0.34,0
558.0,2,607.0,-257.8,68.0,70.4,ACTIVE,SURVEY,P6,1,1,0,,,35,0.66,0
558.0,3,-828.0,-838.0,0.3,24.87,SERVICE,HOME,,1,1,1,1,0,0,0.17,0
558.0,4,-405.3,-669.3,84.0,71.0,ACTIVE,RELAY,P6,1,1,1,1,0,0,0.04,0
558.0,5,-562.5,-587.5,0.3,93.48,FAILED,RELAY,P4,0,1,0,,,0,408.49,1
559.0,1,39.4,-488.7,60.0,70.16,ACTIVE,RELAY,P6,1,1,1,2,4,0,0.34,0
559.0,2,621.2,-252.1,68.0,70.34,ACTIVE,SURVEY,P6,1,1,0,,,40,1.69,0
559.0,3,-828.0,-838.0,0.3,24.87,SERVICE,HOME,,1,1,1,1,0,0,0.17,0
559.0,4,-405.3,-669.3,84.0,70.95,ACTIVE,RELAY,P6,1,1,1,1,0,0,0.11,0
559.0,5,-562.5,-587.5,0.3,93.48,FAILED,RELAY,P4,0,1,0,,,0,409.51,1
560.0,1,39.4,-488.7,60.0,70.11,ACTIVE,RELAY,P6,1,1,1,2,4,0,0.34,0
560.0,2,634.6,-246.7,68.0,70.29,ACTIVE,SURVEY,P6,1,1,0,,,40,2.65,0
560.0,3,-828.0,-838.0,0.3,24.87,SERVICE,HOME,,1,1,1,1,0,0,0.17,0
560.0,4,-405.3,-669.3,84.0,70.9,ACTIVE,RELAY,P6,1,1,1,1,0,0,0.04,0
560.0,5,-562.5,-587.5,0.3,93.48,FAILED,RELAY,P4,0,1,0,,,0,410.47,1
561.0,1,39.4,-488.7,60.0,70.06,ACTIVE,RELAY,P6,1,1,1,2,4,0,0.34,0
561.0,2,620.4,-252.4,68.0,70.23,ACTIVE,SURVEY,P6,1,1,0,,,42,3.67,1
561.0,3,-828.0,-838.0,0.3,24.87,SERVICE,HOME,,1,1,1,1,0,0,0.17,0
561.0,4,-405.3,-669.3,84.0,70.85,ACTIVE,RELAY,P6,1,1,1,1,0,0,0.04,0
561.0,5,-562.5,-587.5,0.3,93.48,FAILED,RELAY,P4,0,1,0,,,0,411.5,1
562.0,1,39.4,-488.7,60.0,70.01,ACTIVE,RELAY,P6,1,1,1,2,4,0,0.41,0
562.0,2,606.1,-258.2,68.0,70.18,ACTIVE,SURVEY,P6,1,1,0,,,42,4.7,1
562.0,3,-828.0,-838.0,0.3,24.87,SERVICE,HOME,,1,1,1,1,0,0,0.17,0
562.0,4,-405.3,-669.3,84.0,70.8,ACTIVE,RELAY,P6,1,1,1,1,0,0,0.11,0
562.0,5,-562.5,-587.5,0.3,93.48,FAILED,RELAY,P4,0,1,0,,,0,412.52,1
563.0,1,39.4,-488.7,60.0,69.96,ACTIVE,RELAY,P6,1,1,1,2,4,1,0.34,0
563.0,2,594.5,-262.8,68.0,70.12,ACTIVE,SURVEY,P6,1,1,1,3,1,38,0.04,0
563.0,3,-828.0,-838.0,0.3,24.87,SERVICE,HOME,,1,1,1,1,0,0,0.17,0
563.0,4,-405.3,-669.3,84.0,70.75,ACTIVE,RELAY,P6,1,1,1,1,0,0,0.04,0
563.0,5,-562.5,-587.5,0.3,93.48,FAILED,RELAY,P4,0,1,0,,,0,413.48,1
564.0,1,43.9,-486.9,60.0,69.91,ACTIVE,RELAY,P6,1,1,1,2,4,2,0.34,0
564.0,2,608.8,-257.1,68.0,70.07,ACTIVE,SURVEY,P6,1,1,0,,,39,1.02,0
564.0,3,-828.0,-838.0,0.6,100.0,ACTIVE,RELAY,P6,1,1,1,1,0,0,0.17,0
564.0,4,-404.4,-669.0,84.0,70.7,ACTIVE,RELAY,P6,1,1,1,1,0,0,0.11,0
564.0,5,-562.5,-587.5,0.3,93.48,FAILED,RELAY,P4,0,1,0,,,0,414.51,1
565.1,1,58.1,-481.1,60.0,69.85,ACTIVE,RELAY,P6,1,1,1,2,4,0,0.41,0
565.1,2,623.0,-251.3,68.0,70.01,ACTIVE,SURVEY,P6,1,1,0,,,44,2.04,0
565.1,3,-828.0,-838.0,5.7,99.94,ACTIVE,RELAY,P6,1,1,1,1,0,0,0.24,0
565.1,4,-390.2,-663.2,84.0,70.65,ACTIVE,RELAY,P6,1,1,1,1,0,0,0.11,0
565.1,5,-562.5,-587.5,0.3,93.48,FAILED,RELAY,P4,0,1,0,,,0,415.53,1
566.0,1,71.4,-475.7,60.0,69.8,ACTIVE,RELAY,P6,1,1,1,2,4,0,0.34,0
566.0,2,636.4,-246.0,68.0,69.96,ACTIVE,SURVEY,P6,1,1,0,,,44,3.0,1
566.0,3,-828.0,-838.0,10.5,99.89,ACTIVE,RELAY,P6,1,1,1,1,0,0,0.17,0
566.0,4,-376.8,-657.8,84.0,70.59,ACTIVE,RELAY,P6,1,1,1,1,0,0,0.04,0
566.0,5,-562.5,-587.5,0.3,93.48,FAILED,RELAY,P4,0,1,0,,,0,416.49,1
567.0,1,85.7,-469.9,60.0,69.74,ACTIVE,RELAY,P6,1,1,1,2,4,1,0.24,0
567.0,2,638.2,-245.2,68.0,69.9,ACTIVE,SURVEY,P6,1,1,1,3,1,39,0.39,0
567.0,3,-828.0,-838.0,15.7,99.83,ACTIVE,RELAY,P6,1,1,1,1,0,0,0.17,0
567.0,4,-362.6,-652.0,84.0,70.54,ACTIVE,RELAY,P6,1,1,1,1,0,3,0.6,0
567.0,5,-562.5,-587.5,0.3,93.48,FAILED,RELAY,P4,0,1,0,,,0,417.51,1
568.0,1,99.0,-464.5,60.0,69.69,ACTIVE,RELAY,P6,1,1,1,2,4,3,0.11,0
568.0,2,651.5,-239.9,68.0,69.85,ACTIVE,SURVEY,P6,1,1,1,3,1,28,0.05,0
568.0,3,-828.0,-838.0,20.5,99.78,ACTIVE,RELAY,P6,1,1,1,1,0,0,0.17,0
568.0,4,-349.3,-646.6,84.0,70.48,ACTIVE,RELAY,P6,1,1,1,1,0,6,0.38,0
568.0,5,-562.5,-587.5,0.3,93.48,FAILED,RELAY,P4,0,1,0,,,0,418.47,1
569.0,1,113.2,-458.7,60.0,69.63,ACTIVE,RELAY,P6,1,1,1,2,4,16,0.08,0
569.0,2,665.8,-234.1,68.0,69.79,ACTIVE,SURVEY,P6,1,1,1,3,1,23,0.45,0
569.0,3,-828.0,-838.0,25.6,99.72,ACTIVE,RELAY,P6,1,1,1,1,0,0,0.17,0
569.0,4,-335.0,-640.8,84.0,70.43,ACTIVE,RELAY,P6,1,1,1,1,0,0,0.03,0
569.0,5,-562.5,-587.5,0.3,93.48,FAILED,RELAY,P4,0,1,0,,,0,419.5,1
570.0,1,127.5,-452.9,60.0,69.58,ACTIVE,RELAY,P6,1,1,1,2,4,15,0.34,0
570.0,2,680.0,-228.4,68.0,69.74,ACTIVE,SURVEY,P6,1,1,1,3,1,17,0.7,0
570.0,3,-828.0,-838.0,30.7,99.67,ACTIVE,RELAY,P6,1,1,1,1,0,0,0.17,0
570.0,4,-320.8,-635.0,84.0,70.37,ACTIVE,RELAY,P6,1,1,1,1,0,3,0.41,0
570.0,5,-562.5,-587.5,0.3,93.48,FAILED,RELAY,P4,0,1,0,,,0,420.52,1
571.0,1,140.8,-447.5,60.0,69.53,ACTIVE,RELAY,P6,1,1,1,2,4,24,0.15,0
571.0,2,693.4,-223.0,68.0,69.68,ACTIVE,SURVEY,P6,1,1,1,3,1,10,0.07,0
571.0,3,-828.0,-838.0,35.5,99.61,ACTIVE,RELAY,P6,1,1,1,1,0,0,0.17,0
571.0,4,-307.5,-629.6,84.0,70.32,ACTIVE,RELAY,P6,1,1,1,1,0,0,0.03,0
571.0,5,-562.5,-587.5,0.3,93.48,FAILED,RELAY,P4,0,1,0,,,0,421.48,1
572.0,1,155.0,-441.7,60.0,69.47,ACTIVE,RELAY,P6,1,1,1,3,4,22,0.79,0
572.0,2,699.6,-220.5,68.0,69.63,ACTIVE,SURVEY,P6,1,1,1,4,1,5,0.62,0
572.0,3,-828.0,-838.0,40.6,99.56,ACTIVE,RELAY,P6,1,1,1,1,0,0,0.17,0
572.0,4,-293.2,-623.8,84.0,70.26,ACTIVE,RELAY,P6,1,1,1,2,3,9,0.51,0
572.0,5,-562.5,-587.5,0.3,93.48,FAILED,RELAY,P4,0,1,0,,,0,422.51,1
573.1,1,169.3,-435.9,60.0,69.41,ACTIVE,RELAY,P6,1,1,1,3,4,19,0.71,0
573.1,2,699.6,-220.5,68.0,69.58,ACTIVE,SURVEY,P6,1,1,1,4,1,3,0.3,0
573.1,3,-828.0,-838.0,45.7,99.5,ACTIVE,RELAY,P6,1,1,1,1,0,0,0.23,0
573.1,4,-279.0,-618.0,84.0,70.21,ACTIVE,RELAY,P6,1,1,1,2,3,20,0.81,0
573.1,5,-562.5,-587.5,0.3,93.48,FAILED,RELAY,P4,0,1,0,,,0,423.53,1
574.0,1,182.6,-430.5,60.0,69.36,ACTIVE,RELAY,P6,1,1,0,,,16,0.7,0
574.0,2,699.6,-220.5,68.0,69.53,ACTIVE,SURVEY,P6,1,1,0,,,1,1.26,0
574.0,3,-828.0,-838.0,50.5,99.45,ACTIVE,RELAY,P6,1,1,1,1,0,0,0.17,0
574.0,4,-265.7,-612.6,84.0,70.15,ACTIVE,RELAY,P6,1,1,0,,,25,0.73,0
574.0,5,-562.5,-587.5,0.3,93.48,FAILED,RELAY,P4,0,1,0,,,0,424.49,1
575.0,1,196.8,-424.7,60.0,69.3,ACTIVE,RELAY,P6,1,1,0,,,19,1.73,0
575.0,2,699.6,-220.5,68.0,69.48,ACTIVE,SURVEY,P6,1,1,0,,,6,2.29,0
575.0,3,-828.0,-838.0,55.7,99.39,ACTIVE,RELAY,P6,1,1,1,1,0,0,0.17,0
575.0,4,-251.4,-606.8,84.0,70.1,ACTIVE,RELAY,P6,1,1,0,,,24,1.75,0
575.0,5,-562.5,-587.5,0.3,93.48,FAILED,RELAY,P4,0,1,0,,,0,425.51,1
576.0,1,210.2,-419.3,60.0,69.25,ACTIVE,RELAY,P6,1,1,0,,,20,2.69,0
576.0,2,699.6,-220.5,68.0,69.43,ACTIVE,SURVEY,P6,1,1,0,,,7,3.25,1
576.0,3,-828.0,-838.0,60.5,99.34,ACTIVE,RELAY,P6,1,1,1,1,0,0,0.17,0
576.0,4,-238.1,-601.4,84.0,70.04,ACTIVE,RELAY,P6,1,1,0,,,22,2.71,0
576.0,5,-562.5,-587.5,0.3,93.48,FAILED,RELAY,P4,0,1,0,,,0,426.47,1
577.0,1,201.3,-422.9,60.0,69.19,ACTIVE,RELAY,P6,1,1,0,,,20,3.71,1
577.0,2,689.8,-224.4,68.0,69.38,ACTIVE,SURVEY,P6,1,1,0,,,9,4.27,1
577.0,3,-828.0,-838.0,65.6,99.28,ACTIVE,RELAY,P6,1,1,1,1,0,0,0.17,0
577.0,4,-238.1,-601.4,84.0,69.99,ACTIVE,RELAY,P6,1,1,0,,,21,3.74,1
577.0,5,-562.5,-587.5,0.3,93.48,FAILED,RELAY,P4,0,1,0,,,0,427.5,1
578.0,1,187.0,-428.6,60.0,69.14,ACTIVE,RELAY,P6,1,1,0,,,20,4.73,1
578.0,2,675.6,-230.2,68.0,69.32,ACTIVE,SURVEY,P6,1,1,0,,,9,5.29,1
578.0,3,-828.0,-838.0,70.7,99.23,ACTIVE,RELAY,P6,1,1,1,1,0,0,0.17,0
578.0,4,-252.4,-607.0,84.0,69.93,ACTIVE,RELAY,P6,1,1,0,,,21,4.76,1
578.0,5,-562.5,-587.5,0.3,93.48,FAILED,RELAY,P4,0,1,0,,,0,428.52,1
579.0,1,173.6,-434.0,60.0,69.09,ACTIVE,RELAY,P6,1,1,0,,,20,5.69,1
579.0,2,662.2,-235.6,68.0,69.27,ACTIVE,SURVEY,P6,1,1,0,,,11,6.25,1
579.0,3,-828.0,-838.0,75.5,99.17,ACTIVE,RELAY,P6,1,1,1,1,0,0,0.17,0
579.0,4,-265.8,-612.4,84.0,69.88,ACTIVE,RELAY,P6,1,1,0,,,22,5.72,1
579.0,5,-562.5,-587.5,0.3,93.48,FAILED,RELAY,P4,0,1,0,,,0,429.48,1
580.0,1,177.2,-432.5,60.0,69.03,ACTIVE,RELAY,P6,1,1,1,3,4,18,0.1,0
580.0,2,656.9,-237.7,68.0,69.21,ACTIVE,SURVEY,P6,1,1,1,4,1,0,0.32,0
580.0,3,-814.6,-832.7,76.0,99.12,ACTIVE,RELAY,P6,1,1,1,1,0,0,0.12,0
580.0,4,-262.2,-610.9,84.0,69.82,ACTIVE,RELAY,P6,1,1,1,2,3,23,0.32,0
580.0,5,-562.5,-587.5,0.3,93.48,FAILED,RELAY,P4,0,1,0,,,0,430.51,1
581.1,1,191.4,-426.7,60.0,68.97,ACTIVE,RELAY,P6,1,1,1,3,4,7,0.36,0
581.1,2,671.1,-232.0,68.0,69.16,ACTIVE,SURVEY,P6,1,1,1,4,1,3,0.56,0
581.1,3,-800.4,-827.0,76.0,99.06,ACTIVE,RELAY,P6,1,1,1,1,0,0,0.23,0
581.1,4,-248.0,-605.1,84.0,69.77,ACTIVE,RELAY,P6,1,1,1,2,3,36,0.58,0
581.1,5,-562.5,-587.5,0.3,93.48,FAILED,RELAY,P4,0,1,0,,,0,431.53,1
582.0,1,204.8,-421.3,60.0,68.92,ACTIVE,RELAY,P6,1,1,1,3,4,0,0.14,0
582.0,2,684.5,-226.6,68.0,69.1,ACTIVE,SURVEY,P6,1,1,1,4,1,0,0.12,0
582.0,3,-787.0,-821.6,76.0,99.01,ACTIVE,RELAY,P6,1,1,1,1,0,0,0.16,0
582.0,4,-234.6,-599.7,84.0,69.71,ACTIVE,RELAY,P6,1,1,1,2,3,37,0.18,0
582.0,5,-562.5,-587.5,0.3,93.48,FAILED,RELAY,P4,0,1,0,,,0,432.49,1
583.0,1,219.0,-415.6,60.0,68.86,ACTIVE,RELAY,P6,1,1,1,3,4,1,0.27,0
583.0,2,698.7,-220.8,68.0,69.05,ACTIVE,SURVEY,P6,1,1,1,4,1,0,0.18,0
583.0,3,-772.7,-816.0,76.0,98.95,ACTIVE,RELAY,P6,1,1,1,1,0,2,0.11,0
583.0,4,-220.4,-594.0,84.0,69.66,ACTIVE,RELAY,P6,1,1,1,2,3,35,0.58,0
583.0,5,-562.5,-587.5,0.3,93.48,FAILED,RELAY,P4,0,1,0,,,0,433.51,1
584.0,1,232.4,-410.2,60.0,68.81,ACTIVE,RELAY,P6,1,1,1,3,4,0,0.09,0
584.0,2,699.6,-220.5,68.0,69.0,ACTIVE,SURVEY,P6,1,1,1,4,1,0,0.02,0
584.0,3,-759.3,-810.6,76.0,98.9,ACTIVE,RELAY,P6,1,1,1,1,0,5,0.17,0
584.0,4,-207.0,-588.6,84.0,69.6,ACTIVE,RELAY,P6,1,1,1,2,3,28,0.47,0
584.0,5,-562.5,-587.5,0.3,93.48,FAILED,RELAY,P4,0,1,0,,,0,434.47,1
585.0,1,246.6,-404.4,60.0,68.75,ACTIVE,RELAY,P6,1,1,1,3,4,0,0.26,0
585.0,2,699.6,-220.5,68.0,68.95,ACTIVE,SURVEY,P6,1,1,1,4,1,0,0.22,0
585.0,3,-745.1,-805.0,76.0,98.84,ACTIVE,RELAY,P6,1,1,1,1,0,1,0.11,0
585.0,4,-192.8,-582.8,84.0,69.55,ACTIVE,RELAY,P6,1,1,1,2,3,27,0.37,0
585.0,5,-562.5,-587.5,0.3,93.48,FAILED,RELAY,P4,0,1,0,,,0,435.5,1
586.0,1,260.8,-398.6,60.0,68.7,ACTIVE,RELAY,P6,1,1,1,3,4,0,0.25,0
586.0,2,699.6,-220.5,68.0,68.9,ACTIVE,SURVEY,P6,1,1,1,4,1,0,0.04,0
586.0,3,-730.8,-799.3,76.0,98.79,ACTIVE,RELAY,P6,1,1,1,1,0,1,0.11,0
586.0,4,-178.6,-577.0,84.0,69.49,ACTIVE,RELAY,P6,1,1,1,2,3,19,0.02,0
586.0,5,-562.5,-587.5,0.3,93.48,FAILED,RELAY,P4,0,1,0,,,0,436.52,1
587.0,1,274.2,-393.2,60.0,68.65,ACTIVE,RELAY,P6,1,1,1,3,4,2,0.18,0
587.0,2,699.6,-220.5,68.0,68.85,ACTIVE,SURVEY,P6,1,1,1,4,1,0,0.13,0
587.0,3,-717.4,-794.0,76.0,98.73,ACTIVE,RELAY,P6,1,1,1,1,0,0,0.16,0
587.0,4,-165.2,-571.6,84.0,69.44,ACTIVE,RELAY,P6,1,1,1,2,3,17,0.47,0
587.0,5,-562.5,-587.5,0.3,93.48,FAILED,RELAY,P4,0,1,0,,,0,437.48,1
588.0,1,288.4,-387.4,60.0,68.59,ACTIVE,RELAY,P6,1,1,1,3,4,0,0.15,0
588.0,2,699.6,-220.5,68.0,68.8,ACTIVE,SURVEY,P6,1,1,1,4,1,0,0.06,0
588.0,3,-703.1,-788.3,76.0,98.68,ACTIVE,RELAY,P6,1,1,1,1,0,0,0.17,0
588.0,4,-151.0,-565.9,84.0,69.38,ACTIVE,RELAY,P6,1,1,1,2,3,15,0.45,0
588.0,5,-562.5,-587.5,0.3,93.48,FAILED,RELAY,P4,0,1,0,,,0,438.51,1
589.1,1,302.7,-381.7,60.0,68.53,ACTIVE,RELAY,P6,1,1,1,3,4,0,0.25,0
589.1,2,699.6,-220.5,68.0,68.75,ACTIVE,SURVEY,P6,1,1,1,4,1,0,0.16,0
589.1,3,-688.9,-782.6,76.0,98.62,ACTIVE,RELAY,P6,1,1,1,1,0,1,0.19,0
589.1,4,-136.7,-560.1,84.0,69.33,ACTIVE,RELAY,P6,1,1,1,2,3,13,0.32,0
589.1,5,-562.5,-587.5,0.3,93.48,FAILED,RELAY,P4,0,1,0,,,0,439.53,1
590.0,1,316.0,-376.3,60.0,68.48,ACTIVE,RELAY,P6,1,1,1,3,4,0,0.23,0
590.0,2,699.6,-220.5,68.0,68.7,ACTIVE,SURVEY,P6,1,1,1,4,1,0,0.05,0
590.0,3,-675.5,-777.3,76.0,98.57,ACTIVE,RELAY,P6,1,1,1,1,0,2,0.12,0
590.0,4,-123.4,-554.7,84.0,69.27,ACTIVE,RELAY,P6,1,1,1,2,3,5,0.27,0
590.0,5,-562.5,-587.5,0.3,93.48,FAILED,RELAY,P4,0,1,0,,,0,440.49,1
591.0,1,330.2,-370.5,60.0,68.42,ACTIVE,RELAY,P6,1,1,1,3,4,0,0.3,0
591.0,2,699.6,-220.5,68.0,68.65,ACTIVE,SURVEY,P6,1,1,1,4,1,1,0.21,0
591.0,3,-661.2,-771.6,76.0,98.51,ACTIVE,RELAY,P6,1,1,1,1,0,0,0.17,0
591.0,4,-109.2,-548.9,84.0,69.22,ACTIVE,RELAY,P6,1,1,1,2,3,4,0.49,0
591.0,5,-562.5,-587.5,0.3,93.48,FAILED,RELAY,P4,0,1,0,,,0,441.51,1
592.0,1,343.6,-365.1,60.0,68.37,ACTIVE,RELAY,P6,1,1,1,3,4,0,0.12,0
592.0,2,699.6,-220.5,68.0,68.6,ACTIVE,SURVEY,P6,1,1,1,4,1,0,0.41,0
592.0,3,-647.8,-766.3,76.0,98.46,ACTIVE,RELAY,P6,1,1,1,1,0,0,0.17,0
592.0,4,-95.8,-543.5,84.0,69.16,ACTIVE,RELAY,P6,1,1,1,2,3,4,0.26,0
592.0,5,-562.5,-587.5,0.3,93.48,FAILED,RELAY,P4,0,1,0,,,0,442.47,1
593.0,1,350.0,-362.5,60.0,68.32,ACTIVE,RELAY,P6,1,1,1,3,4,0,0.23,0
593.0,2,699.6,-220.5,68.0,68.55,ACTIVE,SURVEY,P6,1,1,1,4,1,0,0.17,0
593.0,3,-633.6,-760.6,76.0,98.4,ACTIVE,RELAY,P6,1,1,1,1,0,1,0.16,0
593.0,4,-81.6,-537.8,84.0,69.11,ACTIVE,RELAY,P6,1,1,1,2,3,3,0.32,0
593.0,5,-562.5,-587.5,0.3,93.48,FAILED,RELAY,P4,0,1,0,,,0,443.5,1
594.0,1,350.0,-362.5,60.0,68.27,ACTIVE,RELAY,P6,1,1,1,3,4,0,0.33,0
594.0,2,699.6,-220.5,68.0,68.5,ACTIVE,SURVEY,P6,1,1,1,4,1,0,0.69,0
594.0,3,-619.3,-754.9,76.0,98.35,ACTIVE,RELAY,P6,1,1,1,1,0,0,0.11,0
594.0,4,-67.3,-532.0,84.0,69.05,ACTIVE,RELAY,P6,1,1,1,2,3,3,0.0,0
594.0,5,-562.5,-587.5,0.3,93.48,FAILED,RELAY,P4,0,1,0,,,0,444.52,1
595.0,1,350.0,-362.5,60.0,68.22,ACTIVE,RELAY,P6,1,1,1,3,4,1,0.3,0
595.0,2,699.6,-220.5,68.0,68.45,ACTIVE,SURVEY,P6,1,1,1,4,1,1,0.0,0
595.0,3,-605.9,-749.6,76.0,98.29,ACTIVE,RELAY,P6,1,1,1,1,0,0,0.12,0
595.0,4,-54.0,-526.6,84.0,69.0,ACTIVE,RELAY,P6,1,1,1,2,3,2,0.43,0
595.0,5,-562.5,-587.5,0.3,93.48,FAILED,RELAY,P4,0,1,0,,,0,445.48,1
596.0,1,350.0,-362.5,60.0,68.17,ACTIVE,RELAY,P6,1,1,1,3,4,1,0.13,0
596.0,2,699.6,-220.5,68.0,68.4,ACTIVE,SURVEY,P6,1,1,1,4,1,0,0.11,0
596.0,3,-591.6,-743.9,76.0,98.24,ACTIVE,RELAY,P6,1,1,1,1,0,0,0.17,0
596.0,4,-50.0,-525.0,84.0,68.95,ACTIVE,RELAY,P6,1,1,1,2,3,3,0.43,0
596.0,5,-562.5,-587.5,0.3,93.48,FAILED,RELAY,P4,0,1,0,,,0,446.51,1
597.1,1,350.0,-362.5,60.0,68.12,ACTIVE,RELAY,P6,1,1,1,3,4,0,0.35,0
597.1,2,699.6,-220.5,68.0,68.35,ACTIVE,SURVEY,P6,1,1,1,4,1,0,0.57,0
597.1,3,-577.4,-738.2,76.0,98.18,ACTIVE,RELAY,P6,1,1,1,1,0,1,0.18,0
597.1,4,-50.0,-525.0,84.0,68.89,ACTIVE,RELAY,P6,1,1,1,2,3,4,0.58,0
597.1,5,-562.5,-587.5,0.3,93.48,FAILED,RELAY,P4,0,1,0,,,0,447.53,1
598.0,1,350.0,-362.5,60.0,68.07,ACTIVE,RELAY,P6,1,1,1,3,4,0,0.26,0
598.0,2,699.6,-220.5,68.0,68.3,ACTIVE,SURVEY,P6,1,1,1,4,1,0,0.13,0
598.0,3,-564.0,-732.9,76.0,98.13,ACTIVE,RELAY,P6,1,1,1,1,0,0,0.17,0
598.0,4,-50.0,-525.0,84.0,68.85,ACTIVE,RELAY,P6,1,1,1,2,3,0,0.36,0
598.0,5,-562.5,-587.5,0.3,93.48,FAILED,RELAY,P4,0,1,0,,,0,448.49,1
599.0,1,350.0,-362.5,60.0,68.02,ACTIVE,RELAY,P6,1,1,1,3,4,0,0.28,0
599.0,2,699.6,-220.5,68.0,68.25,ACTIVE,SURVEY,P6,1,1,1,4,1,0,0.11,0
599.0,3,-549.7,-727.2,76.0,98.07,ACTIVE,RELAY,P6,1,1,1,1,0,0,0.13,0
599.0,4,-50.0,-525.0,84.0,68.8,ACTIVE,RELAY,P6,1,1,1,2,3,3,0.02,0
599.0,5,-562.5,-587.5,0.3,93.48,FAILED,RELAY,P4,0,1,0,,,0,449.51,1
600.0,1,350.0,-362.5,60.0,67.97,ACTIVE,RELAY,P6,1,1,1,3,4,0,0.24,0
600.0,2,699.6,-220.5,68.0,68.2,ACTIVE,SURVEY,P6,1,1,1,4,1,0,0.12,0
600.0,3,-536.3,-721.9,76.0,98.02,ACTIVE,RELAY,P6,1,1,1,1,0,0,0.16,0
600.0,4,-50.0,-525.0,84.0,68.75,ACTIVE,RELAY,P6,1,1,1,2,3,0,0.01,0
600.0,5,-562.5,-587.5,0.3,93.48,FAILED,RELAY,P4,0,1,0,,,0,450.47,1
601.0,1,350.0,-362.5,60.0,67.92,ACTIVE,RELAY,P6,1,1,1,3,4,0,0.32,0
601.0,2,699.6,-220.5,68.0,68.15,ACTIVE,SURVEY,P6,1,1,1,4,1,0,0.24,0
601.0,3,-522.1,-716.2,76.0,97.96,ACTIVE,RELAY,P6,1,1,1,1,0,0,0.17,0
601.0,4,-50.3,-524.1,84.0,68.7,ACTIVE,RELAY,P7,1,1,1,2,3,0,0.02,0
601.0,5,-562.5,-587.5,0.3,93.48,FAILED,RELAY,P4,0,1,0,,,0,451.5,1
602.0,1,346.0,-350.7,60.0,67.86,ACTIVE,RELAY,P7,1,1,1,3,4,0,0.39,0
602.0,2,697.0,-210.2,68.0,68.09,ACTIVE,SURVEY,P7,1,1,1,4,1,0,0.22,0
602.0,3,-516.4,-704.5,76.0,97.91,ACTIVE,RELAY,P7,1,1,1,1,0,0,0.17,0
602.0,4,-55.3,-509.6,84.0,68.64,ACTIVE,RELAY,P7,1,1,1,2,3,0,0.09,0
602.0,5,-562.5,-587.5,0.3,93.48,FAILED,RELAY,P4,0,1,0,,,0,452.52,1
603.0,1,341.3,-337.1,60.0,67.81,ACTIVE,RELAY,P7,1,1,1,3,4,0,0.32,0
603.0,2,693.4,-196.3,68.0,68.04,ACTIVE,SURVEY,P7,1,1,1,4,1,0,0.14,0
603.0,3,-516.0,-690.1,76.0,97.85,ACTIVE,RELAY,P7,1,1,1,1,0,0,0.17,0
603.0,4,-60.0,-495.9,84.0,68.59,ACTIVE,RELAY,P7,1,1,1,2,3,0,0.0,0
603.0,5,-562.5,-587.5,0.3,93.48,FAILED,RELAY,P4,0,1,0,,,0,453.48,1
604.0,1,336.3,-322.5,60.0,67.75,ACTIVE,RELAY,P7,1,1,1,3,4,0,0.32,0
604.0,2,689.6,-181.4,68.0,67.98,ACTIVE,SURVEY,P7,1,1,1,4,1,0,0.24,0
604.0,3,-515.5,-674.7,76.0,97.8,ACTIVE,RELAY,P7,1,1,1,1,0,0,0.17,0
604.0,4,-64.9,-481.4,84.0,68.53,ACTIVE,RELAY,P7,1,1,1,2,3,0,0.09,0
604.0,5,-562.5,-587.5,0.3,93.48,FAILED,RELAY,P4,0,1,0,,,0,454.51,1
605.1,1,331.3,-308.0,60.0,67.7,ACTIVE,RELAY,P7,1,1,1,3,4,0,0.39,0
605.1,2,685.7,-166.5,68.0,67.93,ACTIVE,SURVEY,P7,1,1,1,4,1,0,0.22,0
605.1,3,-515.1,-659.4,76.0,97.74,ACTIVE,RELAY,P7,1,1,1,1,0,0,0.23,0
605.1,4,-69.9,-466.9,84.0,68.47,ACTIVE,RELAY,P7,1,1,1,2,3,0,0.09,0
605.1,5,-562.5,-587.5,0.3,93.48,FAILED,RELAY,P4,0,1,0,,,0,455.53,1
606.0,1,326.7,-294.4,60.0,67.64,ACTIVE,RELAY,P7,1,1,1,3,4,0,0.3,0
606.0,2,682.2,-152.6,68.0,67.87,ACTIVE,SURVEY,P7,1,1,1,4,1,0,0.17,0
606.0,3,-514.6,-645.0,76.0,97.69,ACTIVE,RELAY,P7,1,1,1,1,0,0,0.17,0
606.0,4,-74.6,-453.3,84.0,68.42,ACTIVE,RELAY,P7,1,1,1,2,3,0,0.02,0
606.0,5,-562.5,-587.5,0.3,93.48,FAILED,RELAY,P4,0,1,0,,,0,456.49,1
607.0,1,321.7,-279.9,60.0,67.59,ACTIVE,RELAY,P7,1,1,1,3,4,0,0.32,0
607.0,2,678.3,-137.7,68.0,67.82,ACTIVE,SURVEY,P7,1,1,1,4,1,0,0.24,0
607.0,3,-514.2,-629.6,76.0,97.63,ACTIVE,RELAY,P7,1,1,1,1,0,0,0.17,0
607.0,4,-79.5,-438.7,84.0,68.37,ACTIVE,RELAY,P7,1,1,1,2,3,0,0.09,0
607.0,5,-562.5,-587.5,0.3,93.48,FAILED,RELAY,P4,0,1,0,,,0,457.51,1
608.0,1,317.0,-266.2,60.0,67.53,ACTIVE,RELAY,P7,1,1,1,3,4,0,0.32,0
608.0,2,674.8,-123.8,68.0,67.77,ACTIVE,SURVEY,P7,1,1,1,4,1,0,0.17,0
608.0,3,-513.7,-615.2,76.0,97.58,ACTIVE,RELAY,P7,1,1,1,1,0,0,0.17,0
608.0,4,-84.2,-425.1,84.0,68.31,ACTIVE,RELAY,P7,1,1,1,2,3,0,0.02,0
608.0,5,-562.5,-587.5,0.3,93.48,FAILED,RELAY,P4,0,1,0,,,0,458.47,1
609.0,1,312.1,-251.7,60.0,67.48,ACTIVE,RELAY,P7,1,1,1,3,4,0,0.3,0
609.0,2,670.9,-108.9,68.0,67.71,ACTIVE,SURVEY,P7,1,1,1,4,1,0,0.23,0
609.0,3,-513.3,-599.9,76.0,97.52,ACTIVE,RELAY,P7,1,1,1,1,0,0,0.17,0
609.0,4,-89.2,-410.6,84.0,68.26,ACTIVE,RELAY,P7,1,1,1,2,3,0,0.02,0
609.0,5,-562.5,-587.5,0.3,93.48,FAILED,RELAY,P4,0,1,0,,,0,459.5,1
610.0,1,307.1,-237.2,60.0,67.42,ACTIVE,RELAY,P7,1,1,1,3,4,0,0.38,0
610.0,2,667.1,-94.0,68.0,67.65,ACTIVE,SURVEY,P7,1,1,1,4,1,0,0.24,0
610.0,3,-512.8,-584.5,76.0,97.47,ACTIVE,RELAY,P7,1,1,1,1,0,0,0.17,0
610.0,4,-94.2,-396.0,84.0,68.2,ACTIVE,RELAY,P7,1,1,1,2,3,0,0.09,0
610.0,5,-562.5,-587.5,0.3,93.48,FAILED,RELAY,P4,0,1,0,,,0,460.52,1
611.0,1,302.4,-223.5,60.0,67.37,ACTIVE,RELAY,P7,1,1,1,3,4,0,0.32,0
611.0,2,663.5,-80.1,68.0,67.6,ACTIVE,SURVEY,P7,1,1,1,4,1,0,0.1,0
611.0,3,-512.4,-570.1,76.0,97.41,ACTIVE,RELAY,P7,1,1,1,1,0,0,0.17,0
611.0,4,-98.8,-382.4,84.0,68.15,ACTIVE,RELAY,P7,1,1,1,2,3,0,0.02,0
611.0,5,-562.5,-587.5,0.3,93.48,FAILED,RELAY,P4,0,1,0,,,0,461.48,1
612.0,1,297.4,-209.0,60.0,67.31,ACTIVE,RELAY,P7,1,1,1,3,4,0,0.3,0
612.0,2,659.7,-65.2,68.0,67.54,ACTIVE,SURVEY,P7,1,1,1,4,1,0,0.24,0
612.0,3,-511.9,-554.8,76.0,97.36,ACTIVE,RELAY,P7,1,1,1,1,0,0,0.17,0
612.0,4,-103.8,-367.9,84.0,68.09,ACTIVE,RELAY,P7,1,1,1,2,3,0,0.09,0
612.0,5,-562.5,-587.5,0.3,93.48,FAILED,RELAY,P4,0,1,0,,,0,462.51,1
613.1,1,292.5,-194.5,60.0,67.26,ACTIVE,RELAY,P7,1,1,1,3,4,0,0.34,0
613.1,2,655.9,-50.3,68.0,67.49,ACTIVE,SURVEY,P7,1,1,1,4,1,0,0.24,0
613.1,3,-511.5,-539.4,76.0,97.3,ACTIVE,RELAY,P7,1,1,1,1,0,0,0.23,0
613.1,4,-108.8,-353.3,84.0,68.03,ACTIVE,RELAY,P7,1,1,1,2,3,0,0.05,0
613.1,5,-562.5,-587.5,0.3,93.48,FAILED,RELAY,P4,0,1,0,,,0,463.53,1
614.0,1,287.8,-180.9,60.0,67.2,ACTIVE,RELAY,P7,1,1,1,3,4,0,0.32,0
614.0,2,652.3,-36.4,68.0,67.43,ACTIVE,SURVEY,P7,1,1,1,4,1,0,0.17,0
614.0,3,-511.0,-525.0,76.0,97.25,ACTIVE,RELAY,P7,1,1,1,1,0,0,0.15,0
614.0,4,-113.5,-339.7,84.0,67.98,ACTIVE,RELAY,P7,1,1,1,2,3,0,0.02,0
614.0,5,-562.5,-587.5,0.3,93.48,FAILED,RELAY,P4,0,1,0,,,0,464.49,1
615.0,1,282.8,-166.3,60.0,67.15,ACTIVE,RELAY,P7,1,1,1,3,4,0,0.32,0
615.0,2,648.5,-21.5,68.0,67.38,ACTIVE,SURVEY,P7,1,1,1,4,1,0,0.22,0
615.0,3,-510.6,-510.6,76.0,97.19,ACTIVE,RELAY,P7,1,1,1,1,0,0,0.17,0
615.0,4,-118.4,-325.2,84.0,67.93,ACTIVE,RELAY,P7,1,1,1,2,3,0,0.09,0
615.0,5,-562.5,-587.5,0.3,93.48,FAILED,RELAY,P4,0,1,0,,,0,465.51,1
616.0,1,278.1,-152.7,60.0,67.09,ACTIVE,RELAY,P7,1,1,1,3,4,0,0.3,0
616.0,2,644.9,-7.5,68.0,67.33,ACTIVE,SURVEY,P7,1,1,1,4,1,0,0.15,0
616.0,3,-510.6,-510.6,76.0,97.14,ACTIVE,RELAY,P7,1,1,1,1,0,0,0.15,0
616.0,4,-123.1,-311.6,84.0,67.87,ACTIVE,RELAY,P7,1,1,1,2,3,0,0.02,0
616.0,5,-562.5,-587.5,0.3,93.48,FAILED,RELAY,P4,0,1,0,,,0,466.47,1
617.0,1,273.2,-138.2,60.0,67.04,ACTIVE,RELAY,P7,1,1,1,3,4,0,0.32,0
617.0,2,641.1,7.3,68.0,67.27,ACTIVE,SURVEY,P7,1,1,1,4,1,0,0.23,0
617.0,3,-510.6,-510.6,76.0,97.09,ACTIVE,RELAY,P7,1,1,1,1,0,0,0.15,0
617.0,4,-128.1,-297.0,84.0,67.82,ACTIVE,RELAY,P7,1,1,1,2,3,0,0.02,0
617.0,5,-562.5,-587.5,0.3,93.48,FAILED,RELAY,P4,0,1,0,,,0,467.5,1
618.0,1,268.2,-123.6,60.0,66.98,ACTIVE,RELAY,P7,1,1,1,3,4,0,0.39,0
618.0,2,637.3,22.2,68.0,67.21,ACTIVE,SURVEY,P7,1,1,1,4,1,0,0.24,0
618.0,3,-510.6,-510.6,76.0,97.04,ACTIVE,RELAY,P7,1,1,1,1,0,0,0.17,0
618.0,4,-133.0,-282.5,84.0,67.76,ACTIVE,RELAY,P7,1,1,1,2,3,0,0.09,0
618.0,5,-562.5,-587.5,0.3,93.48,FAILED,RELAY,P4,0,1,0,,,0,468.52,1
619.0,1,263.5,-110.0,60.0,66.93,ACTIVE,RELAY,P7,1,1,1,3,4,0,0.32,0
619.0,2,633.7,36.2,68.0,67.16,ACTIVE,SURVEY,P7,1,1,1,4,1,0,0.08,0
619.0,3,-510.6,-510.6,76.0,96.99,ACTIVE,RELAY,P7,1,1,1,1,0,0,0.17,0
619.0,4,-137.7,-268.9,84.0,67.71,ACTIVE,RELAY,P7,1,1,1,2,3,0,0.02,0
619.0,5,-562.5,-587.5,0.3,93.48,FAILED,RELAY,P4,0,1,0,,,0,469.48,1
620.0,1,258.6,-95.5,60.0,66.87,ACTIVE,RELAY,P7,1,1,1,3,4,0,0.32,0
620.0,2,629.8,51.0,68.0,67.1,ACTIVE,SURVEY,P7,1,1,1,4,1,0,0.23,0
620.0,3,-510.6,-510.6,76.0,96.94,ACTIVE,RELAY,P7,1,1,1,1,0,0,0.17,0
620.0,4,-142.7,-254.4,84.0,67.65,ACTIVE,RELAY,P7,1,1,1,2,3,0,0.07,0
620.0,5,-562.5,-587.5,0.3,93.48,FAILED,RELAY,P4,0,1,0,,,0,470.51,1
621.1,1,253.6,-81.0,60.0,66.82,ACTIVE,RELAY,P7,1,1,1,3,4,0,0.39,0
621.1,2,626.0,65.9,68.0,67.05,ACTIVE,SURVEY,P7,1,1,1,4,1,0,0.24,0
621.1,3,-510.6,-510.6,76.0,96.89,ACTIVE,RELAY,P7,1,1,1,1,0,0,0.23,0
621.1,4,-147.7,-239.8,84.0,67.59,ACTIVE,RELAY,P7,1,1,1,2,3,0,0.07,0
621.1,5,-562.5,-587.5,0.3,93.48,FAILED,RELAY,P4,0,1,0,,,0,471.53,1
622.0,1,248.9,-67.3,60.0,66.76,ACTIVE,RELAY,P7,1,1,1,3,4,0,0.32,0
622.0,2,622.4,79.9,68.0,66.99,ACTIVE,SURVEY,P7,1,1,1,4,1,0,0.17,0
622.0,3,-510.6,-510.6,76.0,96.84,ACTIVE,RELAY,P7,1,1,1,1,0,0,0.17,0
622.0,4,-152.3,-226.2,84.0,67.54,ACTIVE,RELAY,P7,1,1,1,2,3,0,0.02,0
622.0,5,-562.5,-587.5,0.3,93.48,FAILED,RELAY,P4,0,1,0,,,0,472.49,1
623.0,1,243.9,-52.8,60.0,66.71,ACTIVE,RELAY,P7,1,1,1,3,4,0,0.32,0
623.0,2,618.6,94.7,68.0,66.94,ACTIVE,SURVEY,P7,1,1,1,4,1,0,0.24,0
623.0,3,-510.6,-510.6,76.0,96.79,ACTIVE,RELAY,P7,1,1,1,1,0,0,0.17,0
623.0,4,-157.3,-211.7,84.0,67.49,ACTIVE,RELAY,P7,1,1,1,2,3,0,0.03,0
623.0,5,-562.5,-587.5,0.3,93.48,FAILED,RELAY,P4,0,1,0,,,0,473.51,1
624.0,1,239.3,-39.2,60.0,66.65,ACTIVE,RELAY,P7,1,1,1,3,4,0,0.32,0
624.0,2,615.0,108.7,68.0,66.89,ACTIVE,SURVEY,P7,1,1,1,4,1,0,0.17,0
624.0,3,-510.6,-510.6,76.0,96.74,ACTIVE,RELAY,P7,1,1,1,1,0,0,0.17,0
624.0,4,-162.0,-198.0,84.0,67.43,ACTIVE,RELAY,P7,1,1,1,2,3,0,0.02,0
624.0,5,-562.5,-587.5,0.3,93.48,FAILED,RELAY,P4,0,1,0,,,0,474.47,1
625.0,1,234.3,-24.6,60.0,66.6,ACTIVE,RELAY,P7,1,1,1,3,4,0,0.32,0
625.0,2,611.2,123.6,68.0,66.83,ACTIVE,SURVEY,P7,1,1,1,4,1,0,0.24,0
625.0,3,-510.6,-510.6,76.0,96.69,ACTIVE,RELAY,P7,1,1,1,1,0,0,0.17,0
625.0,4,-167.0,-183.5,84.0,67.38,ACTIVE,RELAY,P7,1,1,1,2,3,0,0.02,0
625.0,5,-562.5,-587.5,0.3,93.48,FAILED,RELAY,P4,0,1,0,,,0,475.5,1
626.0,1,229.3,-10.1,60.0,66.54,ACTIVE,RELAY,P7,1,1,1,3,4,0,0.36,0
626.0,2,607.4,138.4,68.0,66.77,ACTIVE,SURVEY,P7,1,1,1,4,1,0,0.24,0
626.0,3,-510.6,-510.6,76.0,96.64,ACTIVE,RELAY,P7,1,1,1,1,0,0,0.17,0
626.0,4,-171.2,-171.2,84.0,67.32,ACTIVE,RELAY,P7,1,1,1,2,3,0,0.09,0
626.0,5,-562.5,-587.5,0.3,93.48,FAILED,RELAY,P4,0,1,0,,,0,476.52,1
627.0,1,224.6,3.5,60.0,66.49,ACTIVE,RELAY,P7,1,1,1,3,4,0,0.32,0
627.0,2,603.8,152.4,68.0,66.72,ACTIVE,SURVEY,P7,1,1,1,4,1,0,0.14,0
627.0,3,-510.6,-510.6,76.0,96.59,ACTIVE,RELAY,P7,1,1,1,1,0,0,0.17,0
627.0,4,-171.2,-171.2,84.0,67.27,ACTIVE,RELAY,P7,1,1,1,2,3,0,0.02,0
627.0,5,-562.5,-587.5,0.3,93.48,FAILED,RELAY,P4,0,1,0,,,0,477.48,1
628.0,1,219.7,18.0,60.0,66.43,ACTIVE,RELAY,P7,1,1,1,3,4,0,0.32,0
628.0,2,600.0,167.3,68.0,66.66,ACTIVE,SURVEY,P7,1,1,1,4,1,0,0.23,0
628.0,3,-510.6,-510.6,76.0,96.54,ACTIVE,RELAY,P7,1,1,1,1,0,0,0.17,0
628.0,4,-171.2,-171.2,84.0,67.22,ACTIVE,RELAY,P7,1,1,1,2,3,0,0.09,0
628.0,5,-562.5,-587.5,0.3,93.48,FAILED,RELAY,P4,0,1,0,,,0,478.51,1
629.1,1,214.7,32.6,60.0,66.38,ACTIVE,RELAY,P7,1,1,1,3,4,0,0.36,0
629.1,2,596.2,182.1,68.0,66.61,ACTIVE,SURVEY,P7,1,1,1,4,1,0,0.21,0
629.1,3,-510.6,-510.6,76.0,96.49,ACTIVE,RELAY,P7,1,1,1,1,0,0,0.17,0
629.1,4,-171.2,-171.2,84.0,67.17,ACTIVE,RELAY,P7,1,1,1,2,3,0,0.05,0
629.1,5,-562.5,-587.5,0.3,93.48,FAILED,RELAY,P4,0,1,0,,,0,479.53,1
630.0,1,210.0,46.2,60.0,66.32,ACTIVE,RELAY,P7,1,1,1,3,4,0,0.3,0
630.0,2,592.6,196.1,68.0,66.55,ACTIVE,SURVEY,P7,1,1,1,4,1,0,0.15,0
630.0,3,-510.6,-510.6,76.0,96.44,ACTIVE,RELAY,P7,1,1,1,1,0,0,0.15,0
630.0,4,-171.2,-171.2,84.0,67.12,ACTIVE,RELAY,P7,1,1,1,2,3,0,0.02,0
630.0,5,-562.5,-587.5,0.3,93.48,FAILED,RELAY,P4,0,1,0,,,0,480.49,1
631.0,1,205.1,60.7,60.0,66.27,ACTIVE,RELAY,P7,1,1,1,3,4,0,0.3,0
631.0,2,588.8,211.0,68.0,66.5,ACTIVE,SURVEY,P7,1,1,1,4,1,0,0.22,0
631.0,3,-510.6,-510.6,76.0,96.39,ACTIVE,RELAY,P7,1,1,1,1,0,0,0.17,0
631.0,4,-171.2,-171.2,84.0,67.07,ACTIVE,RELAY,P7,1,1,1,2,3,0,0.04,0
631.0,5,-562.5,-587.5,0.3,93.48,FAILED,RELAY,P4,0,1,0,,,0,481.51,1
632.1,1,200.1,75.3,60.0,66.21,ACTIVE,RELAY,P7,1,1,1,3,4,0,0.39,0
632.1,2,584.9,225.8,68.0,66.44,ACTIVE,SURVEY,P7,1,1,1,4,1,0,0.24,0
632.1,3,-510.6,-510.6,76.0,96.34,ACTIVE,RELAY,P7,1,1,1,1,0,0,0.23,0
632.1,4,-171.2,-171.2,84.0,67.02,ACTIVE,RELAY,P7,1,1,1,2,3,0,0.09,0
632.1,5,-562.5,-587.5,0.3,93.48,FAILED,RELAY,P4,0,1,0,,,0,482.54,1
633.0,1,195.4,88.9,60.0,66.16,ACTIVE,RELAY,P7,1,1,1,3,4,0,0.32,0
633.0,2,581.4,239.8,68.0,66.39,ACTIVE,SURVEY,P7,1,1,1,4,1,0,0.24,0
633.0,3,-510.6,-510.6,76.0,96.29,ACTIVE,RELAY,P7,1,1,1,1,0,0,0.17,0
633.0,4,-171.2,-171.2,84.0,66.97,ACTIVE,RELAY,P7,1,1,1,2,3,0,0.02,0
633.0,5,-562.5,-587.5,0.3,93.48,FAILED,RELAY,P4,0,1,0,,,0,483.5,1
634.0,1,190.4,103.4,60.0,66.1,ACTIVE,RELAY,P7,1,1,1,3,4,0,0.28,0
634.0,2,577.5,254.7,68.0,66.33,ACTIVE,SURVEY,P7,1,1,1,4,1,0,0.24,0
634.0,3,-510.6,-510.6,76.0,96.24,ACTIVE,RELAY,P7,1,1,1,1,0,0,0.17,0
634.0,4,-171.2,-171.2,84.0,66.92,ACTIVE,RELAY,P7,1,1,1,2,3,0,0.09,0
634.0,5,-562.5,-587.5,0.3,93.48,FAILED,RELAY,P4,0,1,0,,,0,484.52,1
635.0,1,185.8,117.0,60.0,66.05,ACTIVE,RELAY,P7,1,1,1,3,4,0,0.32,0
635.0,2,573.9,268.6,68.0,66.28,ACTIVE,SURVEY,P7,1,1,1,4,1,0,0.14,0
635.0,3,-510.6,-510.6,76.0,96.19,ACTIVE,RELAY,P7,1,1,1,1,0,0,0.17,0
635.0,4,-171.2,-171.2,84.0,66.87,ACTIVE,RELAY,P7,1,1,1,2,3,0,0.0,0
635.0,5,-562.5,-587.5,0.3,93.48,FAILED,RELAY,P4,0,1,0,,,0,485.48,1
636.0,1,180.8,131.6,60.0,65.99,ACTIVE,RELAY,P7,1,1,1,3,4,0,0.32,0
636.0,2,570.1,283.5,68.0,66.22,ACTIVE,SURVEY,P7,1,1,1,4,1,0,0.24,0
636.0,3,-510.6,-510.6,76.0,96.14,ACTIVE,RELAY,P7,1,1,1,1,0,0,0.17,0
636.0,4,-171.2,-171.2,84.0,66.82,ACTIVE,RELAY,P7,1,1,1,2,3,0,0.09,0
636.0,5,-562.5,-587.5,0.3,93.48,FAILED,RELAY,P4,0,1,0,,,0,486.51,1
637.1,1,175.8,146.1,60.0,65.94,ACTIVE,RELAY,P7,1,1,1,3,4,0,0.36,0
637.1,2,566.3,298.4,68.0,66.17,ACTIVE,SURVEY,P7,1,1,1,4,1,0,0.24,0
637.1,3,-510.6,-510.6,76.0,96.09,ACTIVE,RELAY,P7,1,1,1,1,0,0,0.17,0
637.1,4,-171.2,-171.2,84.0,66.77,ACTIVE,RELAY,P7,1,1,1,2,3,0,0.09,0
637.1,5,-562.5,-587.5,0.3,93.48,FAILED,RELAY,P4,0,1,0,,,0,487.53,1
638.0,1,171.1,159.7,60.0,65.88,ACTIVE,RELAY,P7,1,1,1,3,4,0,0.32,0
638.0,2,562.7,312.3,68.0,66.11,ACTIVE,SURVEY,P7,1,1,1,4,1,0,0.17,0
638.0,3,-510.6,-510.6,76.0,96.04,ACTIVE,RELAY,P7,1,1,1,1,0,0,0.17,0
638.0,4,-171.2,-171.2,84.0,66.72,ACTIVE,RELAY,P7,1,1,1,2,3,0,0.02,0
638.0,5,-562.5,-587.5,0.3,93.48,FAILED,RELAY,P4,0,1,0,,,0,488.49,1
639.0,1,168.2,168.2,60.0,65.83,ACTIVE,RELAY,P7,1,1,1,3,4,0,0.3,0
639.0,2,558.9,327.2,68.0,66.06,ACTIVE,SURVEY,P7,1,1,1,4,1,0,0.24,0
639.0,3,-510.6,-510.6,76.0,95.99,ACTIVE,RELAY,P7,1,1,1,1,0,0,0.17,0
639.0,4,-171.2,-171.2,84.0,66.67,ACTIVE,RELAY,P7,1,1,1,2,3,0,0.03,0
639.0,5,-562.5,-587.5,0.3,93.48,FAILED,RELAY,P4,0,1,0,,,0,489.51,1
640.1,1,168.2,168.2,60.0,65.78,ACTIVE,RELAY,P7,1,1,1,3,4,0,0.39,0
640.1,2,555.1,342.1,68.0,66.0,ACTIVE,SURVEY,P7,1,1,1,4,1,0,0.24,0
640.1,3,-510.6,-510.6,76.0,95.94,ACTIVE,RELAY,P7,1,1,1,1,0,0,0.23,0
640.1,4,-171.2,-171.2,84.0,66.62,ACTIVE,RELAY,P7,1,1,1,2,3,0,0.09,0
640.1,5,-562.5,-587.5,0.3,93.48,FAILED,RELAY,P4,0,1,0,,,0,490.54,1
641.0,1,168.2,168.2,60.0,65.73,ACTIVE,RELAY,P7,1,1,1,3,4,0,0.3,0
641.0,2,551.5,356.0,68.0,65.95,ACTIVE,SURVEY,P7,1,1,1,4,1,0,0.24,0
641.0,3,-510.6,-510.6,76.0,95.89,ACTIVE,RELAY,P7,1,1,1,1,0,0,0.17,0
641.0,4,-171.2,-171.2,84.0,66.57,ACTIVE,RELAY,P7,1,1,1,2,3,0,0.02,0
641.0,5,-562.5,-587.5,0.3,93.48,FAILED,RELAY,P4,0,1,0,,,0,491.5,1
642.0,1,168.2,168.2,60.0,65.68,ACTIVE,RELAY,P7,1,1,1,3,4,0,0.32,0
642.0,2,547.7,370.9,68.0,65.89,ACTIVE,SURVEY,P7,1,1,1,4,1,0,0.24,0
642.0,3,-510.6,-510.6,76.0,95.84,ACTIVE,RELAY,P7,1,1,1,1,0,0,0.17,0
642.0,4,-171.2,-171.2,84.0,66.52,ACTIVE,RELAY,P7,1,1,1,2,3,0,0.09,0
642.0,5,-562.5,-587.5,0.3,93.48,FAILED,RELAY,P4,0,1,0,,,0,492.52,1
643.0,1,168.2,168.2,60.0,65.63,ACTIVE,RELAY,P7,1,1,1,3,4,0,0.32,0
643.0,2,544.1,384.8,68.0,65.84,ACTIVE,SURVEY,P7,1,1,1,4,1,0,0.14,0
643.0,3,-510.6,-510.6,76.0,95.79,ACTIVE,RELAY,P7,1,1,1,1,0,0,0.17,0
643.0,4,-171.2,-171.2,84.0,66.47,ACTIVE,RELAY,P7,1,1,1,2,3,0,0.02,0
643.0,5,-562.5,-587.5,0.3,93.48,FAILED,RELAY,P4,0,1,0,,,0,493.48,1
644.0,1,168.2,168.2,60.0,65.58,ACTIVE,RELAY,P7,1,1,1,3,4,0,0.32,0
644.0,2,540.3,399.7,68.0,65.78,ACTIVE,SURVEY,P7,1,1,1,4,1,0,0.22,0
644.0,3,-510.6,-510.6,76.0,95.74,ACTIVE,RELAY,P7,1,1,1,1,0,0,0.17,0
644.0,4,-171.2,-171.2,84.0,66.42,ACTIVE,RELAY,P7,1,1,1,2,3,0,0.07,0
644.0,5,-562.5,-587.5,0.3,93.48,FAILED,RELAY,P4,0,1,0,,,0,494.51,1
645.1,1,168.2,168.2,60.0,65.53,ACTIVE,RELAY,P7,1,1,1,3,4,0,0.39,0
645.1,2,536.4,414.6,68.0,65.73,ACTIVE,SURVEY,P7,1,1,1,4,1,0,0.24,0
645.1,3,-510.6,-510.6,76.0,95.69,ACTIVE,RELAY,P7,1,1,1,1,0,0,0.17,0
645.1,4,-171.2,-171.2,84.0,66.37,ACTIVE,RELAY,P7,1,1,1,2,3,0,0.09,0
645.1,5,-562.5,-587.5,0.3,93.48,FAILED,RELAY,P4,0,1,0,,,0,495.53,1
646.0,1,168.2,168.2,60.0,65.48,ACTIVE,RELAY,P7,1,1,1,3,4,0,0.32,0
646.0,2,532.9,428.5,68.0,65.67,ACTIVE,SURVEY,P7,1,1,1,4,1,0,0.17,0
646.0,3,-510.6,-510.6,76.0,95.64,ACTIVE,RELAY,P7,1,1,1,1,0,0,0.17,0
646.0,4,-171.2,-171.2,84.0,66.32,ACTIVE,RELAY,P7,1,1,1,2,3,0,0.02,0
646.0,5,-562.5,-587.5,0.3,93.48,FAILED,RELAY,P4,0,1,0,,,0,496.49,1
647.0,1,168.2,168.2,60.0,65.43,ACTIVE,RELAY,P7,1,1,1,3,4,0,0.32,0
647.0,2,529.0,443.4,68.0,65.62,ACTIVE,SURVEY,P7,1,1,1,4,1,0,0.24,0
647.0,3,-510.6,-510.6,76.0,95.59,ACTIVE,RELAY,P7,1,1,1,1,0,0,0.17,0
647.0,4,-171.2,-171.2,84.0,66.27,ACTIVE,RELAY,P7,1,1,1,2,3,0,0.09,0
647.0,5,-562.5,-587.5,0.3,93.48,FAILED,RELAY,P4,0,1,0,,,0,497.51,1
648.1,1,168.2,168.2,60.0,65.38,ACTIVE,RELAY,P7,1,1,1,3,4,0,0.34,0
648.1,2,525.2,458.3,68.0,65.56,ACTIVE,SURVEY,P7,1,1,1,4,1,0,0.24,0
648.1,3,-510.6,-510.6,76.0,95.54,ACTIVE,RELAY,P7,1,1,1,1,0,0,0.23,0
648.1,4,-171.2,-171.2,84.0,66.22,ACTIVE,RELAY,P7,1,1,1,2,3,0,0.09,0
648.1,5,-562.5,-587.5,0.3,93.48,FAILED,RELAY,P4,0,1,0,,,0,498.54,1
649.0,1,168.2,168.2,60.0,65.33,ACTIVE,RELAY,P7,1,1,1,3,4,0,0.3,0
649.0,2,521.6,472.2,68.0,65.51,ACTIVE,SURVEY,P7,1,1,1,4,1,0,0.23,0
649.0,3,-510.6,-510.6,76.0,95.49,ACTIVE,RELAY,P7,1,1,1,1,0,0,0.17,0
649.0,4,-171.2,-171.2,84.0,66.17,ACTIVE,RELAY,P7,1,1,1,2,3,0,0.02,0
649.0,5,-562.5,-587.5,0.3,93.48,FAILED,RELAY,P4,0,1,0,,,0,499.5,1
650.0,1,168.2,168.2,60.0,65.28,ACTIVE,RELAY,P7,1,1,1,3,4,0,0.3,0
650.0,2,517.8,487.1,68.0,65.45,ACTIVE,SURVEY,P7,1,1,1,4,1,0,0.24,0
650.0,3,-510.6,-510.6,76.0,95.44,ACTIVE,RELAY,P7,1,1,1,1,0,0,0.17,0
650.0,4,-171.2,-171.2,84.0,66.12,ACTIVE,RELAY,P7,1,1,1,2,3,0,0.07,0
650.0,5,-562.5,-587.5,0.3,93.48,FAILED,RELAY,P4,0,1,0,,,0,500.52,1
651.0,1,168.2,168.2,60.0,65.23,ACTIVE,RELAY,P7,1,1,1,3,4,0,0.32,0
651.0,2,514.2,501.1,68.0,65.4,ACTIVE,SURVEY,P7,1,1,1,4,1,0,0.1,0
651.0,3,-510.6,-510.6,76.0,95.39,ACTIVE,RELAY,P7,1,1,1,1,0,0,0.17,0
651.0,4,-171.2,-171.2,84.0,66.07,ACTIVE,RELAY,P7,1,1,1,2,3,0,0.02,0
651.0,5,-562.5,-587.5,0.3,93.48,FAILED,RELAY,P4,0,1,0,,,0,501.48,1
652.0,1,168.2,168.2,60.0,65.18,ACTIVE,RELAY,P7,1,1,1,3,4,0,0.32,0
652.0,2,511.5,511.5,68.0,65.34,ACTIVE,SURVEY,P7,1,1,1,4,1,0,0.19,0
652.0,3,-510.6,-510.6,76.0,95.34,ACTIVE,RELAY,P7,1,1,1,1,0,0,0.17,0
652.0,4,-171.2,-171.2,84.0,66.02,ACTIVE,RELAY,P7,1,1,1,2,3,0,0.07,0
652.0,5,-562.5,-587.5,0.3,93.48,FAILED,RELAY,P4,0,1,0,,,0,502.51,1
653.1,1,168.2,168.2,60.0,65.13,ACTIVE,RELAY,P7,1,1,1,3,4,0,0.36,0
653.1,2,511.5,511.5,68.0,65.29,ACTIVE,SURVEY,P7,1,1,1,4,1,0,0.24,0
653.1,3,-510.6,-510.6,76.0,95.29,ACTIVE,RELAY,P7,1,1,1,1,0,0,0.12,0
653.1,4,-171.2,-171.2,84.0,65.97,ACTIVE,RELAY,P7,1,1,1,2,3,0,0.02,0
653.1,5,-562.5,-587.5,0.3,93.48,FAILED,RELAY,P4,0,1,0,,,0,503.53,1
654.0,1,168.2,168.2,60.0,65.08,ACTIVE,RELAY,P7,1,1,1,3,4,0,0.32,0
654.0,2,511.5,511.5,68.0,65.25,ACTIVE,SURVEY,P7,1,1,1,4,1,0,0.17,0
654.0,3,-510.6,-510.6,76.0,95.24,ACTIVE,RELAY,P7,1,1,1,1,0,0,0.17,0
654.0,4,-171.2,-171.2,84.0,65.92,ACTIVE,RELAY,P7,1,1,1,2,3,0,0.02,0
654.0,5,-562.5,-587.5,0.3,93.48,FAILED,RELAY,P4,0,1,0,,,0,504.49,1
655.0,1,168.2,168.2,60.0,65.03,ACTIVE,RELAY,P7,1,1,1,3,4,0,0.32,0
655.0,2,511.5,511.5,68.0,65.19,ACTIVE,SURVEY,P7,1,1,1,4,1,0,0.22,0
655.0,3,-510.6,-510.6,76.0,95.19,ACTIVE,RELAY,P7,1,1,1,1,0,0,0.17,0
655.0,4,-171.2,-171.2,84.0,65.87,ACTIVE,RELAY,P7,1,1,1,2,3,0,0.07,0
655.0,5,-562.5,-587.5,0.3,93.48,FAILED,RELAY,P4,0,1,0,,,0,505.51,1
656.1,1,168.2,168.2,60.0,64.98,ACTIVE,RELAY,P7,1,1,1,3,4,0,0.39,0
656.1,2,511.5,511.5,68.0,65.14,ACTIVE,SURVEY,P7,1,1,1,4,1,0,0.24,0
656.1,3,-510.6,-510.6,76.0,95.14,ACTIVE,RELAY,P7,1,1,1,1,0,0,0.23,0
656.1,4,-171.2,-171.2,84.0,65.82,ACTIVE,RELAY,P7,1,1,1,2,3,0,0.09,0
656.1,5,-562.5,-587.5,0.3,93.48,FAILED,RELAY,P4,0,1,0,,,0,506.54,1
657.0,1,168.2,168.2,60.0,64.93,ACTIVE,RELAY,P7,1,1,1,3,4,0,0.32,0
657.0,2,511.5,511.5,68.0,65.1,ACTIVE,SURVEY,P7,1,1,1,4,1,0,0.24,0
657.0,3,-510.6,-510.6,76.0,95.09,ACTIVE,RELAY,P7,1,1,1,1,0,0,0.17,0
657.0,4,-171.2,-171.2,84.0,65.77,ACTIVE,RELAY,P7,1,1,1,2,3,0,0.02,0
657.0,5,-562.5,-587.5,0.3,93.48,FAILED,RELAY,P4,0,1,0,,,0,507.5,1
658.0,1,168.2,168.2,60.0,64.88,ACTIVE,RELAY,P7,1,1,1,3,4,0,0.32,0
658.0,2,511.5,511.5,68.0,65.04,ACTIVE,SURVEY,P7,1,1,1,4,1,0,0.24,0
658.0,3,-510.6,-510.6,76.0,95.04,ACTIVE,RELAY,P7,1,1,1,1,0,0,0.17,0
658.0,4,-171.2,-171.2,84.0,65.72,ACTIVE,RELAY,P7,1,1,1,2,3,0,0.09,0
658.0,5,-562.5,-587.5,0.3,93.48,FAILED,RELAY,P4,0,1,0,,,0,508.52,1
659.0,1,168.2,168.2,60.0,64.83,ACTIVE,RELAY,P7,1,1,1,3,4,0,0.3,0
659.0,2,511.5,511.5,68.0,65.0,ACTIVE,SURVEY,P7,1,1,1,4,1,0,0.14,0
659.0,3,-510.6,-510.6,76.0,94.99,ACTIVE,RELAY,P7,1,1,1,1,0,0,0.17,0
659.0,4,-171.2,-171.2,84.0,65.67,ACTIVE,RELAY,P7,1,1,1,2,3,0,0.02,0
659.0,5,-562.5,-587.5,0.3,93.48,FAILED,RELAY,P4,0,1,0,,,0,509.48,1
660.0,1,168.2,168.2,60.0,64.78,ACTIVE,RELAY,P7,1,1,1,3,4,0,0.32,0
660.0,2,511.5,511.5,68.0,64.94,ACTIVE,SURVEY,P7,1,1,1,4,1,0,0.22,0
660.0,3,-510.6,-510.6,76.0,94.94,ACTIVE,RELAY,P7,1,1,1,1,0,0,0.17,0
660.0,4,-171.2,-171.2,84.0,65.62,ACTIVE,RELAY,P7,1,1,1,2,3,0,0.09,0
660.0,5,-562.5,-587.5,0.3,93.48,FAILED,RELAY,P4,0,1,0,,,0,510.51,1
661.1,1,168.2,168.2,60.0,64.73,ACTIVE,RELAY,P7,1,1,1,3,4,0,0.36,0
661.1,2,511.5,511.5,68.0,64.89,ACTIVE,SURVEY,P7,1,1,1,4,1,0,0.24,0
661.1,3,-510.6,-510.6,76.0,94.89,ACTIVE,RELAY,P7,1,1,1,1,0,0,0.17,0
661.1,4,-171.2,-171.2,84.0,65.57,ACTIVE,RELAY,P7,1,1,1,2,3,0,0.09,0
661.1,5,-562.5,-587.5,0.3,93.48,FAILED,RELAY,P4,0,1,0,,,0,511.53,1
662.0,1,168.2,168.2,60.0,64.68,ACTIVE,RELAY,P7,1,1,1,3,4,1,0.32,0
662.0,2,511.5,511.5,68.0,64.85,ACTIVE,SURVEY,P7,1,1,1,4,1,0,0.01,0
662.0,3,-510.6,-510.6,76.0,94.84,ACTIVE,RELAY,P7,1,1,1,1,0,0,0.17,0
662.0,4,-171.2,-171.2,84.0,65.52,ACTIVE,RELAY,P7,1,1,1,2,3,1,0.53,0
662.0,5,-562.5,-587.5,0.3,93.48,FAILED,RELAY,P4,0,1,0,,,0,512.49,1
663.0,1,168.2,168.2,60.0,64.63,ACTIVE,RELAY,P7,1,1,1,3,4,1,0.18,0
663.0,2,511.5,511.5,68.0,64.79,ACTIVE,SURVEY,P7,1,1,1,4,1,0,0.08,0
663.0,3,-510.6,-510.6,76.0,94.79,ACTIVE,RELAY,P7,1,1,1,1,0,2,0.1,0
663.0,4,-171.2,-171.2,84.0,65.47,ACTIVE,RELAY,P7,1,1,1,2,3,0,0.06,0
663.0,5,-562.5,-587.5,0.3,93.48,FAILED,RELAY,P4,0,1,0,,,0,513.51,1
664.1,1,168.2,168.2,60.0,64.58,ACTIVE,RELAY,P7,1,1,1,3,4,0,0.26,0
664.1,2,511.5,511.5,68.0,64.74,ACTIVE,SURVEY,P7,1,1,1,4,1,0,0.12,0
664.1,3,-510.6,-510.6,76.0,94.74,ACTIVE,RELAY,P7,1,1,1,1,0,0,0.19,0
664.1,4,-171.2,-171.2,84.0,65.42,ACTIVE,RELAY,P7,1,1,1,2,3,0,0.47,0
664.1,5,-562.5,-587.5,0.3,93.48,FAILED,RELAY,P4,0,1,0,,,0,514.54,1
665.0,1,168.2,168.2,60.0,64.53,ACTIVE,RELAY,P7,1,1,1,3,4,1,0.18,0
665.0,2,511.5,511.5,68.0,64.7,ACTIVE,SURVEY,P7,1,1,1,4,1,1,0.62,0
665.0,3,-510.6,-510.6,76.0,94.69,ACTIVE,RELAY,P7,1,1,1,1,0,1,0.17,0
665.0,4,-171.2,-171.2,84.0,65.37,ACTIVE,RELAY,P7,1,1,1,2,3,3,0.53,0
665.0,5,-562.5,-587.5,0.3,93.48,FAILED,RELAY,P4,0,1,0,,,0,515.5,1
666.0,1,168.2,168.2,60.0,64.48,ACTIVE,RELAY,P7,1,1,1,3,4,0,0.32,0
666.0,2,511.5,511.5,68.0,64.64,ACTIVE,SURVEY,P7,1,1,1,4,1,0,0.75,0
666.0,3,-510.6,-510.6,76.0,94.64,ACTIVE,RELAY,P7,1,1,1,1,0,0,0.11,0
666.0,4,-171.2,-171.2,84.0,65.32,ACTIVE,RELAY,P7,1,1,1,2,3,1,0.36,0
666.0,5,-562.5,-587.5,0.3,93.48,FAILED,RELAY,P4,0,1,0,,,0,516.52,1
667.0,1,168.2,168.2,60.0,64.43,ACTIVE,RELAY,P7,1,1,1,3,4,2,0.31,0
667.0,2,511.5,511.5,68.0,64.6,ACTIVE,SURVEY,P7,1,1,1,4,1,0,0.14,0
667.0,3,-510.6,-510.6,76.0,94.59,ACTIVE,RELAY,P7,1,1,1,1,0,0,0.17,0
667.0,4,-171.2,-171.2,84.0,65.27,ACTIVE,RELAY,P7,1,1,1,2,3,0,0.42,0
667.0,5,-562.5,-587.5,0.3,93.48,FAILED,RELAY,P4,0,1,0,,,0,517.48,1
668.0,1,168.2,168.2,60.0,64.38,ACTIVE,RELAY,P7,1,1,1,3,4,1,0.32,0
668.0,2,511.5,511.5,68.0,64.54,ACTIVE,SURVEY,P7,1,1,1,4,1,1,0.1,0
668.0,3,-510.6,-510.6,76.0,94.54,ACTIVE,RELAY,P7,1,1,1,1,0,0,0.14,0
668.0,4,-171.2,-171.2,84.0,65.22,ACTIVE,RELAY,P7,1,1,1,2,3,1,0.08,0
668.0,5,-562.5,-587.5,0.3,93.48,FAILED,RELAY,P4,0,1,0,,,0,518.51,1
669.1,1,168.2,168.2,60.0,64.33,ACTIVE,RELAY,P7,1,1,1,3,4,0,0.3,0
669.1,2,511.5,511.5,68.0,64.49,ACTIVE,SURVEY,P7,1,1,1,4,1,0,0.05,0
669.1,3,-510.6,-510.6,76.0,94.49,ACTIVE,RELAY,P7,1,1,1,1,0,0,0.12,0
669.1,4,-171.2,-171.2,84.0,65.17,ACTIVE,RELAY,P7,1,1,1,2,3,3,0.01,0
669.1,5,-562.5,-587.5,0.3,93.48,FAILED,RELAY,P4,0,1,0,,,0,519.53,1
670.0,1,168.2,168.2,60.0,64.28,ACTIVE,RELAY,P7,1,1,1,3,4,0,0.05,0
670.0,2,511.5,511.5,68.0,64.45,ACTIVE,SURVEY,P7,1,1,1,4,1,0,0.64,0
670.0,3,-510.6,-510.6,76.0,94.44,ACTIVE,RELAY,P7,1,1,1,1,0,3,0.17,0
670.0,4,-171.2,-171.2,84.0,65.12,ACTIVE,RELAY,P7,1,1,1,2,3,3,0.53,0
670.0,5,-562.5,-587.5,0.3,93.48,FAILED,RELAY,P4,0,1,0,,,0,520.49,1
671.0,1,168.2,168.2,60.0,64.23,ACTIVE,RELAY,P7,1,1,1,3,4,0,0.21,0
671.0,2,511.5,511.5,68.0,64.39,ACTIVE,SURVEY,P7,1,1,1,4,1,0,0.01,0
671.0,3,-510.6,-510.6,76.0,94.39,ACTIVE,RELAY,P7,1,1,1,1,0,0,0.14,0
671.0,4,-171.2,-171.2,84.0,65.07,ACTIVE,RELAY,P7,1,1,1,2,3,1,0.52,0
671.0,5,-562.5,-587.5,0.3,93.48,FAILED,RELAY,P4,0,1,0,,,0,521.51,1
672.1,1,168.2,168.2,60.0,64.18,ACTIVE,RELAY,P7,1,1,1,3,4,0,0.24,0
672.1,2,511.5,511.5,68.0,64.34,ACTIVE,SURVEY,P7,1,1,1,4,1,0,0.18,0
672.1,3,-510.6,-510.6,76.0,94.34,ACTIVE,RELAY,P7,1,1,1,1,0,4,0.2,0
672.1,4,-171.2,-171.2,84.0,65.02,ACTIVE,RELAY,P7,1,1,1,2,3,0,0.33,0
672.1,5,-562.5,-587.5,0.3,93.48,FAILED,RELAY,P4,0,1,0,,,0,522.54,1
673.0,1,168.2,168.2,60.0,64.13,ACTIVE,RELAY,P7,1,1,1,3,4,2,0.32,0
673.0,2,511.5,511.5,68.0,64.3,ACTIVE,SURVEY,P7,1,1,1,4,1,0,0.6,0
673.0,3,-510.6,-510.6,76.0,94.29,ACTIVE,RELAY,P7,1,1,1,1,0,0,0.17,0
673.0,4,-171.2,-171.2,84.0,64.97,ACTIVE,RELAY,P7,1,1,1,2,3,4,0.41,0
673.0,5,-562.5,-587.5,0.3,93.48,FAILED,RELAY,P4,0,1,0,,,0,523.5,1
674.0,1,168.2,168.2,60.0,64.08,ACTIVE,RELAY,P7,1,1,1,3,4,0,0.28,0
674.0,2,511.5,511.5,68.0,64.24,ACTIVE,SURVEY,P7,1,1,1,4,1,0,0.05,0
674.0,3,-510.6,-510.6,76.0,94.24,ACTIVE,RELAY,P7,1,1,1,1,0,0,0.12,0
674.0,4,-171.2,-171.2,84.0,64.92,ACTIVE,RELAY,P7,1,1,1,2,3,0,0.03,0
674.0,5,-562.5,-587.5,0.3,93.48,FAILED,RELAY,P4,0,1,0,,,0,524.52,1
675.0,1,164.8,164.8,60.0,64.03,ACTIVE,HOME,,1,1,1,3,4,0,0.32,0
675.0,2,510.2,510.2,68.0,64.2,ACTIVE,HOME,,1,1,1,4,1,0,0.14,0
675.0,3,-511.9,-512.0,76.0,94.19,ACTIVE,HOME,,1,1,1,1,0,0,0.17,0
675.0,4,-171.2,-171.2,84.0,64.87,ACTIVE,RELAY,P7,1,1,1,2,3,0,0.0,0
675.0,5,-562.5,-587.5,0.3,93.48,FAILED,RELAY,P4,0,1,0,,,0,525.48,1
676.0,1,154.0,154.0,60.0,63.97,ACTIVE,HOME,,1,1,1,3,4,0,0.28,0
676.0,2,499.3,499.3,68.0,64.14,ACTIVE,HOME,,1,1,1,4,1,0,0.23,0
676.0,3,-522.6,-523.0,76.0,94.14,ACTIVE,HOME,,1,1,1,1,0,0,0.17,0
676.0,4,-181.9,-182.2,84.0,64.82,ACTIVE,HOME,,1,1,1,2,3,0,0.07,0
676.0,5,-562.5,-587.5,0.3,93.48,FAILED,RELAY,P4,0,1,0,,,0,526.51,1
677.1,1,143.1,143.1,60.0,63.92,ACTIVE,HOME,,1,1,1,3,4,0,0.39,0
677.1,2,488.5,488.4,68.0,64.08,ACTIVE,HOME,,1,1,1,4,1,0,0.24,0
677.1,3,-533.3,-534.0,76.0,94.08,ACTIVE,HOME,,1,1,1,1,0,0,0.17,0
677.1,4,-192.6,-193.2,84.0,64.76,ACTIVE,HOME,,1,1,1,2,3,0,0.09,0
677.1,5,-562.5,-587.5,0.3,93.48,FAILED,RELAY,P4,0,1,0,,,0,527.53,1
678.0,1,132.9,133.0,60.0,63.86,ACTIVE,HOME,,1,1,1,3,4,0,0.3,0
678.0,2,478.3,478.2,68.0,64.03,ACTIVE,HOME,,1,1,1,4,1,0,0.17,0
678.0,3,-543.3,-544.4,76.0,94.03,ACTIVE,HOME,,1,1,1,1,0,0,0.17,0
678.0,4,-202.7,-203.5,84.0,64.71,ACTIVE,HOME,,1,1,1,2,3,0,0.0,0
678.0,5,-562.5,-587.5,0.3,93.48,FAILED,RELAY,P4,0,1,0,,,0,528.49,1
679.0,1,122.0,122.1,60.0,63.81,ACTIVE,HOME,,1,1,1,3,4,0,0.32,0
679.0,2,467.5,467.3,68.0,63.97,ACTIVE,HOME,,1,1,1,4,1,0,0.24,0
679.0,3,-554.0,-555.4,76.0,93.97,ACTIVE,HOME,,1,1,1,1,0,0,0.17,0
679.0,4,-213.4,-214.5,84.0,64.65,ACTIVE,HOME,,1,1,1,2,3,0,0.05,0
679.0,5,-562.5,-587.5,0.3,93.48,FAILED,RELAY,P4,0,1,0,,,0,529.51,1
680.1,1,111.2,111.3,60.0,63.75,ACTIVE,HOME,,1,1,1,3,4,0,0.39,0
680.1,2,456.6,456.5,68.0,63.92,ACTIVE,HOME,,1,1,1,4,1,0,0.22,0
680.1,3,-564.7,-566.4,76.0,93.91,ACTIVE,HOME,,1,1,1,1,0,0,0.23,0
680.1,4,-224.1,-225.5,84.0,64.59,ACTIVE,HOME,,1,1,1,2,3,0,0.09,0
680.1,5,-562.5,-587.5,0.3,93.48,FAILED,RELAY,P4,0,1,0,,,0,530.54,1
681.0,1,101.0,101.1,60.0,63.7,ACTIVE,HOME,,1,1,1,3,4,0,0.32,0
681.0,2,446.5,446.3,68.0,63.86,ACTIVE,HOME,,1,1,1,4,1,0,0.23,0
681.0,3,-574.7,-576.8,76.0,93.86,ACTIVE,HOME,,1,1,1,1,0,0,0.17,0
681.0,4,-234.2,-235.8,84.0,64.54,ACTIVE,HOME,,1,1,1,2,3,0,0.02,0
681.0,5,-562.5,-587.5,0.3,93.48,FAILED,RELAY,P4,0,1,0,,,0,531.5,1
682.0,1,90.1,90.2,60.0,63.64,ACTIVE,HOME,,1,1,1,3,4,0,0.32,0
682.0,2,435.6,435.4,68.0,63.81,ACTIVE,HOME,,1,1,1,4,1,0,0.24,0
682.0,3,-585.4,-587.8,76.0,93.81,ACTIVE,HOME,,1,1,1,1,0,0,0.17,0
682.0,4,-244.9,-246.7,84.0,64.49,ACTIVE,HOME,,1,1,1,2,3,0,0.09,0
682.0,5,-562.5,-587.5,0.3,93.48,FAILED,RELAY,P4,0,1,0,,,0,532.52,1
683.0,1,79.9,80.1,60.0,63.59,ACTIVE,HOME,,1,1,1,3,4,0,0.32,0
683.0,2,425.5,425.2,68.0,63.76,ACTIVE,HOME,,1,1,1,4,1,0,0.11,0
683.0,3,-595.5,-598.1,76.0,93.75,ACTIVE,HOME,,1,1,1,1,0,0,0.13,0
683.0,4,-255.0,-257.1,84.0,64.43,ACTIVE,HOME,,1,1,1,2,3,0,0.02,0
683.0,5,-562.5,-587.5,0.3,93.48,FAILED,RELAY,P4,0,1,0,,,0,533.48,1
684.0,1,69.0,69.2,60.0,63.53,ACTIVE,HOME,,1,1,1,3,4,0,0.32,0
684.0,2,414.6,414.3,68.0,63.7,ACTIVE,HOME,,1,1,1,4,1,0,0.24,0
684.0,3,-606.1,-609.2,76.0,93.7,ACTIVE,HOME,,1,1,1,1,0,0,0.17,0
684.0,4,-265.7,-268.0,84.0,64.38,ACTIVE,HOME,,1,1,1,2,3,0,0.07,0
684.0,5,-562.5,-587.5,0.3,93.48,FAILED,RELAY,P4,0,1,0,,,0,534.51,1
685.1,1,58.2,58.4,60.0,63.48,ACTIVE,HOME,,1,1,1,3,4,0,0.39,0
685.1,2,403.8,403.4,68.0,63.64,ACTIVE,HOME,,1,1,1,4,1,0,0.24,0
685.1,3,-616.8,-620.2,76.0,93.64,ACTIVE,HOME,,1,1,1,1,0,0,0.17,0
685.1,4,-276.5,-279.0,84.0,64.32,ACTIVE,HOME,,1,1,1,2,3,0,0.09,0
685.1,5,-562.5,-587.5,0.3,93.48,FAILED,RELAY,P4,0,1,0,,,0,535.53,1
686.0,1,48.0,48.2,60.0,63.42,ACTIVE,HOME,,1,1,1,3,4,0,0.32,0
686.0,2,393.6,393.2,68.0,63.59,ACTIVE,HOME,,1,1,1,4,1,0,0.17,0
686.0,3,-626.9,-630.5,76.0,93.59,ACTIVE,HOME,,1,1,1,1,0,0,0.17,0
686.0,4,-286.5,-289.3,84.0,64.27,ACTIVE,HOME,,1,1,1,2,3,0,0.02,0
686.0,5,-562.5,-587.5,0.3,93.48,FAILED,RELAY,P4,0,1,0,,,0,536.49,1
687.0,1,37.1,37.4,60.0,63.37,ACTIVE,HOME,,1,1,1,3,4,0,0.32,0
687.0,2,382.7,382.4,68.0,63.53,ACTIVE,HOME,,1,1,1,4,1,0,0.24,0
687.0,3,-637.5,-641.5,76.0,93.53,ACTIVE,HOME,,1,1,1,1,0,0,0.17,0
687.0,4,-297.2,-300.3,84.0,64.21,ACTIVE,HOME,,1,1,1,2,3,0,0.05,0
687.0,5,-562.5,-587.5,0.3,93.48,FAILED,RELAY,P4,0,1,0,,,0,537.51,1
688.1,1,26.2,26.5,60.0,63.31,ACTIVE,HOME,,1,1,1,3,4,0,0.39,0
688.1,2,371.9,371.5,68.0,63.48,ACTIVE,HOME,,1,1,1,4,1,0,0.24,0
688.1,3,-648.2,-652.6,76.0,93.47,ACTIVE,HOME,,1,1,1,1,0,0,0.23,0
688.1,4,-308.0,-311.3,84.0,64.15,ACTIVE,HOME,,1,1,1,2,3,0,0.09,0
688.1,5,-562.5,-587.5,0.3,93.48,FAILED,RELAY,P4,0,1,0,,,0,538.54,1
689.0,1,16.0,16.3,60.0,63.26,ACTIVE,HOME,,1,1,1,3,4,0,0.3,0
689.0,2,361.7,361.3,68.0,63.42,ACTIVE,HOME,,1,1,1,4,1,0,0.24,0
689.0,3,-658.3,-662.9,76.0,93.42,ACTIVE,HOME,,1,1,1,1,0,0,0.17,0
689.0,4,-318.0,-321.6,84.0,64.1,ACTIVE,HOME,,1,1,1,2,3,0,0.02,0
689.0,5,-562.5,-587.5,0.3,93.48,FAILED,RELAY,P4,0,1,0,,,0,539.5,1
690.0,1,5.2,5.5,60.0,63.2,ACTIVE,HOME,,1,1,1,3,4,0,0.32,0
690.0,2,350.9,350.4,68.0,63.37,ACTIVE,HOME,,1,1,1,4,1,0,0.24,0
690.0,3,-669.0,-673.9,76.0,93.37,ACTIVE,HOME,,1,1,1,1,0,0,0.17,0
690.0,4,-328.8,-332.6,84.0,64.05,ACTIVE,HOME,,1,1,1,2,3,0,0.09,0
690.0,5,-562.5,-587.5,0.3,93.48,FAILED,RELAY,P4,0,1,0,,,0,540.52,1
691.0,1,-5.0,-4.7,60.0,63.15,ACTIVE,HOME,,1,1,1,3,4,0,0.32,0
691.0,2,340.7,340.2,68.0,63.32,ACTIVE,HOME,,1,1,1,4,1,0,0.14,0
691.0,3,-679.0,-684.3,76.0,93.31,ACTIVE,HOME,,1,1,1,1,0,0,0.17,0
691.0,4,-338.8,-342.9,84.0,63.99,ACTIVE,HOME,,1,1,1,2,3,0,0.01,0
691.0,5,-562.5,-587.5,0.3,93.48,FAILED,RELAY,P4,0,1,0,,,0,541.48,1
692.0,1,-15.9,-15.5,60.0,63.09,ACTIVE,HOME,,1,1,1,3,4,0,0.3,0
692.0,2,329.9,329.3,68.0,63.26,ACTIVE,HOME,,1,1,1,4,1,0,0.24,0
692.0,3,-689.7,-695.3,76.0,93.26,ACTIVE,HOME,,1,1,1,1,0,0,0.17,0
692.0,4,-349.5,-353.9,84.0,63.94,ACTIVE,HOME,,1,1,1,2,3,0,0.09,0
692.0,5,-562.5,-587.5,0.3,93.48,FAILED,RELAY,P4,0,1,0,,,0,542.51,1
693.1,1,-26.8,-26.4,60.0,63.04,ACTIVE,HOME,,1,1,1,3,4,0,0.36,0
693.1,2,319.0,318.5,68.0,63.2,ACTIVE,HOME,,1,1,1,4,1,0,0.24,0
693.1,3,-700.4,-706.3,76.0,93.2,ACTIVE,HOME,,1,1,1,1,0,0,0.17,0
693.1,4,-360.3,-364.9,84.0,63.88,ACTIVE,HOME,,1,1,1,2,3,0,0.08,0
693.1,5,-562.5,-587.5,0.3,93.48,FAILED,RELAY,P4,0,1,0,,,0,543.53,1
694.0,1,-37.0,-36.6,60.0,62.98,ACTIVE,HOME,,1,1,1,3,4,0,0.32,0
694.0,2,308.9,308.3,68.0,63.15,ACTIVE,HOME,,1,1,1,4,1,0,0.17,0
694.0,3,-710.4,-716.7,76.0,93.15,ACTIVE,HOME,,1,1,1,1,0,0,0.17,0
694.0,4,-370.3,-375.2,84.0,63.83,ACTIVE,HOME,,1,1,1,2,3,0,0.02,0
694.0,5,-562.5,-587.5,0.3,93.48,FAILED,RELAY,P4,0,1,0,,,0,544.49,1
695.0,1,-47.8,-47.4,60.0,62.93,ACTIVE,HOME,,1,1,1,3,4,0,0.32,0
695.0,2,298.0,297.4,68.0,63.09,ACTIVE,HOME,,1,1,1,4,1,0,0.24,0
695.0,3,-721.1,-727.7,76.0,93.09,ACTIVE,HOME,,1,1,1,1,0,0,0.17,0
695.0,4,-381.1,-386.2,84.0,63.77,ACTIVE,HOME,,1,1,1,2,3,0,0.09,0
695.0,5,-562.5,-587.5,0.3,93.48,FAILED,RELAY,P4,0,1,0,,,0,545.51,1
696.1,1,-58.7,-58.3,60.0,62.87,ACTIVE,HOME,,1,1,1,3,4,0,0.39,0
696.1,2,287.2,286.5,68.0,63.04,ACTIVE,HOME,,1,1,1,4,1,0,0.22,0
696.1,3,-731.8,-738.7,76.0,93.03,ACTIVE,HOME,,1,1,1,1,0,0,0.23,0
696.1,4,-391.8,-397.2,84.0,63.71,ACTIVE,HOME,,1,1,1,2,3,0,0.07,0
696.1,5,-562.5,-587.5,0.3,93.48,FAILED,RELAY,P4,0,1,0,,,0,546.54,1
697.0,1,-68.9,-68.4,60.0,62.82,ACTIVE,HOME,,1,1,1,3,4,0,0.32,0
697.0,2,277.0,276.3,68.0,62.98,ACTIVE,HOME,,1,1,1,4,1,0,0.22,0
697.0,3,-741.8,-749.1,76.0,92.98,ACTIVE,HOME,,1,1,1,1,0,0,0.17,0
697.0,4,-401.8,-407.5,84.0,63.66,ACTIVE,HOME,,1,1,1,2,3,0,0.51,0
697.0,5,-562.5,-587.5,0.3,93.48,FAILED,RELAY,P4,0,1,0,,,0,547.5,1
698.0,1,-79.8,-79.3,60.0,62.76,ACTIVE,HOME,,1,1,1,3,4,0,0.3,0
698.0,2,266.2,265.4,68.0,62.93,ACTIVE,HOME,,1,1,1,4,1,0,0.22,0
698.0,3,-752.5,-760.1,76.0,92.93,ACTIVE,HOME,,1,1,1,1,0,0,0.17,0
698.0,4,-412.6,-418.5,84.0,63.61,ACTIVE,HOME,,1,1,1,2,3,0,0.09,0
698.0,5,-562.5,-587.5,0.3,93.48,FAILED,RELAY,P4,0,1,0,,,0,548.52,1
699.0,1,-90.0,-89.5,60.0,62.71,ACTIVE,HOME,,1,1,1,3,4,0,0.3,0
699.0,2,256.0,255.2,68.0,62.88,ACTIVE,HOME,,1,1,1,4,1,0,0.12,0
699.0,3,-762.5,-770.4,76.0,92.87,ACTIVE,HOME,,1,1,1,1,0,0,0.17,0
699.0,4,-422.6,-428.8,84.0,63.55,ACTIVE,HOME,,1,1,1,2,3,0,0.02,0
699.0,5,-562.5,-587.5,0.3,93.48,FAILED,RELAY,P4,0,1,0,,,0,549.48,1
700.0,1,-100.8,-100.3,60.0,62.65,ACTIVE,HOME,,1,1,1,2,4,0,0.34,0
700.0,2,245.2,244.4,68.0,62.82,ACTIVE,HOME,,1,1,1,3,1,0,0.26,0
700.0,3,-773.2,-781.5,76.0,92.82,ACTIVE,HOME,,1,1,1,1,0,0,0.17,0
700.0,4,-433.4,-439.8,84.0,63.5,ACTIVE,HOME,,1,1,1,1,0,0,0.09,0
700.0,5,-562.5,-587.5,0.3,93.48,FAILED,RELAY,P4,0,1,0,,,0,550.51,1
701.1,1,-111.7,-111.2,60.0,62.6,ACTIVE,HOME,,1,1,1,2,4,0,0.39,0
701.1,2,234.3,233.5,68.0,62.76,ACTIVE,HOME,,1,1,1,3,1,0,0.26,0
701.1,3,-783.9,-792.5,76.0,92.76,ACTIVE,HOME,,1,1,1,1,0,0,0.17,0
701.1,4,-444.1,-450.8,84.0,63.44,ACTIVE,HOME,,1,1,1,1,0,0,0.11,0
701.1,5,-562.5,-587.5,0.3,93.48,FAILED,RELAY,P4,0,1,0,,,0,551.53,1
702.0,1,-121.9,-121.3,60.0,62.54,ACTIVE,HOME,,1,1,1,2,4,0,0.34,0
702.0,2,224.1,223.3,68.0,62.71,ACTIVE,HOME,,1,1,1,3,1,0,0.17,0
702.0,3,-793.9,-802.8,76.0,92.71,ACTIVE,HOME,,1,1,1,1,0,0,0.17,0
702.0,4,-454.1,-461.1,84.0,63.39,ACTIVE,HOME,,1,1,1,1,0,0,0.02,0
702.0,5,-562.5,-587.5,0.3,93.48,FAILED,RELAY,P4,0,1,0,,,0,552.49,1
703.0,1,-132.8,-132.2,60.0,62.49,ACTIVE,HOME,,1,1,1,2,4,0,0.34,0
703.0,2,213.3,212.4,68.0,62.65,ACTIVE,HOME,,1,1,1,3,1,0,0.26,0
703.0,3,-804.6,-813.9,76.0,92.65,ACTIVE,HOME,,1,1,1,1,0,0,0.17,0
703.0,4,-464.9,-472.1,84.0,63.33,ACTIVE,HOME,,1,1,1,1,0,0,0.11,0
703.0,5,-562.5,-587.5,0.3,93.48,FAILED,RELAY,P4,0,1,0,,,0,553.51,1
704.1,1,-143.7,-143.0,60.0,62.43,ACTIVE,HOME,,1,1,1,2,4,0,0.41,0
704.1,2,202.5,201.5,68.0,62.6,ACTIVE,HOME,,1,1,1,3,1,0,0.26,0
704.1,3,-815.3,-824.9,76.0,92.59,ACTIVE,HOME,,1,1,1,1,0,0,0.23,0
704.1,4,-475.6,-483.1,84.0,63.27,ACTIVE,HOME,,1,1,1,1,0,0,0.11,0
704.1,5,-562.5,-587.5,0.3,93.48,FAILED,RELAY,P4,0,1,0,,,0,554.54,1
705.0,1,-153.8,-153.2,60.0,62.38,ACTIVE,HOME,,1,1,1,2,4,0,0.32,0
705.0,2,192.3,191.3,68.0,62.54,ACTIVE,HOME,,1,1,1,3,1,0,0.26,0
705.0,3,-825.3,-835.2,76.0,92.54,ACTIVE,HOME,,1,1,1,1,0,0,0.17,0
705.0,4,-485.7,-493.4,84.0,63.22,ACTIVE,HOME,,1,1,1,1,0,0,0.04,0
705.0,5,-562.5,-587.5,0.3,93.48,FAILED,RELAY,P4,0,1,0,,,0,555.5,1
706.0,1,-164.7,-164.1,60.0,62.32,ACTIVE,HOME,,1,1,1,2,4,0,0.34,0
706.0,2,181.4,180.5,68.0,62.49,ACTIVE,HOME,,1,1,1,3,1,0,0.26,0
706.0,3,-828.0,-838.0,72.2,92.49,RTH,HOME,,1,1,1,1,0,0,0.17,0
706.0,4,-496.4,-504.4,84.0,63.17,ACTIVE,HOME,,1,1,1,1,0,0,0.11,0
706.0,5,-562.5,-587.5,0.3,93.48,FAILED,RELAY,P4,0,1,0,,,0,556.52,1
707.0,1,-174.9,-174.2,60.0,62.27,ACTIVE,HOME,,1,1,1,2,4,0,0.34,0
707.0,2,171.3,170.3,68.0,62.44,ACTIVE,HOME,,1,1,1,3,1,0,0.19,0
707.0,3,-828.0,-838.0,67.4,92.43,RTH,HOME,,1,1,1,1,0,0,0.17,0
707.0,4,-506.4,-514.7,84.0,63.11,ACTIVE,HOME,,1,1,1,1,0,0,0.04,0
707.0,5,-562.5,-587.5,0.3,93.48,FAILED,RELAY,P4,0,1,0,,,0,557.48,1
708.0,1,-185.8,-185.1,60.0,62.21,ACTIVE,HOME,,1,1,1,2,4,0,0.34,0
708.0,2,160.4,159.4,68.0,62.38,ACTIVE,HOME,,1,1,1,3,1,0,0.24,0
708.0,3,-828.0,-838.0,62.2,92.38,RTH,HOME,,1,1,1,1,0,0,0.15,0
708.0,4,-517.2,-525.7,84.0,63.06,ACTIVE,HOME,,1,1,1,1,0,0,0.11,0
708.0,5,-562.5,-587.5,0.3,93.48,FAILED,RELAY,P4,0,1,0,,,0,558.51,1
709.1,1,-196.7,-195.9,60.0,62.16,ACTIVE,HOME,,1,1,1,2,4,0,0.41,0
709.1,2,149.6,148.5,68.0,62.32,ACTIVE,HOME,,1,1,1,3,1,0,0.26,0
709.1,3,-828.0,-838.0,57.1,92.32,RTH,HOME,,1,1,1,1,0,0,0.17,0
709.1,4,-527.9,-536.7,84.0,63.0,ACTIVE,HOME,,1,1,1,1,0,0,0.11,0
709.1,5,-562.5,-587.5,0.3,93.48,FAILED,RELAY,P4,0,1,0,,,0,559.53,1
710.0,1,-206.8,-206.1,60.0,62.1,ACTIVE,HOME,,1,1,1,2,4,0,0.34,0
710.0,2,139.4,138.3,68.0,62.27,ACTIVE,HOME,,1,1,1,3,1,0,0.19,0
710.0,3,-828.0,-838.0,52.3,92.27,RTH,HOME,,1,1,1,1,0,0,0.17,0
710.0,4,-538.0,-547.0,84.0,62.95,ACTIVE,HOME,,1,1,1,1,0,0,0.0,0
710.0,5,-562.5,-587.5,0.3,93.48,FAILED,RELAY,P4,0,1,0,,,0,560.49,1
711.0,1,-217.7,-217.0,60.0,62.05,ACTIVE,HOME,,1,1,1,2,4,0,0.34,0
711.0,2,128.6,127.4,68.0,62.21,ACTIVE,HOME,,1,1,1,3,1,0,0.26,0
711.0,3,-828.0,-838.0,47.2,92.21,RTH,HOME,,1,1,1,1,0,0,0.17,0
711.0,4,-548.7,-558.0,84.0,62.89,ACTIVE,HOME,,1,1,1,1,0,0,0.11,0
711.0,5,-562.5,-587.5,0.3,93.48,FAILED,RELAY,P4,0,1,0,,,0,561.51,1
712.1,1,-228.6,-227.8,60.0,61.99,ACTIVE,HOME,,1,1,1,2,4,0,0.41,0
712.1,2,117.7,116.6,68.0,62.16,ACTIVE,HOME,,1,1,1,3,1,0,0.26,0
712.1,3,-828.0,-838.0,42.1,92.15,RTH,HOME,,1,1,1,1,0,0,0.23,0
712.1,4,-559.4,-569.0,84.0,62.83,ACTIVE,HOME,,1,1,1,1,0,0,0.09,0
712.1,5,-562.5,-587.5,0.3,93.48,FAILED,RELAY,P4,0,1,0,,,0,562.54,1
713.0,1,-238.8,-238.0,60.0,61.94,ACTIVE,HOME,,1,1,1,2,4,0,0.34,0
713.0,2,107.6,106.4,68.0,62.1,ACTIVE,HOME,,1,1,1,3,1,0,0.26,0
713.0,3,-828.0,-838.0,37.3,92.1,RTH,HOME,,1,1,1,1,0,0,0.17,0
713.0,4,-569.5,-579.3,84.0,62.78,ACTIVE,HOME,,1,1,1,1,0,0,0.04,0
713.0,5,-562.5,-587.5,0.3,93.48,FAILED,RELAY,P4,0,1,0,,,0,563.5,1
714.0,1,-249.7,-248.8,60.0,61.88,ACTIVE,HOME,,1,1,1,2,4,0,0.34,0
714.0,2,96.7,95.5,68.0,62.05,ACTIVE,HOME,,1,1,1,3,1,0,0.26,0
714.0,3,-828.0,-838.0,32.2,92.05,RTH,HOME,,1,1,1,1,0,0,0.17,0
714.0,4,-580.2,-590.3,84.0,62.73,ACTIVE,HOME,,1,1,1,1,0,0,0.11,0
714.0,5,-562.5,-587.5,0.3,93.48,FAILED,RELAY,P4,0,1,0,,,0,564.52,1
715.0,1,-259.8,-259.0,60.0,61.83,ACTIVE,HOME,,1,1,1,2,4,0,0.34,0
715.0,2,86.5,85.3,68.0,62.0,ACTIVE,HOME,,1,1,1,3,1,0,0.19,0
715.0,3,-828.0,-838.0,27.4,91.99,RTH,HOME,,1,1,1,1,0,0,0.17,0
715.0,4,-590.3,-600.6,84.0,62.67,ACTIVE,HOME,,1,1,1,1,0,0,0.04,0
715.0,5,-562.5,-587.5,0.3,93.48,FAILED,RELAY,P4,0,1,0,,,0,565.48,1
716.0,1,-270.7,-269.8,60.0,61.77,ACTIVE,HOME,,1,1,1,2,4,0,0.34,0
716.0,2,75.7,74.4,68.0,61.94,ACTIVE,HOME,,1,1,1,3,1,0,0.26,0
716.0,3,-828.0,-838.0,22.2,91.94,RTH,HOME,,1,1,1,1,0,0,0.17,0
716.0,4,-601.0,-611.6,84.0,62.62,ACTIVE,HOME,,1,1,1,1,0,0,0.11,0
716.0,5,-562.5,-587.5,0.3,93.48,FAILED,RELAY,P4,0,1,0,,,0,566.51,1
717.1,1,-281.6,-280.7,60.0,61.72,ACTIVE,HOME,,1,1,1,2,4,0,0.41,0
717.1,2,64.9,63.5,68.0,61.88,ACTIVE,HOME,,1,1,1,3,1,0,0.24,0
717.1,3,-828.0,-838.0,17.1,91.88,RTH,HOME,,1,1,1,1,0,0,0.17,0
717.1,4,-611.7,-622.5,84.0,62.56,ACTIVE,HOME,,1,1,1,1,0,0,0.11,0
717.1,5,-562.5,-587.5,0.3,93.48,FAILED,RELAY,P4,0,1,0,,,0,567.53,1
718.0,1,-291.8,-290.9,60.0,61.66,ACTIVE,HOME,,1,1,1,2,4,0,0.34,0
718.0,2,54.7,53.3,68.0,61.83,ACTIVE,HOME,,1,1,1,3,1,0,0.19,0
718.0,3,-828.0,-838.0,12.3,91.83,RTH,HOME,,1,1,1,1,0,0,0.17,0
718.0,4,-621.8,-632.9,84.0,62.51,ACTIVE,HOME,,1,1,1,1,0,0,0.04,0
718.0,5,-562.5,-587.5,0.3,93.48,FAILED,RELAY,P4,0,1,0,,,0,568.49,1
719.0,1,-302.7,-301.7,60.0,61.61,ACTIVE,HOME,,1,1,1,2,4,0,0.34,0
719.0,2,43.8,42.5,68.0,61.77,ACTIVE,HOME,,1,1,1,3,1,0,0.26,0
719.0,3,-828.0,-838.0,7.2,91.77,RTH,HOME,,1,1,1,1,0,0,0.17,0
719.0,4,-632.5,-643.8,84.0,62.45,ACTIVE,HOME,,1,1,1,1,0,0,0.11,0
719.0,5,-562.5,-587.5,0.3,93.48,FAILED,RELAY,P4,0,1,0,,,0,569.51,1
720.1,1,-313.5,-312.6,60.0,61.55,ACTIVE,HOME,,1,1,1,2,4,0,0.41,0
720.1,2,33.0,31.6,68.0,61.72,ACTIVE,HOME,,1,1,1,3,1,0,0.26,0
720.1,3,-828.0,-838.0,2.1,91.71,RTH,HOME,,1,1,1,1,0,0,0.23,0
720.1,4,-643.2,-654.8,84.0,62.39,ACTIVE,HOME,,1,1,1,1,0,0,0.11,0
720.1,5,-562.5,-587.5,0.3,93.48,FAILED,RELAY,P4,0,1,0,,,0,570.54,1
721.0,1,-323.7,-322.7,60.0,61.5,ACTIVE,HOME,,1,1,1,2,4,0,0.34,0
721.0,2,22.8,21.4,68.0,61.66,ACTIVE,HOME,,1,1,1,3,1,0,0.26,0
721.0,3,-828.0,-838.0,0.3,91.69,SERVICE,HOME,,1,1,1,1,0,0,0.17,0
721.0,4,-653.3,-665.1,84.0,62.34,ACTIVE,HOME,,1,1,1,1,0,0,0.04,0
721.0,5,-562.5,-587.5,0.3,93.48,FAILED,RELAY,P4,0,1,0,,,0,571.5,1
722.0,1,-334.6,-333.6,60.0,61.44,ACTIVE,HOME,,1,1,1,2,4,0,0.34,0
722.0,2,12.0,10.5,68.0,61.61,ACTIVE,HOME,,1,1,1,3,1,0,0.26,0
722.0,3,-828.0,-838.0,0.3,91.69,SERVICE,HOME,,1,1,1,1,0,0,0.17,0
722.0,4,-664.0,-676.1,84.0,62.29,ACTIVE,HOME,,1,1,1,1,0,0,0.11,0
722.0,5,-562.5,-587.5,0.3,93.48,FAILED,RELAY,P4,0,1,0,,,0,572.52,1
723.0,1,-344.8,-343.8,60.0,61.39,ACTIVE,HOME,,1,1,1,2,4,0,0.34,0
723.0,2,1.8,0.3,68.0,61.56,ACTIVE,HOME,,1,1,1,3,1,0,0.14,0
723.0,3,-828.0,-838.0,0.3,91.69,SERVICE,HOME,,1,1,1,1,0,0,0.17,0
723.0,4,-674.1,-686.4,84.0,62.23,ACTIVE,HOME,,1,1,1,1,0,0,0.04,0
723.0,5,-562.5,-587.5,0.3,93.48,FAILED,RELAY,P4,0,1,0,,,0,573.48,1
724.0,1,-355.7,-354.6,60.0,61.33,ACTIVE,HOME,,1,1,1,2,4,0,0.34,0
724.0,2,-9.0,-10.6,68.0,61.5,ACTIVE,HOME,,1,1,1,3,1,0,0.24,0
724.0,3,-828.0,-838.0,0.3,91.69,SERVICE,HOME,,1,1,1,1,0,0,0.17,0
724.0,4,-684.8,-697.4,84.0,62.18,ACTIVE,HOME,,1,1,1,1,0,0,0.11,0
724.0,5,-562.5,-587.5,0.3,93.48,FAILED,RELAY,P4,0,1,0,,,0,574.51,1
725.1,1,-366.5,-365.5,60.0,61.28,ACTIVE,HOME,,1,1,1,2,4,0,0.41,0
725.1,2,-19.9,-21.5,68.0,61.44,ACTIVE,HOME,,1,1,1,3,1,0,0.26,0
725.1,3,-828.0,-838.0,0.3,91.69,SERVICE,HOME,,1,1,1,1,0,0,0.17,0
725.1,4,-695.5,-708.4,84.0,62.12,ACTIVE,HOME,,1,1,1,1,0,0,0.11,0
725.1,5,-562.5,-587.5,0.3,93.48,FAILED,RELAY,P4,0,1,0,,,0,575.53,1
726.0,1,-376.7,-375.6,60.0,61.22,ACTIVE,HOME,,1,1,1,2,4,0,0.32,0
726.0,2,-30.0,-31.7,68.0,61.39,ACTIVE,HOME,,1,1,1,3,1,0,0.17,0
726.0,3,-828.0,-838.0,0.3,91.69,SERVICE,HOME,,1,1,1,1,0,0,0.15,0
726.0,4,-705.6,-718.7,84.0,62.07,ACTIVE,HOME,,1,1,1,1,0,0,0.04,0
726.0,5,-562.5,-587.5,0.3,93.48,FAILED,RELAY,P4,0,1,0,,,0,576.49,1
727.0,1,-387.6,-386.5,60.0,61.17,ACTIVE,HOME,,1,1,1,2,4,0,0.32,0
727.0,2,-40.9,-42.5,68.0,61.33,ACTIVE,HOME,,1,1,1,3,1,0,0.26,0
727.0,3,-828.0,-838.0,0.3,91.69,SERVICE,HOME,,1,1,1,1,0,0,0.17,0
727.0,4,-716.3,-729.7,84.0,62.01,ACTIVE,HOME,,1,1,1,1,0,0,0.11,0
727.0,5,-562.5,-587.5,0.3,93.48,FAILED,RELAY,P4,0,1,0,,,0,577.51,1
728.1,1,-398.5,-397.3,60.0,61.11,ACTIVE,HOME,,1,1,1,2,4,0,0.41,0
728.1,2,-51.7,-53.4,68.0,61.28,ACTIVE,HOME,,1,1,1,3,1,0,0.26,0
728.1,3,-828.0,-838.0,0.3,91.69,SERVICE,HOME,,1,1,1,1,0,0,0.23,0
728.1,4,-727.0,-740.7,84.0,61.95,ACTIVE,HOME,,1,1,1,1,0,0,0.11,0
728.1,5,-562.5,-587.5,0.3,93.48,FAILED,RELAY,P4,0,1,0,,,0,578.54,1
729.0,1,-408.7,-407.5,60.0,61.06,ACTIVE,HOME,,1,1,1,2,4,0,0.3,0
729.0,2,-61.9,-63.6,68.0,61.22,ACTIVE,HOME,,1,1,1,3,1,0,0.26,0
729.0,3,-828.0,-838.0,0.3,91.69,SERVICE,HOME,,1,1,1,1,0,0,0.17,0
729.0,4,-737.1,-751.0,84.0,61.9,ACTIVE,HOME,,1,1,1,1,0,0,0.04,0
729.0,5,-562.5,-587.5,0.3,93.48,FAILED,RELAY,P4,0,1,0,,,0,579.5,1
730.0,1,-419.5,-418.4,60.0,61.0,ACTIVE,HOME,,1,1,1,2,4,0,0.34,0
730.0,2,-72.7,-74.5,68.0,61.17,ACTIVE,HOME,,1,1,1,3,1,0,0.24,0
730.0,3,-828.0,-838.0,0.3,91.69,SERVICE,HOME,,1,1,1,1,0,0,0.17,0
730.0,4,-747.8,-762.0,84.0,61.85,ACTIVE,HOME,,1,1,1,1,0,0,0.11,0
730.0,5,-562.5,-587.5,0.3,93.48,FAILED,RELAY,P4,0,1,0,,,0,580.52,1
731.0,1,-429.7,-428.5,60.0,60.95,ACTIVE,HOME,,1,1,1,1,0,0,0.34,0
731.0,2,-82.9,-84.7,68.0,61.12,ACTIVE,HOME,,1,1,1,2,1,0,0.19,0
731.0,3,-828.0,-838.0,0.3,91.69,SERVICE,HOME,,1,1,1,1,0,0,0.16,0
731.0,4,-757.9,-772.3,84.0,61.79,ACTIVE,HOME,,1,1,1,1,0,0,0.04,0
731.0,5,-562.5,-587.5,0.3,93.48,FAILED,RELAY,P4,0,1,0,,,0,581.48,1
732.0,1,-440.6,-439.4,60.0,60.89,ACTIVE,HOME,,1,1,1,1,0,0,0.36,0
732.0,2,-93.8,-95.6,68.0,61.06,ACTIVE,HOME,,1,1,1,2,1,0,0.28,0
732.0,3,-828.0,-838.0,0.3,91.69,SERVICE,HOME,,1,1,1,1,0,0,0.17,0
732.0,4,-768.6,-783.3,84.0,61.74,ACTIVE,HOME,,1,1,1,1,0,0,0.11,0
732.0,5,-562.5,-587.5,0.3,93.48,FAILED,RELAY,P4,0,1,0,,,0,582.51,1
733.1,1,-451.5,-450.2,60.0,60.84,ACTIVE,HOME,,1,1,1,1,0,0,0.43,0
733.1,2,-104.6,-106.4,68.0,61.0,ACTIVE,HOME,,1,1,1,2,1,0,0.28,0
733.1,3,-828.0,-838.0,0.3,91.69,SERVICE,HOME,,1,1,1,1,0,0,0.17,0
733.1,4,-779.3,-794.3,84.0,61.68,ACTIVE,HOME,,1,1,1,1,0,0,0.11,0
733.1,5,-562.5,-587.5,0.3,93.48,FAILED,RELAY,P4,0,1,0,,,0,583.53,1
734.0,1,-461.7,-460.4,60.0,60.78,ACTIVE,HOME,,1,1,1,1,0,0,0.36,0
734.0,2,-114.8,-116.6,68.0,60.95,ACTIVE,HOME,,1,1,1,2,1,0,0.19,0
734.0,3,-828.0,-838.0,0.3,91.69,SERVICE,HOME,,1,1,1,1,0,0,0.17,0
734.0,4,-789.4,-804.6,84.0,61.63,ACTIVE,HOME,,1,1,1,1,0,0,0.04,0
734.0,5,-562.5,-587.5,0.3,93.48,FAILED,RELAY,P4,0,1,0,,,0,584.49,1
735.0,1,-472.5,-471.3,60.0,60.73,ACTIVE,HOME,,1,1,1,1,0,0,0.36,0
735.0,2,-125.6,-127.5,68.0,60.89,ACTIVE,HOME,,1,1,1,2,1,0,0.28,0
735.0,3,-828.0,-838.0,0.3,91.69,SERVICE,HOME,,1,1,1,1,0,0,0.15,0
735.0,4,-800.1,-815.6,84.0,61.57,ACTIVE,HOME,,1,1,1,1,0,0,0.11,0
735.0,5,-562.5,-587.5,0.3,93.48,FAILED,RELAY,P4,0,1,0,,,0,585.51,1
736.1,1,-483.4,-482.1,60.0,60.67,ACTIVE,HOME,,1,1,1,1,0,0,0.43,0
736.1,2,-136.5,-138.4,68.0,60.84,ACTIVE,HOME,,1,1,1,2,1,0,0.28,0
736.1,3,-828.0,-838.0,0.3,91.69,SERVICE,HOME,,1,1,1,1,0,0,0.23,0
736.1,4,-810.9,-826.6,84.0,61.51,ACTIVE,HOME,,1,1,1,1,0,0,0.11,0
736.1,5,-562.5,-587.5,0.3,93.48,FAILED,RELAY,P4,0,1,0,,,0,586.54,1
737.0,1,-493.6,-492.3,60.0,60.62,ACTIVE,HOME,,1,1,1,1,0,0,0.36,0
737.0,2,-146.6,-148.6,68.0,60.78,ACTIVE,HOME,,1,1,1,2,1,0,0.28,0
737.0,3,-828.0,-838.0,0.3,91.69,SERVICE,HOME,,1,1,1,1,0,0,0.17,0
737.0,4,-820.9,-836.9,84.0,61.46,ACTIVE,HOME,,1,1,1,1,0,0,0.04,0
737.0,5,-562.5,-587.5,0.3,93.48,FAILED,RELAY,P4,0,1,0,,,0,587.5,1
738.0,1,-504.5,-503.1,60.0,60.56,ACTIVE,HOME,,1,1,1,1,0,0,0.36,0
738.0,2,-157.5,-159.5,68.0,60.73,ACTIVE,HOME,,1,1,1,2,1,0,0.28,0
738.0,3,-828.0,-838.0,0.3,91.69,SERVICE,HOME,,1,1,1,1,0,0,0.17,0
738.0,4,-822.0,-838.0,79.5,61.41,RTH,HOME,,1,1,1,1,0,0,0.11,0
738.0,5,-562.5,-587.5,0.3,93.48,FAILED,RELAY,P4,0,1,0,,,0,588.52,1
739.0,1,-514.7,-513.3,60.0,60.51,ACTIVE,HOME,,1,1,1,1,0,0,0.36,0
739.0,2,-167.6,-169.7,68.0,60.68,ACTIVE,HOME,,1,1,1,2,1,0,0.21,0
739.0,3,-828.0,-838.0,0.3,91.69,SERVICE,HOME,,1,1,1,1,0,0,0.16,0
739.0,4,-822.0,-838.0,74.7,61.35,RTH,HOME,,1,1,1,1,0,0,0.04,0
739.0,5,-562.5,-587.5,0.3,93.48,FAILED,RELAY,P4,0,1,0,,,0,589.48,1
740.0,1,-525.5,-524.2,60.0,60.45,ACTIVE,HOME,,1,1,1,1,0,0,0.36,0
740.0,2,-178.5,-180.5,68.0,60.62,ACTIVE,HOME,,1,1,1,2,1,0,0.26,0
740.0,3,-828.0,-838.0,0.3,91.69,SERVICE,HOME,,1,1,1,1,0,0,0.17,0
740.0,4,-822.0,-838.0,69.6,61.3,RTH,HOME,,1,1,1,1,0,0,0.11,0
740.0,5,-562.5,-587.5,0.3,93.48,FAILED,RELAY,P4,0,1,0,,,0,590.51,1
741.1,1,-536.4,-535.0,60.0,60.4,ACTIVE,HOME,,1,1,1,1,0,0,0.41,0
741.1,2,-189.3,-191.4,68.0,60.56,ACTIVE,HOME,,1,1,1,2,1,0,0.28,0
741.1,3,-828.0,-838.0,0.3,91.69,SERVICE,HOME,,1,1,1,1,0,0,0.15,0
741.1,4,-822.0,-838.0,64.5,61.24,RTH,HOME,,1,1,1,1,0,0,0.11,0
741.1,5,-562.5,-587.5,0.3,93.48,FAILED,RELAY,P4,0,1,0,,,0,591.53,1
742.0,1,-546.6,-545.2,60.0,60.34,ACTIVE,HOME,,1,1,1,1,0,0,0.36,0
742.0,2,-199.5,-201.6,68.0,60.51,ACTIVE,HOME,,1,1,1,2,1,0,0.21,0
742.0,3,-828.0,-838.0,0.3,91.69,SERVICE,HOME,,1,1,1,1,0,0,0.15,0
742.0,4,-822.0,-838.0,59.7,61.19,RTH,HOME,,1,1,1,1,0,0,0.04,0
742.0,5,-562.5,-587.5,0.3,93.48,FAILED,RELAY,P4,0,1,0,,,0,592.49,1
743.0,1,-557.5,-556.0,60.0,60.29,ACTIVE,HOME,,1,1,1,1,0,0,0.36,0
743.0,2,-210.3,-212.5,68.0,60.45,ACTIVE,HOME,,1,1,1,2,1,0,0.28,0
743.0,3,-828.0,-838.0,0.3,91.69,SERVICE,HOME,,1,1,1,1,0,0,0.17,0
743.0,4,-822.0,-838.0,54.6,61.13,RTH,HOME,,1,1,1,1,0,0,0.11,0
743.0,5,-562.5,-587.5,0.3,93.48,FAILED,RELAY,P4,0,1,0,,,0,593.51,1
744.1,1,-568.3,-566.9,60.0,60.23,ACTIVE,HOME,,1,1,1,1,0,0,0.43,0
744.1,2,-221.2,-223.4,68.0,60.4,ACTIVE,HOME,,1,1,1,2,1,0,0.28,0
744.1,3,-828.0,-838.0,0.3,91.69,SERVICE,HOME,,1,1,1,1,0,0,0.23,0
744.1,4,-822.0,-838.0,49.4,61.07,RTH,HOME,,1,1,1,1,0,0,0.11,0
744.1,5,-562.5,-587.5,0.3,93.48,FAILED,RELAY,P4,0,1,0,,,0,594.54,1
745.0,1,-578.5,-577.1,60.0,60.18,ACTIVE,HOME,,1,1,1,1,0,0,0.36,0
745.0,2,-231.4,-233.6,68.0,60.34,ACTIVE,HOME,,1,1,1,2,1,0,0.28,0
745.0,3,-828.0,-838.0,0.3,91.69,SERVICE,HOME,,1,1,1,1,0,0,0.17,0
745.0,4,-822.0,-838.0,44.6,61.02,RTH,HOME,,1,1,1,1,0,0,0.04,0
745.0,5,-562.5,-587.5,0.3,93.48,FAILED,RELAY,P4,0,1,0,,,0,595.5,1
746.0,1,-589.4,-587.9,60.0,60.12,ACTIVE,HOME,,1,1,1,1,0,0,0.36,0
746.0,2,-242.2,-244.4,68.0,60.29,ACTIVE,HOME,,1,1,1,2,1,0,0.26,0
746.0,3,-828.0,-838.0,0.3,91.69,SERVICE,HOME,,1,1,1,1,0,0,0.17,0
746.0,4,-822.0,-838.0,39.5,60.97,RTH,HOME,,1,1,1,1,0,0,0.11,0
746.0,5,-562.5,-587.5,0.3,93.48,FAILED,RELAY,P4,0,1,0,,,0,596.52,1
747.0,1,-599.6,-598.1,60.0,60.07,ACTIVE,HOME,,1,1,1,1,0,0,0.34,0
747.0,2,-252.4,-254.6,68.0,60.24,ACTIVE,HOME,,1,1,1,2,1,0,0.21,0
747.0,3,-828.0,-838.0,0.3,91.69,SERVICE,HOME,,1,1,1,1,0,0,0.16,0
747.0,4,-822.0,-838.0,34.7,60.91,RTH,HOME,,1,1,1,1,0,0,0.04,0
747.0,5,-562.5,-587.5,0.3,93.48,FAILED,RELAY,P4,0,1,0,,,0,597.48,1
748.0,1,-610.5,-608.9,60.0,60.01,ACTIVE,HOME,,1,1,1,1,0,0,0.36,0
748.0,2,-263.2,-265.5,68.0,60.18,ACTIVE,HOME,,1,1,1,2,1,0,0.28,0
748.0,3,-828.0,-838.0,0.3,91.69,SERVICE,HOME,,1,1,1,1,0,0,0.17,0
748.0,4,-822.0,-838.0,29.6,60.86,RTH,HOME,,1,1,1,1,0,0,0.11,0
748.0,5,-562.5,-587.5,0.3,93.48,FAILED,RELAY,P4,0,1,0,,,0,598.51,1
749.1,1,-621.3,-619.8,60.0,59.96,ACTIVE,HOME,,1,1,1,1,0,0,0.43,0
749.1,2,-274.1,-276.4,68.0,60.12,ACTIVE,HOME,,1,1,1,2,1,0,0.28,0
749.1,3,-828.0,-838.0,0.3,91.69,SERVICE,HOME,,1,1,1,1,0,0,0.17,0
749.1,4,-822.0,-838.0,24.5,60.8,RTH,HOME,,1,1,1,1,0,0,0.11,0
749.1,5,-562.5,-587.5,0.3,93.48,FAILED,RELAY,P4,0,1,0,,,0,599.53,1
750.0,1,-631.5,-629.9,60.0,59.9,ACTIVE,HOME,,1,1,1,1,0,0,0.36,0
750.0,2,-284.2,-286.6,68.0,60.07,ACTIVE,HOME,,1,1,1,2,1,0,0.19,0
750.0,3,-828.0,-838.0,0.3,91.69,SERVICE,HOME,,1,1,1,1,0,0,0.17,0
750.0,4,-822.0,-838.0,19.7,60.75,RTH,HOME,,1,1,1,1,0,0,0.04,0
750.0,5,-562.5,-587.5,0.3,93.48,FAILED,RELAY,P4,0,1,0,,,0,600.49,1
751.0,1,-642.4,-640.8,60.0,59.85,ACTIVE,HOME,,1,1,1,1,0,0,0.36,0
751.0,2,-295.1,-297.5,68.0,60.01,ACTIVE,HOME,,1,1,1,2,1,0,0.26,0
751.0,3,-828.0,-838.0,0.3,91.69,SERVICE,HOME,,1,1,1,1,0,0,0.15,0
751.0,4,-822.0,-838.0,14.6,60.69,RTH,HOME,,1,1,1,1,0,0,0.11,0
751.0,5,-562.5,-587.5,0.3,93.48,FAILED,RELAY,P4,0,1,0,,,0,601.51,1
752.1,1,-653.3,-651.6,60.0,59.79,ACTIVE,HOME,,1,1,1,1,0,0,0.43,0
752.1,2,-305.9,-308.3,68.0,59.96,ACTIVE,HOME,,1,1,1,2,1,0,0.28,0
752.1,3,-828.0,-838.0,0.3,91.69,SERVICE,HOME,,1,1,1,1,0,0,0.23,0
752.1,4,-822.0,-838.0,9.4,60.63,RTH,HOME,,1,1,1,1,0,0,0.11,0
752.1,5,-562.5,-587.5,0.3,93.48,FAILED,RELAY,P4,0,1,0,,,0,602.54,1
753.0,1,-663.5,-661.8,60.0,59.74,ACTIVE,HOME,,1,1,1,1,0,0,0.36,0
753.0,2,-316.1,-318.5,68.0,59.9,ACTIVE,HOME,,1,1,1,2,1,0,0.28,0
753.0,3,-828.0,-838.0,0.3,91.69,SERVICE,HOME,,1,1,1,1,0,0,0.15,0
753.0,4,-822.0,-838.0,4.6,60.58,RTH,HOME,,1,1,1,1,0,0,0.04,0
753.0,5,-562.5,-587.5,0.3,93.48,FAILED,RELAY,P4,0,1,0,,,0,603.5,1
754.0,1,-674.3,-672.7,60.0,59.68,ACTIVE,HOME,,1,1,1,1,0,0,0.36,0
754.0,2,-326.9,-329.4,68.0,59.85,ACTIVE,HOME,,1,1,1,2,1,0,0.28,0
754.0,3,-828.0,-838.0,0.3,91.69,SERVICE,HOME,,1,1,1,1,0,0,0.17,0
754.0,4,-822.0,-838.0,0.3,60.53,SERVICE,HOME,,1,1,1,1,0,0,0.11,0
754.0,5,-562.5,-587.5,0.3,93.48,FAILED,RELAY,P4,0,1,0,,,0,604.52,1
755.0,1,-684.5,-682.8,60.0,59.63,ACTIVE,HOME,,1,1,1,1,0,0,0.36,0
755.0,2,-337.1,-339.6,68.0,59.8,ACTIVE,HOME,,1,1,1,2,1,0,0.21,0
755.0,3,-828.0,-838.0,0.3,91.69,SERVICE,HOME,,1,1,1,1,0,0,0.16,0
755.0,4,-822.0,-838.0,0.3,60.53,SERVICE,HOME,,1,1,1,1,0,0,0.04,0
755.0,5,-562.5,-587.5,0.3,93.48,FAILED,RELAY,P4,0,1,0,,,0,605.48,1
756.0,1,-695.4,-693.7,60.0,59.57,ACTIVE,HOME,,1,1,1,1,0,0,0.36,0
756.0,2,-347.9,-350.5,68.0,59.74,ACTIVE,HOME,,1,1,1,2,1,0,0.28,0
756.0,3,-828.0,-838.0,0.3,91.69,SERVICE,HOME,,1,1,1,1,0,0,0.17,0
756.0,4,-822.0,-838.0,0.3,60.53,SERVICE,HOME,,1,1,1,1,0,0,0.11,0
756.0,5,-562.5,-587.5,0.3,93.48,FAILED,RELAY,P4,0,1,0,,,0,606.51,1
757.1,1,-706.3,-704.5,60.0,59.52,ACTIVE,HOME,,1,1,1,1,0,0,0.43,0
757.1,2,-358.8,-361.4,68.0,59.68,ACTIVE,HOME,,1,1,1,2,1,0,0.28,0
757.1,3,-828.0,-838.0,0.3,91.69,SERVICE,HOME,,1,1,1,1,0,0,0.17,0
757.1,4,-822.0,-838.0,0.3,60.53,SERVICE,HOME,,1,1,1,1,0,0,0.11,0
757.1,5,-562.5,-587.5,0.3,93.48,FAILED,RELAY,P4,0,1,0,,,0,607.53,1
758.0,1,-716.5,-714.7,60.0,59.46,ACTIVE,HOME,,1,1,1,1,0,0,0.36,0
758.0,2,-368.9,-371.6,68.0,59.63,ACTIVE,HOME,,1,1,1,2,1,0,0.21,0
758.0,3,-828.0,-838.0,0.3,91.69,SERVICE,HOME,,1,1,1,1,0,0,0.17,0
758.0,4,-822.0,-838.0,0.3,60.53,SERVICE,HOME,,1,1,1,1,0,0,0.04,0
758.0,5,-562.5,-587.5,0.3,93.48,FAILED,RELAY,P4,0,1,0,,,0,608.49,1
759.0,1,-727.3,-725.6,60.0,59.41,ACTIVE,HOME,,1,1,1,1,0,0,0.36,0
759.0,2,-379.8,-382.4,68.0,59.57,ACTIVE,HOME,,1,1,1,2,1,0,0.28,0
759.0,3,-828.0,-838.0,0.3,91.69,SERVICE,HOME,,1,1,1,1,0,0,0.17,0
759.0,4,-822.0,-838.0,0.3,60.53,SERVICE,HOME,,1,1,1,1,0,0,0.11,0
759.0,5,-562.5,-587.5,0.3,93.48,FAILED,RELAY,P4,0,1,0,,,0,609.51,1
760.1,1,-738.2,-736.4,60.0,59.35,ACTIVE,HOME,,1,1,1,1,0,0,0.43,0
760.1,2,-390.6,-393.3,68.0,59.52,ACTIVE,HOME,,1,1,1,2,1,0,0.28,0
760.1,3,-828.0,-838.0,0.3,91.69,SERVICE,HOME,,1,1,1,1,0,0,0.23,0
760.1,4,-822.0,-838.0,0.3,60.53,SERVICE,HOME,,1,1,1,1,0,0,0.11,0
760.1,5,-562.5,-587.5,0.3,93.48,FAILED,RELAY,P4,0,1,0,,,0,610.54,1
761.0,1,-748.4,-746.6,60.0,59.3,ACTIVE,HOME,,1,1,1,1,0,0,0.36,0
761.0,2,-400.8,-403.5,68.0,59.46,ACTIVE,HOME,,1,1,1,2,1,0,0.28,0
761.0,3,-828.0,-838.0,0.3,91.69,SERVICE,HOME,,1,1,1,1,0,0,0.15,0
761.0,4,-822.0,-838.0,0.3,60.53,SERVICE,HOME,,1,1,1,1,0,0,0.04,0
761.0,5,-562.5,-587.5,0.3,93.48,FAILED,RELAY,P4,0,1,0,,,0,611.5,1
762.0,1,-759.3,-757.4,60.0,59.24,ACTIVE,HOME,,1,1,1,1,0,0,0.36,0
762.0,2,-411.6,-414.4,68.0,59.41,ACTIVE,HOME,,1,1,1,2,1,0,0.28,0
762.0,3,-828.0,-838.0,0.3,91.69,SERVICE,HOME,,1,1,1,1,0,0,0.17,0
762.0,4,-822.0,-838.0,0.3,60.53,SERVICE,HOME,,1,1,1,1,0,0,0.11,0
762.0,5,-562.5,-587.5,0.3,93.48,FAILED,RELAY,P4,0,1,0,,,0,612.52,1
763.0,1,-769.5,-767.6,60.0,59.19,ACTIVE,HOME,,1,1,1,1,0,0,0.36,0
763.0,2,-421.8,-424.6,68.0,59.36,ACTIVE,HOME,,1,1,1,2,1,0,0.21,0
763.0,3,-828.0,-838.0,0.3,91.69,SERVICE,HOME,,1,1,1,1,0,0,0.16,0
763.0,4,-822.0,-838.0,0.3,60.53,SERVICE,HOME,,1,1,1,1,0,0,0.04,0
763.0,5,-562.5,-587.5,0.3,93.48,FAILED,RELAY,P4,0,1,0,,,0,613.48,1
764.0,1,-780.3,-778.5,60.0,59.13,ACTIVE,HOME,,1,1,1,1,0,0,0.36,0
764.0,2,-432.7,-435.5,68.0,59.3,ACTIVE,HOME,,1,1,1,1,0,0,0.3,0
764.0,3,-828.0,-838.0,0.3,91.69,SERVICE,HOME,,1,1,1,1,0,0,0.17,0
764.0,4,-822.0,-838.0,0.3,60.53,SERVICE,HOME,,1,1,1,1,0,0,0.11,0
764.0,5,-562.5,-587.5,0.3,93.48,FAILED,RELAY,P4,0,1,0,,,0,614.51,1
765.1,1,-791.2,-789.3,60.0,59.08,ACTIVE,HOME,,1,1,1,1,0,0,0.43,0
765.1,2,-443.5,-446.3,68.0,59.24,ACTIVE,HOME,,1,1,1,1,0,0,0.3,0
765.1,3,-828.0,-838.0,0.3,91.69,SERVICE,HOME,,1,1,1,1,0,0,0.17,0
765.1,4,-822.0,-838.0,0.3,60.53,SERVICE,HOME,,1,1,1,1,0,0,0.11,0
765.1,5,-562.5,-587.5,0.3,93.48,FAILED,RELAY,P4,0,1,0,,,0,615.53,1
766.0,1,-801.4,-799.5,60.0,59.02,ACTIVE,HOME,,1,1,1,1,0,0,0.36,0
766.0,2,-453.7,-456.5,68.0,59.19,ACTIVE,HOME,,1,1,1,1,0,0,0.21,0
766.0,3,-828.0,-838.0,0.3,91.69,SERVICE,HOME,,1,1,1,1,0,0,0.17,0
766.0,4,-822.0,-838.0,0.3,60.53,SERVICE,HOME,,1,1,1,1,0,0,0.04,0
766.0,5,-562.5,-587.5,0.3,93.48,FAILED,RELAY,P4,0,1,0,,,0,616.49,1
767.0,1,-812.3,-810.3,60.0,58.97,ACTIVE,HOME,,1,1,1,1,0,0,0.36,0
767.0,2,-464.5,-467.4,68.0,59.13,ACTIVE,HOME,,1,1,1,1,0,0,0.3,0
767.0,3,-828.0,-838.0,0.3,91.69,SERVICE,HOME,,1,1,1,1,0,0,0.17,0
767.0,4,-822.0,-838.0,0.3,60.53,SERVICE,HOME,,1,1,1,1,0,0,0.11,0
767.0,5,-562.5,-587.5,0.3,93.48,FAILED,RELAY,P4,0,1,0,,,0,617.51,1
768.1,1,-823.2,-821.2,60.0,58.91,ACTIVE,HOME,,1,1,1,1,0,0,0.43,0
768.1,2,-475.4,-478.3,68.0,59.08,ACTIVE,HOME,,1,1,1,1,0,0,0.3,0
768.1,3,-828.0,-838.0,0.3,91.69,SERVICE,HOME,,1,1,1,1,0,0,0.23,0
768.1,4,-822.0,-838.0,0.3,60.53,SERVICE,HOME,,1,1,1,1,0,0,0.11,0
768.1,5,-562.5,-587.5,0.3,93.48,FAILED,RELAY,P4,0,1,0,,,0,618.54,1
769.0,1,-833.3,-831.4,60.0,58.86,ACTIVE,HOME,,1,1,1,1,0,0,0.36,0
769.0,2,-485.5,-488.5,68.0,59.02,ACTIVE,HOME,,1,1,1,1,0,0,0.3,0
769.0,3,-828.0,-838.0,0.3,91.69,SERVICE,HOME,,1,1,1,1,0,0,0.17,0
769.0,4,-822.0,-838.0,0.3,60.53,SERVICE,HOME,,1,1,1,1,0,0,0.04,0
769.0,5,-562.5,-587.5,0.3,93.48,FAILED,RELAY,P4,0,1,0,,,0,619.5,1
770.0,1,-840.0,-838.0,58.1,58.8,RTH,HOME,,1,1,1,1,0,0,0.36,0
770.0,2,-496.4,-499.4,68.0,58.97,ACTIVE,HOME,,1,1,1,1,0,0,0.3,0
770.0,3,-828.0,-838.0,0.3,91.69,SERVICE,HOME,,1,1,1,1,0,0,0.17,0
770.0,4,-822.0,-838.0,0.3,60.53,SERVICE,HOME,,1,1,1,1,0,0,0.11,0
770.0,5,-562.5,-587.5,0.3,93.48,FAILED,RELAY,P4,0,1,0,,,0,620.52,1
771.0,1,-840.0,-838.0,53.3,58.75,RTH,HOME,,1,1,1,1,0,0,0.36,0
771.0,2,-506.5,-509.6,68.0,58.92,ACTIVE,HOME,,1,1,1,1,0,0,0.21,0
771.0,3,-828.0,-838.0,0.3,91.69,SERVICE,HOME,,1,1,1,1,0,0,0.17,0
771.0,4,-822.0,-838.0,0.3,60.53,SERVICE,HOME,,1,1,1,1,0,0,0.04,0
771.0,5,-562.5,-587.5,0.3,93.48,FAILED,RELAY,P4,0,1,0,,,0,621.48,1
772.0,1,-840.0,-838.0,48.2,58.69,RTH,HOME,,1,1,1,1,0,0,0.36,0
772.0,2,-517.4,-520.4,68.0,58.86,ACTIVE,HOME,,1,1,1,1,0,0,0.3,0
772.0,3,-828.0,-838.0,0.3,91.69,SERVICE,HOME,,1,1,1,1,0,0,0.17,0
772.0,4,-822.0,-838.0,0.3,60.53,SERVICE,HOME,,1,1,1,1,0,0,0.11,0
772.0,5,-562.5,-587.5,0.3,93.48,FAILED,RELAY,P4,0,1,0,,,0,622.51,1
773.1,1,-840.0,-838.0,43.0,58.64,RTH,HOME,,1,1,1,1,0,0,0.43,0
773.1,2,-528.2,-531.3,68.0,58.8,ACTIVE,HOME,,1,1,1,1,0,0,0.3,0
773.1,3,-828.0,-838.0,0.3,91.69,SERVICE,HOME,,1,1,1,1,0,0,0.17,0
773.1,4,-822.0,-838.0,0.3,60.53,SERVICE,HOME,,1,1,1,1,0,0,0.11,0
773.1,5,-562.5,-587.5,0.3,93.48,FAILED,RELAY,P4,0,1,0,,,0,623.53,1
774.0,1,-840.0,-838.0,38.2,58.58,RTH,HOME,,1,1,1,1,0,0,0.36,0
774.0,2,-538.4,-541.5,68.0,58.75,ACTIVE,HOME,,1,1,1,1,0,0,0.23,0
774.0,3,-828.0,-838.0,0.3,91.69,SERVICE,HOME,,1,1,1,1,0,0,0.17,0
774.0,4,-822.0,-838.0,0.3,60.53,SERVICE,HOME,,1,1,1,1,0,0,0.04,0
774.0,5,-562.5,-587.5,0.3,93.48,FAILED,RELAY,P4,0,1,0,,,0,624.49,1
775.0,1,-840.0,-838.0,33.1,58.53,RTH,HOME,,1,1,1,1,0,0,0.36,0
775.0,2,-549.2,-552.4,68.0,58.69,ACTIVE,HOME,,1,1,1,1,0,0,0.3,0
775.0,3,-828.0,-838.0,0.3,91.69,SERVICE,HOME,,1,1,1,1,0,0,0.17,0
775.0,4,-822.0,-838.0,0.3,60.53,SERVICE,HOME,,1,1,1,1,0,0,0.11,0
775.0,5,-562.5,-587.5,0.3,93.48,FAILED,RELAY,P4,0,1,0,,,0,625.51,1
776.1,1,-840.0,-838.0,28.0,58.47,RTH,HOME,,1,1,1,1,0,0,0.43,0
776.1,2,-560.1,-563.3,68.0,58.64,ACTIVE,HOME,,1,1,1,1,0,0,0.3,0
776.1,3,-828.0,-838.0,0.3,91.69,SERVICE,HOME,,1,1,1,1,0,0,0.23,0
776.1,4,-822.0,-838.0,0.3,60.53,SERVICE,HOME,,1,1,1,1,0,0,0.11,0
776.1,5,-562.5,-587.5,0.3,93.48,FAILED,RELAY,P4,0,1,0,,,0,626.54,1
777.0,1,-840.0,-838.0,23.2,58.42,RTH,HOME,,1,1,1,1,0,0,0.36,0
777.0,2,-570.3,-573.5,68.0,58.58,ACTIVE,HOME,,1,1,1,1,0,0,0.3,0
777.0,3,-828.0,-838.0,0.3,91.69,SERVICE,HOME,,1,1,1,1,0,0,0.17,0
777.0,4,-822.0,-838.0,0.3,60.53,SERVICE,HOME,,1,1,1,1,0,0,0.04,0
777.0,5,-562.5,-587.5,0.3,93.48,FAILED,RELAY,P4,0,1,0,,,0,627.5,1
778.0,1,-840.0,-838.0,18.1,58.36,RTH,HOME,,1,1,1,1,0,0,0.36,0
778.0,2,-581.1,-584.4,68.0,58.53,ACTIVE,HOME,,1,1,1,1,0,0,0.3,0
778.0,3,-828.0,-838.0,0.3,91.69,SERVICE,HOME,,1,1,1,1,0,0,0.17,0
778.0,4,-822.0,-838.0,0.3,60.53,SERVICE,HOME,,1,1,1,1,0,0,0.11,0
778.0,5,-562.5,-587.5,0.3,93.48,FAILED,RELAY,P4,0,1,0,,,0,628.52,1
779.0,1,-840.0,-838.0,13.3,58.31,RTH,HOME,,1,1,1,1,0,0,0.36,0
779.0,2,-591.3,-594.5,68.0,58.48,ACTIVE,HOME,,1,1,1,1,0,0,0.23,0
779.0,3,-828.0,-838.0,0.3,91.69,SERVICE,HOME,,1,1,1,1,0,0,0.17,0
779.0,4,-822.0,-838.0,0.3,60.53,SERVICE,HOME,,1,1,1,1,0,0,0.04,0
779.0,5,-562.5,-587.5,0.3,93.48,FAILED,RELAY,P4,0,1,0,,,0,629.48,1
780.0,1,-840.0,-838.0,8.2,58.25,RTH,HOME,,1,1,1,1,0,0,0.36,0
780.0,2,-602.1,-605.4,68.0,58.42,ACTIVE,HOME,,1,1,1,1,0,0,0.3,0
780.0,3,-828.0,-838.0,0.3,91.69,SERVICE,HOME,,1,1,1,1,0,0,0.17,0
780.0,4,-822.0,-838.0,0.3,60.53,SERVICE,HOME,,1,1,1,1,0,0,0.11,0
780.0,5,-562.5,-587.5,0.3,93.48,FAILED,RELAY,P4,0,1,0,,,0,630.51,1
781.1,1,-840.0,-838.0,3.0,58.2,RTH,HOME,,1,1,1,1,0,0,0.43,0
781.1,2,-613.0,-616.3,68.0,58.36,ACTIVE,HOME,,1,1,1,1,0,0,0.3,0
781.1,3,-828.0,-838.0,0.3,100.0,READY,HOME,,1,1,1,1,0,0,0.17,0
781.1,4,-822.0,-838.0,0.3,60.53,SERVICE,HOME,,1,1,1,1,0,0,0.11,0
781.1,5,-562.5,-587.5,0.3,93.48,FAILED,RELAY,P4,0,1,0,,,0,631.53,1
782.0,1,-840.0,-838.0,0.3,58.17,SERVICE,HOME,,1,1,1,1,0,0,0.36,0
782.0,2,-623.1,-626.5,68.0,58.31,ACTIVE,HOME,,1,1,1,1,0,0,0.23,0
782.0,3,-828.0,-838.0,0.3,100.0,READY,HOME,,1,1,1,1,0,0,0.17,0
782.0,4,-822.0,-838.0,0.3,60.53,SERVICE,HOME,,1,1,1,1,0,0,0.04,0
782.0,5,-562.5,-587.5,0.3,93.48,FAILED,RELAY,P4,0,1,0,,,0,632.49,1
783.0,1,-840.0,-838.0,0.3,58.17,SERVICE,HOME,,1,1,1,1,0,0,0.36,0
783.0,2,-634.0,-637.4,68.0,58.25,ACTIVE,HOME,,1,1,1,1,0,0,0.28,0
783.0,3,-828.0,-838.0,0.3,100.0,READY,HOME,,1,1,1,1,0,0,0.17,0
783.0,4,-822.0,-838.0,0.3,60.53,SERVICE,HOME,,1,1,1,1,0,0,0.11,0
783.0,5,-562.5,-587.5,0.3,93.48,FAILED,RELAY,P4,0,1,0,,,0,633.51,1
784.1,1,-840.0,-838.0,0.3,58.17,SERVICE,HOME,,1,1,1,1,0,0,0.43,0
784.1,2,-644.8,-648.3,68.0,58.2,ACTIVE,HOME,,1,1,1,1,0,0,0.3,0
784.1,3,-828.0,-838.0,0.3,100.0,READY,HOME,,1,1,1,1,0,0,0.23,0
784.1,4,-822.0,-838.0,0.3,60.53,SERVICE,HOME,,1,1,1,1,0,0,0.11,0
784.1,5,-562.5,-587.5,0.3,93.48,FAILED,RELAY,P4,0,1,0,,,0,634.54,1
785.0,1,-840.0,-838.0,0.3,58.17,SERVICE,HOME,,1,1,1,1,0,0,0.36,0
785.0,2,-655.0,-658.5,68.0,58.14,ACTIVE,HOME,,1,1,1,1,0,0,0.3,0
785.0,3,-828.0,-838.0,0.3,100.0,READY,HOME,,1,1,1,1,0,0,0.17,0
785.0,4,-822.0,-838.0,0.3,60.53,SERVICE,HOME,,1,1,1,1,0,0,0.04,0
785.0,5,-562.5,-587.5,0.3,93.48,FAILED,RELAY,P4,0,1,0,,,0,635.5,1
786.0,1,-840.0,-838.0,0.3,58.17,SERVICE,HOME,,1,1,1,1,0,0,0.36,0
786.0,2,-665.8,-669.3,68.0,58.09,ACTIVE,HOME,,1,1,1,1,0,0,0.3,0
786.0,3,-828.0,-838.0,0.3,100.0,READY,HOME,,1,1,1,1,0,0,0.17,0
786.0,4,-822.0,-838.0,0.3,60.53,SERVICE,HOME,,1,1,1,1,0,0,0.11,0
786.0,5,-562.5,-587.5,0.3,93.48,FAILED,RELAY,P4,0,1,0,,,0,636.52,1
787.0,1,-840.0,-838.0,0.3,58.17,SERVICE,HOME,,1,1,1,1,0,0,0.36,0
787.0,2,-676.0,-679.5,68.0,58.04,ACTIVE,HOME,,1,1,1,1,0,0,0.23,0
787.0,3,-828.0,-838.0,0.3,100.0,READY,HOME,,1,1,1,1,0,0,0.17,0
787.0,4,-822.0,-838.0,0.3,60.53,SERVICE,HOME,,1,1,1,1,0,0,0.04,0
787.0,5,-562.5,-587.5,0.3,93.48,FAILED,RELAY,P4,0,1,0,,,0,637.48,1
788.0,1,-840.0,-838.0,0.3,58.17,SERVICE,HOME,,1,1,1,1,0,0,0.36,0
788.0,2,-686.8,-690.4,68.0,57.98,ACTIVE,HOME,,1,1,1,1,0,0,0.3,0
788.0,3,-828.0,-838.0,0.3,100.0,READY,HOME,,1,1,1,1,0,0,0.17,0
788.0,4,-822.0,-838.0,0.3,60.53,SERVICE,HOME,,1,1,1,1,0,0,0.11,0
788.0,5,-562.5,-587.5,0.3,93.48,FAILED,RELAY,P4,0,1,0,,,0,638.51,1
789.1,1,-840.0,-838.0,0.3,58.17,SERVICE,HOME,,1,1,1,1,0,0,0.43,0
789.1,2,-697.7,-701.3,68.0,57.92,ACTIVE,HOME,,1,1,1,1,0,0,0.3,0
789.1,3,-828.0,-838.0,0.3,100.0,READY,HOME,,1,1,1,1,0,0,0.17,0
789.1,4,-822.0,-838.0,0.3,60.53,SERVICE,HOME,,1,1,1,1,0,0,0.11,0
789.1,5,-562.5,-587.5,0.3,93.48,FAILED,RELAY,P4,0,1,0,,,0,639.53,1
790.0,1,-840.0,-838.0,0.3,58.17,SERVICE,HOME,,1,1,1,1,0,0,0.36,0
790.0,2,-707.9,-711.5,68.0,57.87,ACTIVE,HOME,,1,1,1,1,0,0,0.23,0
790.0,3,-828.0,-838.0,0.3,100.0,READY,HOME,,1,1,1,1,0,0,0.17,0
790.0,4,-822.0,-838.0,0.3,60.53,SERVICE,HOME,,1,1,1,1,0,0,0.04,0
790.0,5,-562.5,-587.5,0.3,93.48,FAILED,RELAY,P4,0,1,0,,,0,640.49,1
791.0,1,-840.0,-838.0,0.3,58.17,SERVICE,HOME,,1,1,1,1,0,0,0.36,0
791.0,2,-718.7,-722.4,68.0,57.81,ACTIVE,HOME,,1,1,1,1,0,0,0.3,0
791.0,3,-828.0,-838.0,0.3,100.0,READY,HOME,,1,1,1,1,0,0,0.17,0
791.0,4,-822.0,-838.0,0.3,60.53,SERVICE,HOME,,1,1,1,1,0,0,0.11,0
791.0,5,-562.5,-587.5,0.3,93.48,FAILED,RELAY,P4,0,1,0,,,0,641.51,1
792.1,1,-840.0,-838.0,0.3,58.17,SERVICE,HOME,,1,1,1,1,0,0,0.43,0
792.1,2,-729.5,-733.2,68.0,57.76,ACTIVE,HOME,,1,1,1,1,0,0,0.3,0
792.1,3,-828.0,-838.0,0.3,100.0,READY,HOME,,1,1,1,1,0,0,0.23,0
792.1,4,-822.0,-838.0,0.3,60.53,SERVICE,HOME,,1,1,1,1,0,0,0.11,0
792.1,5,-562.5,-587.5,0.3,93.48,FAILED,RELAY,P4,0,1,0,,,0,642.54,1
793.0,1,-840.0,-838.0,0.3,58.17,SERVICE,HOME,,1,1,1,1,0,0,0.36,0
793.0,2,-739.7,-743.4,68.0,57.7,ACTIVE,HOME,,1,1,1,1,0,0,0.3,0
793.0,3,-828.0,-838.0,0.3,100.0,READY,HOME,,1,1,1,1,0,0,0.17,0
793.0,4,-822.0,-838.0,0.3,60.53,SERVICE,HOME,,1,1,1,1,0,0,0.04,0
793.0,5,-562.5,-587.5,0.3,93.48,FAILED,RELAY,P4,0,1,0,,,0,643.5,1
794.0,1,-840.0,-838.0,0.3,58.17,SERVICE,HOME,,1,1,1,1,0,0,0.36,0
794.0,2,-750.6,-754.3,68.0,57.65,ACTIVE,HOME,,1,1,1,1,0,0,0.3,0
794.0,3,-828.0,-838.0,0.3,100.0,READY,HOME,,1,1,1,1,0,0,0.17,0
794.0,4,-822.0,-838.0,0.3,60.53,SERVICE,HOME,,1,1,1,1,0,0,0.11,0
794.0,5,-562.5,-587.5,0.3,93.48,FAILED,RELAY,P4,0,1,0,,,0,644.52,1
795.0,1,-840.0,-838.0,0.3,58.17,SERVICE,HOME,,1,1,1,1,0,0,0.36,0
795.0,2,-760.7,-764.5,68.0,57.6,ACTIVE,HOME,,1,1,1,1,0,0,0.23,0
795.0,3,-828.0,-838.0,0.3,100.0,READY,HOME,,1,1,1,1,0,0,0.17,0
795.0,4,-822.0,-838.0,0.3,60.53,SERVICE,HOME,,1,1,1,1,0,0,0.04,0
795.0,5,-562.5,-587.5,0.3,93.48,FAILED,RELAY,P4,0,1,0,,,0,645.48,1
796.0,1,-840.0,-838.0,0.3,58.17,SERVICE,HOME,,1,1,1,1,0,0,0.36,0
796.0,2,-771.6,-775.4,68.0,57.54,ACTIVE,HOME,,1,1,1,1,0,0,0.3,0
796.0,3,-828.0,-838.0,0.3,100.0,READY,HOME,,1,1,1,1,0,0,0.17,0
796.0,4,-822.0,-838.0,0.3,60.53,SERVICE,HOME,,1,1,1,1,0,0,0.11,0
796.0,5,-562.5,-587.5,0.3,93.48,FAILED,RELAY,P4,0,1,0,,,0,646.51,1
797.1,1,-840.0,-838.0,0.3,58.17,SERVICE,HOME,,1,1,1,1,0,0,0.43,0
797.1,2,-782.4,-786.3,68.0,57.48,ACTIVE,HOME,,1,1,1,1,0,0,0.3,0
797.1,3,-828.0,-838.0,0.3,100.0,READY,HOME,,1,1,1,1,0,0,0.17,0
797.1,4,-822.0,-838.0,0.3,60.53,SERVICE,HOME,,1,1,1,1,0,0,0.11,0
797.1,5,-562.5,-587.5,0.3,93.48,FAILED,RELAY,P4,0,1,0,,,0,647.53,1
798.0,1,-840.0,-838.0,0.3,58.17,SERVICE,HOME,,1,1,1,1,0,0,0.36,0
798.0,2,-792.6,-796.5,68.0,57.43,ACTIVE,HOME,,1,1,1,1,0,0,0.23,0
798.0,3,-828.0,-838.0,0.3,100.0,READY,HOME,,1,1,1,1,0,0,0.17,0
798.0,4,-822.0,-838.0,0.3,60.53,SERVICE,HOME,,1,1,1,1,0,0,0.04,0
798.0,5,-562.5,-587.5,0.3,93.48,FAILED,RELAY,P4,0,1,0,,,0,648.49,1
799.0,1,-840.0,-838.0,0.3,58.17,SERVICE,HOME,,1,1,1,1,0,0,0.36,0
799.0,2,-803.4,-807.3,68.0,57.37,ACTIVE,HOME,,1,1,1,1,0,0,0.3,0
799.0,3,-828.0,-838.0,0.3,100.0,READY,HOME,,1,1,1,1,0,0,0.17,0
799.0,4,-822.0,-838.0,0.3,60.53,SERVICE,HOME,,1,1,1,1,0,0,0.11,0
799.0,5,-562.5,-587.5,0.3,93.48,FAILED,RELAY,P4,0,1,0,,,0,649.51,1
800.1,1,-840.0,-838.0,0.3,58.17,SERVICE,HOME,,1,1,1,1,0,0,0.43,0
800.1,2,-814.3,-818.2,68.0,57.32,ACTIVE,HOME,,1,1,1,1,0,0,0.3,0
800.1,3,-828.0,-838.0,0.3,100.0,READY,HOME,,1,1,1,1,0,0,0.23,0
800.1,4,-822.0,-838.0,0.3,60.53,SERVICE,HOME,,1,1,1,1,0,0,0.11,0
800.1,5,-562.5,-587.5,0.3,93.48,FAILED,RELAY,P4,0,1,0,,,0,650.54,1
801.0,1,-840.0,-838.0,0.3,58.17,SERVICE,HOME,,1,1,1,1,0,0,0.36,0
801.0,2,-824.4,-828.4,68.0,57.26,ACTIVE,HOME,,1,1,1,1,0,0,0.3,0
801.0,3,-828.0,-838.0,0.3,100.0,READY,HOME,,1,1,1,1,0,0,0.17,0
801.0,4,-822.0,-838.0,0.3,60.53,SERVICE,HOME,,1,1,1,1,0,0,0.04,0
801.0,5,-562.5,-587.5,0.3,93.48,FAILED,RELAY,P4,0,1,0,,,0,651.5,1
802.0,1,-840.0,-838.0,0.3,58.17,SERVICE,HOME,,1,1,1,1,0,0,0.36,0
802.0,2,-834.0,-838.0,67.4,57.21,RTH,HOME,,1,1,1,1,0,0,0.3,0
802.0,3,-828.0,-838.0,0.3,100.0,READY,HOME,,1,1,1,1,0,0,0.17,0
802.0,4,-822.0,-838.0,0.3,60.53,SERVICE,HOME,,1,1,1,1,0,0,0.11,0
802.0,5,-562.5,-587.5,0.3,93.48,FAILED,RELAY,P4,0,1,0,,,0,652.52,1
803.0,1,-840.0,-838.0,0.3,58.17,SERVICE,HOME,,1,1,1,1,0,0,0.36,0
803.0,2,-834.0,-838.0,62.6,57.16,RTH,HOME,,1,1,1,1,0,0,0.23,0
803.0,3,-828.0,-838.0,0.3,100.0,READY,HOME,,1,1,1,1,0,0,0.17,0
803.0,4,-822.0,-838.0,0.3,60.53,SERVICE,HOME,,1,1,1,1,0,0,0.04,0
803.0,5,-562.5,-587.5,0.3,93.48,FAILED,RELAY,P4,0,1,0,,,0,653.48,1
804.0,1,-840.0,-838.0,0.3,58.17,SERVICE,HOME,,1,1,1,1,0,0,0.36,0
804.0,2,-834.0,-838.0,57.4,57.1,RTH,HOME,,1,1,1,1,0,0,0.3,0
804.0,3,-828.0,-838.0,0.3,100.0,READY,HOME,,1,1,1,1,0,0,0.17,0
804.0,4,-822.0,-838.0,0.3,60.53,SERVICE,HOME,,1,1,1,1,0,0,0.11,0
804.0,5,-562.5,-587.5,0.3,93.48,FAILED,RELAY,P4,0,1,0,,,0,654.51,1
805.1,1,-840.0,-838.0,0.3,58.17,SERVICE,HOME,,1,1,1,1,0,0,0.43,0
805.1,2,-834.0,-838.0,52.3,57.04,RTH,HOME,,1,1,1,1,0,0,0.3,0
805.1,3,-828.0,-838.0,0.3,100.0,READY,HOME,,1,1,1,1,0,0,0.17,0
805.1,4,-822.0,-838.0,0.3,60.53,SERVICE,HOME,,1,1,1,1,0,0,0.11,0
805.1,5,-562.5,-587.5,0.3,93.48,FAILED,RELAY,P4,0,1,0,,,0,655.53,1
806.0,1,-840.0,-838.0,0.3,58.17,SERVICE,HOME,,1,1,1,1,0,0,0.36,0
806.0,2,-834.0,-838.0,47.5,56.99,RTH,HOME,,1,1,1,1,0,0,0.23,0
806.0,3,-828.0,-838.0,0.3,100.0,READY,HOME,,1,1,1,1,0,0,0.17,0
806.0,4,-822.0,-838.0,0.3,60.53,SERVICE,HOME,,1,1,1,1,0,0,0.04,0
806.0,5,-562.5,-587.5,0.3,93.48,FAILED,RELAY,P4,0,1,0,,,0,656.49,1
807.0,1,-840.0,-838.0,0.3,58.17,SERVICE,HOME,,1,1,1,1,0,0,0.36,0
807.0,2,-834.0,-838.0,42.4,56.93,RTH,HOME,,1,1,1,1,0,0,0.3,0
807.0,3,-828.0,-838.0,0.3,100.0,READY,HOME,,1,1,1,1,0,0,0.17,0
807.0,4,-822.0,-838.0,0.3,60.53,SERVICE,HOME,,1,1,1,1,0,0,0.11,0
807.0,5,-562.5,-587.5,0.3,93.48,FAILED,RELAY,P4,0,1,0,,,0,657.51,1
808.1,1,-840.0,-838.0,0.3,58.17,SERVICE,HOME,,1,1,1,1,0,0,0.43,0
808.1,2,-834.0,-838.0,37.3,56.88,RTH,HOME,,1,1,1,1,0,0,0.3,0
808.1,3,-828.0,-838.0,0.3,100.0,READY,HOME,,1,1,1,1,0,0,0.23,0
808.1,4,-822.0,-838.0,0.3,60.53,SERVICE,HOME,,1,1,1,1,0,0,0.11,0
808.1,5,-562.5,-587.5,0.3,93.48,FAILED,RELAY,P4,0,1,0,,,0,658.54,1
809.0,1,-840.0,-838.0,0.3,58.17,SERVICE,HOME,,1,1,1,1,0,0,0.36,0
809.0,2,-834.0,-838.0,32.5,56.82,RTH,HOME,,1,1,1,1,0,0,0.3,0
809.0,3,-828.0,-838.0,0.3,100.0,READY,HOME,,1,1,1,1,0,0,0.17,0
809.0,4,-822.0,-838.0,0.3,60.53,SERVICE,HOME,,1,1,1,1,0,0,0.04,0
809.0,5,-562.5,-587.5,0.3,93.48,FAILED,RELAY,P4,0,1,0,,,0,659.5,1
810.0,1,-840.0,-838.0,0.3,58.17,SERVICE,HOME,,1,1,1,1,0,0,0.36,0
810.0,2,-834.0,-838.0,27.4,56.77,RTH,HOME,,1,1,1,1,0,0,0.3,0
810.0,3,-828.0,-838.0,0.3,100.0,READY,HOME,,1,1,1,1,0,0,0.17,0
810.0,4,-822.0,-838.0,0.3,60.53,SERVICE,HOME,,1,1,1,1,0,0,0.11,0
810.0,5,-562.5,-587.5,0.3,93.48,FAILED,RELAY,P4,0,1,0,,,0,660.52,1
811.0,1,-840.0,-838.0,0.3,58.17,SERVICE,HOME,,1,1,1,1,0,0,0.36,0
811.0,2,-834.0,-838.0,22.6,56.72,RTH,HOME,,1,1,1,1,0,0,0.23,0
811.0,3,-828.0,-838.0,0.3,100.0,READY,HOME,,1,1,1,1,0,0,0.17,0
811.0,4,-822.0,-838.0,0.3,60.53,SERVICE,HOME,,1,1,1,1,0,0,0.04,0
811.0,5,-562.5,-587.5,0.3,93.48,FAILED,RELAY,P4,0,1,0,,,0,661.48,1
812.0,1,-840.0,-838.0,0.3,58.17,SERVICE,HOME,,1,1,1,1,0,0,0.36,0
812.0,2,-834.0,-838.0,17.4,56.66,RTH,HOME,,1,1,1,1,0,0,0.3,0
812.0,3,-828.0,-838.0,0.3,100.0,READY,HOME,,1,1,1,1,0,0,0.17,0
812.0,4,-822.0,-838.0,0.3,60.53,SERVICE,HOME,,1,1,1,1,0,0,0.11,0
812.0,5,-562.5,-587.5,0.3,93.48,FAILED,RELAY,P4,0,1,0,,,0,662.51,1
813.1,1,-840.0,-838.0,0.3,58.17,SERVICE,HOME,,1,1,1,1,0,0,0.43,0
813.1,2,-834.0,-838.0,12.3,56.6,RTH,HOME,,1,1,1,1,0,0,0.3,0
813.1,3,-828.0,-838.0,0.3,100.0,READY,HOME,,1,1,1,1,0,0,0.17,0
813.1,4,-822.0,-838.0,0.3,60.53,SERVICE,HOME,,1,1,1,1,0,0,0.11,0
813.1,5,-562.5,-587.5,0.3,93.48,FAILED,RELAY,P4,0,1,0,,,0,663.53,1
814.0,1,-840.0,-838.0,0.3,58.17,SERVICE,HOME,,1,1,1,1,0,0,0.36,0
814.0,2,-834.0,-838.0,7.5,56.55,RTH,HOME,,1,1,1,1,0,0,0.23,0
814.0,3,-828.0,-838.0,0.3,100.0,READY,HOME,,1,1,1,1,0,0,0.17,0
814.0,4,-822.0,-838.0,0.3,100.0,READY,HOME,,1,1,1,1,0,0,0.04,0
814.0,5,-562.5,-587.5,0.3,93.48,FAILED,RELAY,P4,0,1,0,,,0,664.49,1
815.0,1,-840.0,-838.0,0.3,58.17,SERVICE,HOME,,1,1,1,1,0,0,0.36,0
815.0,2,-834.0,-838.0,2.4,56.49,RTH,HOME,,1,1,1,1,0,0,0.3,0
815.0,3,-828.0,-838.0,0.3,100.0,READY,HOME,,1,1,1,1,0,0,0.17,0
815.0,4,-822.0,-838.0,0.3,100.0,READY,HOME,,1,1,1,1,0,0,0.11,0
815.0,5,-562.5,-587.5,0.3,93.48,FAILED,RELAY,P4,0,1,0,,,0,665.51,1
