t,uav,x,y,z,battery,status,task,target,radio,forwarding,routed,hops,parent,queue,gcs_age_s,gcs_lost
0.1,1,-840.0,-838.0,0.3,100.0,READY,HOLD,,1,1,1,1,0,0,,
0.1,2,-834.0,-838.0,0.3,100.0,READY,HOLD,,1,1,1,1,0,0,,
0.1,3,-828.0,-838.0,0.3,48.0,SERVICE,HOLD,,1,1,1,1,0,0,,
0.1,4,-822.0,-838.0,0.3,100.0,READY,HOLD,,1,1,1,1,0,0,,
0.1,5,-816.0,-838.0,0.3,85.0,SERVICE,HOLD,,1,1,1,1,0,0,,
1.0,1,-840.0,-838.0,0.3,100.0,READY,HOLD,,1,1,1,1,0,0,0.36,0
1.0,2,-834.0,-838.0,0.3,100.0,READY,HOLD,,1,1,1,1,0,0,0.3,0
1.0,3,-828.0,-838.0,0.3,48.0,SERVICE,HOLD,,1,1,1,1,0,0,0.17,0
1.0,4,-822.0,-838.0,0.3,100.0,READY,HOLD,,1,1,1,1,0,0,0.04,0
1.0,5,-816.0,-838.0,0.3,85.0,SERVICE,HOLD,,1,1,1,1,0,1,0.49,0
2.0,1,-840.0,-838.0,4.5,99.95,ACTIVE,SURVEY,P2,1,1,1,1,0,0,0.43,0
2.0,2,-834.0,-838.0,-2.6,99.96,ACTIVE,RELAY,P1,1,1,1,1,0,0,0.3,0
2.0,3,-828.0,-838.0,0.3,48.0,SERVICE,HOME,,1,1,1,1,0,0,0.17,0
2.0,4,-822.0,-838.0,-1.6,99.97,ACTIVE,SURVEY,P1,1,1,1,1,0,0,0.11,0
2.0,5,-816.0,-838.0,0.3,85.0,SERVICE,HOME,,1,1,1,1,0,1,0.49,0
3.0,1,-840.0,-838.0,9.3,99.9,ACTIVE,SURVEY,P2,1,1,1,1,0,0,0.36,0
3.0,2,-834.0,-838.0,-7.4,99.91,ACTIVE,RELAY,P1,1,1,1,1,0,0,0.23,0
3.0,3,-828.0,-838.0,0.3,48.0,SERVICE,HOME,,1,1,1,1,0,0,0.17,0
3.0,4,-822.0,-838.0,-2.6,99.92,ACTIVE,SURVEY,P1,1,1,1,1,0,0,0.04,0
3.0,5,-816.0,-838.0,0.3,85.0,SERVICE,HOME,,1,1,1,1,0,1,0.43,0
4.0,1,-840.0,-838.0,14.4,99.85,ACTIVE,SURVEY,P2,1,1,1,1,0,0,0.36,0
4.0,2,-834.0,-838.0,-9.3,99.86,ACTIVE,RELAY,P1,1,1,1,1,0,0,0.3,0
4.0,3,-828.0,-838.0,0.3,48.0,SERVICE,HOME,,1,1,1,1,0,0,0.17,0
4.0,4,-822.0,-838.0,2.2,99.87,ACTIVE,SURVEY,P1,1,1,1,1,0,0,0.11,0
4.0,5,-816.0,-838.0,0.3,85.0,SERVICE,HOME,,1,1,1,1,0,1,0.47,0
5.1,1,-840.0,-838.0,19.5,99.79,ACTIVE,SURVEY,P2,1,1,1,1,0,0,0.43,0
5.1,2,-834.0,-838.0,-4.8,99.8,ACTIVE,RELAY,P1,1,1,1,1,0,0,0.3,0
5.1,3,-828.0,-838.0,0.3,48.0,SERVICE,HOME,,1,1,1,1,0,0,0.22,0
5.1,4,-822.0,-838.0,7.3,99.81,ACTIVE,SURVEY,P1,1,1,1,1,0,0,0.11,0
5.1,5,-816.0,-838.0,0.3,85.0,SERVICE,HOME,,1,1,1,1,0,1,0.49,0
6.0,1,-840.0,-838.0,24.3,99.74,ACTIVE,SURVEY,P2,1,1,1,1,0,0,0.36,0
6.0,2,-834.0,-838.0,-0.0,99.75,ACTIVE,RELAY,P1,1,1,1,1,0,0,0.23,0
6.0,3,-828.0,-838.0,0.3,48.0,SERVICE,HOME,,1,1,1,1,0,0,0.17,0
6.0,4,-822.0,-838.0,12.1,99.76,ACTIVE,SURVEY,P1,1,1,1,1,0,0,0.04,0
6.0,5,-816.0,-838.0,0.3,85.0,SERVICE,HOME,,1,1,1,1,0,1,0.47,0
7.0,1,-840.0,-838.0,29.4,99.68,ACTIVE,SURVEY,P2,1,1,1,1,0,0,0.36,0
7.0,2,-834.0,-838.0,5.1,99.69,ACTIVE,RELAY,P1,1,1,1,1,0,0,0.3,0
7.0,3,-828.0,-838.0,0.3,48.0,SERVICE,HOME,,1,1,1,1,0,0,0.17,0
7.0,4,-822.0,-838.0,17.3,99.7,ACTIVE,SURVEY,P1,1,1,1,1,0,0,0.11,0
7.0,5,-816.0,-838.0,0.3,85.0,SERVICE,HOME,,1,1,1,1,0,1,0.49,0
8.0,1,-840.0,-838.0,34.2,99.63,ACTIVE,SURVEY,P2,1,1,1,1,0,0,0.36,0
8.0,2,-834.0,-838.0,9.9,99.64,ACTIVE,RELAY,P1,1,1,1,1,0,0,0.24,0
8.0,3,-828.0,-838.0,0.3,48.0,SERVICE,HOME,,1,1,1,1,0,0,0.17,0
8.0,4,-822.0,-838.0,22.1,99.65,ACTIVE,SURVEY,P1,1,1,1,1,0,0,0.04,0
8.0,5,-816.0,-838.0,0.3,85.0,SERVICE,HOME,,1,1,1,1,0,1,0.43,0
9.0,1,-840.0,-838.0,39.3,99.57,ACTIVE,SURVEY,P2,1,1,1,1,0,0,0.36,0
9.0,2,-834.0,-838.0,15.0,99.58,ACTIVE,RELAY,P1,1,1,1,1,0,0,0.3,0
9.0,3,-828.0,-838.0,0.3,48.0,SERVICE,HOME,,1,1,1,1,0,0,0.15,0
9.0,4,-822.0,-838.0,27.2,99.59,ACTIVE,SURVEY,P1,1,1,1,1,0,0,0.04,0
9.0,5,-816.0,-838.0,0.3,85.0,SERVICE,HOME,,1,1,1,1,0,1,0.49,0
10.0,1,-840.0,-838.0,44.5,99.51,ACTIVE,SURVEY,P2,1,1,1,1,0,0,0.43,0
10.0,2,-834.0,-838.0,20.1,99.53,ACTIVE,RELAY,P1,1,1,1,1,0,0,0.3,0
10.0,3,-828.0,-838.0,0.3,48.0,SERVICE,HOME,,1,1,1,1,0,0,0.17,0
10.0,4,-822.0,-838.0,32.3,99.54,ACTIVE,SURVEY,P1,1,1,1,1,0,0,0.11,0
10.0,5,-816.0,-838.0,0.3,85.0,SERVICE,HOME,,1,1,1,1,0,1,0.47,0
11.0,1,-840.0,-838.0,49.3,99.46,ACTIVE,SURVEY,P2,1,1,1,1,0,0,0.36,0
11.0,2,-834.0,-838.0,24.9,99.47,ACTIVE,RELAY,P1,1,1,1,1,0,0,0.23,0
11.0,3,-828.0,-838.0,0.3,48.0,SERVICE,HOME,,1,1,1,1,0,0,0.17,0
11.0,4,-822.0,-838.0,37.1,99.48,ACTIVE,SURVEY,P1,1,1,1,1,0,0,0.04,0
11.0,5,-816.0,-838.0,0.3,85.0,SERVICE,HOME,,1,1,1,1,0,1,0.43,0
12.0,1,-840.0,-838.0,54.4,99.41,ACTIVE,SURVEY,P2,1,1,1,1,0,0,0.36,0
12.0,2,-834.0,-838.0,30.1,99.42,ACTIVE,RELAY,P1,1,1,1,1,0,0,0.3,0
12.0,3,-828.0,-838.0,0.3,48.0,SERVICE,HOME,,1,1,1,1,0,0,0.17,0
12.0,4,-822.0,-838.0,42.2,99.43,ACTIVE,SURVEY,P1,1,1,1,1,0,0,0.11,0
12.0,5,-816.0,-838.0,0.3,85.0,SERVICE,HOME,,1,1,1,1,0,1,0.47,0
13.1,1,-840.0,-838.0,59.5,99.35,ACTIVE,SURVEY,P2,1,1,1,1,0,0,0.43,0
13.1,2,-834.0,-838.0,35.2,99.36,ACTIVE,RELAY,P1,1,1,1,1,0,0,0.3,0
13.1,3,-828.0,-838.0,0.3,48.0,SERVICE,HOME,,1,1,1,1,0,0,0.22,0
13.1,4,-822.0,-838.0,47.3,99.37,ACTIVE,SURVEY,P1,1,1,1,1,0,0,0.11,0
13.1,5,-816.0,-838.0,0.3,85.0,SERVICE,HOME,,1,1,1,1,0,1,0.49,0
14.0,1,-837.3,-823.9,60.0,99.3,ACTIVE,SURVEY,P2,1,1,1,1,0,0,0.36,0
14.0,2,-834.0,-838.0,36.5,99.31,ACTIVE,RELAY,P1,1,1,1,1,0,0,0.23,0
14.0,3,-828.0,-838.0,0.3,48.0,SERVICE,HOME,,1,1,1,1,0,0,0.17,0
14.0,4,-822.0,-838.0,48.3,99.32,ACTIVE,SURVEY,P1,1,1,1,1,0,0,0.04,0
14.0,5,-816.0,-838.0,0.3,85.0,SERVICE,HOME,,1,1,1,1,0,1,0.47,0
15.0,1,-834.5,-808.8,60.0,99.24,ACTIVE,SURVEY,P2,1,1,1,1,0,0,0.36,0
15.0,2,-834.0,-838.0,36.5,99.26,ACTIVE,RELAY,P1,1,1,1,1,0,0,0.3,0
15.0,3,-828.0,-838.0,0.3,48.0,SERVICE,HOME,,1,1,1,1,0,0,0.17,0
15.0,4,-822.0,-838.0,48.3,99.27,ACTIVE,SURVEY,P1,1,1,1,1,0,0,0.11,0
15.0,5,-816.0,-838.0,0.3,85.0,SERVICE,HOME,,1,1,1,1,0,1,0.49,0
16.0,1,-831.8,-794.6,60.0,99.19,ACTIVE,SURVEY,P2,1,1,1,1,0,0,0.36,0
16.0,2,-834.0,-838.0,36.5,99.21,ACTIVE,RELAY,P1,1,1,1,1,0,0,0.24,0
16.0,3,-828.0,-838.0,0.3,48.0,SERVICE,HOME,,1,1,1,1,0,0,0.17,0
16.0,4,-822.0,-838.0,48.3,99.22,ACTIVE,SURVEY,P1,1,1,1,1,0,0,0.04,0
16.0,5,-816.0,-838.0,0.3,85.0,SERVICE,HOME,,1,1,1,1,0,1,0.43,0
17.0,1,-828.9,-779.5,60.0,99.13,ACTIVE,SURVEY,P2,1,1,1,1,0,0,0.36,0
17.0,2,-834.0,-838.0,36.5,99.16,ACTIVE,RELAY,P1,1,1,1,1,0,0,0.3,0
17.0,3,-828.0,-838.0,0.3,48.0,SERVICE,HOME,,1,1,1,1,0,0,0.17,0
17.0,4,-822.0,-838.0,48.3,99.17,ACTIVE,SURVEY,P1,1,1,1,1,0,0,0.04,0
17.0,5,-816.0,-838.0,0.3,85.0,SERVICE,HOME,,1,1,1,1,0,1,0.49,0
18.0,1,-826.1,-764.4,60.0,99.07,ACTIVE,SURVEY,P2,1,1,1,1,0,0,0.43,0
18.0,2,-834.0,-838.0,40.6,99.1,ACTIVE,RELAY,P1,1,1,1,1,0,0,0.3,0
18.0,3,-828.0,-838.0,0.3,48.0,SERVICE,HOME,,1,1,1,1,0,0,0.17,0
18.0,4,-822.0,-838.0,52.8,99.12,ACTIVE,SURVEY,P1,1,1,1,1,0,0,0.11,0
18.0,5,-816.0,-838.0,0.3,85.0,SERVICE,HOME,,1,1,1,1,0,1,0.47,0
19.0,1,-823.4,-750.3,60.0,99.02,ACTIVE,SURVEY,P2,1,1,1,1,0,0,0.36,0
19.0,2,-834.0,-838.0,45.4,99.05,ACTIVE,RELAY,P1,1,1,1,1,0,0,0.23,0
19.0,3,-828.0,-838.0,0.3,48.0,SERVICE,HOME,,1,1,1,1,0,0,0.17,0
19.0,4,-822.0,-838.0,57.6,99.06,ACTIVE,SURVEY,P1,1,1,1,1,0,0,0.02,0
19.0,5,-816.0,-838.0,0.3,85.0,SERVICE,HOME,,1,1,1,1,0,1,0.43,0
20.0,1,-820.6,-735.2,60.0,98.97,ACTIVE,SURVEY,P2,1,1,1,1,0,0,0.36,0
20.0,2,-834.0,-838.0,50.5,99.0,ACTIVE,RELAY,P1,1,1,1,1,0,0,0.3,0
20.0,3,-828.0,-838.0,0.3,48.0,SERVICE,HOME,,1,1,1,1,0,0,0.17,0
20.0,4,-822.0,-838.0,62.7,99.01,ACTIVE,SURVEY,P1,1,1,1,1,0,0,0.11,0
20.0,5,-816.0,-838.0,0.3,85.0,SERVICE,HOME,,1,1,1,1,0,1,0.47,0
21.1,1,-817.7,-720.1,60.0,98.91,ACTIVE,SURVEY,P2,1,1,1,1,0,0,0.43,0
21.1,2,-834.0,-838.0,55.7,98.94,ACTIVE,RELAY,P1,1,1,1,1,0,0,0.3,0
21.1,3,-828.0,-838.0,0.3,48.0,SERVICE,HOME,,1,1,1,1,0,0,0.22,0
21.1,4,-822.0,-838.0,67.8,98.95,ACTIVE,SURVEY,P1,1,1,1,1,0,0,0.11,0
21.1,5,-816.0,-838.0,0.3,85.0,SERVICE,HOME,,1,1,1,1,0,1,0.49,0
22.0,1,-815.0,-705.9,60.0,98.86,ACTIVE,SURVEY,P2,1,1,1,1,0,0,0.36,0
22.0,2,-834.0,-838.0,60.5,98.89,ACTIVE,RELAY,P1,1,1,1,1,0,0,0.23,0
22.0,3,-828.0,-838.0,0.3,48.0,SERVICE,HOME,,1,1,1,1,0,0,0.17,0
22.0,4,-822.0,-838.0,72.6,98.9,ACTIVE,SURVEY,P1,1,1,1,1,0,0,0.04,0
22.0,5,-816.0,-838.0,0.3,85.0,SERVICE,HOME,,1,1,1,1,0,1,0.47,0
23.0,1,-812.2,-690.8,60.0,98.8,ACTIVE,SURVEY,P2,1,1,1,1,0,0,0.36,0
23.0,2,-834.0,-838.0,65.6,98.83,ACTIVE,RELAY,P1,1,1,1,1,0,0,0.3,0
23.0,3,-828.0,-838.0,0.3,48.0,SERVICE,HOME,,1,1,1,1,0,0,0.17,0
23.0,4,-822.0,-838.0,77.7,98.84,ACTIVE,SURVEY,P1,1,1,1,1,0,0,0.11,0
23.0,5,-816.0,-838.0,0.3,85.0,SERVICE,HOME,,1,1,1,1,0,1,0.49,0
24.0,1,-809.5,-676.7,60.0,98.75,ACTIVE,SURVEY,P2,1,1,1,1,0,0,0.36,0
24.0,2,-827.2,-834.3,68.0,98.78,ACTIVE,RELAY,P1,1,1,1,1,0,0,0.24,0
24.0,3,-828.0,-838.0,0.3,48.0,SERVICE,HOME,,1,1,1,1,0,0,0.17,0
24.0,4,-822.0,-838.0,82.5,98.79,ACTIVE,SURVEY,P1,1,1,1,1,0,0,0.04,0
24.0,5,-816.0,-838.0,0.3,85.0,SERVICE,HOME,,1,1,1,1,0,1,0.43,0
25.0,1,-806.7,-661.6,60.0,98.69,ACTIVE,SURVEY,P2,1,1,1,1,0,0,0.36,0
25.0,2,-813.7,-827.0,68.0,98.72,ACTIVE,RELAY,P1,1,1,1,1,0,0,0.3,0
25.0,3,-828.0,-838.0,0.3,48.0,SERVICE,HOME,,1,1,1,1,0,0,0.17,0
25.0,4,-812.0,-832.3,84.0,98.73,ACTIVE,SURVEY,P1,1,1,1,1,0,0,0.04,0
25.0,5,-816.0,-838.0,0.3,85.0,SERVICE,HOME,,1,1,1,1,0,1,0.49,0
26.0,1,-803.8,-646.5,60.0,98.63,ACTIVE,SURVEY,P2,1,1,1,1,0,0,0.43,0
26.0,2,-800.2,-819.7,68.0,98.66,ACTIVE,RELAY,P1,1,1,1,1,0,0,0.3,0
26.0,3,-828.0,-838.0,0.3,48.0,SERVICE,HOME,,1,1,1,1,0,0,0.17,0
26.0,4,-798.6,-824.8,84.0,98.68,ACTIVE,SURVEY,P1,1,1,1,1,0,0,0.11,0
26.0,5,-816.0,-838.0,0.3,85.0,SERVICE,HOME,,1,1,1,1,0,1,0.47,0
27.0,1,-801.1,-632.4,60.0,98.58,ACTIVE,SURVEY,P2,1,1,1,1,0,0,0.36,0
27.0,2,-787.6,-812.9,68.0,98.61,ACTIVE,RELAY,P1,1,1,1,1,0,0,0.23,0
27.0,3,-828.0,-838.0,0.3,48.0,SERVICE,HOME,,1,1,1,1,0,0,0.17,0
27.0,4,-786.1,-817.7,84.0,98.62,ACTIVE,SURVEY,P1,1,1,1,1,0,0,0.04,0
27.0,5,-816.0,-838.0,0.3,85.0,SERVICE,HOME,,1,1,1,1,0,1,0.43,0
28.0,1,-798.3,-617.3,60.0,98.53,ACTIVE,SURVEY,P2,1,1,1,1,0,0,0.36,0
28.0,2,-774.0,-805.6,68.0,98.56,ACTIVE,RELAY,P1,1,1,1,1,0,0,0.3,0
28.0,3,-828.0,-838.0,0.3,48.0,SERVICE,HOME,,1,1,1,1,0,0,0.17,0
28.0,4,-772.7,-810.1,84.0,98.57,ACTIVE,SURVEY,P1,1,1,1,1,0,0,0.11,0
28.0,5,-816.0,-838.0,0.3,85.0,SERVICE,HOME,,1,1,1,1,0,1,0.47,0
29.1,1,-795.4,-602.2,60.0,98.47,ACTIVE,SURVEY,P2,1,1,1,1,0,0,0.43,0
29.1,2,-760.5,-798.3,68.0,98.5,ACTIVE,RELAY,P1,1,1,1,1,0,0,0.3,0
29.1,3,-828.0,-838.0,0.3,48.0,SERVICE,HOME,,1,1,1,1,0,0,0.22,0
29.1,4,-759.3,-802.6,84.0,98.51,ACTIVE,SURVEY,P1,1,1,1,1,0,0,0.11,0
29.1,5,-816.0,-838.0,0.3,85.0,SERVICE,HOME,,1,1,1,1,0,1,0.49,0
30.0,1,-792.8,-588.0,60.0,98.42,ACTIVE,SURVEY,P2,1,1,1,1,0,0,0.36,0
30.0,2,-747.9,-791.4,68.0,98.45,ACTIVE,RELAY,P1,1,1,1,1,0,0,0.23,0
30.0,3,-828.0,-838.0,0.3,48.0,SERVICE,HOME,,1,1,1,1,0,0,0.17,0
30.0,4,-746.8,-795.5,84.0,98.46,ACTIVE,SURVEY,P1,1,1,1,1,0,0,0.04,0
30.0,5,-816.0,-838.0,0.3,85.0,SERVICE,HOME,,1,1,1,1,0,1,0.47,0
31.0,1,-789.9,-572.9,60.0,98.36,ACTIVE,SURVEY,P2,1,1,1,1,0,0,0.36,0
31.0,2,-734.4,-784.1,68.0,98.39,ACTIVE,RELAY,P1,1,1,1,1,0,0,0.3,0
31.0,3,-828.0,-838.0,0.3,48.0,SERVICE,HOME,,1,1,1,1,0,0,0.17,0
31.0,4,-733.4,-787.9,84.0,98.4,ACTIVE,SURVEY,P1,1,1,1,1,0,0,0.11,0
31.0,5,-816.0,-838.0,0.3,85.0,SERVICE,HOME,,1,1,1,1,0,1,0.49,0
32.0,1,-787.2,-558.8,60.0,98.31,ACTIVE,SURVEY,P2,1,1,1,1,0,0,0.36,0
32.0,2,-721.7,-777.3,68.0,98.34,ACTIVE,RELAY,P1,1,1,1,1,0,0,0.24,0
32.0,3,-828.0,-838.0,0.3,48.0,SERVICE,HOME,,1,1,1,1,0,0,0.17,0
32.0,4,-720.9,-780.8,84.0,98.35,ACTIVE,SURVEY,P1,1,1,1,1,0,0,0.04,0
32.0,5,-816.0,-838.0,0.3,85.0,SERVICE,HOME,,1,1,1,1,0,1,0.43,0
33.0,1,-784.4,-543.7,60.0,98.25,ACTIVE,SURVEY,P2,1,1,1,1,0,0,0.36,0
33.0,2,-708.2,-770.0,68.0,98.28,ACTIVE,RELAY,P1,1,1,1,1,0,0,0.3,0
33.0,3,-828.0,-838.0,0.3,48.0,SERVICE,HOME,,1,1,1,1,0,0,0.17,0
33.0,4,-707.5,-773.3,84.0,98.29,ACTIVE,SURVEY,P1,1,1,1,1,0,0,0.04,0
33.0,5,-816.0,-838.0,0.3,85.0,SERVICE,HOME,,1,1,1,1,0,1,0.49,0
34.0,1,-781.5,-528.6,60.0,98.19,ACTIVE,SURVEY,P2,1,1,1,1,0,0,0.43,0
34.0,2,-694.7,-762.7,68.0,98.22,ACTIVE,RELAY,P1,1,1,1,1,0,0,0.3,0
34.0,3,-828.0,-838.0,0.3,48.0,SERVICE,HOME,,1,1,1,1,0,0,0.17,0
34.0,4,-694.1,-765.7,84.0,98.24,ACTIVE,SURVEY,P1,1,1,1,1,0,0,0.11,0
34.0,5,-816.0,-838.0,0.3,85.0,SERVICE,HOME,,1,1,1,1,0,1,0.47,0
35.0,1,-778.8,-514.4,60.0,98.14,ACTIVE,SURVEY,P2,1,1,1,1,0,0,0.36,0
35.0,2,-682.0,-755.8,68.0,98.17,ACTIVE,RELAY,P1,1,1,1,1,0,0,0.23,0
35.0,3,-828.0,-838.0,0.3,48.0,SERVICE,HOME,,1,1,1,1,0,0,0.17,0
35.0,4,-681.6,-758.6,84.0,98.18,ACTIVE,SURVEY,P1,1,1,1,1,0,0,0.04,0
35.0,5,-816.0,-838.0,0.3,85.0,SERVICE,HOME,,1,1,1,1,0,1,0.43,0
36.0,1,-776.0,-499.4,60.0,98.09,ACTIVE,SURVEY,P2,1,1,1,1,0,0,0.36,0
36.0,2,-668.5,-748.5,68.0,98.12,ACTIVE,RELAY,P1,1,1,1,1,0,0,0.3,0
36.0,3,-828.0,-838.0,0.3,48.0,SERVICE,HOME,,1,1,1,1,0,0,0.17,0
36.0,4,-668.2,-751.1,84.0,98.13,ACTIVE,SURVEY,P1,1,1,1,1,0,0,0.11,0
36.0,5,-816.0,-838.0,0.3,85.0,SERVICE,HOME,,1,1,1,1,0,1,0.47,0
37.1,1,-773.1,-484.3,60.0,98.03,ACTIVE,SURVEY,P2,1,1,1,1,0,0,0.43,0
37.1,2,-655.0,-741.2,68.0,98.06,ACTIVE,RELAY,P1,1,1,1,1,0,0,0.3,0
37.1,3,-828.0,-838.0,0.3,48.0,SERVICE,HOME,,1,1,1,1,0,0,0.22,0
37.1,4,-654.9,-743.5,84.0,98.07,ACTIVE,SURVEY,P1,1,1,1,1,0,0,0.11,0
37.1,5,-816.0,-838.0,0.3,85.0,SERVICE,HOME,,1,1,1,1,0,1,0.49,0
38.0,1,-770.5,-470.1,60.0,97.98,ACTIVE,SURVEY,P2,1,1,1,1,0,0,0.36,0
38.0,2,-642.3,-734.4,68.0,98.01,ACTIVE,RELAY,P1,1,1,1,1,0,0,0.23,0
38.0,3,-828.0,-838.0,0.3,48.0,SERVICE,HOME,,1,1,1,1,0,0,0.17,0
38.0,4,-642.3,-736.4,84.0,98.02,ACTIVE,SURVEY,P1,1,1,1,1,0,0,0.04,0
38.0,5,-816.0,-838.0,0.3,85.0,SERVICE,HOME,,1,1,1,1,0,1,0.47,0
39.0,1,-767.6,-455.0,60.0,97.92,ACTIVE,SURVEY,P2,1,1,1,1,0,0,0.36,0
39.0,2,-628.8,-727.1,68.0,97.95,ACTIVE,RELAY,P1,1,1,1,1,0,0,0.3,0
39.0,3,-828.0,-838.0,0.3,48.0,SERVICE,HOME,,1,1,1,1,0,0,0.17,0
39.0,4,-629.0,-728.9,84.0,97.96,ACTIVE,SURVEY,P1,1,1,1,1,0,0,0.11,0
39.0,5,-816.0,-838.0,0.3,85.0,SERVICE,HOME,,1,1,1,1,0,1,0.49,0
40.0,1,-764.9,-440.9,60.0,97.87,ACTIVE,SURVEY,P2,1,1,1,1,0,0,0.36,0
40.0,2,-625.0,-725.0,68.0,97.9,ACTIVE,RELAY,P1,1,1,1,1,0,0,0.24,0
40.0,3,-828.0,-838.0,0.3,48.0,SERVICE,HOME,,1,1,1,1,0,0,0.17,0
40.0,4,-616.4,-721.8,84.0,97.91,ACTIVE,SURVEY,P1,1,1,1,1,0,0,0.04,0
40.0,5,-816.0,-838.0,0.3,85.0,SERVICE,HOME,,1,1,1,1,0,1,0.43,0
41.0,1,-762.1,-425.8,60.0,97.81,ACTIVE,SURVEY,P2,1,1,1,1,0,0,0.36,0
41.0,2,-625.0,-725.0,68.0,97.85,ACTIVE,RELAY,P1,1,1,1,1,0,0,0.3,0
41.0,3,-828.0,-838.0,0.3,48.0,SERVICE,HOME,,1,1,1,1,0,0,0.17,0
41.0,4,-603.0,-714.2,84.0,97.85,ACTIVE,SURVEY,P1,1,1,1,1,0,0,0.04,0
41.0,5,-816.0,-838.0,0.3,85.0,SERVICE,HOME,,1,1,1,1,0,1,0.49,0
42.0,1,-759.2,-410.7,60.0,97.75,ACTIVE,SURVEY,P2,1,1,1,1,0,0,0.43,0
42.0,2,-625.0,-725.0,68.0,97.8,ACTIVE,RELAY,P1,1,1,1,1,0,0,0.3,0
42.0,3,-828.0,-838.0,0.3,48.0,SERVICE,HOME,,1,1,1,1,0,0,0.17,0
42.0,4,-589.7,-706.7,84.0,97.8,ACTIVE,SURVEY,P1,1,1,1,1,0,0,0.11,0
42.0,5,-816.0,-838.0,0.3,85.0,SERVICE,HOME,,1,1,1,1,0,1,0.47,0
43.0,1,-756.6,-396.5,60.0,97.7,ACTIVE,SURVEY,P2,1,1,1,1,0,0,0.36,0
43.0,2,-625.0,-725.0,68.0,97.75,ACTIVE,RELAY,P1,1,1,1,1,0,0,0.23,0
43.0,3,-828.0,-838.0,0.3,48.0,SERVICE,HOME,,1,1,1,1,0,0,0.17,0
43.0,4,-577.1,-699.6,84.0,97.74,ACTIVE,SURVEY,P1,1,1,1,1,0,0,0.04,0
43.0,5,-816.0,-838.0,0.3,85.0,SERVICE,HOME,,1,1,1,1,0,1,0.43,0
44.0,1,-753.7,-381.4,60.0,97.65,ACTIVE,SURVEY,P2,1,1,1,1,0,0,0.36,0
44.0,2,-625.0,-725.0,68.0,97.7,ACTIVE,RELAY,P1,1,1,1,1,0,0,0.3,0
44.0,3,-828.0,-838.0,0.3,48.0,SERVICE,HOME,,1,1,1,1,0,0,0.17,0
44.0,4,-563.8,-692.0,84.0,97.69,ACTIVE,SURVEY,P1,1,1,1,1,0,0,0.11,0
44.0,5,-816.0,-838.0,0.3,85.0,SERVICE,HOME,,1,1,1,1,0,1,0.47,0
45.1,1,-750.9,-366.4,60.0,97.59,ACTIVE,SURVEY,P2,1,1,1,1,0,0,0.43,0
45.1,2,-625.0,-725.0,68.0,97.65,ACTIVE,RELAY,P1,1,1,1,1,0,0,0.3,0
45.1,3,-828.0,-838.0,0.3,48.0,SERVICE,HOME,,1,1,1,1,0,0,0.22,0
45.1,4,-550.4,-684.5,84.0,97.63,ACTIVE,SURVEY,P1,1,1,1,1,0,0,0.11,0
45.1,5,-816.0,-838.0,0.3,85.0,SERVICE,HOME,,1,1,1,1,0,1,0.49,0
46.0,1,-748.2,-352.2,60.0,97.54,ACTIVE,SURVEY,P2,1,1,1,1,0,0,0.36,0
46.0,2,-625.0,-725.0,68.0,97.6,ACTIVE,RELAY,P1,1,1,1,1,0,0,0.23,0
46.0,3,-828.0,-838.0,0.3,48.0,SERVICE,HOME,,1,1,1,1,0,0,0.17,0
46.0,4,-537.9,-677.4,84.0,97.58,ACTIVE,SURVEY,P1,1,1,1,1,0,0,0.04,0
46.0,5,-816.0,-838.0,0.3,85.0,SERVICE,HOME,,1,1,1,1,0,1,0.47,0
47.0,1,-745.3,-337.1,60.0,97.48,ACTIVE,SURVEY,P2,1,1,1,1,0,0,0.36,0
47.0,2,-625.0,-725.0,68.0,97.55,ACTIVE,RELAY,P1,1,1,1,1,0,0,0.3,0
47.0,3,-828.0,-838.0,0.3,48.0,SERVICE,HOME,,1,1,1,1,0,0,0.17,0
47.0,4,-524.5,-669.8,84.0,97.52,ACTIVE,SURVEY,P1,1,1,1,1,0,0,0.11,0
47.0,5,-816.0,-838.0,0.3,85.0,SERVICE,HOME,,1,1,1,1,0,1,0.49,0
48.0,1,-742.7,-323.0,60.0,97.43,ACTIVE,SURVEY,P2,1,1,1,1,0,0,0.36,0
48.0,2,-625.0,-725.0,68.0,97.5,ACTIVE,RELAY,P1,1,1,1,1,0,0,0.24,0
48.0,3,-828.0,-838.0,0.3,48.0,SERVICE,HOME,,1,1,1,1,0,0,0.17,0
48.0,4,-512.0,-662.7,84.0,97.47,ACTIVE,SURVEY,P1,1,1,1,1,0,0,0.04,0
48.0,5,-816.0,-838.0,0.3,85.0,SERVICE,HOME,,1,1,1,1,0,1,0.43,0
49.0,1,-739.8,-307.9,60.0,97.37,ACTIVE,SURVEY,P2,1,1,1,1,0,0,0.34,0
49.0,2,-625.0,-725.0,68.0,97.45,ACTIVE,RELAY,P1,1,1,1,1,0,0,0.3,0
49.0,3,-828.0,-838.0,0.3,48.0,SERVICE,HOME,,1,1,1,1,0,0,0.17,0
49.0,4,-498.6,-655.2,84.0,97.41,ACTIVE,SURVEY,P1,1,1,1,1,0,0,0.02,0
49.0,5,-816.0,-838.0,0.3,85.0,SERVICE,HOME,,1,1,1,1,0,1,0.49,0
50.0,1,-737.0,-292.8,60.0,97.31,ACTIVE,SURVEY,P2,1,1,1,1,0,0,0.43,0
50.0,2,-625.0,-725.0,68.0,97.4,ACTIVE,RELAY,P1,1,1,1,1,0,0,0.3,0
50.0,3,-828.0,-838.0,0.3,48.0,SERVICE,HOME,,1,1,1,1,0,0,0.17,0
50.0,4,-485.2,-647.6,84.0,97.36,ACTIVE,SURVEY,P1,1,1,1,1,0,0,0.11,0
50.0,5,-816.0,-838.0,0.3,85.0,SERVICE,HOME,,1,1,1,1,0,1,0.47,0
51.0,1,-734.3,-278.6,60.0,97.26,ACTIVE,SURVEY,P2,1,1,1,1,0,0,0.36,0
51.0,2,-625.0,-725.0,68.0,97.35,ACTIVE,RELAY,P1,1,1,1,1,0,0,0.23,0
51.0,3,-828.0,-838.0,0.3,48.0,SERVICE,HOME,,1,1,1,1,0,0,0.17,0
51.0,4,-472.7,-640.5,84.0,97.3,ACTIVE,SURVEY,P1,1,1,1,1,0,0,0.04,0
51.0,5,-816.0,-838.0,0.3,85.0,SERVICE,HOME,,1,1,1,1,0,1,0.43,0
52.0,1,-731.4,-263.5,60.0,97.21,ACTIVE,SURVEY,P2,1,1,1,1,0,0,0.36,0
52.0,2,-625.0,-725.0,68.0,97.3,ACTIVE,RELAY,P1,1,1,1,1,0,0,0.3,0
52.0,3,-828.0,-838.0,0.3,48.0,SERVICE,HOME,,1,1,1,1,0,0,0.17,0
52.0,4,-459.3,-633.0,84.0,97.25,ACTIVE,SURVEY,P1,1,1,1,1,0,0,0.11,0
52.0,5,-816.0,-838.0,0.3,85.0,SERVICE,HOME,,1,1,1,1,0,1,0.47,0
53.1,1,-728.6,-248.4,60.0,97.15,ACTIVE,SURVEY,P2,1,1,1,2,2,0,0.41,0
53.1,2,-625.0,-725.0,68.0,97.25,ACTIVE,RELAY,P1,1,1,1,1,0,0,0.3,0
53.1,3,-828.0,-838.0,0.3,48.0,SERVICE,HOME,,1,1,1,1,0,0,0.22,0
53.1,4,-458.7,-632.6,84.0,97.19,ACTIVE,SURVEY,P1,1,1,1,1,0,0,0.11,0
53.1,5,-816.0,-838.0,0.3,85.0,SERVICE,HOME,,1,1,1,1,0,1,0.49,0
54.0,1,-725.9,-234.3,60.0,97.1,ACTIVE,SURVEY,P2,1,1,1,2,2,0,0.34,0
54.0,2,-625.0,-725.0,68.0,97.2,ACTIVE,RELAY,P1,1,1,1,1,0,0,0.23,0
54.0,3,-828.0,-838.0,0.3,48.0,SERVICE,HOME,,1,1,1,1,0,0,0.17,0
54.0,4,-458.7,-632.6,84.0,97.15,ACTIVE,SURVEY,P1,1,1,1,1,0,0,0.04,0
54.0,5,-816.0,-838.0,0.3,85.0,SERVICE,HOME,,1,1,1,1,0,1,0.47,0
55.0,1,-723.0,-219.2,60.0,97.04,ACTIVE,SURVEY,P2,1,1,1,2,2,0,0.34,0
55.0,2,-625.0,-725.0,68.0,97.15,ACTIVE,RELAY,P1,1,1,1,1,0,0,0.3,0
55.0,3,-828.0,-838.0,0.3,48.0,SERVICE,HOME,,1,1,1,1,0,0,0.17,0
55.0,4,-458.7,-632.6,84.0,97.1,ACTIVE,SURVEY,P1,1,1,1,1,0,0,0.11,0
55.0,5,-816.0,-838.0,0.3,85.0,SERVICE,HOME,,1,1,1,1,0,1,0.49,0
56.0,1,-720.4,-205.0,60.0,96.99,ACTIVE,SURVEY,P2,1,1,1,2,2,0,0.34,0
56.0,2,-625.0,-725.0,68.0,97.1,ACTIVE,RELAY,P1,1,1,1,1,0,0,0.24,0
56.0,3,-828.0,-838.0,0.3,48.0,SERVICE,HOME,,1,1,1,1,0,0,0.17,0
56.0,4,-458.7,-632.6,84.0,97.05,ACTIVE,SURVEY,P1,1,1,1,1,0,0,0.04,0
56.0,5,-816.0,-838.0,0.3,85.0,SERVICE,HOME,,1,1,1,1,0,1,0.43,0
57.0,1,-717.5,-190.0,60.0,96.93,ACTIVE,SURVEY,P2,1,1,1,2,2,0,0.34,0
57.0,2,-625.0,-725.0,68.0,97.05,ACTIVE,RELAY,P1,1,1,1,1,0,0,0.3,0
57.0,3,-828.0,-838.0,0.3,48.0,SERVICE,HOME,,1,1,1,1,0,0,0.17,0
57.0,4,-458.7,-632.6,84.0,97.0,ACTIVE,SURVEY,P1,1,1,1,1,0,0,0.04,0
57.0,5,-816.0,-838.0,0.3,85.0,SERVICE,HOME,,1,1,1,1,0,1,0.49,0
58.0,1,-714.7,-174.9,60.0,96.87,ACTIVE,SURVEY,P2,1,1,1,2,2,0,0.41,0
58.0,2,-625.0,-725.0,68.0,97.0,ACTIVE,RELAY,P1,1,1,1,1,0,0,0.3,0
58.0,3,-828.0,-838.0,0.3,48.0,SERVICE,HOME,,1,1,1,1,0,0,0.17,0
58.0,4,-458.7,-632.6,84.0,96.95,ACTIVE,SURVEY,P1,1,1,1,1,0,0,0.11,0
58.0,5,-816.0,-838.0,0.3,85.0,SERVICE,HOME,,1,1,1,1,0,1,0.47,0
59.0,1,-712.0,-160.7,60.0,96.82,ACTIVE,SURVEY,P2,1,1,1,2,2,0,0.34,0
59.0,2,-625.0,-725.0,68.0,96.95,ACTIVE,RELAY,P1,1,1,1,1,0,0,0.23,0
59.0,3,-828.0,-838.0,0.3,48.0,SERVICE,HOME,,1,1,1,1,0,0,0.17,0
59.0,4,-458.7,-632.6,84.0,96.9,ACTIVE,SURVEY,P1,1,1,1,1,0,0,0.04,0
59.0,5,-816.0,-838.0,0.3,85.0,SERVICE,HOME,,1,1,1,1,0,1,0.43,0
60.0,1,-709.4,-147.1,60.0,96.77,ACTIVE,SURVEY,P2,1,1,1,2,2,0,0.34,0
60.0,2,-625.0,-725.0,68.0,96.9,ACTIVE,RELAY,P1,1,1,1,1,0,0,0.3,0
60.0,3,-828.0,-838.0,0.3,100.0,READY,HOME,,1,1,1,1,0,0,0.17,0
60.0,4,-458.7,-632.6,84.0,96.85,ACTIVE,SURVEY,P1,1,1,1,1,0,0,0.11,0
60.0,5,-816.0,-838.0,0.3,100.0,READY,HOME,,1,1,1,1,0,1,0.47,0
61.1,1,-709.4,-147.1,60.0,96.71,ACTIVE,SURVEY,P2,1,1,1,2,2,0,0.41,0
61.1,2,-625.0,-725.0,68.0,96.85,ACTIVE,RELAY,P1,1,1,1,1,0,0,0.28,0
61.1,3,-828.0,-838.0,0.9,99.99,ACTIVE,RELAY,P2,1,1,1,1,0,0,0.22,0
61.1,4,-458.7,-632.6,84.0,96.79,ACTIVE,SURVEY,P1,1,1,1,1,0,0,0.11,0
61.1,5,-816.0,-838.0,0.3,100.0,READY,HOME,,1,1,1,1,0,1,0.49,0
62.0,1,-709.4,-147.1,60.0,96.67,ACTIVE,SURVEY,P2,1,1,1,2,2,0,0.34,0
62.0,2,-625.0,-725.0,68.0,96.8,ACTIVE,RELAY,P1,1,1,1,1,0,0,0.23,0
62.0,3,-828.0,-838.0,5.7,99.94,ACTIVE,RELAY,P2,1,1,1,1,0,0,0.17,0
62.0,4,-458.7,-632.6,84.0,96.75,ACTIVE,SURVEY,P1,1,1,1,1,0,2,0.04,0
62.0,5,-816.0,-838.0,-1.0,99.98,ACTIVE,SURVEY,P3,1,1,1,1,0,1,0.47,0
63.0,1,-709.4,-147.1,60.0,96.62,ACTIVE,SURVEY,P2,1,1,1,2,2,0,0.19,0
63.0,2,-625.0,-725.0,68.0,96.75,ACTIVE,RELAY,P1,1,1,1,1,0,0,0.26,0
63.0,3,-828.0,-838.0,10.9,99.88,ACTIVE,RELAY,P2,1,1,1,1,0,0,0.12,0
63.0,4,-458.7,-632.6,84.0,96.7,ACTIVE,SURVEY,P1,1,1,1,1,0,2,0.1,0
63.0,5,-816.0,-838.0,-1.3,99.93,ACTIVE,SURVEY,P3,1,1,1,1,0,1,0.12,0
64.0,1,-709.4,-147.1,60.0,96.57,ACTIVE,SURVEY,P2,1,1,1,2,2,0,0.16,0
64.0,2,-625.0,-725.0,68.0,96.7,ACTIVE,RELAY,P1,1,1,1,1,0,0,0.23,0
64.0,3,-828.0,-838.0,15.7,99.83,ACTIVE,RELAY,P2,1,1,1,1,0,0,0.16,0
64.0,4,-458.7,-632.6,84.0,96.65,ACTIVE,SURVEY,P1,1,1,1,1,0,3,0.04,0
64.0,5,-816.0,-838.0,3.5,99.87,ACTIVE,SURVEY,P3,1,1,1,1,0,1,0.16,0
65.0,1,-709.4,-147.1,60.0,96.52,ACTIVE,SURVEY,P2,1,1,1,2,2,0,0.21,0
65.0,2,-625.0,-725.0,68.0,96.65,ACTIVE,RELAY,P1,1,1,1,1,0,0,0.27,0
65.0,3,-828.0,-838.0,20.8,99.77,ACTIVE,RELAY,P2,1,1,1,1,0,0,0.17,0
65.0,4,-458.7,-632.6,84.0,96.6,ACTIVE,SURVEY,P1,1,1,1,1,0,1,0.03,0
65.0,5,-816.0,-838.0,8.6,99.82,ACTIVE,SURVEY,P3,1,1,1,1,0,1,0.21,0
66.0,1,-709.4,-147.1,60.0,96.46,ACTIVE,SURVEY,P2,1,1,1,2,2,0,0.17,0
66.0,2,-625.0,-725.0,68.0,96.6,ACTIVE,RELAY,P1,1,1,1,1,0,0,0.24,0
66.0,3,-828.0,-838.0,25.9,99.72,ACTIVE,RELAY,P2,1,1,1,1,0,0,0.17,0
66.0,4,-458.7,-632.6,84.0,96.55,ACTIVE,SURVEY,P1,1,1,1,1,0,0,0.08,0
66.0,5,-816.0,-838.0,13.7,99.76,ACTIVE,SURVEY,P3,1,1,1,1,0,1,0.44,0
67.0,1,-709.4,-147.1,60.0,96.42,ACTIVE,SURVEY,P2,1,1,1,2,2,0,0.34,0
67.0,2,-622.3,-722.3,68.0,96.55,ACTIVE,SURVEY,P4,1,1,1,1,0,0,0.23,0
67.0,3,-828.0,-838.0,30.7,99.67,ACTIVE,RELAY,P2,1,1,1,1,0,0,0.17,0
67.0,4,-458.7,-632.6,84.0,96.5,ACTIVE,SURVEY,P1,1,1,1,1,0,0,0.04,0
67.0,5,-816.0,-838.0,18.5,99.71,ACTIVE,SURVEY,P3,1,1,1,1,0,1,0.43,0
68.0,1,-709.4,-147.1,60.0,96.37,ACTIVE,SURVEY,P2,1,1,1,2,2,0,0.34,0
68.0,2,-611.5,-711.4,68.0,96.49,ACTIVE,SURVEY,P4,1,1,1,1,0,0,0.3,0
68.0,3,-828.0,-838.0,35.8,99.61,ACTIVE,RELAY,P2,1,1,1,1,0,0,0.17,0
68.0,4,-444.3,-627.3,84.0,96.44,ACTIVE,RELAY,P3,1,1,1,1,0,0,0.11,0
68.0,5,-816.0,-838.0,23.7,99.65,ACTIVE,SURVEY,P3,1,1,1,1,0,1,0.47,0
69.1,1,-709.4,-147.1,60.0,96.31,ACTIVE,SURVEY,P2,1,1,1,2,2,0,0.41,0
69.1,2,-600.6,-700.5,68.0,96.44,ACTIVE,SURVEY,P4,1,1,1,1,0,0,0.3,0
69.1,3,-828.0,-838.0,40.9,99.55,ACTIVE,RELAY,P2,1,1,1,1,0,0,0.17,0
69.1,4,-430.0,-621.9,84.0,96.38,ACTIVE,RELAY,P3,1,1,1,1,0,0,0.11,0
69.1,5,-816.0,-838.0,28.8,99.6,ACTIVE,SURVEY,P3,1,1,1,1,0,1,0.49,0
70.0,1,-709.4,-147.1,60.0,96.27,ACTIVE,SURVEY,P2,1,1,1,2,2,1,0.34,0
70.0,2,-590.4,-690.3,68.0,96.38,ACTIVE,SURVEY,P4,1,1,1,1,0,3,0.75,0
70.0,3,-828.0,-838.0,45.7,99.5,ACTIVE,RELAY,P2,1,1,1,1,0,0,0.17,0
70.0,4,-416.5,-616.9,84.0,96.33,ACTIVE,RELAY,P3,1,1,1,1,0,1,0.56,0
70.0,5,-816.0,-838.0,33.6,99.54,ACTIVE,SURVEY,P3,1,1,1,1,0,1,0.47,0
71.0,1,-709.4,-147.1,60.0,96.22,ACTIVE,SURVEY,P2,1,1,1,2,2,0,0.25,0
71.0,2,-579.6,-679.4,68.0,96.33,ACTIVE,SURVEY,P4,1,1,1,1,0,3,0.27,0
71.0,3,-828.0,-838.0,50.9,99.44,ACTIVE,RELAY,P2,1,1,1,1,0,0,0.17,0
71.0,4,-402.1,-611.5,84.0,96.28,ACTIVE,RELAY,P3,1,1,1,1,0,1,0.5,0
71.0,5,-816.0,-838.0,38.7,99.49,ACTIVE,SURVEY,P3,1,1,1,1,0,1,0.49,0
72.1,1,-709.4,-147.1,60.0,96.16,ACTIVE,SURVEY,P2,1,1,1,2,2,0,0.28,0
72.1,2,-568.8,-668.5,68.0,96.27,ACTIVE,SURVEY,P4,1,1,1,1,0,0,0.27,0
72.1,3,-828.0,-838.0,56.0,99.39,ACTIVE,RELAY,P2,1,1,1,1,0,0,0.13,0
72.1,4,-387.7,-606.2,84.0,96.22,ACTIVE,RELAY,P3,1,1,1,1,0,0,0.48,0
72.1,5,-816.0,-838.0,43.8,99.43,ACTIVE,SURVEY,P3,1,1,1,1,0,1,0.48,0
73.0,1,-709.4,-147.1,60.0,96.12,ACTIVE,SURVEY,P2,1,1,1,2,2,0,0.25,0
73.0,2,-558.6,-658.3,68.0,96.22,ACTIVE,SURVEY,P4,1,1,1,1,0,1,0.26,0
73.0,3,-828.0,-838.0,60.8,99.33,ACTIVE,RELAY,P2,1,1,1,1,0,0,0.17,0
73.0,4,-374.2,-601.2,84.0,96.17,ACTIVE,RELAY,P3,1,1,1,1,0,0,0.02,0
73.0,5,-816.0,-838.0,48.6,99.38,ACTIVE,SURVEY,P3,1,1,1,1,0,1,0.49,0
74.0,1,-709.4,-147.1,60.0,96.06,ACTIVE,SURVEY,P2,1,1,1,2,2,2,0.1,0
74.0,2,-547.8,-647.5,68.0,96.16,ACTIVE,SURVEY,P4,1,1,1,1,0,0,0.12,0
74.0,3,-828.0,-838.0,65.9,99.28,ACTIVE,RELAY,P2,1,1,1,1,0,0,0.12,0
74.0,4,-359.8,-595.8,84.0,96.11,ACTIVE,RELAY,P3,1,1,1,1,0,0,0.08,0
74.0,5,-816.0,-838.0,53.7,99.32,ACTIVE,SURVEY,P3,1,1,1,1,0,1,0.41,0
75.0,1,-709.4,-147.1,60.0,96.02,ACTIVE,SURVEY,P2,1,1,1,2,2,0,0.3,0
75.0,2,-537.6,-637.3,68.0,96.11,ACTIVE,SURVEY,P4,1,1,1,1,0,0,0.21,0
75.0,3,-828.0,-838.0,70.7,99.23,ACTIVE,RELAY,P2,1,1,1,1,0,0,0.12,0
75.0,4,-346.3,-590.8,84.0,96.06,ACTIVE,RELAY,P3,1,1,1,1,0,0,0.32,0
75.0,5,-816.0,-838.0,58.5,99.27,ACTIVE,SURVEY,P3,1,1,1,1,0,1,0.43,0
76.0,1,-709.4,-147.1,60.0,95.97,ACTIVE,SURVEY,P2,1,1,1,2,2,0,0.24,0
76.0,2,-526.8,-626.4,68.0,96.05,ACTIVE,SURVEY,P4,1,1,1,1,0,1,0.24,0
76.0,3,-828.0,-838.0,75.8,99.17,ACTIVE,RELAY,P2,1,1,1,1,0,0,0.17,0
76.0,4,-337.5,-587.5,84.0,96.0,ACTIVE,RELAY,P3,1,1,1,1,0,0,0.04,0
76.0,5,-816.0,-838.0,63.7,99.21,ACTIVE,SURVEY,P3,1,1,1,1,0,1,0.46,0
77.1,1,-709.4,-147.1,60.0,95.91,ACTIVE,SURVEY,P2,1,1,1,2,2,0,0.23,0
77.1,2,-515.9,-615.5,68.0,96.0,ACTIVE,SURVEY,P4,1,1,1,1,0,0,0.23,0
77.1,3,-825.8,-822.8,76.0,99.11,ACTIVE,RELAY,P2,1,1,1,1,0,0,0.01,0
77.1,4,-337.5,-587.5,84.0,95.95,ACTIVE,RELAY,P3,1,1,1,1,0,0,0.01,0
77.1,5,-816.0,-838.0,64.3,99.16,ACTIVE,SURVEY,P3,1,1,1,1,0,1,0.45,0
78.0,1,-709.4,-147.1,60.0,95.87,ACTIVE,SURVEY,P2,1,1,1,2,2,0,0.34,0
78.0,2,-505.8,-605.3,68.0,95.94,ACTIVE,SURVEY,P4,1,1,1,1,0,0,0.23,0
78.0,3,-823.7,-808.6,76.0,99.06,ACTIVE,RELAY,P2,1,1,1,1,0,0,0.17,0
78.0,4,-336.6,-587.8,84.0,95.9,ACTIVE,SURVEY,P3,1,1,1,1,0,0,0.04,0
78.0,5,-816.0,-838.0,64.3,99.11,ACTIVE,SURVEY,P3,1,1,1,1,0,1,0.47,0
79.0,1,-697.5,-143.2,60.0,95.81,ACTIVE,SURVEY,P4,1,1,1,2,2,0,0.32,0
79.0,2,-492.9,-597.2,68.0,95.89,ACTIVE,RELAY,P4,1,1,1,1,0,0,0.28,0
79.0,3,-813.3,-802.0,76.0,99.0,ACTIVE,RELAY,P3,1,1,1,1,0,0,0.17,0
79.0,4,-322.0,-592.6,84.0,95.85,ACTIVE,SURVEY,P3,1,1,1,1,0,0,0.11,0
79.0,5,-816.0,-838.0,64.3,99.06,ACTIVE,RELAY,P3,1,1,1,1,0,1,0.49,0
80.1,1,-682.9,-138.5,60.0,95.75,ACTIVE,SURVEY,P4,1,1,1,2,2,0,0.41,0
80.1,2,-479.3,-590.0,68.0,95.83,ACTIVE,RELAY,P4,1,1,1,1,0,0,0.3,0
80.1,3,-798.0,-800.7,76.0,98.95,ACTIVE,RELAY,P3,1,1,1,1,0,0,0.23,0
80.1,4,-307.4,-597.5,84.0,95.79,ACTIVE,SURVEY,P3,1,1,1,2,2,0,0.09,0
80.1,5,-816.0,-838.0,64.3,99.01,ACTIVE,RELAY,P3,1,1,1,1,0,1,0.49,0
81.0,1,-669.2,-134.1,60.0,95.7,ACTIVE,SURVEY,P4,1,1,1,2,2,0,0.34,0
81.0,2,-466.6,-583.2,68.0,95.78,ACTIVE,RELAY,P4,1,1,1,1,0,0,0.3,0
81.0,3,-783.7,-799.4,76.0,98.89,ACTIVE,RELAY,P3,1,1,1,1,0,0,0.17,0
81.0,4,-293.8,-602.0,84.0,95.74,ACTIVE,SURVEY,P3,1,1,1,2,2,0,0.0,0
81.0,5,-816.0,-838.0,64.3,98.96,ACTIVE,RELAY,P3,1,1,1,1,0,1,0.49,0
82.0,1,-654.6,-129.4,60.0,95.65,ACTIVE,SURVEY,P4,1,1,1,2,2,0,0.34,0
82.0,2,-453.0,-576.0,68.0,95.72,ACTIVE,RELAY,P4,1,1,1,1,0,0,0.3,0
82.0,3,-768.4,-798.1,76.0,98.84,ACTIVE,RELAY,P3,1,1,1,1,0,0,0.17,0
82.0,4,-279.2,-606.8,84.0,95.68,ACTIVE,SURVEY,P3,1,1,1,2,2,0,0.09,0
82.0,5,-816.0,-838.0,64.9,98.91,ACTIVE,RELAY,P3,1,1,1,1,0,1,0.47,0
83.0,1,-640.9,-124.9,60.0,95.59,ACTIVE,SURVEY,P4,1,1,1,2,2,0,0.32,0
83.0,2,-440.3,-569.2,68.0,95.67,ACTIVE,RELAY,P4,1,1,1,1,0,0,0.21,0
83.0,3,-754.0,-796.8,76.0,98.79,ACTIVE,RELAY,P3,1,1,1,1,0,0,0.16,0
83.0,4,-265.5,-611.4,84.0,95.63,ACTIVE,SURVEY,P3,1,1,1,2,2,0,0.02,0
83.0,5,-816.0,-838.0,69.7,98.86,ACTIVE,RELAY,P3,1,1,1,1,0,1,0.43,0
84.0,1,-626.3,-120.2,60.0,95.54,ACTIVE,SURVEY,P4,1,1,1,2,2,0,0.34,0
84.0,2,-426.8,-562.0,68.0,95.61,ACTIVE,RELAY,P4,1,1,1,1,0,0,0.3,0
84.0,3,-738.7,-795.5,76.0,98.73,ACTIVE,RELAY,P3,1,1,1,1,0,0,0.17,0
84.0,4,-250.9,-616.2,84.0,95.57,ACTIVE,SURVEY,P3,1,1,1,2,2,0,0.07,0
84.0,5,-816.0,-838.0,74.9,98.8,ACTIVE,RELAY,P3,1,1,1,1,0,1,0.49,0
85.1,1,-611.7,-115.5,60.0,95.48,ACTIVE,SURVEY,P4,1,1,1,2,2,0,0.41,0
85.1,2,-413.2,-554.8,68.0,95.56,ACTIVE,RELAY,P4,1,1,1,1,0,0,0.3,0
85.1,3,-723.4,-794.2,76.0,98.67,ACTIVE,RELAY,P3,1,1,1,1,0,0,0.17,0
85.1,4,-236.3,-621.0,84.0,95.52,ACTIVE,SURVEY,P3,1,1,1,2,3,0,0.09,0
85.1,5,-816.0,-838.0,80.0,98.74,ACTIVE,RELAY,P3,1,1,1,1,0,1,0.49,0
86.0,1,-598.0,-111.1,60.0,95.43,ACTIVE,SURVEY,P4,1,1,1,2,2,0,0.34,0
86.0,2,-400.5,-548.0,68.0,95.5,ACTIVE,RELAY,P4,1,1,1,1,0,0,0.23,0
86.0,3,-709.1,-792.9,76.0,98.62,ACTIVE,RELAY,P3,1,1,1,1,0,0,0.17,0
86.0,4,-222.7,-625.5,84.0,95.46,ACTIVE,SURVEY,P3,1,1,1,2,3,0,0.02,0
86.0,5,-816.0,-838.0,84.8,98.69,ACTIVE,RELAY,P3,1,1,1,1,0,1,0.49,0
87.0,1,-583.4,-106.3,60.0,95.37,ACTIVE,SURVEY,P4,1,1,1,2,2,0,0.32,0
87.0,2,-386.9,-540.8,68.0,95.45,ACTIVE,RELAY,P4,1,1,1,1,0,0,0.28,0
87.0,3,-693.8,-791.6,76.0,98.56,ACTIVE,RELAY,P3,1,1,1,1,0,0,0.17,0
87.0,4,-208.1,-630.4,84.0,95.41,ACTIVE,SURVEY,P3,1,1,1,2,3,0,0.07,0
87.0,5,-816.0,-838.0,89.9,98.64,ACTIVE,RELAY,P3,1,1,1,1,0,1,0.49,0
88.1,1,-568.7,-101.6,60.0,95.31,ACTIVE,SURVEY,P4,1,1,1,2,2,0,0.39,0
88.1,2,-373.4,-533.6,68.0,95.39,ACTIVE,RELAY,P4,1,1,1,1,0,0,0.3,0
88.1,3,-678.5,-790.3,76.0,98.51,ACTIVE,RELAY,P3,1,1,1,1,0,0,0.23,0
88.1,4,-193.5,-635.2,84.0,95.35,ACTIVE,SURVEY,P3,1,1,1,2,3,0,0.09,0
88.1,5,-806.5,-836.7,92.0,98.58,ACTIVE,RELAY,P3,1,1,1,1,0,1,0.49,0
89.0,1,-555.0,-97.2,60.0,95.26,ACTIVE,SURVEY,P4,1,1,1,2,2,0,0.32,0
89.0,2,-360.7,-526.8,68.0,95.34,ACTIVE,RELAY,P4,1,1,1,1,0,0,0.3,0
89.0,3,-664.1,-789.0,76.0,98.45,ACTIVE,RELAY,P3,1,1,1,1,0,0,0.17,0
89.0,4,-179.9,-639.7,84.0,95.3,ACTIVE,SURVEY,P3,1,1,1,2,3,0,0.02,0
89.0,5,-792.2,-834.8,92.0,98.53,ACTIVE,RELAY,P3,1,1,1,1,0,1,0.49,0
90.0,1,-540.4,-92.5,60.0,95.21,ACTIVE,SURVEY,P4,1,1,1,3,2,0,0.34,0
90.0,2,-347.1,-519.6,68.0,95.28,ACTIVE,RELAY,P4,1,1,1,2,3,0,0.3,0
90.0,3,-648.8,-787.7,76.0,98.4,ACTIVE,RELAY,P3,1,1,1,1,0,0,0.17,0
90.0,4,-165.3,-644.6,84.0,95.24,ACTIVE,SURVEY,P3,1,1,1,2,3,0,0.09,0
90.0,5,-777.0,-832.8,92.0,98.47,ACTIVE,RELAY,P3,1,1,1,1,0,1,0.49,0
91.0,1,-526.7,-88.0,60.0,95.15,ACTIVE,SURVEY,P4,1,1,1,3,2,0,0.32,0
91.0,2,-334.4,-512.9,68.0,95.23,ACTIVE,RELAY,P4,1,1,1,2,3,0,0.21,0
91.0,3,-634.5,-786.4,76.0,98.35,ACTIVE,RELAY,P3,1,1,1,1,0,0,0.17,0
91.0,4,-151.6,-649.1,84.0,95.19,ACTIVE,SURVEY,P3,1,1,1,2,3,0,0.02,0
91.0,5,-762.7,-830.8,92.0,98.42,ACTIVE,RELAY,P3,1,1,1,1,0,1,0.43,0
92.0,1,-512.1,-83.3,60.0,95.1,ACTIVE,SURVEY,P4,1,1,1,3,2,0,0.3,0
92.0,2,-320.8,-505.7,68.0,95.17,ACTIVE,RELAY,P4,1,1,1,2,3,0,0.26,0
92.0,3,-619.2,-785.1,76.0,98.29,ACTIVE,RELAY,P3,1,1,1,1,0,0,0.17,0
92.0,4,-137.0,-653.9,84.0,95.13,ACTIVE,SURVEY,P3,1,1,1,2,3,0,0.09,0
92.0,5,-747.5,-828.8,92.0,98.36,ACTIVE,RELAY,P3,1,1,1,1,0,1,0.49,0
93.1,1,-497.5,-78.6,60.0,95.04,ACTIVE,SURVEY,P4,1,1,1,3,2,0,0.39,0
93.1,2,-307.3,-498.5,68.0,95.12,ACTIVE,RELAY,P4,1,1,1,2,3,0,0.28,0
93.1,3,-603.9,-783.8,76.0,98.23,ACTIVE,RELAY,P3,1,1,1,1,0,0,0.17,0
93.1,4,-122.4,-658.8,84.0,95.08,ACTIVE,SURVEY,P3,1,1,1,2,3,0,0.07,0
93.1,5,-732.3,-826.7,92.0,98.3,ACTIVE,RELAY,P3,1,1,1,1,0,1,0.49,0
94.0,1,-483.8,-74.2,60.0,94.99,ACTIVE,SURVEY,P4,1,1,1,3,2,0,0.3,0
94.0,2,-294.5,-491.7,68.0,95.06,ACTIVE,RELAY,P4,1,1,1,2,3,0,0.21,0
94.0,3,-589.5,-782.5,76.0,98.18,ACTIVE,RELAY,P3,1,1,1,1,0,0,0.17,0
94.0,4,-108.8,-663.3,84.0,95.02,ACTIVE,SURVEY,P3,1,1,1,2,3,0,0.02,0
94.0,5,-718.0,-824.8,92.0,98.25,ACTIVE,RELAY,P3,1,1,1,1,0,1,0.49,0
95.0,1,-469.2,-69.4,60.0,94.93,ACTIVE,SURVEY,P4,1,1,1,3,2,0,0.32,0
95.0,2,-281.0,-484.5,68.0,95.01,ACTIVE,RELAY,P4,1,1,1,2,3,0,0.28,0
95.0,3,-574.2,-781.2,76.0,98.12,ACTIVE,RELAY,P3,1,1,1,1,0,0,0.17,0
95.0,4,-94.2,-668.1,84.0,94.97,ACTIVE,SURVEY,P3,1,1,1,2,3,0,0.09,0
95.0,5,-702.8,-822.8,92.0,98.2,ACTIVE,RELAY,P3,1,1,1,1,0,1,0.49,0
96.1,1,-454.5,-64.7,60.0,94.87,ACTIVE,SURVEY,P4,1,1,1,3,2,0,0.36,0
96.1,2,-267.4,-477.3,68.0,94.95,ACTIVE,RELAY,P4,1,1,1,2,3,0,0.28,0
96.1,3,-558.9,-779.8,76.0,98.07,ACTIVE,RELAY,P3,1,1,1,1,0,0,0.23,0
96.1,4,-79.6,-673.0,84.0,94.91,ACTIVE,SURVEY,P3,1,1,1,2,3,0,0.09,0
96.1,5,-687.6,-820.7,92.0,98.14,ACTIVE,RELAY,P3,1,1,1,1,0,1,0.49,0
97.0,1,-440.8,-60.3,60.0,94.82,ACTIVE,SURVEY,P4,1,1,1,3,2,0,0.32,0
97.0,2,-254.7,-470.5,68.0,94.9,ACTIVE,RELAY,P4,1,1,1,2,3,0,0.28,0
97.0,3,-544.6,-778.6,76.0,98.01,ACTIVE,RELAY,P3,1,1,1,1,0,0,0.17,0
97.0,4,-65.9,-677.5,84.0,94.86,ACTIVE,SURVEY,P3,1,1,1,2,3,0,0.02,0
97.0,5,-673.3,-818.8,92.0,98.09,ACTIVE,RELAY,P3,1,1,1,1,0,1,0.49,0
98.0,1,-426.2,-55.6,60.0,94.77,ACTIVE,SURVEY,P4,1,1,1,3,2,0,0.32,0
98.0,2,-241.1,-463.3,68.0,94.84,ACTIVE,RELAY,P4,1,1,1,2,3,0,0.28,0
98.0,3,-529.3,-777.3,76.0,97.96,ACTIVE,RELAY,P3,1,1,1,1,0,0,0.17,0
98.0,4,-51.4,-682.3,84.0,94.8,ACTIVE,SURVEY,P3,1,1,1,2,3,0,0.09,0
98.0,5,-658.1,-816.8,92.0,98.03,ACTIVE,RELAY,P3,1,1,1,1,0,1,0.49,0
99.0,1,-412.5,-51.1,60.0,94.71,ACTIVE,SURVEY,P4,1,1,1,3,2,0,0.32,0
99.0,2,-228.4,-456.5,68.0,94.79,ACTIVE,RELAY,P4,1,1,1,2,3,0,0.21,0
99.0,3,-514.9,-776.0,76.0,97.91,ACTIVE,RELAY,P3,1,1,1,1,0,0,0.17,0
99.0,4,-37.7,-686.8,84.0,94.75,ACTIVE,SURVEY,P3,1,1,1,2,3,0,0.02,0
99.0,5,-643.8,-814.8,92.0,97.98,ACTIVE,RELAY,P3,1,1,1,1,0,1,0.43,0
100.0,1,-397.9,-46.4,60.0,94.66,ACTIVE,SURVEY,P4,1,1,1,3,2,0,0.32,0
100.0,2,-214.9,-449.3,68.0,94.73,ACTIVE,RELAY,P4,1,1,1,2,3,0,0.28,0
100.0,3,-499.6,-774.7,76.0,97.85,ACTIVE,RELAY,P3,1,1,1,1,0,0,0.17,0
100.0,4,-23.1,-691.7,84.0,94.69,ACTIVE,SURVEY,P3,1,1,1,2,3,0,0.09,0
100.0,5,-628.6,-812.8,92.0,97.92,ACTIVE,RELAY,P3,1,1,1,1,0,1,0.49,0
101.1,1,-383.3,-41.7,60.0,94.6,ACTIVE,SURVEY,P4,1,1,1,3,2,0,0.39,0
101.1,2,-201.3,-442.1,68.0,94.68,ACTIVE,RELAY,P4,1,1,1,2,3,0,0.28,0
101.1,3,-484.3,-773.3,76.0,97.79,ACTIVE,RELAY,P3,1,1,1,1,0,0,0.17,0
101.1,4,-8.5,-696.5,84.0,94.64,ACTIVE,SURVEY,P3,1,1,1,2,3,0,0.07,0
101.1,5,-613.3,-810.8,92.0,97.86,ACTIVE,RELAY,P3,1,1,1,1,0,1,0.49,0
102.0,1,-369.6,-37.3,60.0,94.55,ACTIVE,SURVEY,P4,1,1,1,3,2,0,0.32,0
102.0,2,-188.6,-435.3,68.0,94.62,ACTIVE,RELAY,P4,1,1,1,2,3,0,0.21,0
102.0,3,-470.0,-772.1,76.0,97.74,ACTIVE,RELAY,P3,1,1,1,1,0,0,0.17,0
102.0,4,5.1,-701.0,84.0,94.58,ACTIVE,SURVEY,P3,1,1,1,2,3,0,0.02,0
102.0,5,-599.1,-808.8,92.0,97.81,ACTIVE,RELAY,P3,1,1,1,1,0,1,0.49,0
103.0,1,-355.0,-32.5,60.0,94.49,ACTIVE,SURVEY,P4,1,1,1,3,2,0,0.28,0
103.0,2,-175.0,-428.1,68.0,94.57,ACTIVE,RELAY,P4,1,1,1,2,3,0,0.28,0
103.0,3,-454.7,-770.8,76.0,97.68,ACTIVE,RELAY,P3,1,1,1,1,0,0,0.17,0
103.0,4,19.7,-705.9,84.0,94.53,ACTIVE,SURVEY,P3,1,1,1,2,3,0,0.09,0
103.0,5,-583.8,-806.8,92.0,97.76,ACTIVE,RELAY,P3,1,1,1,1,0,1,0.49,0
104.1,1,-340.4,-27.8,60.0,94.43,ACTIVE,SURVEY,P4,1,1,1,3,2,0,0.39,0
104.1,2,-161.5,-420.9,68.0,94.51,ACTIVE,RELAY,P4,1,1,1,2,3,0,0.24,0
104.1,3,-439.4,-769.4,76.0,97.63,ACTIVE,RELAY,P3,1,1,1,1,0,0,0.23,0
104.1,4,33.6,-710.5,84.0,94.47,ACTIVE,SURVEY,P3,1,1,1,2,3,0,0.09,0
104.1,5,-568.6,-804.7,92.0,97.7,ACTIVE,RELAY,P3,1,1,1,1,0,1,0.49,0
105.0,1,-326.7,-23.4,60.0,94.38,ACTIVE,SURVEY,P4,1,1,1,3,2,0,0.32,0
105.0,2,-148.8,-414.2,68.0,94.46,ACTIVE,RELAY,P4,1,1,1,2,3,0,0.28,0
105.0,3,-425.0,-768.2,76.0,97.57,ACTIVE,RELAY,P3,1,1,1,1,0,0,0.15,0
105.0,4,33.6,-710.5,84.0,94.42,ACTIVE,SURVEY,P3,1,1,1,2,3,0,0.02,0
105.0,5,-554.4,-802.8,92.0,97.65,ACTIVE,RELAY,P3,1,1,1,1,0,1,0.49,0
106.0,1,-312.0,-18.7,60.0,94.33,ACTIVE,SURVEY,P4,1,1,1,3,2,0,0.32,0
106.0,2,-135.2,-407.0,68.0,94.4,ACTIVE,RELAY,P4,1,1,1,2,3,0,0.28,0
106.0,3,-409.7,-766.8,76.0,97.52,ACTIVE,RELAY,P3,1,1,1,1,0,0,0.17,0
106.0,4,33.6,-710.5,84.0,94.37,ACTIVE,SURVEY,P3,1,1,1,2,3,0,0.09,0
106.0,5,-539.1,-800.8,92.0,97.59,ACTIVE,RELAY,P3,1,1,1,1,0,1,0.47,0
107.0,1,-298.3,-14.2,60.0,94.27,ACTIVE,SURVEY,P4,1,1,1,3,2,0,0.28,0
107.0,2,-122.5,-400.2,68.0,94.35,ACTIVE,RELAY,P4,1,1,1,2,3,0,0.21,0
107.0,3,-395.4,-765.6,76.0,97.47,ACTIVE,RELAY,P3,1,1,1,1,0,0,0.17,0
107.0,4,33.6,-710.5,84.0,94.32,ACTIVE,SURVEY,P3,1,1,1,2,3,0,0.02,0
107.0,5,-533.3,-800.0,92.0,97.54,ACTIVE,RELAY,P3,1,1,1,1,0,1,0.43,0
108.0,1,-283.7,-9.5,60.0,94.22,ACTIVE,SURVEY,P4,1,1,1,3,2,0,0.32,0
108.0,2,-108.9,-393.0,68.0,94.29,ACTIVE,RELAY,P4,1,1,1,2,3,0,0.26,0
108.0,3,-380.1,-764.2,76.0,97.41,ACTIVE,RELAY,P3,1,1,1,1,0,0,0.17,0
108.0,4,33.6,-710.5,84.0,94.27,ACTIVE,SURVEY,P3,1,1,1,2,3,0,0.09,0
108.0,5,-533.3,-800.0,92.0,97.49,ACTIVE,RELAY,P3,1,1,1,1,0,1,0.47,0
109.1,1,-269.1,-4.8,60.0,94.16,ACTIVE,SURVEY,P4,1,1,1,3,2,0,0.39,0
109.1,2,-95.4,-385.8,68.0,94.24,ACTIVE,RELAY,P4,1,1,1,2,3,0,0.28,0
109.1,3,-364.8,-762.9,76.0,97.35,ACTIVE,RELAY,P3,1,1,1,1,0,0,0.17,0
109.1,4,33.6,-710.5,84.0,94.22,ACTIVE,SURVEY,P3,1,1,1,2,3,0,0.09,0
109.1,5,-533.3,-800.0,92.0,97.44,ACTIVE,RELAY,P3,1,1,1,1,0,1,0.49,0
110.0,1,-255.4,-0.4,60.0,94.11,ACTIVE,SURVEY,P4,1,1,1,3,2,0,0.32,0
110.0,2,-82.6,-379.0,68.0,94.18,ACTIVE,RELAY,P4,1,1,1,2,3,0,0.21,0
110.0,3,-350.4,-761.7,76.0,97.3,ACTIVE,RELAY,P3,1,1,1,1,0,0,0.17,0
110.0,4,33.6,-710.5,84.0,94.17,ACTIVE,SURVEY,P3,1,1,1,2,3,0,0.02,0
110.0,5,-533.3,-800.0,92.0,97.39,ACTIVE,RELAY,P3,1,1,1,1,0,1,0.47,0
111.0,1,-240.8,4.4,60.0,94.05,ACTIVE,SURVEY,P4,1,1,1,3,2,0,0.3,0
111.0,2,-69.1,-371.8,68.0,94.13,ACTIVE,RELAY,P4,1,1,1,2,3,0,0.28,0
111.0,3,-335.1,-760.3,76.0,97.24,ACTIVE,RELAY,P3,1,1,1,1,0,0,0.17,0
111.0,4,33.6,-710.5,84.0,94.12,ACTIVE,SURVEY,P3,1,1,1,2,3,0,0.09,0
111.0,5,-533.3,-800.0,92.0,97.34,ACTIVE,RELAY,P3,1,1,1,1,0,1,0.49,0
112.1,1,-226.2,9.1,60.0,93.99,ACTIVE,SURVEY,P4,1,1,1,3,2,0,0.39,0
112.1,2,-55.5,-364.6,68.0,94.07,ACTIVE,RELAY,P4,1,1,1,2,3,0,0.26,0
112.1,3,-319.8,-759.0,76.0,97.19,ACTIVE,RELAY,P3,1,1,1,1,0,0,0.23,0
112.1,4,33.6,-710.5,84.0,94.07,ACTIVE,SURVEY,P3,1,1,1,2,3,0,0.07,0
112.1,5,-533.3,-800.0,92.0,97.29,ACTIVE,RELAY,P3,1,1,1,1,0,1,0.49,0
113.0,1,-212.5,13.5,60.0,93.94,ACTIVE,SURVEY,P4,1,1,1,3,2,0,0.32,0
113.0,2,-42.8,-357.8,68.0,94.02,ACTIVE,RELAY,P4,1,1,1,2,3,0,0.28,0
113.0,3,-305.5,-757.7,76.0,97.13,ACTIVE,RELAY,P3,1,1,1,1,0,0,0.17,0
113.0,4,33.6,-710.5,84.0,94.02,ACTIVE,SURVEY,P3,1,1,1,2,3,0,0.0,0
113.0,5,-533.3,-800.0,92.0,97.24,ACTIVE,RELAY,P3,1,1,1,1,0,1,0.45,0
114.0,1,-197.9,18.2,60.0,93.89,ACTIVE,SURVEY,P4,1,1,1,3,2,0,0.3,0
114.0,2,-29.2,-350.6,68.0,93.96,ACTIVE,RELAY,P4,1,1,1,2,3,0,0.28,0
114.0,3,-290.2,-756.4,76.0,97.08,ACTIVE,RELAY,P3,1,1,1,1,0,1,0.17,0
114.0,4,33.6,-710.5,84.0,93.97,ACTIVE,SURVEY,P3,1,1,1,2,3,2,0.6,0
114.0,5,-533.3,-800.0,92.0,97.19,ACTIVE,RELAY,P3,1,1,1,1,0,1,0.47,0
115.0,1,-184.2,22.7,60.0,93.83,ACTIVE,SURVEY,P4,1,1,1,3,2,0,0.26,0
115.0,2,-16.5,-343.9,68.0,93.91,ACTIVE,RELAY,P4,1,1,1,2,3,0,0.12,0
115.0,3,-275.8,-755.2,76.0,97.03,ACTIVE,RELAY,P3,1,1,1,1,0,1,0.62,0
115.0,4,33.6,-710.5,84.0,93.92,ACTIVE,SURVEY,P3,1,1,1,2,5,0,0.25,0
115.0,5,-533.3,-800.0,92.0,97.14,ACTIVE,RELAY,P3,1,1,1,1,0,4,0.25,0
116.0,1,-169.5,27.4,60.0,93.78,ACTIVE,SURVEY,P4,1,1,1,4,2,0,0.13,0
116.0,2,-3.0,-336.6,68.0,93.85,ACTIVE,RELAY,P4,1,1,1,3,3,0,0.22,0
116.0,3,-260.5,-753.8,76.0,96.97,ACTIVE,RELAY,P3,1,1,1,2,5,0,0.13,0
116.0,4,33.6,-710.5,84.0,93.87,ACTIVE,SURVEY,P3,1,1,1,2,5,2,0.24,0
116.0,5,-533.3,-800.0,92.0,97.09,ACTIVE,RELAY,P3,1,1,1,1,0,4,0.26,0
117.1,1,-154.9,32.1,60.0,93.72,ACTIVE,SURVEY,P4,1,1,1,4,2,0,0.36,0
117.1,2,10.6,-329.4,68.0,93.8,ACTIVE,RELAY,P4,1,1,1,3,3,0,0.05,0
117.1,3,-245.2,-752.5,76.0,96.91,ACTIVE,RELAY,P3,1,1,1,2,5,0,0.04,0
117.1,4,33.6,-710.5,84.0,93.82,ACTIVE,SURVEY,P3,1,1,1,2,5,1,0.5,0
117.1,5,-533.3,-800.0,92.0,97.04,ACTIVE,RELAY,P3,1,1,1,1,0,4,0.41,0
118.0,1,-141.2,36.5,60.0,93.67,ACTIVE,SURVEY,P4,1,1,1,4,2,0,0.21,0
118.0,2,12.7,-328.3,68.0,93.75,ACTIVE,RELAY,P4,1,1,1,3,3,0,0.04,0
118.0,3,-230.9,-751.2,76.0,96.86,ACTIVE,RELAY,P3,1,1,1,2,5,0,0.55,0
118.0,4,33.6,-710.5,84.0,93.77,ACTIVE,SURVEY,P3,1,1,1,2,5,0,0.53,0
118.0,5,-533.3,-800.0,92.0,96.99,ACTIVE,RELAY,P3,1,1,1,1,0,9,0.44,0
119.0,1,-126.6,41.2,60.0,93.61,ACTIVE,SURVEY,P4,1,1,1,4,2,0,0.22,0
119.0,2,12.7,-328.3,68.0,93.7,ACTIVE,RELAY,P4,1,1,1,3,3,0,0.17,0
119.0,3,-216.7,-750.0,76.0,96.8,ACTIVE,RELAY,P3,1,1,1,2,5,0,0.0,0
119.0,4,33.6,-710.5,84.0,93.72,ACTIVE,SURVEY,P3,1,1,1,2,5,0,0.0,0
119.0,5,-533.3,-800.0,92.0,96.94,ACTIVE,RELAY,P3,1,1,1,1,0,3,0.31,0
120.1,1,-112.0,46.0,60.0,93.55,ACTIVE,SURVEY,P4,1,1,1,4,2,0,0.36,0
120.1,2,12.7,-328.3,68.0,93.64,ACTIVE,RELAY,P4,1,1,1,3,3,0,0.24,0
120.1,3,-216.7,-750.0,76.0,96.75,ACTIVE,RELAY,P3,1,1,1,2,5,0,0.1,0
120.1,4,33.6,-710.5,84.0,93.67,ACTIVE,SURVEY,P3,1,1,1,2,5,0,0.42,0
120.1,5,-533.3,-800.0,92.0,96.89,ACTIVE,RELAY,P3,1,1,1,1,0,4,0.42,0
121.0,1,-98.3,50.4,60.0,93.5,ACTIVE,SURVEY,P4,1,1,1,4,2,0,0.07,0
121.0,2,12.7,-328.3,68.0,93.6,ACTIVE,RELAY,P4,1,1,1,3,3,0,0.04,0
121.0,3,-216.7,-750.0,76.0,96.7,ACTIVE,RELAY,P3,1,1,1,2,5,0,0.0,0
121.0,4,33.6,-710.5,84.0,93.62,ACTIVE,SURVEY,P3,1,1,1,2,5,0,0.36,0
121.0,5,-533.3,-800.0,92.0,96.84,ACTIVE,RELAY,P3,1,1,1,1,0,2,0.38,0
122.0,1,-83.7,55.1,60.0,93.45,ACTIVE,SURVEY,P4,1,1,1,4,2,0,0.17,0
122.0,2,12.7,-328.3,68.0,93.55,ACTIVE,RELAY,P4,1,1,1,3,3,0,0.1,0
122.0,3,-216.7,-750.0,76.0,96.65,ACTIVE,RELAY,P3,1,1,1,2,5,0,0.55,0
122.0,4,33.6,-710.5,84.0,93.57,ACTIVE,SURVEY,P3,1,1,1,2,5,1,0.43,0
122.0,5,-533.3,-800.0,92.0,96.79,ACTIVE,RELAY,P3,1,1,1,1,0,8,0.47,0
123.0,1,-70.0,59.5,60.0,93.39,ACTIVE,SURVEY,P4,1,1,1,4,2,0,0.13,0
123.0,2,12.7,-328.3,68.0,93.5,ACTIVE,RELAY,P4,1,1,1,3,3,0,0.37,0
123.0,3,-216.7,-750.0,76.0,96.61,ACTIVE,RELAY,P3,1,1,1,2,5,0,0.11,0
123.0,4,33.6,-710.5,84.0,93.52,ACTIVE,SURVEY,P3,1,1,1,2,5,0,0.37,0
123.0,5,-533.3,-800.0,92.0,96.74,ACTIVE,RELAY,P3,1,1,1,1,0,1,0.37,0
124.0,1,-55.3,64.3,60.0,93.34,ACTIVE,SURVEY,P4,1,1,1,4,2,0,0.28,0
124.0,2,12.7,-328.3,68.0,93.45,ACTIVE,RELAY,P4,1,1,1,3,3,0,0.24,0
124.0,3,-216.7,-750.0,76.0,96.55,ACTIVE,RELAY,P3,1,1,1,2,5,0,0.15,0
124.0,4,33.6,-710.5,84.0,93.47,ACTIVE,SURVEY,P3,1,1,1,2,5,0,0.09,0
124.0,5,-533.3,-800.0,92.0,96.69,ACTIVE,RELAY,P3,1,1,1,1,0,1,0.47,0
125.1,1,-56.0,77.2,60.0,93.28,ACTIVE,SURVEY,P5,1,1,1,4,2,0,0.34,0
125.1,2,12.7,-316.8,68.0,93.39,ACTIVE,RELAY,P4,1,1,1,3,3,0,0.26,0
125.1,3,-218.1,-739.5,76.0,96.5,ACTIVE,RELAY,P4,1,1,1,2,5,0,0.14,0
125.1,4,35.5,-703.0,84.0,93.42,ACTIVE,SURVEY,P4,1,1,1,2,5,0,0.09,0
125.1,5,-535.3,-785.7,92.0,96.63,ACTIVE,RELAY,P4,1,1,1,1,0,1,0.47,0
126.0,1,-59.9,91.0,60.0,93.23,ACTIVE,SURVEY,P5,1,1,1,4,2,0,0.3,0
126.0,2,12.6,-302.4,68.0,93.34,ACTIVE,RELAY,P4,1,1,1,3,3,0,0.19,0
126.0,3,-220.1,-725.3,76.0,96.45,ACTIVE,RELAY,P4,1,1,1,2,5,0,0.15,0
126.0,4,39.0,-689.1,84.0,93.37,ACTIVE,SURVEY,P4,1,1,1,2,5,0,0.02,0
126.0,5,-537.2,-771.5,92.0,96.58,ACTIVE,RELAY,P4,1,1,1,1,0,1,0.47,0
127.0,1,-64.0,105.8,60.0,93.17,ACTIVE,SURVEY,P5,1,1,1,4,2,0,0.3,0
127.0,2,12.6,-287.0,68.0,93.28,ACTIVE,RELAY,P4,1,1,1,3,3,0,0.26,0
127.0,3,-222.1,-710.1,76.0,96.39,ACTIVE,RELAY,P4,1,1,1,2,5,0,0.14,0
127.0,4,42.7,-674.2,84.0,93.31,ACTIVE,SURVEY,P4,1,1,1,2,5,0,0.09,0
127.0,5,-539.3,-756.3,92.0,96.52,ACTIVE,RELAY,P4,1,1,1,1,0,1,0.49,0
128.1,1,-68.2,120.6,60.0,93.11,ACTIVE,SURVEY,P5,1,1,1,4,2,0,0.36,0
128.1,2,12.6,-271.7,68.0,93.23,ACTIVE,RELAY,P4,1,1,1,3,3,0,0.24,0
128.1,3,-224.2,-694.8,76.0,96.33,ACTIVE,RELAY,P4,1,1,1,2,5,0,0.21,0
128.1,4,46.5,-659.3,84.0,93.25,ACTIVE,SURVEY,P4,1,1,1,2,5,0,0.09,0
128.1,5,-541.4,-741.0,92.0,96.47,ACTIVE,RELAY,P4,1,1,1,1,0,1,0.49,0
129.0,1,-72.1,134.5,60.0,93.06,ACTIVE,SURVEY,P5,1,1,1,4,2,0,0.26,0
129.0,2,12.6,-257.3,68.0,93.17,ACTIVE,RELAY,P4,1,1,1,3,3,0,0.25,0
129.0,3,-226.2,-680.6,76.0,96.28,ACTIVE,RELAY,P4,1,1,1,2,5,0,0.14,0
129.0,4,50.0,-645.3,84.0,93.2,ACTIVE,SURVEY,P4,1,1,1,2,5,0,0.02,0
129.0,5,-543.4,-726.8,92.0,96.41,ACTIVE,RELAY,P4,1,1,1,1,0,1,0.49,0
130.0,1,-76.2,149.3,60.0,93.01,ACTIVE,SURVEY,P5,1,1,1,4,2,0,0.3,0
130.0,2,12.6,-241.9,68.0,93.12,ACTIVE,RELAY,P4,1,1,1,3,3,0,0.26,0
130.0,3,-228.3,-665.4,76.0,96.23,ACTIVE,RELAY,P4,1,1,1,2,5,0,0.15,0
130.0,4,53.7,-630.4,84.0,93.14,ACTIVE,SURVEY,P4,1,1,1,3,3,0,0.04,0
130.0,5,-545.5,-711.5,92.0,96.36,ACTIVE,RELAY,P4,1,1,1,1,0,1,0.49,0
131.0,1,-80.1,163.1,60.0,92.95,ACTIVE,SURVEY,P5,1,1,1,4,2,0,0.3,0
131.0,2,12.6,-227.5,68.0,93.06,ACTIVE,RELAY,P4,1,1,1,3,3,0,0.19,0
131.0,3,-230.2,-651.1,76.0,96.17,ACTIVE,RELAY,P4,1,1,1,2,5,0,0.14,0
131.0,4,57.2,-616.4,84.0,93.09,ACTIVE,SURVEY,P4,1,1,1,3,3,0,0.0,0
131.0,5,-547.4,-697.3,92.0,96.31,ACTIVE,RELAY,P4,1,1,1,1,0,1,0.42,0
132.0,1,-84.3,177.9,60.0,92.9,ACTIVE,SURVEY,P5,1,1,1,4,2,0,0.3,0
132.0,2,12.6,-212.2,68.0,93.01,ACTIVE,RELAY,P4,1,1,1,3,3,0,0.26,0
132.0,3,-232.3,-635.9,76.0,96.12,ACTIVE,RELAY,P4,1,1,1,2,5,0,0.15,0
132.0,4,60.9,-601.5,84.0,93.03,ACTIVE,SURVEY,P4,1,1,1,3,3,0,0.07,0
132.0,5,-549.5,-682.1,92.0,96.25,ACTIVE,RELAY,P4,1,1,1,1,0,1,0.49,0
133.1,1,-88.4,192.7,60.0,92.84,ACTIVE,SURVEY,P5,1,1,1,4,2,0,0.36,0
133.1,2,12.6,-196.8,68.0,92.95,ACTIVE,RELAY,P4,1,1,1,3,3,0,0.26,0
133.1,3,-234.4,-620.7,76.0,96.06,ACTIVE,RELAY,P4,1,1,1,2,5,0,0.14,0
133.1,4,64.7,-586.6,84.0,92.98,ACTIVE,SURVEY,P4,1,1,1,3,3,0,0.07,0
133.1,5,-551.6,-666.8,92.0,96.19,ACTIVE,RELAY,P4,1,1,1,1,0,1,0.49,0
134.0,1,-92.3,206.6,60.0,92.79,ACTIVE,SURVEY,P5,1,1,1,4,2,0,0.3,0
134.0,2,12.6,-182.4,68.0,92.9,ACTIVE,RELAY,P4,1,1,1,3,3,0,0.19,0
134.0,3,-236.4,-606.4,76.0,96.01,ACTIVE,RELAY,P4,1,1,1,2,5,0,0.13,0
134.0,4,68.2,-572.7,84.0,92.93,ACTIVE,SURVEY,P4,1,1,1,3,3,0,0.51,0
134.0,5,-553.6,-652.6,92.0,96.14,ACTIVE,RELAY,P4,1,1,1,1,0,1,0.49,0
135.0,1,-96.5,221.3,60.0,92.73,ACTIVE,SURVEY,P5,1,1,1,4,2,0,0.3,0
135.0,2,12.6,-167.0,68.0,92.84,ACTIVE,RELAY,P4,1,1,1,3,3,0,0.26,0
135.0,3,-238.5,-591.2,76.0,95.95,ACTIVE,RELAY,P4,1,1,1,2,5,0,0.14,0
135.0,4,71.9,-557.8,84.0,92.87,ACTIVE,SURVEY,P4,1,1,1,3,3,0,0.07,0
135.0,5,-555.7,-637.4,92.0,96.08,ACTIVE,RELAY,P4,1,1,1,1,0,1,0.49,0
136.1,1,-100.7,236.1,60.0,92.67,ACTIVE,SURVEY,P5,1,1,1,4,2,0,0.36,0
136.1,2,12.6,-151.7,68.0,92.79,ACTIVE,RELAY,P4,1,1,1,3,3,0,0.26,0
136.1,3,-240.6,-576.0,76.0,95.89,ACTIVE,RELAY,P4,1,1,1,2,5,0,0.21,0
136.1,4,75.6,-542.9,84.0,92.81,ACTIVE,SURVEY,P4,1,1,1,3,3,0,0.07,0
136.1,5,-557.7,-622.1,92.0,96.03,ACTIVE,RELAY,P4,1,1,1,1,0,1,0.48,0
137.0,1,-104.5,250.0,60.0,92.62,ACTIVE,SURVEY,P5,1,1,1,4,2,0,0.3,0
137.0,2,12.5,-137.3,68.0,92.73,ACTIVE,RELAY,P4,1,1,1,3,3,0,0.26,0
137.0,3,-242.5,-561.7,76.0,95.84,ACTIVE,RELAY,P4,1,1,1,2,5,0,0.14,0
137.0,4,79.1,-528.9,84.0,92.76,ACTIVE,SURVEY,P4,1,1,1,3,3,0,0.49,0
137.0,5,-559.7,-607.9,92.0,95.97,ACTIVE,RELAY,P4,1,1,1,1,0,1,0.49,0
138.0,1,-108.7,264.8,60.0,92.57,ACTIVE,SURVEY,P5,1,1,1,4,2,0,0.28,0
138.0,2,12.5,-121.9,68.0,92.68,ACTIVE,RELAY,P4,1,1,1,3,3,0,0.24,0
138.0,3,-244.6,-546.5,76.0,95.79,ACTIVE,RELAY,P4,1,1,1,2,5,0,0.15,0
138.0,4,82.8,-514.0,84.0,92.7,ACTIVE,SURVEY,P4,1,1,1,3,3,0,0.07,0
138.0,5,-561.8,-592.7,92.0,95.92,ACTIVE,RELAY,P4,1,1,1,1,0,1,0.49,0
139.0,1,-112.6,278.6,60.0,92.51,ACTIVE,SURVEY,P5,1,1,1,4,2,0,0.3,0
139.0,2,12.5,-107.5,68.0,92.62,ACTIVE,RELAY,P4,1,1,1,3,3,0,0.14,0
139.0,3,-246.6,-532.2,76.0,95.73,ACTIVE,RELAY,P4,1,1,1,2,5,0,0.14,0
139.0,4,86.3,-500.0,84.0,92.65,ACTIVE,SURVEY,P4,1,1,1,3,3,0,0.0,0
139.0,5,-562.5,-587.5,92.0,95.87,ACTIVE,RELAY,P4,1,1,1,1,0,1,0.42,0
140.0,1,-116.8,293.4,60.0,92.46,ACTIVE,SURVEY,P5,1,1,1,4,2,0,0.28,0
140.0,2,12.5,-92.2,68.0,92.57,ACTIVE,RELAY,P4,1,1,1,3,3,0,0.26,0
140.0,3,-248.6,-517.0,76.0,95.68,ACTIVE,RELAY,P4,1,1,1,2,5,0,0.15,0
140.0,4,90.1,-485.1,84.0,92.59,ACTIVE,SURVEY,P4,1,1,1,3,3,0,0.07,0
140.0,5,-562.5,-587.5,92.0,95.82,ACTIVE,RELAY,P4,1,1,1,1,0,1,0.49,0
141.1,1,-120.9,308.2,60.0,92.4,ACTIVE,SURVEY,P5,1,1,1,4,2,0,0.36,0
141.1,2,12.5,-76.8,68.0,92.51,ACTIVE,RELAY,P4,1,1,1,3,3,0,0.26,0
141.1,3,-250.7,-501.8,76.0,95.62,ACTIVE,RELAY,P4,1,1,1,2,5,0,0.14,0
141.1,4,93.8,-470.2,84.0,92.54,ACTIVE,SURVEY,P4,1,1,1,3,3,0,0.07,0
141.1,5,-562.5,-587.5,92.0,95.77,ACTIVE,RELAY,P4,1,1,1,1,0,1,0.47,0
142.0,1,-124.8,322.1,60.0,92.35,ACTIVE,SURVEY,P5,1,1,1,4,2,0,0.3,0
142.0,2,12.5,-62.5,68.0,92.46,ACTIVE,RELAY,P4,1,1,1,3,3,0,0.19,0
142.0,3,-252.7,-487.5,76.0,95.57,ACTIVE,RELAY,P4,1,1,1,2,5,0,0.13,0
142.0,4,97.3,-456.3,84.0,92.49,ACTIVE,SURVEY,P4,1,1,1,3,3,0,0.51,0
142.0,5,-562.5,-587.5,92.0,95.72,ACTIVE,RELAY,P4,1,1,1,1,0,1,0.49,0
143.0,1,-129.0,336.9,60.0,92.29,ACTIVE,SURVEY,P5,1,1,1,4,2,0,0.3,0
143.0,2,12.5,-62.5,68.0,92.41,ACTIVE,RELAY,P4,1,1,1,3,3,0,0.26,0
143.0,3,-254.8,-472.3,76.0,95.51,ACTIVE,RELAY,P4,1,1,1,2,5,0,0.14,0
143.0,4,101.0,-441.4,84.0,92.43,ACTIVE,SURVEY,P4,1,1,1,3,3,0,0.06,0
143.0,5,-562.5,-587.5,92.0,95.67,ACTIVE,RELAY,P4,1,1,1,1,0,1,0.49,0
144.1,1,-133.1,351.7,60.0,92.23,ACTIVE,SURVEY,P5,1,1,1,4,2,0,0.36,0
144.1,2,12.5,-62.5,68.0,92.36,ACTIVE,RELAY,P4,1,1,1,3,3,0,0.26,0
144.1,3,-256.9,-457.1,76.0,95.45,ACTIVE,RELAY,P4,1,1,1,2,5,0,0.21,0
144.1,4,104.8,-426.5,84.0,92.37,ACTIVE,SURVEY,P4,1,1,1,3,3,0,0.04,0
144.1,5,-562.5,-587.5,92.0,95.62,ACTIVE,RELAY,P4,1,1,1,1,0,1,0.46,0
145.0,1,-137.0,365.5,60.0,92.18,ACTIVE,SURVEY,P5,1,1,1,4,2,0,0.3,0
145.0,2,12.5,-62.5,68.0,92.31,ACTIVE,RELAY,P4,1,1,1,3,3,0,0.26,0
145.0,3,-258.8,-442.8,76.0,95.4,ACTIVE,RELAY,P4,1,1,1,2,5,0,0.14,0
145.0,4,108.3,-412.5,84.0,92.32,ACTIVE,SURVEY,P4,1,1,1,3,3,0,0.49,0
145.0,5,-562.5,-587.5,92.0,95.57,ACTIVE,RELAY,P4,1,1,1,1,0,1,0.49,0
146.0,1,-141.2,380.3,60.0,92.13,ACTIVE,SURVEY,P5,1,1,1,4,2,0,0.28,0
146.0,2,12.5,-62.5,68.0,92.26,ACTIVE,RELAY,P4,1,1,1,3,3,0,0.24,0
146.0,3,-260.9,-427.6,76.0,95.35,ACTIVE,RELAY,P4,1,1,1,2,5,0,0.15,0
146.0,4,112.0,-397.6,84.0,92.26,ACTIVE,SURVEY,P4,1,1,1,3,3,0,0.07,0
146.0,5,-562.5,-587.5,92.0,95.52,ACTIVE,RELAY,P4,1,1,1,1,0,1,0.49,0
147.0,1,-145.1,394.2,60.0,92.07,ACTIVE,SURVEY,P5,1,1,1,4,2,0,0.3,0
147.0,2,12.5,-62.5,68.0,92.21,ACTIVE,RELAY,P4,1,1,1,3,3,0,0.19,0
147.0,3,-262.9,-413.3,76.0,95.29,ACTIVE,RELAY,P4,1,1,1,2,5,0,0.14,0
147.0,4,115.5,-383.6,84.0,92.21,ACTIVE,SURVEY,P4,1,1,1,3,3,0,0.0,0
147.0,5,-562.5,-587.5,92.0,95.47,ACTIVE,RELAY,P4,1,1,1,1,0,1,0.42,0
148.0,1,-149.2,409.0,60.0,92.02,ACTIVE,SURVEY,P5,1,1,1,4,2,0,0.3,0
148.0,2,12.5,-62.5,68.0,92.16,ACTIVE,RELAY,P4,1,1,1,3,3,0,0.26,0
148.0,3,-265.0,-398.1,76.0,95.24,ACTIVE,RELAY,P4,1,1,1,2,5,0,0.15,0
148.0,4,119.2,-368.7,84.0,92.15,ACTIVE,SURVEY,P4,1,1,1,3,3,0,0.07,0
148.0,5,-562.5,-587.5,92.0,95.42,ACTIVE,RELAY,P4,1,1,1,1,0,1,0.49,0
149.1,1,-153.4,423.7,60.0,91.96,ACTIVE,SURVEY,P5,1,1,1,4,2,0,0.36,0
149.1,2,12.5,-62.5,68.0,92.11,ACTIVE,RELAY,P4,1,1,1,3,3,0,0.24,0
149.1,3,-267.1,-382.9,76.0,95.18,ACTIVE,RELAY,P4,1,1,1,2,5,0,0.14,0
149.1,4,123.0,-353.8,84.0,92.1,ACTIVE,SURVEY,P4,1,1,1,3,3,0,0.07,0
149.1,5,-562.5,-587.5,92.0,95.37,ACTIVE,RELAY,P4,1,1,1,1,0,1,0.49,0
150.0,1,-157.3,437.6,60.0,91.91,ACTIVE,SURVEY,P5,1,1,0,,,0,0.28,0
150.0,2,12.5,-62.5,68.0,92.06,ACTIVE,RELAY,P4,1,1,0,,,0,0.19,0
150.0,3,-269.0,-368.6,76.0,95.13,ACTIVE,RELAY,P4,1,1,0,,,0,0.13,0
150.0,4,126.5,-339.9,84.0,92.05,ACTIVE,SURVEY,P4,1,1,0,,,1,0.51,0
150.0,5,-562.5,-587.5,91.8,95.32,EMERGENCY,RELAY,P4,0,1,0,,,0,0.49,0
151.0,1,-161.4,452.4,60.0,91.85,ACTIVE,SURVEY,P5,1,1,0,,,3,1.3,0
151.0,2,12.5,-62.5,68.0,92.01,ACTIVE,RELAY,P4,1,1,0,,,3,1.21,0
151.0,3,-271.1,-353.4,76.0,95.07,ACTIVE,RELAY,P4,1,1,0,,,2,1.15,0
151.0,4,130.2,-325.0,84.0,91.99,ACTIVE,SURVEY,P4,1,1,0,,,3,1.54,0
151.0,5,-562.5,-587.5,89.3,95.27,EMERGENCY,RELAY,P4,0,1,0,,,0,1.51,0
152.1,1,-165.6,467.2,60.0,91.79,ACTIVE,SURVEY,P5,1,1,0,,,5,2.33,0
152.1,2,12.5,-62.5,68.0,91.96,ACTIVE,RELAY,P4,1,1,0,,,5,2.24,0
152.1,3,-273.2,-338.2,76.0,95.01,ACTIVE,RELAY,P4,1,1,0,,,5,2.18,0
152.1,4,133.9,-310.1,84.0,91.93,ACTIVE,SURVEY,P4,1,1,0,,,5,2.56,0
152.1,5,-562.5,-587.5,86.7,95.22,EMERGENCY,RELAY,P4,0,1,0,,,0,2.54,0
153.0,1,-170.2,473.9,60.0,91.74,ACTIVE,SURVEY,P5,1,1,0,,,5,3.29,1
153.0,2,10.4,-64.4,68.0,91.91,ACTIVE,RELAY,P4,1,1,0,,,5,3.2,1
153.0,3,-276.3,-327.1,76.0,94.96,ACTIVE,RELAY,P4,1,1,0,,,5,3.14,1
153.0,4,129.9,-305.9,84.0,91.88,ACTIVE,SURVEY,P4,1,1,0,,,5,3.52,1
153.0,5,-562.5,-587.5,84.3,95.17,EMERGENCY,RELAY,P4,0,1,0,,,0,3.5,1
154.0,1,-177.2,460.3,60.0,91.69,ACTIVE,SURVEY,P5,1,1,0,,,5,4.31,1
154.0,2,-1.0,-74.8,68.0,91.85,ACTIVE,RELAY,P4,1,1,0,,,5,4.22,1
154.0,3,-287.7,-337.4,76.0,94.91,ACTIVE,RELAY,P4,1,1,0,,,5,4.16,1
154.0,4,116.5,-313.3,84.0,91.82,ACTIVE,SURVEY,P4,1,1,0,,,5,4.55,1
154.0,5,-562.5,-587.5,81.8,95.12,EMERGENCY,RELAY,P4,0,1,0,,,0,4.52,1
155.0,1,-183.7,447.4,60.0,91.63,ACTIVE,SURVEY,P5,1,1,0,,,5,5.27,1
155.0,2,-11.6,-84.5,68.0,91.8,ACTIVE,RELAY,P4,1,1,0,,,5,5.18,1
155.0,3,-298.3,-347.1,76.0,94.85,ACTIVE,RELAY,P4,1,1,0,,,5,5.12,1
155.0,4,103.9,-320.2,84.0,91.77,ACTIVE,SURVEY,P4,1,1,0,,,6,5.51,1
155.0,5,-562.5,-587.5,79.4,95.07,EMERGENCY,RELAY,P4,0,1,0,,,0,5.48,1
156.0,1,-190.7,433.7,60.0,91.58,ACTIVE,SURVEY,P5,1,1,0,,,5,6.3,1
156.0,2,-23.0,-94.8,68.0,91.74,ACTIVE,RELAY,P4,1,1,0,,,5,6.21,1
156.0,3,-309.7,-357.5,76.0,94.8,ACTIVE,RELAY,P4,1,1,0,,,5,6.14,1
156.0,4,90.4,-327.6,84.0,91.71,ACTIVE,SURVEY,P4,1,1,0,,,5,6.53,1
156.0,5,-562.5,-587.5,76.8,95.02,EMERGENCY,RELAY,P4,0,1,0,,,0,6.51,1
157.1,1,-197.7,420.1,60.0,91.52,ACTIVE,SURVEY,P5,1,1,0,,,5,7.32,1
157.1,2,-34.3,-105.2,68.0,91.69,ACTIVE,RELAY,P4,1,1,0,,,5,7.23,1
157.1,3,-321.0,-367.8,76.0,94.74,ACTIVE,RELAY,P4,1,1,0,,,5,7.17,1
157.1,4,77.0,-335.1,84.0,91.66,ACTIVE,SURVEY,P4,1,1,0,,,5,7.55,1
157.1,5,-562.5,-587.5,74.2,94.97,EMERGENCY,RELAY,P4,0,1,0,,,0,7.53,1
158.0,1,-204.2,407.2,60.0,91.47,ACTIVE,SURVEY,P5,1,1,0,,,5,8.28,1
158.0,2,-44.9,-114.9,68.0,91.63,ACTIVE,RELAY,P4,1,1,0,,,5,8.19,1
158.0,3,-331.7,-377.5,76.0,94.69,ACTIVE,RELAY,P4,1,1,0,,,5,8.13,1
158.0,4,64.4,-342.0,84.0,91.61,ACTIVE,SURVEY,P4,1,1,0,,,5,8.51,1
158.0,5,-562.5,-587.5,71.8,94.92,EMERGENCY,RELAY,P4,0,1,0,,,0,8.49,1
159.0,1,-211.2,393.6,60.0,91.41,ACTIVE,SURVEY,P5,1,1,0,,,5,9.3,1
159.0,2,-56.3,-125.3,68.0,91.58,ACTIVE,RELAY,P4,1,1,0,,,5,9.21,1
159.0,3,-343.0,-387.9,76.0,94.63,ACTIVE,RELAY,P4,1,1,0,,,5,9.15,1
159.0,4,50.9,-349.4,84.0,91.55,ACTIVE,SURVEY,P4,1,1,0,,,5,9.54,1
159.0,5,-562.5,-587.5,69.3,94.87,EMERGENCY,RELAY,P4,0,1,0,,,0,9.51,1
160.1,1,-218.2,379.9,60.0,91.35,ACTIVE,SURVEY,P5,1,1,0,,,5,10.33,1
160.1,2,-67.6,-135.6,68.0,91.52,ACTIVE,RELAY,P4,1,1,0,,,5,10.24,1
160.1,3,-354.4,-398.2,76.0,94.57,ACTIVE,RELAY,P4,1,1,0,,,5,10.18,1
160.1,4,37.5,-356.9,84.0,91.49,ACTIVE,SURVEY,P4,1,1,0,,,5,10.56,1
160.1,5,-562.5,-587.5,66.7,94.82,EMERGENCY,RELAY,P4,0,1,0,,,0,10.54,1
161.0,1,-224.7,367.1,60.0,91.3,ACTIVE,SURVEY,P5,1,1,0,,,5,11.29,1
161.0,2,-78.3,-145.3,68.0,91.47,ACTIVE,RELAY,P4,1,1,0,,,5,11.2,1
161.0,3,-365.1,-407.9,76.0,94.52,ACTIVE,RELAY,P4,1,1,0,,,5,11.14,1
161.0,4,24.9,-363.8,84.0,91.44,ACTIVE,SURVEY,P4,1,1,0,,,5,11.52,1
161.0,5,-562.5,-587.5,64.3,94.77,EMERGENCY,RELAY,P4,0,1,0,,,0,11.5,1
162.0,1,-231.7,353.4,60.0,91.25,ACTIVE,SURVEY,P5,1,1,0,,,5,12.31,1
162.0,2,-89.6,-155.7,68.0,91.41,ACTIVE,RELAY,P4,1,1,0,,,5,12.22,1
162.0,3,-376.4,-418.2,76.0,94.47,ACTIVE,RELAY,P4,1,1,0,,,5,12.16,1
162.0,4,11.4,-371.2,84.0,91.38,ACTIVE,SURVEY,P4,1,1,0,,,5,12.55,1
162.0,5,-562.5,-587.5,61.8,94.72,EMERGENCY,RELAY,P4,0,1,0,,,0,12.52,1
163.0,1,-238.3,340.5,60.0,91.19,ACTIVE,SURVEY,P5,1,1,0,,,5,13.27,1
163.0,2,-100.3,-165.4,68.0,91.36,ACTIVE,RELAY,P4,1,1,0,,,5,13.18,1
163.0,3,-387.1,-427.9,76.0,94.41,ACTIVE,RELAY,P4,1,1,0,,,5,13.12,1
163.0,4,-1.2,-378.2,84.0,91.33,ACTIVE,SURVEY,P4,1,1,0,,,6,13.51,1
163.0,5,-562.5,-587.5,59.4,94.67,EMERGENCY,RELAY,P4,0,1,0,,,0,13.48,1
164.0,1,-245.3,326.9,60.0,91.14,ACTIVE,SURVEY,P5,1,1,0,,,5,14.3,1
164.0,2,-111.6,-175.7,68.0,91.3,ACTIVE,RELAY,P4,1,1,0,,,5,14.21,1
164.0,3,-398.4,-438.3,76.0,94.36,ACTIVE,RELAY,P4,1,1,0,,,5,14.14,1
164.0,4,-14.7,-385.6,84.0,91.27,ACTIVE,SURVEY,P4,1,1,0,,,5,14.53,1
164.0,5,-562.5,-587.5,56.8,94.62,EMERGENCY,RELAY,P4,0,1,0,,,0,14.51,1
165.1,1,-252.2,313.2,60.0,91.08,ACTIVE,SURVEY,P5,1,1,0,,,5,15.32,1
165.1,2,-123.0,-186.1,68.0,91.25,ACTIVE,RELAY,P4,1,1,0,,,5,15.23,1
165.1,3,-409.8,-448.6,76.0,94.3,ACTIVE,RELAY,P4,1,1,0,,,5,15.17,1
165.1,4,-28.1,-393.0,84.0,91.22,ACTIVE,SURVEY,P4,1,1,0,,,5,15.55,1
165.1,5,-562.5,-587.5,54.2,94.57,EMERGENCY,RELAY,P4,0,1,0,,,0,15.53,1
166.0,1,-256.5,301.4,60.0,91.03,ACTIVE,RELAY,P4,1,1,1,3,2,0,0.32,0
166.0,2,-133.6,-195.8,68.0,91.19,ACTIVE,RELAY,P4,1,1,1,2,3,0,0.17,0
166.0,3,-420.4,-458.3,76.0,94.25,ACTIVE,RELAY,P4,1,1,1,1,0,0,0.17,0
166.0,4,-21.6,-380.2,84.0,91.17,ACTIVE,SURVEY,P4,1,1,1,2,3,0,0.02,0
166.0,5,-562.5,-587.5,51.8,94.52,EMERGENCY,RELAY,P4,0,1,0,,,0,16.49,1
167.0,1,-255.3,290.3,60.0,90.97,ACTIVE,SURVEY,P4,1,1,1,3,2,0,0.32,0
167.0,2,-127.9,-190.6,68.0,91.14,ACTIVE,RELAY,P4,1,1,1,2,3,0,0.28,0
167.0,3,-431.8,-468.6,76.0,94.19,ACTIVE,RELAY,P4,1,1,1,1,0,0,0.17,0
167.0,4,-27.0,-372.6,84.0,91.11,ACTIVE,RELAY,P4,1,1,1,2,3,0,0.09,0
167.0,5,-562.5,-587.5,49.3,94.47,EMERGENCY,RELAY,P4,0,1,0,,,0,17.51,1
168.1,1,-240.3,286.8,60.0,90.91,ACTIVE,SURVEY,P4,1,1,1,3,2,0,0.39,0
168.1,2,-116.5,-180.3,68.0,91.08,ACTIVE,RELAY,P4,1,1,1,2,3,0,0.26,0
168.1,3,-443.2,-478.9,76.0,94.13,ACTIVE,RELAY,P4,1,1,1,1,0,0,0.23,0
168.1,4,-42.1,-369.7,84.0,91.05,ACTIVE,RELAY,P4,1,1,1,2,3,0,0.07,0
168.1,5,-562.5,-587.5,46.7,94.42,EMERGENCY,RELAY,P4,0,1,0,,,0,18.54,1
169.0,1,-226.3,283.5,60.0,90.86,ACTIVE,SURVEY,P4,1,1,1,3,2,0,0.32,0
169.0,2,-105.9,-170.6,68.0,91.03,ACTIVE,RELAY,P4,1,1,1,2,3,0,0.28,0
169.0,3,-453.8,-488.6,76.0,94.08,ACTIVE,RELAY,P4,1,1,1,1,0,0,0.17,0
169.0,4,-56.2,-367.0,84.0,91.0,ACTIVE,RELAY,P4,1,1,1,2,3,0,0.02,0
169.0,5,-562.5,-587.5,44.3,94.37,EMERGENCY,RELAY,P4,0,1,0,,,0,19.5,1
170.0,1,-211.4,280.0,60.0,90.81,ACTIVE,SURVEY,P4,1,1,1,3,2,0,0.32,0
170.0,2,-94.6,-160.2,68.0,90.97,ACTIVE,RELAY,P4,1,1,1,2,3,0,0.28,0
170.0,3,-465.2,-499.0,76.0,94.03,ACTIVE,RELAY,P4,1,1,1,1,0,0,0.17,0
170.0,4,-71.3,-364.1,84.0,90.94,ACTIVE,RELAY,P4,1,1,1,2,3,0,0.04,0
170.0,5,-562.5,-587.5,41.8,94.32,EMERGENCY,RELAY,P4,0,1,0,,,0,20.52,1
171.0,1,-197.4,276.7,60.0,90.75,ACTIVE,SURVEY,P4,1,1,1,3,2,0,0.32,0
171.0,2,-83.9,-150.5,68.0,90.92,ACTIVE,RELAY,P4,1,1,1,2,3,0,0.21,0
171.0,3,-475.8,-508.7,76.0,93.97,ACTIVE,RELAY,P4,1,1,1,1,0,0,0.17,0
171.0,4,-85.5,-361.4,84.0,90.89,ACTIVE,RELAY,P4,1,1,1,2,3,0,0.02,0
171.0,5,-562.5,-587.5,39.4,94.27,EMERGENCY,RELAY,P4,0,1,0,,,0,21.48,1
172.0,1,-182.4,273.1,60.0,90.7,ACTIVE,SURVEY,P4,1,1,1,3,2,0,0.32,0
172.0,2,-72.6,-140.2,68.0,90.86,ACTIVE,RELAY,P4,1,1,1,2,3,0,0.28,0
172.0,3,-487.2,-519.0,76.0,93.92,ACTIVE,RELAY,P4,1,1,1,1,0,0,0.17,0
172.0,4,-100.6,-358.5,84.0,90.83,ACTIVE,RELAY,P4,1,1,1,2,3,0,0.09,0
172.0,5,-562.5,-587.5,36.8,94.22,EMERGENCY,RELAY,P4,0,1,0,,,0,22.51,1
173.1,1,-167.5,269.6,60.0,90.64,ACTIVE,SURVEY,P4,1,1,1,3,2,0,0.36,0
173.1,2,-61.2,-129.8,68.0,90.81,ACTIVE,RELAY,P4,1,1,1,2,3,0,0.28,0
173.1,3,-498.6,-529.3,76.0,93.86,ACTIVE,RELAY,P4,1,1,1,1,0,0,0.14,0
173.1,4,-115.6,-355.6,84.0,90.78,ACTIVE,RELAY,P4,1,1,1,2,3,0,0.09,0
173.1,5,-562.5,-587.5,34.2,94.17,EMERGENCY,RELAY,P4,0,1,0,,,0,23.53,1
174.0,1,-153.5,266.3,60.0,90.59,ACTIVE,SURVEY,P4,1,1,1,4,2,0,0.3,0
174.0,2,-50.6,-120.1,68.0,90.75,ACTIVE,RELAY,P4,1,1,1,3,4,0,0.19,0
174.0,3,-509.2,-539.0,76.0,93.81,ACTIVE,RELAY,P4,1,1,1,1,0,0,0.17,0
174.0,4,-129.8,-352.9,84.0,90.73,ACTIVE,RELAY,P4,1,1,1,2,3,0,0.02,0
174.0,5,-562.5,-587.5,31.8,94.12,EMERGENCY,RELAY,P4,0,1,0,,,0,24.49,1
175.0,1,-138.5,262.8,60.0,90.53,ACTIVE,SURVEY,P4,1,1,1,4,2,0,0.3,0
175.0,2,-39.3,-109.7,68.0,90.7,ACTIVE,RELAY,P4,1,1,1,3,4,0,0.26,0
175.0,3,-520.6,-549.4,76.0,93.75,ACTIVE,RELAY,P4,1,1,1,1,0,0,0.17,0
175.0,4,-144.9,-350.0,84.0,90.67,ACTIVE,RELAY,P4,1,1,1,2,3,0,0.08,0
175.0,5,-562.5,-587.5,29.3,94.07,EMERGENCY,RELAY,P4,0,1,0,,,0,25.51,1
176.1,1,-123.6,259.2,60.0,90.47,ACTIVE,SURVEY,P4,1,1,1,4,2,0,0.36,0
176.1,2,-27.9,-99.4,68.0,90.64,ACTIVE,RELAY,P4,1,1,1,3,4,0,0.26,0
176.1,3,-531.9,-559.7,76.0,93.69,ACTIVE,RELAY,P4,1,1,1,1,0,0,0.23,0
176.1,4,-160.0,-347.1,84.0,90.61,ACTIVE,RELAY,P4,1,1,1,2,3,0,0.09,0
176.1,5,-562.5,-587.5,26.7,94.02,EMERGENCY,RELAY,P4,0,1,0,,,0,26.54,1
177.0,1,-109.5,255.9,60.0,90.42,ACTIVE,SURVEY,P4,1,1,1,4,2,0,0.3,0
177.0,2,-17.3,-89.7,68.0,90.59,ACTIVE,RELAY,P4,1,1,1,3,4,0,0.26,0
177.0,3,-542.6,-569.4,76.0,93.64,ACTIVE,RELAY,P4,1,1,1,1,0,0,0.17,0
177.0,4,-174.1,-344.4,84.0,90.56,ACTIVE,RELAY,P4,1,1,1,2,3,0,0.53,0
177.0,5,-562.5,-587.5,24.3,93.97,EMERGENCY,RELAY,P4,0,1,0,,,0,27.5,1
178.0,1,-94.6,252.4,60.0,90.37,ACTIVE,SURVEY,P4,1,1,1,4,2,0,0.3,0
178.0,2,-5.9,-79.3,68.0,90.53,ACTIVE,RELAY,P4,1,1,1,3,4,0,0.24,0
178.0,3,-547.7,-574.0,76.0,93.59,ACTIVE,RELAY,P4,1,1,1,1,0,0,0.17,0
178.0,4,-189.2,-341.5,84.0,90.5,ACTIVE,RELAY,P4,1,1,1,2,3,0,0.09,0
178.0,5,-562.5,-587.5,21.8,93.92,EMERGENCY,RELAY,P4,0,1,0,,,0,28.52,1
179.0,1,-80.6,249.1,60.0,90.31,ACTIVE,SURVEY,P4,1,1,1,4,2,0,0.3,0
179.0,2,4.7,-69.6,68.0,90.48,ACTIVE,RELAY,P4,1,1,1,3,4,0,0.19,0
179.0,3,-547.7,-574.0,76.0,93.54,ACTIVE,RELAY,P4,1,1,1,1,0,0,0.17,0
179.0,4,-203.3,-338.8,84.0,90.45,ACTIVE,RELAY,P4,1,1,1,2,3,0,0.02,0
179.0,5,-562.5,-587.5,19.4,93.87,EMERGENCY,RELAY,P4,0,1,0,,,0,29.48,1
180.0,1,-65.6,245.6,60.0,90.26,ACTIVE,SURVEY,P4,1,1,1,4,2,0,0.3,0
180.0,2,12.5,-62.5,68.0,90.42,ACTIVE,RELAY,P4,1,1,1,3,4,0,0.26,0
180.0,3,-554.8,-580.5,76.0,93.48,ACTIVE,RELAY,P4,1,1,1,1,0,0,0.17,0
180.0,4,-218.4,-335.9,84.0,90.39,ACTIVE,RELAY,P4,1,1,1,2,3,0,0.09,0
180.0,5,-562.5,-587.5,16.8,93.82,EMERGENCY,RELAY,P4,0,1,0,,,0,30.51,1
181.1,1,-50.7,242.0,60.0,90.2,ACTIVE,SURVEY,P4,1,1,1,4,2,0,0.36,0
181.1,2,12.5,-62.5,68.0,90.37,ACTIVE,RELAY,P4,1,1,1,3,4,0,0.26,0
181.1,3,-562.5,-587.5,76.0,93.43,ACTIVE,RELAY,P4,1,1,1,1,0,0,0.17,0
181.1,4,-233.5,-333.0,84.0,90.34,ACTIVE,RELAY,P4,1,1,1,2,3,0,0.09,0
181.1,5,-562.5,-587.5,14.2,93.77,EMERGENCY,RELAY,P4,0,1,0,,,0,31.53,1
182.0,1,-36.7,238.7,60.0,90.15,ACTIVE,SURVEY,P4,1,1,1,4,2,0,0.28,0
182.0,2,12.5,-62.5,68.0,90.32,ACTIVE,RELAY,P4,1,1,1,3,4,0,0.17,0
182.0,3,-562.5,-587.5,76.0,93.38,ACTIVE,RELAY,P4,1,1,1,1,0,0,0.17,0
182.0,4,-247.6,-330.2,84.0,90.29,ACTIVE,RELAY,P4,1,1,1,2,3,0,0.02,0
182.0,5,-562.5,-587.5,11.8,93.72,EMERGENCY,RELAY,P4,0,1,0,,,0,32.49,1
183.0,1,-21.7,235.2,60.0,90.09,ACTIVE,SURVEY,P4,1,1,1,4,2,0,0.28,0
183.0,2,12.5,-62.5,68.0,90.27,ACTIVE,RELAY,P4,1,1,1,3,4,0,0.26,0
183.0,3,-562.5,-587.5,76.0,93.33,ACTIVE,RELAY,P4,1,1,1,1,0,0,0.17,0
183.0,4,-262.7,-327.4,84.0,90.23,ACTIVE,RELAY,P4,1,1,1,2,3,0,0.09,0
183.0,5,-562.5,-587.5,9.3,93.67,EMERGENCY,RELAY,P4,0,1,0,,,0,33.51,1
184.1,1,-6.8,231.7,60.0,90.03,ACTIVE,SURVEY,P4,1,1,1,4,2,0,0.34,0
184.1,2,12.5,-62.5,68.0,90.22,ACTIVE,RELAY,P4,1,1,1,3,4,0,0.26,0
184.1,3,-562.5,-587.5,76.0,93.28,ACTIVE,RELAY,P4,1,1,1,1,0,0,0.23,0
184.1,4,-275.0,-325.0,84.0,90.17,ACTIVE,RELAY,P4,1,1,1,2,3,0,0.09,0
184.1,5,-562.5,-587.5,6.7,93.62,EMERGENCY,RELAY,P4,0,1,0,,,0,34.54,1
185.0,1,7.3,228.4,60.0,89.98,ACTIVE,SURVEY,P4,1,1,1,4,2,0,0.28,0
185.0,2,12.5,-62.5,68.0,90.17,ACTIVE,RELAY,P4,1,1,1,3,4,0,0.26,0
185.0,3,-562.5,-587.5,76.0,93.23,ACTIVE,RELAY,P4,1,1,1,1,0,0,0.17,0
185.0,4,-275.0,-325.0,84.0,90.13,ACTIVE,RELAY,P4,1,1,1,2,3,0,0.02,0
185.0,5,-562.5,-587.5,4.3,93.57,EMERGENCY,RELAY,P4,0,1,0,,,0,35.5,1
186.0,1,22.2,224.8,60.0,89.93,ACTIVE,SURVEY,P4,1,1,1,4,2,0,0.3,0
186.0,2,12.5,-62.5,68.0,90.12,ACTIVE,RELAY,P4,1,1,1,3,4,0,0.26,0
186.0,3,-562.5,-587.5,76.0,93.18,ACTIVE,RELAY,P4,1,1,1,1,0,0,0.17,0
186.0,4,-275.0,-325.0,84.0,90.07,ACTIVE,RELAY,P4,1,1,1,2,3,0,0.07,0
186.0,5,-562.5,-587.5,1.8,93.52,EMERGENCY,RELAY,P4,0,1,0,,,0,36.52,1
187.0,1,36.2,221.5,60.0,89.87,ACTIVE,SURVEY,P4,1,1,1,4,2,0,0.3,0
187.0,2,12.5,-62.5,68.0,90.07,ACTIVE,RELAY,P4,1,1,1,3,4,0,0.19,0
187.0,3,-562.5,-587.5,76.0,93.13,ACTIVE,RELAY,P4,1,1,1,1,0,0,0.17,0
187.0,4,-275.0,-325.0,84.0,90.03,ACTIVE,RELAY,P4,1,1,1,2,3,0,0.02,0
187.0,5,-562.5,-587.5,0.3,93.48,FAILED,RELAY,P4,0,1,0,,,0,37.48,1
188.0,1,51.2,218.0,60.0,89.82,ACTIVE,SURVEY,P4,1,1,1,4,2,0,0.28,0
188.0,2,12.5,-62.5,68.0,90.02,ACTIVE,RELAY,P4,1,1,1,3,4,0,0.24,0
188.0,3,-562.5,-587.5,76.0,93.08,ACTIVE,RELAY,P4,1,1,1,1,0,0,0.17,0
188.0,4,-275.0,-325.0,84.0,89.98,ACTIVE,RELAY,P4,1,1,1,2,3,0,0.09,0
188.0,5,-562.5,-587.5,0.3,93.48,FAILED,RELAY,P4,0,1,0,,,0,38.51,1
189.1,1,66.1,214.5,60.0,89.76,ACTIVE,SURVEY,P4,1,1,1,4,2,0,0.36,0
189.1,2,12.5,-62.5,68.0,89.97,ACTIVE,RELAY,P4,1,1,1,3,4,0,0.26,0
189.1,3,-562.5,-587.5,76.0,93.03,ACTIVE,RELAY,P4,1,1,1,1,0,0,0.17,0
189.1,4,-275.0,-325.0,84.0,89.92,ACTIVE,RELAY,P4,1,1,1,2,3,0,0.09,0
189.1,5,-562.5,-587.5,0.3,93.48,FAILED,RELAY,P4,0,1,0,,,0,39.53,1
190.0,1,80.1,211.2,60.0,89.71,ACTIVE,SURVEY,P4,1,1,1,4,2,0,0.3,0
190.0,2,12.5,-62.5,68.0,89.92,ACTIVE,RELAY,P4,1,1,1,3,4,0,0.19,0
190.0,3,-562.5,-587.5,76.0,92.98,ACTIVE,RELAY,P4,1,1,1,1,0,0,0.17,0
190.0,4,-275.0,-325.0,84.0,89.88,ACTIVE,RELAY,P4,1,1,1,2,3,0,0.02,0
190.0,5,-562.5,-587.5,0.3,93.48,FAILED,RELAY,P4,0,1,0,,,0,40.49,1
191.0,1,95.1,207.6,60.0,89.65,ACTIVE,SURVEY,P4,1,1,1,4,2,0,0.3,0
191.0,2,12.5,-62.5,68.0,89.87,ACTIVE,RELAY,P4,1,1,1,3,4,0,0.26,0
191.0,3,-562.5,-587.5,76.0,92.93,ACTIVE,RELAY,P4,1,1,1,1,0,0,0.17,0
191.0,4,-275.0,-325.0,84.0,89.83,ACTIVE,RELAY,P4,1,1,1,2,3,0,0.09,0
191.0,5,-562.5,-587.5,0.3,93.48,FAILED,RELAY,P4,0,1,0,,,0,41.51,1
192.1,1,110.0,204.1,60.0,89.59,ACTIVE,SURVEY,P4,1,1,1,4,2,0,0.36,0
192.1,2,12.5,-62.5,68.0,89.82,ACTIVE,RELAY,P4,1,1,1,3,4,0,0.26,0
192.1,3,-562.5,-587.5,76.0,92.88,ACTIVE,RELAY,P4,1,1,1,1,0,0,0.23,0
192.1,4,-275.0,-325.0,84.0,89.77,ACTIVE,RELAY,P4,1,1,1,2,3,0,0.09,0
192.1,5,-562.5,-587.5,0.3,93.48,FAILED,RELAY,P4,0,1,0,,,0,42.54,1
193.0,1,124.0,200.8,60.0,89.54,ACTIVE,SURVEY,P4,1,1,1,4,2,0,0.3,0
193.0,2,12.5,-62.5,68.0,89.77,ACTIVE,RELAY,P4,1,1,1,3,4,0,0.26,0
193.0,3,-562.5,-587.5,76.0,92.83,ACTIVE,RELAY,P4,1,1,1,1,0,0,0.17,0
193.0,4,-275.0,-325.0,84.0,89.73,ACTIVE,RELAY,P4,1,1,1,2,3,0,0.02,0
193.0,5,-562.5,-587.5,0.3,93.48,FAILED,RELAY,P4,0,1,0,,,0,43.5,1
194.0,1,139.0,197.3,60.0,89.49,ACTIVE,SURVEY,P4,1,1,1,4,2,0,0.3,0
194.0,2,12.5,-62.5,68.0,89.72,ACTIVE,RELAY,P4,1,1,1,3,4,0,0.26,0
194.0,3,-562.5,-587.5,76.0,92.78,ACTIVE,RELAY,P4,1,1,1,1,0,0,0.17,0
194.0,4,-275.0,-325.0,84.0,89.67,ACTIVE,RELAY,P4,1,1,1,2,3,0,0.09,0
194.0,5,-562.5,-587.5,0.3,93.48,FAILED,RELAY,P4,0,1,0,,,0,44.52,1
195.0,1,153.0,194.0,60.0,89.43,ACTIVE,SURVEY,P4,1,1,1,4,2,0,0.3,0
195.0,2,12.5,-62.5,68.0,89.67,ACTIVE,RELAY,P4,1,1,1,3,4,0,0.19,0
195.0,3,-562.5,-587.5,76.0,92.73,ACTIVE,RELAY,P4,1,1,1,1,0,0,0.17,0
195.0,4,-275.0,-325.0,84.0,89.63,ACTIVE,RELAY,P4,1,1,1,2,3,0,0.0,0
195.0,5,-562.5,-587.5,0.3,93.48,FAILED,RELAY,P4,0,1,0,,,0,45.48,1
196.0,1,168.0,190.4,60.0,89.38,ACTIVE,SURVEY,P4,1,1,1,4,2,0,0.3,0
196.0,2,12.5,-62.5,68.0,89.62,ACTIVE,RELAY,P4,1,1,1,3,4,0,0.26,0
196.0,3,-562.5,-587.5,76.0,92.68,ACTIVE,RELAY,P4,1,1,1,1,0,0,0.17,0
196.0,4,-275.0,-325.0,84.0,89.58,ACTIVE,RELAY,P4,1,1,1,2,3,0,0.09,0
196.0,5,-562.5,-587.5,0.3,93.48,FAILED,RELAY,P4,0,1,0,,,0,46.51,1
197.1,1,182.9,186.9,60.0,89.32,ACTIVE,SURVEY,P4,1,1,1,4,2,0,0.36,0
197.1,2,12.5,-62.5,68.0,89.57,ACTIVE,RELAY,P4,1,1,1,3,4,0,0.26,0
197.1,3,-562.5,-587.5,76.0,92.63,ACTIVE,RELAY,P4,1,1,1,1,0,0,0.17,0
197.1,4,-275.0,-325.0,84.0,89.52,ACTIVE,RELAY,P4,1,1,1,2,3,0,0.09,0
197.1,5,-562.5,-587.5,0.3,93.48,FAILED,RELAY,P4,0,1,0,,,0,47.53,1
198.0,1,196.9,183.6,60.0,89.27,ACTIVE,SURVEY,P4,1,1,1,4,2,0,0.3,0
198.0,2,12.5,-62.5,68.0,89.52,ACTIVE,RELAY,P4,1,1,1,3,4,0,0.19,0
198.0,3,-562.5,-587.5,76.0,92.58,ACTIVE,RELAY,P4,1,1,1,1,0,0,0.17,0
198.0,4,-275.0,-325.0,84.0,89.48,ACTIVE,RELAY,P4,1,1,1,2,3,0,0.02,0
198.0,5,-562.5,-587.5,0.3,93.48,FAILED,RELAY,P4,0,1,0,,,0,48.49,1
199.0,1,211.9,180.1,60.0,89.21,ACTIVE,SURVEY,P4,1,1,1,4,2,0,0.28,0
199.0,2,12.5,-62.5,68.0,89.47,ACTIVE,RELAY,P4,1,1,1,3,4,0,0.24,0
199.0,3,-562.5,-587.5,76.0,92.53,ACTIVE,RELAY,P4,1,1,1,1,0,0,0.17,0
199.0,4,-275.0,-325.0,84.0,89.43,ACTIVE,RELAY,P4,1,1,1,2,3,0,0.09,0
199.0,5,-562.5,-587.5,0.3,93.48,FAILED,RELAY,P4,0,1,0,,,0,49.51,1
200.1,1,226.8,176.5,60.0,89.15,ACTIVE,SURVEY,P4,1,1,1,4,2,0,0.34,0
200.1,2,12.5,-62.5,68.0,89.42,ACTIVE,RELAY,P4,1,1,1,3,4,0,0.22,0
200.1,3,-562.5,-587.5,76.0,92.48,ACTIVE,RELAY,P4,1,1,1,1,0,0,0.23,0
200.1,4,-275.0,-325.0,84.0,89.37,ACTIVE,RELAY,P4,1,1,1,2,3,0,0.09,0
200.1,5,-562.5,-587.5,0.3,93.48,FAILED,RELAY,P4,0,1,0,,,0,50.54,1
201.0,1,240.8,173.2,60.0,89.1,ACTIVE,SURVEY,P4,1,1,1,4,2,0,0.3,0
201.0,2,12.5,-62.5,68.0,89.37,ACTIVE,RELAY,P4,1,1,1,3,4,0,0.26,0
201.0,3,-562.5,-587.5,76.0,92.43,ACTIVE,RELAY,P4,1,1,1,1,0,0,0.17,0
201.0,4,-275.0,-325.0,84.0,89.33,ACTIVE,RELAY,P4,1,1,1,2,3,0,0.02,0
201.0,5,-562.5,-587.5,0.3,93.48,FAILED,RELAY,P4,0,1,0,,,0,51.5,1
202.0,1,255.8,169.7,60.0,89.05,ACTIVE,SURVEY,P4,1,1,1,4,2,0,0.3,0
202.0,2,12.5,-62.5,68.0,89.32,ACTIVE,RELAY,P4,1,1,1,3,4,0,0.26,0
202.0,3,-562.5,-587.5,76.0,92.38,ACTIVE,RELAY,P4,1,1,1,1,0,0,0.17,0
202.0,4,-275.0,-325.0,84.0,89.27,ACTIVE,RELAY,P4,1,1,1,2,3,0,0.07,0
202.0,5,-562.5,-587.5,0.3,93.48,FAILED,RELAY,P4,0,1,0,,,0,52.52,1
203.0,1,264.6,167.6,60.0,88.99,ACTIVE,SURVEY,P4,1,1,1,4,2,0,0.3,0
203.0,2,12.5,-62.5,68.0,89.27,ACTIVE,RELAY,P4,1,1,1,3,4,0,0.18,0
203.0,3,-562.5,-587.5,76.0,92.33,ACTIVE,RELAY,P4,1,1,1,1,0,0,0.17,0
203.0,4,-275.0,-325.0,84.0,89.23,ACTIVE,RELAY,P4,1,1,1,2,3,0,0.0,0
203.0,5,-562.5,-587.5,0.3,93.48,FAILED,RELAY,P4,0,1,0,,,0,53.48,1
204.0,1,264.6,167.6,60.0,88.94,ACTIVE,SURVEY,P4,1,1,1,4,2,0,0.3,0
204.0,2,12.5,-62.5,68.0,89.22,ACTIVE,RELAY,P4,1,1,1,3,4,0,0.26,0
204.0,3,-562.5,-587.5,76.0,92.28,ACTIVE,RELAY,P4,1,1,1,1,0,0,0.17,0
204.0,4,-275.0,-325.0,84.0,89.18,ACTIVE,RELAY,P4,1,1,1,2,3,0,0.09,0
204.0,5,-562.5,-587.5,0.3,93.48,FAILED,RELAY,P4,0,1,0,,,0,54.51,1
205.1,1,264.6,167.6,60.0,88.89,ACTIVE,SURVEY,P4,1,1,1,4,2,0,0.36,0
205.1,2,12.5,-62.5,68.0,89.17,ACTIVE,RELAY,P4,1,1,1,3,4,0,0.24,0
205.1,3,-562.5,-587.5,76.0,92.23,ACTIVE,RELAY,P4,1,1,1,1,0,0,0.17,0
205.1,4,-275.0,-325.0,84.0,89.12,ACTIVE,RELAY,P4,1,1,1,2,3,0,0.09,0
205.1,5,-562.5,-587.5,0.3,93.48,FAILED,RELAY,P4,0,1,0,,,0,55.53,1
206.0,1,264.6,167.6,60.0,88.84,ACTIVE,SURVEY,P4,1,1,1,4,2,0,0.3,0
206.0,2,12.5,-62.5,68.0,89.12,ACTIVE,RELAY,P4,1,1,1,3,4,0,0.19,0
206.0,3,-562.5,-587.5,76.0,92.18,ACTIVE,RELAY,P4,1,1,1,1,0,0,0.17,0
206.0,4,-275.0,-325.0,84.0,89.08,ACTIVE,RELAY,P4,1,1,1,2,3,0,0.53,0
206.0,5,-562.5,-587.5,0.3,93.48,FAILED,RELAY,P4,0,1,0,,,0,56.49,1
207.0,1,264.6,167.6,60.0,88.79,ACTIVE,SURVEY,P4,1,1,1,4,2,0,0.3,0
207.0,2,12.5,-62.5,68.0,89.07,ACTIVE,RELAY,P4,1,1,1,3,4,0,0.26,0
207.0,3,-562.5,-587.5,76.0,92.13,ACTIVE,RELAY,P4,1,1,1,1,0,0,0.17,0
207.0,4,-275.0,-325.0,84.0,89.03,ACTIVE,RELAY,P4,1,1,1,2,3,0,0.09,0
207.0,5,-562.5,-587.5,0.3,93.48,FAILED,RELAY,P4,0,1,0,,,0,57.51,1
208.1,1,264.6,167.6,60.0,88.74,ACTIVE,SURVEY,P4,1,1,1,4,2,0,0.36,0
208.1,2,12.5,-62.5,68.0,89.02,ACTIVE,RELAY,P4,1,1,1,3,4,0,0.26,0
208.1,3,-562.5,-587.5,76.0,92.08,ACTIVE,RELAY,P4,1,1,1,1,0,0,0.23,0
208.1,4,-275.0,-325.0,84.0,88.97,ACTIVE,RELAY,P4,1,1,1,2,3,0,0.07,0
208.1,5,-562.5,-587.5,0.3,93.48,FAILED,RELAY,P4,0,1,0,,,0,58.54,1
209.0,1,264.6,167.6,60.0,88.69,ACTIVE,SURVEY,P4,1,1,1,4,2,0,0.3,0
209.0,2,12.5,-62.5,68.0,88.97,ACTIVE,RELAY,P4,1,1,1,3,4,0,0.26,0
209.0,3,-562.5,-587.5,76.0,92.03,ACTIVE,RELAY,P4,1,1,1,1,0,0,0.17,0
209.0,4,-275.0,-325.0,84.0,88.93,ACTIVE,RELAY,P4,1,1,1,2,3,0,0.51,0
209.0,5,-562.5,-587.5,0.3,93.48,FAILED,RELAY,P4,0,1,0,,,0,59.5,1
210.0,1,264.6,167.6,60.0,88.64,ACTIVE,SURVEY,P4,1,1,1,4,2,0,0.3,0
210.0,2,12.5,-62.5,68.0,88.92,ACTIVE,RELAY,P4,1,1,1,3,4,0,0.26,0
210.0,3,-562.5,-587.5,76.0,91.98,ACTIVE,RELAY,P4,1,1,1,1,0,0,0.17,0
210.0,4,-275.0,-325.0,84.0,88.87,ACTIVE,RELAY,P4,1,1,1,2,3,0,0.09,0
210.0,5,-562.5,-587.5,0.3,93.48,FAILED,RELAY,P4,0,1,0,,,0,60.52,1
211.0,1,264.6,167.6,60.0,88.59,ACTIVE,SURVEY,P4,1,1,1,4,2,0,0.3,0
211.0,2,12.5,-62.5,68.0,88.87,ACTIVE,RELAY,P4,1,1,1,3,4,0,0.19,0
211.0,3,-562.5,-587.5,76.0,91.93,ACTIVE,RELAY,P4,1,1,1,1,0,0,0.17,0
211.0,4,-275.0,-325.0,84.0,88.83,ACTIVE,RELAY,P4,1,1,1,2,3,0,0.02,0
211.0,5,-562.5,-587.5,0.3,93.48,FAILED,RELAY,P4,0,1,0,,,0,61.48,1
212.0,1,264.6,167.6,60.0,88.54,ACTIVE,SURVEY,P4,1,1,1,4,2,0,0.3,0
212.0,2,12.5,-62.5,68.0,88.82,ACTIVE,RELAY,P4,1,1,1,3,4,0,0.26,0
212.0,3,-562.5,-587.5,76.0,91.88,ACTIVE,RELAY,P4,1,1,1,1,0,0,0.17,0
212.0,4,-275.0,-325.0,84.0,88.78,ACTIVE,RELAY,P4,1,1,1,2,3,0,0.09,0
212.0,5,-562.5,-587.5,0.3,93.48,FAILED,RELAY,P4,0,1,0,,,0,62.51,1
213.1,1,264.6,167.6,60.0,88.49,ACTIVE,SURVEY,P4,1,1,1,4,2,0,0.81,0
213.1,2,12.5,-62.5,68.0,88.77,ACTIVE,RELAY,P4,1,1,1,3,4,1,0.77,0
213.1,3,-562.5,-587.5,76.0,91.83,ACTIVE,RELAY,P4,1,1,1,1,0,0,0.12,0
213.1,4,-275.0,-325.0,84.0,88.72,ACTIVE,RELAY,P4,1,1,1,2,3,7,0.6,0
213.1,5,-562.5,-587.5,0.3,93.48,FAILED,RELAY,P4,0,1,0,,,0,63.53,1
214.0,1,264.6,167.6,60.0,88.44,ACTIVE,SURVEY,P4,1,1,1,4,2,0,0.18,0
214.0,2,12.5,-62.5,68.0,88.72,ACTIVE,RELAY,P4,1,1,1,3,4,0,0.57,0
214.0,3,-562.5,-587.5,76.0,91.78,ACTIVE,RELAY,P4,1,1,1,1,0,0,0.16,0
214.0,4,-275.0,-325.0,84.0,88.68,ACTIVE,RELAY,P4,1,1,1,2,3,0,0.39,0
214.0,5,-562.5,-587.5,0.3,93.48,FAILED,RELAY,P4,0,1,0,,,0,64.49,1
215.0,1,264.6,167.6,60.0,88.39,ACTIVE,SURVEY,P4,1,1,1,4,2,0,0.24,0
215.0,2,12.5,-62.5,68.0,88.67,ACTIVE,RELAY,P4,1,1,1,3,4,0,0.11,0
215.0,3,-562.5,-587.5,76.0,91.73,ACTIVE,RELAY,P4,1,1,1,1,0,0,0.11,0
215.0,4,-275.0,-325.0,84.0,88.63,ACTIVE,RELAY,P4,1,1,1,2,3,3,0.5,0
215.0,5,-562.5,-587.5,0.3,93.48,FAILED,RELAY,P4,0,1,0,,,0,65.51,1
216.1,1,264.6,167.6,60.0,88.34,ACTIVE,SURVEY,P4,1,1,1,4,2,0,0.23,0
216.1,2,12.5,-62.5,68.0,88.62,ACTIVE,RELAY,P4,1,1,1,3,4,0,0.14,0
216.1,3,-562.5,-587.5,76.0,91.68,ACTIVE,RELAY,P4,1,1,1,1,0,0,0.23,0
216.1,4,-275.0,-325.0,84.0,88.57,ACTIVE,RELAY,P4,1,1,1,2,3,0,0.56,0
216.1,5,-562.5,-587.5,0.3,93.48,FAILED,RELAY,P4,0,1,0,,,0,66.54,1
217.0,1,264.6,167.6,60.0,88.29,ACTIVE,SURVEY,P4,1,1,1,4,2,0,0.66,0
217.0,2,12.5,-62.5,68.0,88.57,ACTIVE,RELAY,P4,1,1,1,3,4,0,0.16,0
217.0,3,-562.5,-587.5,76.0,91.63,ACTIVE,RELAY,P4,1,1,1,1,0,0,0.17,0
217.0,4,-275.0,-325.0,84.0,88.53,ACTIVE,RELAY,P4,1,1,1,2,3,2,0.52,0
217.0,5,-562.5,-587.5,0.3,93.48,FAILED,RELAY,P4,0,1,0,,,0,67.5,1
218.0,1,264.6,167.6,60.0,88.24,ACTIVE,SURVEY,P4,1,1,1,4,2,0,0.41,0
218.0,2,12.5,-62.5,68.0,88.52,ACTIVE,RELAY,P4,1,1,1,3,4,0,0.05,0
218.0,3,-562.5,-587.5,76.0,91.58,ACTIVE,RELAY,P4,1,1,1,1,0,0,0.12,0
218.0,4,-275.0,-325.0,84.0,88.47,ACTIVE,RELAY,P4,1,1,1,2,3,0,0.03,0
218.0,5,-562.5,-587.5,0.3,93.48,FAILED,RELAY,P4,0,1,0,,,0,68.52,1
219.0,1,264.6,167.6,60.0,88.19,ACTIVE,SURVEY,P4,1,1,1,4,2,0,0.11,0
219.0,2,12.5,-62.5,68.0,88.47,ACTIVE,RELAY,P4,1,1,1,3,4,0,0.11,0
219.0,3,-562.5,-587.5,76.0,91.53,ACTIVE,RELAY,P4,1,1,1,1,0,0,0.15,0
219.0,4,-275.0,-325.0,84.0,88.43,ACTIVE,RELAY,P4,1,1,1,2,3,2,0.02,0
219.0,5,-562.5,-587.5,0.3,93.48,FAILED,RELAY,P4,0,1,0,,,0,69.48,1
220.0,1,264.6,167.6,60.0,88.14,ACTIVE,SURVEY,P4,1,1,1,4,2,1,0.28,0
220.0,2,12.5,-62.5,68.0,88.42,ACTIVE,RELAY,P4,1,1,1,3,4,1,0.04,0
220.0,3,-562.5,-587.5,76.0,91.48,ACTIVE,RELAY,P4,1,1,1,1,0,0,0.17,0
220.0,4,-275.0,-325.0,84.0,88.38,ACTIVE,RELAY,P4,1,1,1,2,3,0,0.08,0
220.0,5,-562.5,-587.5,0.3,93.48,FAILED,RELAY,P4,0,1,0,,,0,70.51,1
221.1,1,263.0,168.8,60.0,88.09,ACTIVE,SURVEY,H1,1,1,1,4,2,0,0.12,0
221.1,2,10.9,-61.4,68.0,88.37,ACTIVE,RELAY,H1,1,1,1,3,4,1,0.1,0
221.1,3,-564.1,-586.4,76.0,91.43,ACTIVE,RELAY,H1,1,1,1,1,0,1,0.12,0
221.1,4,-275.8,-324.4,84.0,88.32,ACTIVE,RELAY,H1,1,1,1,2,3,0,0.01,0
221.1,5,-562.5,-587.5,0.3,93.48,FAILED,RELAY,P4,0,1,0,,,0,71.53,1
222.0,1,251.4,177.2,60.0,88.04,ACTIVE,SURVEY,H1,1,1,1,4,2,2,0.24,0
222.0,2,-0.7,-52.9,68.0,88.32,ACTIVE,RELAY,H1,1,1,1,3,4,0,0.56,0
222.0,3,-575.7,-577.9,76.0,91.38,ACTIVE,RELAY,H1,1,1,1,1,0,1,0.12,0
222.0,4,-287.5,-316.0,84.0,88.27,ACTIVE,RELAY,H1,1,1,1,2,3,0,0.02,0
222.0,5,-562.5,-587.5,0.3,93.48,FAILED,RELAY,P4,0,1,0,,,0,72.49,1
223.0,1,238.9,186.3,60.0,87.98,ACTIVE,SURVEY,H1,1,1,1,4,2,1,0.04,0
223.0,2,-13.2,-44.0,68.0,88.26,ACTIVE,RELAY,H1,1,1,1,3,4,0,0.05,0
223.0,3,-588.2,-569.0,76.0,91.32,ACTIVE,RELAY,H1,1,1,1,1,0,2,0.12,0
223.0,4,-299.9,-307.0,84.0,88.22,ACTIVE,RELAY,H1,1,1,1,2,3,0,0.03,0
223.0,5,-562.5,-587.5,0.3,93.48,FAILED,RELAY,P4,0,1,0,,,0,73.51,1
224.1,1,226.5,195.3,60.0,87.93,ACTIVE,SURVEY,H1,1,1,1,4,2,0,0.36,0
224.1,2,-25.6,-35.0,68.0,88.21,ACTIVE,RELAY,H1,1,1,1,3,4,0,0.26,0
224.1,3,-600.6,-560.0,76.0,91.26,ACTIVE,RELAY,H1,1,1,1,1,0,0,0.23,0
224.1,4,-312.4,-298.0,84.0,88.16,ACTIVE,RELAY,H1,1,1,1,2,3,0,0.09,0
224.1,5,-562.5,-587.5,0.3,93.48,FAILED,RELAY,P4,0,1,0,,,0,74.54,1
225.0,1,214.9,203.8,60.0,87.87,ACTIVE,SURVEY,H1,1,1,1,4,2,0,0.3,0
225.0,2,-37.3,-26.5,68.0,88.15,ACTIVE,RELAY,H1,1,1,1,3,4,0,0.26,0
225.0,3,-612.3,-551.5,76.0,91.21,ACTIVE,RELAY,H1,1,1,1,1,0,0,0.17,0
225.0,4,-324.0,-289.6,84.0,88.11,ACTIVE,RELAY,H1,1,1,1,2,3,0,0.02,0
225.0,5,-562.5,-587.5,0.3,93.48,FAILED,RELAY,P4,0,1,0,,,0,75.5,1
226.0,1,202.5,212.9,60.0,87.82,ACTIVE,SURVEY,H1,1,1,1,4,2,0,0.3,0
226.0,2,-49.8,-17.5,68.0,88.1,ACTIVE,RELAY,H1,1,1,1,3,4,0,0.26,0
226.0,3,-624.8,-542.5,76.0,91.15,ACTIVE,RELAY,H1,1,1,1,1,0,0,0.17,0
226.0,4,-336.5,-280.6,84.0,88.05,ACTIVE,RELAY,H1,1,1,1,2,3,0,0.09,0
226.0,5,-562.5,-587.5,0.3,93.48,FAILED,RELAY,P4,0,1,0,,,0,76.52,1
227.0,1,190.8,221.3,60.0,87.76,ACTIVE,SURVEY,H1,1,1,1,4,2,0,0.3,0
227.0,2,-61.4,-9.1,68.0,88.04,ACTIVE,RELAY,H1,1,1,1,3,4,0,0.19,0
227.0,3,-636.4,-534.1,76.0,91.1,ACTIVE,RELAY,H1,1,1,1,1,0,0,0.17,0
227.0,4,-348.2,-272.2,84.0,88.0,ACTIVE,RELAY,H1,1,1,1,2,3,0,0.0,0
227.0,5,-562.5,-587.5,0.3,93.48,FAILED,RELAY,P4,0,1,0,,,0,77.48,1
228.0,1,178.4,230.4,60.0,87.71,ACTIVE,SURVEY,H1,1,1,1,4,2,0,0.3,0
228.0,2,-73.9,-0.1,68.0,87.99,ACTIVE,RELAY,H1,1,1,1,3,4,0,0.26,0
228.0,3,-648.9,-525.1,76.0,91.04,ACTIVE,RELAY,H1,1,1,1,1,0,0,0.17,0
228.0,4,-360.6,-263.2,84.0,87.94,ACTIVE,RELAY,H1,1,1,1,2,3,0,0.09,0
228.0,5,-562.5,-587.5,0.3,93.48,FAILED,RELAY,P4,0,1,0,,,0,78.51,1
229.1,1,166.0,239.4,60.0,87.65,ACTIVE,SURVEY,H1,1,1,1,4,2,0,0.36,0
229.1,2,-86.3,8.9,68.0,87.93,ACTIVE,RELAY,H1,1,1,1,3,4,0,0.26,0
229.1,3,-661.3,-516.1,76.0,90.99,ACTIVE,RELAY,H1,1,1,1,1,0,0,0.17,0
229.1,4,-373.1,-254.2,84.0,87.88,ACTIVE,RELAY,H1,1,1,1,2,3,0,0.09,0
229.1,5,-562.5,-587.5,0.3,93.48,FAILED,RELAY,P4,0,1,0,,,0,79.53,1
230.0,1,154.4,247.9,60.0,87.6,ACTIVE,SURVEY,H1,1,1,1,4,2,0,0.3,0
230.0,2,-98.0,17.3,68.0,87.88,ACTIVE,RELAY,H1,1,1,1,3,4,0,0.19,0
230.0,3,-673.0,-507.7,76.0,90.94,ACTIVE,RELAY,H1,1,1,1,1,0,0,0.17,0
230.0,4,-384.7,-245.7,84.0,87.83,ACTIVE,RELAY,H1,1,1,1,2,3,0,0.02,0
230.0,5,-562.5,-587.5,0.3,93.48,FAILED,RELAY,P4,0,1,0,,,0,80.49,1
231.0,1,142.0,256.9,60.0,87.54,ACTIVE,SURVEY,H1,1,1,1,4,2,0,0.3,0
231.0,2,-110.5,26.3,68.0,87.82,ACTIVE,RELAY,H1,1,1,1,3,4,0,0.26,0
231.0,3,-685.5,-498.7,76.0,90.88,ACTIVE,RELAY,H1,1,1,1,1,0,0,0.17,0
231.0,4,-397.2,-236.8,84.0,87.78,ACTIVE,RELAY,H1,1,1,1,2,3,0,0.08,0
231.0,5,-562.5,-587.5,0.3,93.48,FAILED,RELAY,P4,0,1,0,,,0,81.51,1
232.1,1,129.5,266.0,60.0,87.49,ACTIVE,SURVEY,H1,1,1,1,4,2,0,0.36,0
232.1,2,-122.9,35.3,68.0,87.77,ACTIVE,RELAY,H1,1,1,1,3,4,0,0.26,0
232.1,3,-697.9,-489.7,76.0,90.82,ACTIVE,RELAY,H1,1,1,1,1,0,0,0.23,0
232.1,4,-409.6,-227.8,84.0,87.72,ACTIVE,RELAY,H1,1,1,1,2,3,0,0.07,0
232.1,5,-562.5,-587.5,0.3,93.48,FAILED,RELAY,P4,0,1,0,,,0,82.54,1
233.0,1,117.9,274.5,60.0,87.43,ACTIVE,SURVEY,H1,1,1,1,4,2,0,0.3,0
233.0,2,-134.6,43.7,68.0,87.71,ACTIVE,RELAY,H1,1,1,1,3,4,0,0.26,0
233.0,3,-709.6,-481.3,76.0,90.77,ACTIVE,RELAY,H1,1,1,1,1,0,0,0.16,0
233.0,4,-421.3,-219.3,84.0,87.67,ACTIVE,RELAY,H1,1,1,1,2,3,0,0.02,0
233.0,5,-562.5,-587.5,0.3,93.48,FAILED,RELAY,P4,0,1,0,,,0,83.5,1
234.0,1,105.5,283.5,60.0,87.38,ACTIVE,SURVEY,H1,1,1,1,4,2,0,0.3,0
234.0,2,-147.0,52.7,68.0,87.66,ACTIVE,RELAY,H1,1,1,1,3,4,0,0.26,0
234.0,3,-722.0,-472.3,76.0,90.71,ACTIVE,RELAY,H1,1,1,1,1,0,0,0.17,0
234.0,4,-433.8,-210.3,84.0,87.61,ACTIVE,RELAY,H1,1,1,1,2,3,0,0.09,0
234.0,5,-562.5,-587.5,0.3,93.48,FAILED,RELAY,P4,0,1,0,,,0,84.52,1
235.0,1,93.8,292.0,60.0,87.32,ACTIVE,SURVEY,H1,1,1,1,4,2,0,0.3,0
235.0,2,-158.7,61.2,68.0,87.6,ACTIVE,RELAY,H1,1,1,1,3,4,0,0.18,0
235.0,3,-733.7,-463.8,76.0,90.66,ACTIVE,RELAY,H1,1,1,1,1,0,0,0.17,0
235.0,4,-445.4,-201.9,84.0,87.56,ACTIVE,RELAY,H1,1,1,1,2,3,0,0.02,0
235.0,5,-562.5,-587.5,0.3,93.48,FAILED,RELAY,P4,0,1,0,,,0,85.48,1
236.0,1,81.4,301.0,60.0,87.27,ACTIVE,SURVEY,H1,1,1,1,4,2,0,0.28,0
236.0,2,-171.2,70.1,68.0,87.55,ACTIVE,RELAY,H1,1,1,1,3,4,0,0.26,0
236.0,3,-746.2,-454.9,76.0,90.6,ACTIVE,RELAY,H1,1,1,1,1,0,0,0.15,0
236.0,4,-457.9,-192.9,84.0,87.5,ACTIVE,RELAY,H1,1,1,1,2,3,0,0.09,0
236.0,5,-562.5,-587.5,0.3,93.48,FAILED,RELAY,P4,0,1,0,,,0,86.51,1
237.1,1,69.0,310.1,60.0,87.21,ACTIVE,SURVEY,H1,1,1,1,4,2,0,0.36,0
237.1,2,-183.6,79.1,68.0,87.49,ACTIVE,RELAY,H1,1,1,1,3,4,0,0.24,0
237.1,3,-758.6,-445.9,76.0,90.55,ACTIVE,RELAY,H1,1,1,1,1,0,0,0.17,0
237.1,4,-470.3,-183.9,84.0,87.44,ACTIVE,RELAY,H1,1,1,1,2,3,0,0.09,0
237.1,5,-562.5,-587.5,0.3,93.48,FAILED,RELAY,P4,0,1,0,,,0,87.53,1
238.0,1,57.4,318.6,60.0,87.16,ACTIVE,SURVEY,H1,1,1,1,4,2,0,0.3,0
238.0,2,-195.3,87.6,68.0,87.44,ACTIVE,RELAY,H1,1,1,1,3,4,0,0.19,0
238.0,3,-770.3,-437.4,76.0,90.5,ACTIVE,RELAY,H1,1,1,1,1,0,0,0.17,0
238.0,4,-482.0,-175.5,84.0,87.39,ACTIVE,RELAY,H1,1,1,1,2,3,0,0.02,0
238.0,5,-562.5,-587.5,0.3,93.48,FAILED,RELAY,P4,0,1,0,,,0,88.49,1
239.0,1,45.0,327.6,60.0,87.1,ACTIVE,SURVEY,H1,1,1,1,4,2,0,0.28,0
239.0,2,-207.7,96.6,68.0,87.38,ACTIVE,RELAY,H1,1,1,1,3,4,0,0.25,0
239.0,3,-782.7,-428.4,76.0,90.44,ACTIVE,RELAY,H1,1,1,1,1,0,0,0.17,0
239.0,4,-494.5,-166.5,84.0,87.34,ACTIVE,RELAY,H1,1,1,1,2,3,0,0.07,0
239.0,5,-562.5,-587.5,0.3,93.48,FAILED,RELAY,P4,0,1,0,,,0,89.51,1
240.1,1,32.5,336.6,60.0,87.05,ACTIVE,SURVEY,H1,1,1,1,4,2,0,0.36,0
240.1,2,-220.2,105.6,68.0,87.33,ACTIVE,RELAY,H1,1,1,1,3,4,0,0.24,0
240.1,3,-787.5,-425.0,76.0,90.39,ACTIVE,RELAY,H1,1,1,1,1,0,0,0.23,0
240.1,4,-506.9,-157.5,84.0,87.28,ACTIVE,RELAY,H1,1,1,1,2,3,0,0.09,0
240.1,5,-562.5,-587.5,0.3,93.48,FAILED,RELAY,P4,0,1,0,,,0,90.54,1
241.0,1,20.9,345.1,60.0,86.99,ACTIVE,SURVEY,H1,1,1,1,4,2,0,0.3,0
241.0,2,-231.9,114.0,68.0,87.27,ACTIVE,RELAY,H1,1,1,1,3,4,0,0.26,0
241.0,3,-787.5,-425.0,76.0,90.34,ACTIVE,RELAY,H1,1,1,1,1,0,0,0.17,0
241.0,4,-518.6,-149.1,84.0,87.23,ACTIVE,RELAY,H1,1,1,1,2,3,0,0.53,0
241.0,5,-562.5,-587.5,0.3,93.48,FAILED,RELAY,P4,0,1,0,,,0,91.5,1
242.0,1,8.5,354.2,60.0,86.94,ACTIVE,SURVEY,H1,1,1,1,4,2,0,0.3,0
242.0,2,-244.3,123.0,68.0,87.22,ACTIVE,RELAY,H1,1,1,1,3,4,0,0.26,0
242.0,3,-787.5,-425.0,76.0,90.29,ACTIVE,RELAY,H1,1,1,1,1,0,0,0.17,0
242.0,4,-531.0,-140.1,84.0,87.17,ACTIVE,RELAY,H1,1,1,1,2,3,0,0.09,0
242.0,5,-562.5,-587.5,0.3,93.48,FAILED,RELAY,P4,0,1,0,,,0,92.52,1
243.0,1,-3.1,362.6,60.0,86.88,ACTIVE,SURVEY,H1,1,1,1,4,2,0,0.3,0
243.0,2,-256.0,131.4,68.0,87.16,ACTIVE,RELAY,H1,1,1,1,3,4,0,0.19,0
243.0,3,-787.5,-425.0,76.0,90.24,ACTIVE,RELAY,H1,1,1,1,1,0,0,0.17,0
243.0,4,-542.7,-131.6,84.0,87.12,ACTIVE,RELAY,H1,1,1,1,2,3,0,0.02,0
243.0,5,-562.5,-587.5,0.3,93.48,FAILED,RELAY,P4,0,1,0,,,0,93.48,1
244.0,1,-15.6,371.7,60.0,86.83,ACTIVE,SURVEY,H1,1,1,1,4,2,0,0.3,0
244.0,2,-268.4,140.4,68.0,87.11,ACTIVE,RELAY,H1,1,1,1,3,4,0,0.26,0
244.0,3,-787.5,-425.0,76.0,90.19,ACTIVE,RELAY,H1,1,1,1,1,0,0,0.17,0
244.0,4,-555.2,-122.7,84.0,87.06,ACTIVE,RELAY,H1,1,1,1,2,3,0,0.09,0
244.0,5,-562.5,-587.5,0.3,93.48,FAILED,RELAY,P4,0,1,0,,,0,94.51,1
245.1,1,-28.0,380.7,60.0,86.77,ACTIVE,SURVEY,H1,1,1,1,4,2,0,0.36,0
245.1,2,-280.9,149.4,68.0,87.05,ACTIVE,RELAY,H1,1,1,1,3,4,0,0.26,0
245.1,3,-787.5,-425.0,76.0,90.14,ACTIVE,RELAY,H1,1,1,1,1,0,0,0.15,0
245.1,4,-567.6,-113.7,84.0,87.0,ACTIVE,RELAY,H1,1,1,1,2,3,0,0.09,0
245.1,5,-562.5,-587.5,0.3,93.48,FAILED,RELAY,P4,0,1,0,,,0,95.53,1
246.0,1,-39.6,389.2,60.0,86.72,ACTIVE,SURVEY,H1,1,1,1,4,2,0,0.3,0
246.0,2,-292.6,157.8,68.0,87.0,ACTIVE,RELAY,H1,1,1,1,3,4,0,0.17,0
246.0,3,-787.5,-425.0,76.0,90.09,ACTIVE,RELAY,H1,1,1,1,1,0,0,0.17,0
246.0,4,-579.3,-105.2,84.0,86.95,ACTIVE,RELAY,H1,1,1,1,2,3,0,0.02,0
246.0,5,-562.5,-587.5,0.3,93.48,FAILED,RELAY,P4,0,1,0,,,0,96.49,1
247.0,1,-52.0,398.3,60.0,86.66,ACTIVE,SURVEY,H1,1,1,1,4,2,0,0.3,0
247.0,2,-305.0,166.8,68.0,86.94,ACTIVE,RELAY,H1,1,1,1,3,4,0,0.26,0
247.0,3,-787.5,-425.0,76.0,90.04,ACTIVE,RELAY,H1,1,1,1,1,0,0,0.17,0
247.0,4,-591.7,-96.2,84.0,86.9,ACTIVE,RELAY,H1,1,1,1,2,3,0,0.09,0
247.0,5,-562.5,-587.5,0.3,93.48,FAILED,RELAY,P4,0,1,0,,,0,97.51,1
248.1,1,-64.5,407.3,60.0,86.61,ACTIVE,SURVEY,H1,1,1,1,4,2,0,0.34,0
248.1,2,-317.5,175.8,68.0,86.89,ACTIVE,RELAY,H1,1,1,1,3,4,0,0.24,0
248.1,3,-787.5,-425.0,76.0,89.99,ACTIVE,RELAY,H1,1,1,1,1,0,0,0.23,0
248.1,4,-604.2,-87.2,84.0,86.84,ACTIVE,RELAY,H1,1,1,1,2,3,0,0.07,0
248.1,5,-562.5,-587.5,0.3,93.48,FAILED,RELAY,P4,0,1,0,,,0,98.54,1
249.0,1,-76.1,415.8,60.0,86.55,ACTIVE,SURVEY,H1,1,1,1,4,2,0,0.3,0
249.0,2,-329.2,184.2,68.0,86.83,ACTIVE,RELAY,H1,1,1,1,3,4,0,0.26,0
249.0,3,-787.5,-425.0,76.0,89.94,ACTIVE,RELAY,H1,1,1,1,1,0,0,0.17,0
249.0,4,-615.9,-78.8,84.0,86.79,ACTIVE,RELAY,H1,1,1,1,2,3,0,0.53,0
249.0,5,-562.5,-587.5,0.3,93.48,FAILED,RELAY,P4,0,1,0,,,0,99.5,1
250.0,1,-88.5,424.8,60.0,86.5,ACTIVE,SURVEY,H1,1,1,1,4,2,0,0.3,0
250.0,2,-341.6,193.2,68.0,86.78,ACTIVE,RELAY,H1,1,1,1,3,4,0,0.24,0
250.0,3,-787.5,-425.0,76.0,89.89,ACTIVE,RELAY,H1,1,1,1,1,0,0,0.17,0
250.0,4,-628.3,-69.8,84.0,86.73,ACTIVE,RELAY,H1,1,1,1,2,3,0,0.09,0
250.0,5,-562.5,-587.5,0.3,93.48,FAILED,RELAY,P4,0,1,0,,,0,100.52,1
251.0,1,-100.1,433.3,60.0,86.44,ACTIVE,SURVEY,H1,1,1,1,4,2,0,0.3,0
251.0,2,-353.3,201.7,68.0,86.72,ACTIVE,RELAY,H1,1,1,1,3,4,0,0.19,0
251.0,3,-787.5,-425.0,76.0,89.84,ACTIVE,RELAY,H1,1,1,1,1,0,0,0.17,0
251.0,4,-640.0,-61.4,84.0,86.68,ACTIVE,RELAY,H1,1,1,1,2,3,0,0.02,0
251.0,5,-562.5,-587.5,0.3,93.48,FAILED,RELAY,P4,0,1,0,,,0,101.48,1
252.0,1,-112.6,442.3,60.0,86.39,ACTIVE,SURVEY,H1,1,1,1,4,2,0,0.3,0
252.0,2,-365.7,210.7,68.0,86.67,ACTIVE,RELAY,H1,1,1,1,3,4,0,0.26,0
252.0,3,-787.5,-425.0,76.0,89.79,ACTIVE,RELAY,H1,1,1,1,1,0,0,0.17,0
252.0,4,-652.5,-52.4,84.0,86.62,ACTIVE,RELAY,H1,1,1,1,2,3,0,0.09,0
252.0,5,-562.5,-587.5,0.3,93.48,FAILED,RELAY,P4,0,1,0,,,0,102.51,1
253.1,1,-125.0,451.4,60.0,86.33,ACTIVE,SURVEY,H1,1,1,1,4,2,0,0.34,0
253.1,2,-378.2,219.7,68.0,86.61,ACTIVE,RELAY,H1,1,1,1,3,4,0,0.26,0
253.1,3,-787.5,-425.0,76.0,89.74,ACTIVE,RELAY,H1,1,1,1,1,0,0,0.17,0
253.1,4,-664.9,-43.4,84.0,86.56,ACTIVE,RELAY,H1,1,1,1,2,3,0,0.07,0
253.1,5,-562.5,-587.5,0.3,93.48,FAILED,RELAY,P4,0,1,0,,,0,103.53,1
254.0,1,-136.6,459.9,60.0,86.28,ACTIVE,SURVEY,H1,1,1,1,4,2,0,0.3,0
254.0,2,-389.9,228.1,68.0,86.56,ACTIVE,RELAY,H1,1,1,1,3,4,0,0.19,0
254.0,3,-787.5,-425.0,76.0,89.69,ACTIVE,RELAY,H1,1,1,1,1,0,0,0.17,0
254.0,4,-676.6,-35.0,84.0,86.51,ACTIVE,RELAY,H1,1,1,1,2,3,0,0.53,0
254.0,5,-562.5,-587.5,0.3,93.48,FAILED,RELAY,P4,0,1,0,,,0,104.49,1
255.0,1,-149.0,468.9,60.0,86.22,ACTIVE,SURVEY,H1,1,1,1,4,2,0,0.3,0
255.0,2,-402.3,237.1,68.0,86.5,ACTIVE,RELAY,H1,1,1,1,3,4,0,0.26,0
255.0,3,-787.5,-425.0,76.0,89.64,ACTIVE,RELAY,H1,1,1,1,1,0,0,0.17,0
255.0,4,-689.0,-26.0,84.0,86.46,ACTIVE,RELAY,H1,1,1,1,2,3,0,0.04,0
255.0,5,-562.5,-587.5,0.3,93.48,FAILED,RELAY,P4,0,1,0,,,0,105.51,1
256.1,1,-161.4,478.0,60.0,86.17,ACTIVE,SURVEY,H1,1,1,1,4,2,0,0.36,0
256.1,2,-414.8,246.1,68.0,86.45,ACTIVE,RELAY,H1,1,1,1,3,4,0,0.26,0
256.1,3,-787.5,-425.0,76.0,89.59,ACTIVE,RELAY,H1,1,1,1,1,0,0,0.23,0
256.1,4,-701.5,-17.0,84.0,86.4,ACTIVE,RELAY,H1,1,1,1,2,3,0,0.09,0
256.1,5,-562.5,-587.5,0.3,93.48,FAILED,RELAY,P4,0,1,0,,,0,106.54,1
257.0,1,-173.1,486.4,60.0,86.11,ACTIVE,SURVEY,H1,1,1,1,4,2,0,0.3,0
257.0,2,-426.4,254.5,68.0,86.39,ACTIVE,RELAY,H1,1,1,1,3,4,0,0.26,0
257.0,3,-787.5,-425.0,76.0,89.54,ACTIVE,RELAY,H1,1,1,1,1,0,0,0.17,0
257.0,4,-713.2,-8.6,84.0,86.35,ACTIVE,RELAY,H1,1,1,1,2,3,0,0.02,0
257.0,5,-562.5,-587.5,0.3,93.48,FAILED,RELAY,P4,0,1,0,,,0,107.5,1
258.0,1,-185.5,495.5,60.0,86.06,ACTIVE,SURVEY,H1,1,1,1,4,2,0,0.3,0
258.0,2,-438.9,263.5,68.0,86.34,ACTIVE,RELAY,H1,1,1,1,3,4,0,0.24,0
258.0,3,-787.5,-425.0,76.0,89.49,ACTIVE,RELAY,H1,1,1,1,1,0,0,0.17,0
258.0,4,-725.0,-0.0,84.0,86.29,ACTIVE,RELAY,H1,1,1,1,2,3,0,0.09,0
258.0,5,-562.5,-587.5,0.3,93.48,FAILED,RELAY,P4,0,1,0,,,0,108.52,1
259.0,1,-197.1,504.0,60.0,86.0,ACTIVE,SURVEY,H1,1,1,1,4,2,0,0.3,0
259.0,2,-450.6,271.9,68.0,86.28,ACTIVE,RELAY,H1,1,1,1,3,4,0,0.19,0
259.0,3,-787.5,-425.0,76.0,89.44,ACTIVE,RELAY,H1,1,1,1,1,0,0,0.17,0
259.0,4,-725.0,-0.0,84.0,86.24,ACTIVE,RELAY,H1,1,1,1,2,3,0,0.02,0
259.0,5,-562.5,-587.5,0.3,93.48,FAILED,RELAY,P4,0,1,0,,,0,109.48,1
260.0,1,-209.6,513.0,60.0,85.95,ACTIVE,SURVEY,H1,1,1,1,4,2,0,0.3,0
260.0,2,-463.0,280.9,68.0,86.23,ACTIVE,RELAY,H1,1,1,1,3,4,0,0.26,0
260.0,3,-787.5,-425.0,76.0,89.39,ACTIVE,RELAY,H1,1,1,1,1,0,0,0.17,0
260.0,4,-725.0,-0.0,84.0,86.19,ACTIVE,RELAY,H1,1,1,1,2,3,0,0.07,0
260.0,5,-562.5,-587.5,0.3,93.48,FAILED,RELAY,P4,0,1,0,,,0,110.51,1
261.1,1,-222.0,522.0,60.0,85.89,ACTIVE,SURVEY,H1,1,1,1,4,2,0,0.36,0
261.1,2,-475.5,289.9,68.0,86.17,ACTIVE,RELAY,H1,1,1,1,3,4,0,0.26,0
261.1,3,-787.5,-425.0,76.0,89.34,ACTIVE,RELAY,H1,1,1,1,1,0,0,0.17,0
261.1,4,-725.0,-0.0,84.0,86.14,ACTIVE,RELAY,H1,1,1,1,2,3,0,0.09,0
261.1,5,-562.5,-587.5,0.3,93.48,FAILED,RELAY,P4,0,1,0,,,0,111.53,1
262.0,1,-233.6,530.5,60.0,85.84,ACTIVE,SURVEY,H1,1,1,1,4,2,0,0.3,0
262.0,2,-487.1,298.3,68.0,86.12,ACTIVE,RELAY,H1,1,1,1,3,4,0,0.19,0
262.0,3,-787.5,-425.0,76.0,89.29,ACTIVE,RELAY,H1,1,1,1,1,0,0,0.17,0
262.0,4,-725.0,-0.0,84.0,86.09,ACTIVE,RELAY,H1,1,1,1,2,3,0,0.02,0
262.0,5,-562.5,-587.5,0.3,93.48,FAILED,RELAY,P4,0,1,0,,,0,112.49,1
263.0,1,-246.0,539.6,60.0,85.78,ACTIVE,SURVEY,H1,1,1,1,4,2,0,0.3,0
263.0,2,-499.6,307.3,68.0,86.06,ACTIVE,RELAY,H1,1,1,1,3,4,0,0.26,0
263.0,3,-787.5,-425.0,76.0,89.24,ACTIVE,RELAY,H1,1,1,1,1,0,0,0.17,0
263.0,4,-725.0,-0.0,84.0,86.04,ACTIVE,RELAY,H1,1,1,1,2,3,0,0.09,0
263.0,5,-562.5,-587.5,0.3,93.48,FAILED,RELAY,P4,0,1,0,,,0,113.51,1
264.1,1,-258.4,548.6,60.0,85.73,ACTIVE,SURVEY,H1,1,1,1,4,2,0,0.36,0
264.1,2,-512.0,316.3,68.0,86.01,ACTIVE,RELAY,H1,1,1,1,3,4,0,0.26,0
264.1,3,-787.5,-425.0,76.0,89.19,ACTIVE,RELAY,H1,1,1,1,1,0,0,0.23,0
264.1,4,-725.0,-0.0,84.0,85.99,ACTIVE,RELAY,H1,1,1,1,2,3,0,0.09,0
264.1,5,-562.5,-587.5,0.3,93.48,FAILED,RELAY,P4,0,1,0,,,0,114.54,1
265.0,1,-270.1,557.1,60.0,85.67,ACTIVE,SURVEY,H1,1,1,1,4,2,0,0.3,0
265.0,2,-523.7,324.8,68.0,85.95,ACTIVE,RELAY,H1,1,1,1,3,4,0,0.26,0
265.0,3,-787.5,-425.0,76.0,89.14,ACTIVE,RELAY,H1,1,1,1,1,0,0,0.17,0
265.0,4,-725.0,-0.0,84.0,85.94,ACTIVE,RELAY,H1,1,1,1,2,3,0,0.02,0
265.0,5,-562.5,-587.5,0.3,93.48,FAILED,RELAY,P4,0,1,0,,,0,115.5,1
266.0,1,-282.5,566.1,60.0,85.62,ACTIVE,SURVEY,H1,1,1,1,4,2,0,0.28,0
266.0,2,-536.2,333.8,68.0,85.9,ACTIVE,RELAY,H1,1,1,1,3,4,0,0.25,0
266.0,3,-787.5,-425.0,76.0,89.09,ACTIVE,RELAY,H1,1,1,1,1,0,0,0.15,0
266.0,4,-725.0,-0.0,84.0,85.89,ACTIVE,RELAY,H1,1,1,1,2,3,0,0.09,0
266.0,5,-562.5,-587.5,0.3,93.48,FAILED,RELAY,P4,0,1,0,,,0,116.52,1
267.0,1,-294.1,574.6,60.0,85.56,ACTIVE,SURVEY,H1,1,1,1,4,2,0,0.3,0
267.0,2,-547.8,342.2,68.0,85.84,ACTIVE,RELAY,H1,1,1,1,3,4,0,0.19,0
267.0,3,-787.5,-425.0,76.0,89.04,ACTIVE,RELAY,H1,1,1,1,1,0,0,0.17,0
267.0,4,-725.0,-0.0,84.0,85.84,ACTIVE,RELAY,H1,1,1,1,2,3,0,0.0,0
267.0,5,-562.5,-587.5,0.3,93.48,FAILED,RELAY,P4,0,1,0,,,0,117.48,1
268.0,1,-306.5,583.7,60.0,85.51,ACTIVE,SURVEY,H1,1,1,1,4,2,0,0.3,0
268.0,2,-560.3,351.2,68.0,85.79,ACTIVE,RELAY,H1,1,1,1,3,4,0,0.26,0
268.0,3,-787.5,-425.0,76.0,88.99,ACTIVE,RELAY,H1,1,1,1,1,0,0,0.17,0
268.0,4,-725.0,-0.0,84.0,85.79,ACTIVE,RELAY,H1,1,1,1,2,3,0,0.09,0
268.0,5,-562.5,-587.5,0.3,93.48,FAILED,RELAY,P4,0,1,0,,,0,118.51,1
269.1,1,-319.0,592.7,60.0,85.45,ACTIVE,SURVEY,H1,1,1,1,4,2,0,0.34,0
269.1,2,-572.7,360.2,68.0,85.73,ACTIVE,RELAY,H1,1,1,1,3,4,0,0.26,0
269.1,3,-787.5,-425.0,76.0,88.94,ACTIVE,RELAY,H1,1,1,1,1,0,0,0.17,0
269.1,4,-725.0,-0.0,84.0,85.74,ACTIVE,RELAY,H1,1,1,1,2,3,0,0.09,0
269.1,5,-562.5,-587.5,0.3,93.48,FAILED,RELAY,P4,0,1,0,,,0,119.53,1
270.0,1,-330.6,601.2,60.0,85.4,ACTIVE,SURVEY,H1,1,1,1,4,2,0,0.3,0
270.0,2,-584.4,368.6,68.0,85.68,ACTIVE,RELAY,H1,1,1,1,3,4,0,0.19,0
270.0,3,-787.5,-425.0,76.0,88.89,ACTIVE,RELAY,H1,1,1,1,1,0,0,0.17,0
270.0,4,-725.0,-0.0,84.0,85.69,ACTIVE,RELAY,H1,1,1,1,2,3,0,0.0,0
270.0,5,-562.5,-587.5,0.3,93.48,FAILED,RELAY,P4,0,1,0,,,0,120.49,1
271.0,1,-343.0,610.2,60.0,85.34,ACTIVE,SURVEY,H1,1,1,1,4,2,0,0.3,0
271.0,2,-596.9,377.6,68.0,85.62,ACTIVE,RELAY,H1,1,1,1,3,4,0,0.26,0
271.0,3,-787.5,-425.0,76.0,88.84,ACTIVE,RELAY,H1,1,1,1,1,0,0,0.17,0
271.0,4,-725.0,-0.0,84.0,85.64,ACTIVE,RELAY,H1,1,1,1,2,3,0,0.09,0
271.0,5,-562.5,-587.5,0.3,93.48,FAILED,RELAY,P4,0,1,0,,,0,121.51,1
272.1,1,-355.4,619.3,60.0,85.29,ACTIVE,SURVEY,H1,1,1,1,4,2,0,0.36,0
272.1,2,-609.3,386.6,68.0,85.57,ACTIVE,RELAY,H1,1,1,1,3,4,0,0.22,0
272.1,3,-787.5,-425.0,76.0,88.79,ACTIVE,RELAY,H1,1,1,1,1,0,0,0.21,0
272.1,4,-725.0,-0.0,84.0,85.59,ACTIVE,RELAY,H1,1,1,1,2,3,0,0.09,0
272.1,5,-562.5,-587.5,0.3,93.48,FAILED,RELAY,P4,0,1,0,,,0,122.54,1
273.0,1,-367.1,627.7,60.0,85.23,ACTIVE,SURVEY,H1,1,1,1,4,2,0,0.3,0
273.0,2,-621.0,395.0,68.0,85.51,ACTIVE,RELAY,H1,1,1,1,3,4,0,0.26,0
273.0,3,-787.5,-425.0,76.0,88.74,ACTIVE,RELAY,H1,1,1,1,1,0,0,0.16,0
273.0,4,-725.0,-0.0,84.0,85.54,ACTIVE,RELAY,H1,1,1,1,2,3,0,0.02,0
273.0,5,-562.5,-587.5,0.3,93.48,FAILED,RELAY,P4,0,1,0,,,0,123.5,1
274.0,1,-379.5,636.8,60.0,85.18,ACTIVE,SURVEY,H1,1,1,1,4,2,0,0.26,0
274.0,2,-633.4,404.0,68.0,85.46,ACTIVE,RELAY,H1,1,1,1,3,4,0,0.24,0
274.0,3,-787.5,-425.0,76.0,88.69,ACTIVE,RELAY,H1,1,1,1,1,0,0,0.17,0
274.0,4,-725.0,-0.0,84.0,85.49,ACTIVE,RELAY,H1,1,1,1,2,3,0,0.09,0
274.0,5,-562.5,-587.5,0.3,93.48,FAILED,RELAY,P4,0,1,0,,,0,124.52,1
275.0,1,-391.1,645.3,60.0,85.12,ACTIVE,SURVEY,H1,1,1,1,4,2,0,0.3,0
275.0,2,-645.1,412.4,68.0,85.4,ACTIVE,RELAY,H1,1,1,1,3,4,0,0.19,0
275.0,3,-787.5,-425.0,76.0,88.64,ACTIVE,RELAY,H1,1,1,1,1,0,0,0.17,0
275.0,4,-725.0,-0.0,84.0,85.44,ACTIVE,RELAY,H1,1,1,1,2,3,0,0.02,0
275.0,5,-562.5,-587.5,0.3,93.48,FAILED,RELAY,P4,0,1,0,,,0,125.48,1
276.0,1,-403.5,654.3,60.0,85.07,ACTIVE,SURVEY,H1,1,1,1,4,2,0,0.3,0
276.0,2,-657.6,421.4,68.0,85.35,ACTIVE,RELAY,H1,1,1,1,3,4,0,0.26,0
276.0,3,-787.5,-425.0,76.0,88.59,ACTIVE,RELAY,H1,1,1,1,1,0,0,0.17,0
276.0,4,-725.0,-0.0,84.0,85.39,ACTIVE,RELAY,H1,1,1,1,2,3,0,0.09,0
276.0,5,-562.5,-587.5,0.3,93.48,FAILED,RELAY,P4,0,1,0,,,0,126.51,1
277.1,1,-416.0,663.4,60.0,85.01,ACTIVE,SURVEY,H1,1,1,1,4,2,0,0.36,0
277.1,2,-662.5,425.0,68.0,85.29,ACTIVE,RELAY,H1,1,1,1,3,4,0,0.26,0
277.1,3,-787.5,-425.0,76.0,88.54,ACTIVE,RELAY,H1,1,1,1,1,0,0,0.17,0
277.1,4,-725.0,-0.0,84.0,85.34,ACTIVE,RELAY,H1,1,1,1,2,3,0,0.09,0
277.1,5,-562.5,-587.5,0.3,93.48,FAILED,RELAY,P4,0,1,0,,,0,127.53,1
278.0,1,-427.6,671.8,60.0,84.96,ACTIVE,SURVEY,H1,1,1,1,4,2,0,0.28,0
278.0,2,-662.5,425.0,68.0,85.25,ACTIVE,RELAY,H1,1,1,1,3,4,0,0.17,0
278.0,3,-787.5,-425.0,76.0,88.49,ACTIVE,RELAY,H1,1,1,1,1,0,0,0.17,0
278.0,4,-725.0,-0.0,84.0,85.29,ACTIVE,RELAY,H1,1,1,1,2,3,0,0.02,0
278.0,5,-562.5,-587.5,0.3,93.48,FAILED,RELAY,P4,0,1,0,,,0,128.49,1
279.0,1,-440.0,680.9,60.0,84.9,ACTIVE,SURVEY,H1,1,1,1,4,2,0,0.26,0
279.0,2,-662.5,425.0,68.0,85.2,ACTIVE,RELAY,H1,1,1,1,3,4,0,0.24,0
279.0,3,-787.5,-425.0,76.0,88.44,ACTIVE,RELAY,H1,1,1,1,1,0,0,0.17,0
279.0,4,-725.0,-0.0,84.0,85.24,ACTIVE,RELAY,H1,1,1,1,2,3,0,0.09,0
279.0,5,-562.5,-587.5,0.3,93.48,FAILED,RELAY,P4,0,1,0,,,0,129.51,1
280.1,1,-452.4,689.9,60.0,84.85,ACTIVE,SURVEY,H1,1,1,1,4,2,0,0.36,0
280.1,2,-662.5,425.0,68.0,85.14,ACTIVE,RELAY,H1,1,1,1,3,4,0,0.24,0
280.1,3,-787.5,-425.0,76.0,88.39,ACTIVE,RELAY,H1,1,1,1,1,0,0,0.23,0
280.1,4,-725.0,-0.0,84.0,85.19,ACTIVE,RELAY,H1,1,1,1,2,3,0,0.09,0
280.1,5,-562.5,-587.5,0.3,93.48,FAILED,RELAY,P4,0,1,0,,,0,130.54,1
281.0,1,-464.1,698.4,60.0,84.79,ACTIVE,SURVEY,H1,1,1,1,4,2,0,0.28,0
281.0,2,-662.5,425.0,68.0,85.1,ACTIVE,RELAY,H1,1,1,1,3,4,0,0.26,0
281.0,3,-787.5,-425.0,76.0,88.34,ACTIVE,RELAY,H1,1,1,1,1,0,0,0.16,0
281.0,4,-725.0,-0.0,84.0,85.14,ACTIVE,RELAY,H1,1,1,1,2,3,0,0.02,0
281.0,5,-562.5,-587.5,0.3,93.48,FAILED,RELAY,P4,0,1,0,,,0,131.5,1
282.0,1,-476.5,707.4,60.0,84.74,ACTIVE,SURVEY,H1,1,1,1,4,2,0,0.3,0
282.0,2,-662.5,425.0,68.0,85.04,ACTIVE,RELAY,H1,1,1,1,3,4,0,0.26,0
282.0,3,-787.5,-425.0,76.0,88.29,ACTIVE,RELAY,H1,1,1,1,1,0,0,0.17,0
282.0,4,-725.0,-0.0,84.0,85.09,ACTIVE,RELAY,H1,1,1,1,2,3,0,0.07,0
282.0,5,-562.5,-587.5,0.3,93.48,FAILED,RELAY,P4,0,1,0,,,0,132.52,1
283.0,1,-488.1,715.9,60.0,84.68,ACTIVE,SURVEY,H1,1,1,1,4,2,0,0.3,0
283.0,2,-662.5,425.0,68.0,85.0,ACTIVE,RELAY,H1,1,1,1,3,4,0,0.19,0
283.0,3,-787.5,-425.0,76.0,88.24,ACTIVE,RELAY,H1,1,1,1,1,0,0,0.17,0
283.0,4,-725.0,-0.0,84.0,85.04,ACTIVE,RELAY,H1,1,1,1,2,3,0,0.02,0
283.0,5,-562.5,-587.5,0.3,93.48,FAILED,RELAY,P4,0,1,0,,,0,133.48,1
284.0,1,-500.5,725.0,60.0,84.63,ACTIVE,SURVEY,H1,1,1,1,4,2,0,0.3,0
284.0,2,-662.5,425.0,68.0,84.95,ACTIVE,RELAY,H1,1,1,1,3,4,0,0.26,0
284.0,3,-787.5,-425.0,76.0,88.19,ACTIVE,RELAY,H1,1,1,1,1,0,0,0.17,0
284.0,4,-725.0,-0.0,84.0,84.99,ACTIVE,RELAY,H1,1,1,1,2,3,0,0.09,0
284.0,5,-562.5,-587.5,0.3,93.48,FAILED,RELAY,P4,0,1,0,,,0,134.51,1
285.1,1,-512.9,734.0,60.0,84.57,ACTIVE,SURVEY,H1,1,1,1,4,2,0,0.36,0
285.1,2,-662.5,425.0,68.0,84.89,ACTIVE,RELAY,H1,1,1,1,3,4,0,0.26,0
285.1,3,-787.5,-425.0,76.0,88.14,ACTIVE,RELAY,H1,1,1,1,1,0,0,0.15,0
285.1,4,-725.0,-0.0,84.0,84.94,ACTIVE,RELAY,H1,1,1,1,2,3,0,0.09,0
285.1,5,-562.5,-587.5,0.3,93.48,FAILED,RELAY,P4,0,1,0,,,0,135.53,1
286.0,1,-524.6,742.5,60.0,84.52,ACTIVE,SURVEY,H1,1,1,1,4,2,0,0.28,0
286.0,2,-662.5,425.0,68.0,84.85,ACTIVE,RELAY,H1,1,1,1,3,4,0,0.15,0
286.0,3,-787.5,-425.0,76.0,88.09,ACTIVE,RELAY,H1,1,1,1,1,0,0,0.17,0
286.0,4,-725.0,-0.0,84.0,84.89,ACTIVE,RELAY,H1,1,1,1,2,3,0,0.02,0
286.0,5,-562.5,-587.5,0.3,93.48,FAILED,RELAY,P4,0,1,0,,,0,136.49,1
287.0,1,-537.0,751.5,60.0,84.46,ACTIVE,SURVEY,H1,1,1,1,4,2,0,0.3,0
287.0,2,-662.5,425.0,68.0,84.8,ACTIVE,RELAY,H1,1,1,1,3,4,0,0.26,0
287.0,3,-787.5,-425.0,76.0,88.04,ACTIVE,RELAY,H1,1,1,1,1,0,0,0.17,0
287.0,4,-725.0,-0.0,84.0,84.84,ACTIVE,RELAY,H1,1,1,1,2,3,0,0.09,0
287.0,5,-562.5,-587.5,0.3,93.48,FAILED,RELAY,P4,0,1,0,,,0,137.51,1
288.1,1,-549.4,760.6,60.0,84.41,ACTIVE,SURVEY,H1,1,1,1,4,2,0,0.36,0
288.1,2,-662.5,425.0,68.0,84.74,ACTIVE,RELAY,H1,1,1,1,3,4,0,0.26,0
288.1,3,-787.5,-425.0,76.0,87.99,ACTIVE,RELAY,H1,1,1,1,1,0,0,0.23,0
288.1,4,-725.0,-0.0,84.0,84.79,ACTIVE,RELAY,H1,1,1,1,2,3,0,0.09,0
288.1,5,-562.5,-587.5,0.3,93.48,FAILED,RELAY,P4,0,1,0,,,0,138.54,1
289.0,1,-561.1,769.1,60.0,84.35,ACTIVE,SURVEY,H1,1,1,1,4,2,0,0.26,0
289.0,2,-662.5,425.0,68.0,84.7,ACTIVE,RELAY,H1,1,1,1,3,4,0,0.24,0
289.0,3,-787.5,-425.0,76.0,87.94,ACTIVE,RELAY,H1,1,1,1,1,0,0,0.14,0
289.0,4,-725.0,-0.0,84.0,84.74,ACTIVE,RELAY,H1,1,1,1,2,3,0,0.02,0
289.0,5,-562.5,-587.5,0.3,93.48,FAILED,RELAY,P4,0,1,0,,,0,139.5,1
290.0,1,-573.5,778.1,60.0,84.3,ACTIVE,SURVEY,H1,1,1,1,4,2,0,0.3,0
290.0,2,-662.5,425.0,68.0,84.64,ACTIVE,RELAY,H1,1,1,1,3,4,0,0.26,0
290.0,3,-787.5,-425.0,76.0,87.89,ACTIVE,RELAY,H1,1,1,1,1,0,0,0.17,0
290.0,4,-725.0,-0.0,84.0,84.69,ACTIVE,RELAY,H1,1,1,1,2,3,0,0.09,0
290.0,5,-562.5,-587.5,0.3,93.48,FAILED,RELAY,P4,0,1,0,,,0,140.52,1
291.0,1,-585.1,786.6,60.0,84.24,ACTIVE,SURVEY,H1,1,1,1,4,2,0,0.3,0
291.0,2,-662.5,425.0,68.0,84.6,ACTIVE,RELAY,H1,1,1,1,3,4,0,0.14,0
291.0,3,-787.5,-425.0,76.0,87.84,ACTIVE,RELAY,H1,1,1,1,1,0,0,0.17,0
291.0,4,-725.0,-0.0,84.0,84.64,ACTIVE,RELAY,H1,1,1,1,2,3,0,0.02,0
291.0,5,-562.5,-587.5,0.3,93.48,FAILED,RELAY,P4,0,1,0,,,0,141.48,1
292.0,1,-597.5,795.6,60.0,84.19,ACTIVE,SURVEY,H1,1,1,1,4,2,0,0.3,0
292.0,2,-662.5,425.0,68.0,84.55,ACTIVE,RELAY,H1,1,1,1,3,4,0,0.26,0
292.0,3,-787.5,-425.0,76.0,87.79,ACTIVE,RELAY,H1,1,1,1,1,0,0,0.13,0
292.0,4,-725.0,-0.0,84.0,84.59,ACTIVE,RELAY,H1,1,1,1,2,3,0,0.09,0
292.0,5,-562.5,-587.5,0.3,93.48,FAILED,RELAY,P4,0,1,0,,,0,142.51,1
293.1,1,-607.0,802.5,60.0,84.13,ACTIVE,SURVEY,H1,1,1,1,4,2,0,0.36,0
293.1,2,-662.5,425.0,68.0,84.49,ACTIVE,RELAY,H1,1,1,1,3,4,0,0.26,0
293.1,3,-787.5,-425.0,76.0,87.74,ACTIVE,RELAY,H1,1,1,1,1,0,0,0.17,0
293.1,4,-725.0,-0.0,84.0,84.54,ACTIVE,RELAY,H1,1,1,1,2,3,0,0.09,0
293.1,5,-562.5,-587.5,0.3,93.48,FAILED,RELAY,P4,0,1,0,,,0,143.53,1
294.0,1,-607.0,802.5,60.0,84.08,ACTIVE,SURVEY,H1,1,1,1,4,2,0,0.3,0
294.0,2,-662.5,425.0,68.0,84.45,ACTIVE,RELAY,H1,1,1,1,3,4,0,0.19,0
294.0,3,-787.5,-425.0,76.0,87.69,ACTIVE,RELAY,H1,1,1,1,1,0,0,0.17,0
294.0,4,-725.0,-0.0,84.0,84.49,ACTIVE,RELAY,H1,1,1,1,2,3,0,0.02,0
294.0,5,-562.5,-587.5,0.3,93.48,FAILED,RELAY,P4,0,1,0,,,0,144.49,1
295.0,1,-607.0,802.5,60.0,84.03,ACTIVE,SURVEY,H1,1,1,1,4,2,0,0.3,0
295.0,2,-662.5,425.0,68.0,84.4,ACTIVE,RELAY,H1,1,1,1,3,4,0,0.26,0
295.0,3,-787.5,-425.0,76.0,87.64,ACTIVE,RELAY,H1,1,1,1,1,0,0,0.17,0
295.0,4,-725.0,-0.0,84.0,84.44,ACTIVE,RELAY,H1,1,1,1,2,3,0,0.09,0
295.0,5,-562.5,-587.5,0.3,93.48,FAILED,RELAY,P4,0,1,0,,,0,145.51,1
296.1,1,-607.0,802.5,60.0,83.98,ACTIVE,SURVEY,H1,1,1,1,4,2,0,0.36,0
296.1,2,-662.5,425.0,68.0,84.34,ACTIVE,RELAY,H1,1,1,1,3,4,0,0.26,0
296.1,3,-787.5,-425.0,76.0,87.59,ACTIVE,RELAY,H1,1,1,1,1,0,0,0.23,0
296.1,4,-725.0,-0.0,84.0,84.39,ACTIVE,RELAY,H1,1,1,1,2,3,0,0.09,0
296.1,5,-562.5,-587.5,0.3,93.48,FAILED,RELAY,P4,0,1,0,,,0,146.54,1
297.0,1,-607.0,802.5,60.0,83.93,ACTIVE,SURVEY,H1,1,1,1,4,2,0,0.28,0
297.0,2,-662.5,425.0,68.0,84.3,ACTIVE,RELAY,H1,1,1,1,3,4,0,0.24,0
297.0,3,-787.5,-425.0,76.0,87.54,ACTIVE,RELAY,H1,1,1,1,1,0,0,0.17,0
297.0,4,-725.0,-0.0,84.0,84.34,ACTIVE,RELAY,H1,1,1,1,2,3,0,0.02,0
297.0,5,-562.5,-587.5,0.3,93.48,FAILED,RELAY,P4,0,1,0,,,0,147.5,1
298.0,1,-607.0,802.5,60.0,83.88,ACTIVE,SURVEY,H1,1,1,1,4,2,0,0.28,0
298.0,2,-662.5,425.0,68.0,84.24,ACTIVE,RELAY,H1,1,1,1,3,4,0,0.25,0
298.0,3,-787.5,-425.0,76.0,87.49,ACTIVE,RELAY,H1,1,1,1,1,0,0,0.17,0
298.0,4,-725.0,-0.0,84.0,84.29,ACTIVE,RELAY,H1,1,1,1,2,3,0,0.09,0
298.0,5,-562.5,-587.5,0.3,93.48,FAILED,RELAY,P4,0,1,0,,,0,148.52,1
299.0,1,-607.0,802.5,60.0,83.83,ACTIVE,SURVEY,H1,1,1,1,4,2,0,0.28,0
299.0,2,-662.5,425.0,68.0,84.2,ACTIVE,RELAY,H1,1,1,1,3,4,0,0.19,0
299.0,3,-787.5,-425.0,76.0,87.44,ACTIVE,RELAY,H1,1,1,1,1,0,0,0.17,0
299.0,4,-725.0,-0.0,84.0,84.24,ACTIVE,RELAY,H1,1,1,1,2,3,0,0.02,0
299.0,5,-562.5,-587.5,0.3,93.48,FAILED,RELAY,P4,0,1,0,,,0,149.48,1
300.0,1,-607.0,802.5,60.0,83.78,ACTIVE,SURVEY,H1,0,1,0,,,0,0.3,0
300.0,2,-662.5,425.0,68.0,84.15,ACTIVE,RELAY,H1,1,1,1,3,4,0,0.26,0
300.0,3,-787.5,-425.0,76.0,87.39,ACTIVE,RELAY,H1,1,1,1,1,0,0,0.17,0
300.0,4,-725.0,-0.0,84.0,84.19,ACTIVE,RELAY,H1,1,1,1,2,3,0,0.09,0
300.0,5,-562.5,-587.5,0.3,93.48,FAILED,RELAY,P4,0,1,0,,,0,150.51,1
301.1,1,-607.0,802.5,60.0,83.73,ACTIVE,SURVEY,H1,0,1,0,,,0,1.32,0
301.1,2,-662.5,425.0,68.0,84.09,ACTIVE,RELAY,H1,1,1,1,3,4,0,0.26,0
301.1,3,-787.5,-425.0,76.0,87.34,ACTIVE,RELAY,H1,1,1,1,1,0,0,0.17,0
301.1,4,-725.0,-0.0,84.0,84.14,ACTIVE,RELAY,H1,1,1,1,2,3,0,0.09,0
301.1,5,-562.5,-587.5,0.3,93.48,FAILED,RELAY,P4,0,1,0,,,0,151.53,1
302.0,1,-607.0,802.5,60.0,83.68,ACTIVE,SURVEY,H1,0,1,0,,,0,2.28,0
302.0,2,-662.5,425.0,68.0,84.05,ACTIVE,RELAY,H1,1,1,1,3,4,0,0.19,0
302.0,3,-787.5,-425.0,76.0,87.29,ACTIVE,RELAY,H1,1,1,1,1,0,0,0.17,0
302.0,4,-725.0,-0.0,84.0,84.09,ACTIVE,RELAY,H1,1,1,1,2,3,0,0.02,0
302.0,5,-562.5,-587.5,0.3,93.48,FAILED,RELAY,P4,0,1,0,,,0,152.49,1
303.0,1,-607.5,798.7,60.0,83.63,ACTIVE,SURVEY,H1,0,1,0,,,0,3.31,1
303.0,2,-662.5,425.0,68.0,84.0,ACTIVE,RELAY,H1,1,1,1,3,4,0,0.22,0
303.0,3,-787.5,-425.0,76.0,87.24,ACTIVE,RELAY,H1,1,1,1,1,0,0,0.17,0
303.0,4,-725.0,-0.0,84.0,84.04,ACTIVE,RELAY,H1,1,1,1,2,3,0,0.09,0
303.0,5,-562.5,-587.5,0.3,93.48,FAILED,RELAY,P4,0,1,0,,,0,153.51,1
304.1,1,-609.7,783.5,60.0,83.58,ACTIVE,SURVEY,H1,0,1,0,,,0,4.33,1
304.1,2,-662.5,425.0,68.0,83.94,ACTIVE,RELAY,H1,1,1,1,3,4,0,0.26,0
304.1,3,-787.5,-425.0,76.0,87.19,ACTIVE,RELAY,H1,1,1,1,1,0,0,0.23,0
304.1,4,-725.0,-0.0,84.0,83.99,ACTIVE,RELAY,H1,1,1,1,2,3,0,0.09,0
304.1,5,-562.5,-587.5,0.3,93.48,FAILED,RELAY,P4,0,1,0,,,0,154.54,1
305.0,1,-611.7,769.2,60.0,83.52,ACTIVE,SURVEY,H1,0,1,0,,,0,5.29,1
305.0,2,-662.5,425.0,68.0,83.9,ACTIVE,RELAY,H1,1,1,1,3,4,0,0.26,0
305.0,3,-787.5,-425.0,76.0,87.14,ACTIVE,RELAY,H1,1,1,1,1,0,0,0.17,0
305.0,4,-725.0,-0.0,84.0,83.94,ACTIVE,RELAY,H1,1,1,1,2,3,0,0.02,0
305.0,5,-562.5,-587.5,0.3,93.48,FAILED,RELAY,P4,0,1,0,,,0,155.5,1
306.0,1,-613.9,754.0,60.0,83.47,ACTIVE,SURVEY,H1,0,1,0,,,0,6.32,1
306.0,2,-662.5,425.0,68.0,83.84,ACTIVE,RELAY,H1,1,1,1,3,4,0,0.24,0
306.0,3,-787.5,-425.0,76.0,87.09,ACTIVE,RELAY,H1,1,1,1,1,0,0,0.17,0
306.0,4,-725.0,-0.0,84.0,83.89,ACTIVE,RELAY,H1,1,1,1,2,3,0,0.09,0
306.0,5,-562.5,-587.5,0.3,93.48,FAILED,RELAY,P4,0,1,0,,,0,156.52,1
307.0,1,-615.9,739.8,60.0,83.41,ACTIVE,SURVEY,H1,0,1,0,,,0,7.28,1
307.0,2,-662.5,425.0,68.0,83.8,ACTIVE,RELAY,H1,1,1,1,3,4,0,0.19,0
307.0,3,-787.5,-425.0,76.0,87.04,ACTIVE,RELAY,H1,1,1,1,1,0,0,0.17,0
307.0,4,-725.0,-0.0,84.0,83.84,ACTIVE,RELAY,H1,1,1,1,2,3,0,0.02,0
307.0,5,-562.5,-587.5,0.3,93.48,FAILED,RELAY,P4,0,1,0,,,0,157.48,1
308.0,1,-618.1,724.6,60.0,83.36,ACTIVE,SURVEY,H1,0,1,0,,,0,8.3,1
308.0,2,-662.5,425.0,68.0,83.75,ACTIVE,RELAY,H1,1,1,1,3,4,0,0.26,0
308.0,3,-787.5,-425.0,76.0,86.99,ACTIVE,RELAY,H1,1,1,1,1,0,0,0.17,0
308.0,4,-725.0,-0.0,84.0,83.79,ACTIVE,RELAY,H1,1,1,1,2,3,0,0.09,0
308.0,5,-562.5,-587.5,0.3,93.48,FAILED,RELAY,P4,0,1,0,,,0,158.51,1
309.1,1,-620.3,709.4,60.0,83.3,ACTIVE,SURVEY,H1,0,1,0,,,0,9.32,1
309.1,2,-662.5,425.0,68.0,83.69,ACTIVE,RELAY,H1,1,1,1,3,4,0,0.26,0
309.1,3,-787.5,-425.0,76.0,86.94,ACTIVE,RELAY,H1,1,1,1,1,0,0,0.17,0
309.1,4,-725.0,-0.0,84.0,83.74,ACTIVE,RELAY,H1,1,1,1,2,3,0,0.09,0
309.1,5,-562.5,-587.5,0.3,93.48,FAILED,RELAY,P4,0,1,0,,,0,159.53,1
310.0,1,-622.3,695.1,60.0,83.25,ACTIVE,SURVEY,H1,0,1,0,,,0,10.28,1
310.0,2,-662.5,425.0,68.0,83.65,ACTIVE,RELAY,H1,1,1,1,3,4,0,0.17,0
310.0,3,-787.5,-425.0,76.0,86.89,ACTIVE,RELAY,H1,1,1,1,1,0,0,0.15,0
310.0,4,-725.0,-0.0,84.0,83.69,ACTIVE,RELAY,H1,1,1,1,2,3,0,0.02,0
310.0,5,-562.5,-587.5,0.3,93.48,FAILED,RELAY,P4,0,1,0,,,0,160.49,1
311.0,1,-624.5,679.9,60.0,83.19,ACTIVE,SURVEY,H1,0,1,0,,,0,11.31,1
311.0,2,-662.5,425.0,68.0,83.6,ACTIVE,RELAY,H1,1,1,1,3,4,0,0.26,0
311.0,3,-787.5,-425.0,76.0,86.84,ACTIVE,RELAY,H1,1,1,1,1,0,0,0.17,0
311.0,4,-725.0,-0.0,84.0,83.64,ACTIVE,RELAY,H1,1,1,1,2,3,0,0.09,0
311.0,5,-562.5,-587.5,0.3,93.48,FAILED,RELAY,P4,0,1,0,,,0,161.51,1
312.1,1,-626.7,664.7,60.0,83.14,ACTIVE,SURVEY,H1,0,1,0,,,0,12.33,1
312.1,2,-662.5,425.0,68.0,83.54,ACTIVE,RELAY,H1,1,1,1,3,4,0,0.24,0
312.1,3,-787.5,-425.0,76.0,86.79,ACTIVE,RELAY,H1,1,1,1,1,0,0,0.23,0
312.1,4,-725.0,-0.0,84.0,83.59,ACTIVE,RELAY,H1,1,1,1,2,3,0,0.09,0
312.1,5,-562.5,-587.5,0.3,93.48,FAILED,RELAY,P4,0,1,0,,,0,162.54,1
313.0,1,-628.7,650.5,60.0,83.08,ACTIVE,SURVEY,H1,0,1,0,,,0,13.29,1
313.0,2,-662.5,425.0,68.0,83.5,ACTIVE,RELAY,H1,1,1,1,3,4,0,0.26,0
313.0,3,-787.5,-425.0,76.0,86.74,ACTIVE,RELAY,H1,1,1,1,1,0,0,0.17,0
313.0,4,-725.0,-0.0,84.0,83.54,ACTIVE,RELAY,H1,1,1,1,2,3,0,0.02,0
313.0,5,-562.5,-587.5,0.3,93.48,FAILED,RELAY,P4,0,1,0,,,0,163.5,1
314.0,1,-630.9,635.3,60.0,83.03,ACTIVE,SURVEY,H1,0,1,0,,,0,14.32,1
314.0,2,-662.5,425.0,68.0,83.44,ACTIVE,RELAY,H1,1,1,1,3,4,0,0.26,0
314.0,3,-787.5,-425.0,76.0,86.69,ACTIVE,RELAY,H1,1,1,1,1,0,0,0.15,0
314.0,4,-725.0,-0.0,84.0,83.49,ACTIVE,RELAY,H1,1,1,1,2,3,0,0.09,0
314.0,5,-562.5,-587.5,0.3,93.48,FAILED,RELAY,P4,0,1,0,,,0,164.52,1
315.0,1,-632.9,621.0,60.0,82.97,ACTIVE,SURVEY,H1,0,1,0,,,0,15.28,1
315.0,2,-662.5,425.0,68.0,83.4,ACTIVE,RELAY,H1,1,1,1,3,4,0,0.19,0
315.0,3,-787.5,-425.0,76.0,86.64,ACTIVE,RELAY,H1,1,1,1,1,0,0,0.17,0
315.0,4,-725.0,-0.0,84.0,83.44,ACTIVE,RELAY,H1,1,1,1,2,3,0,0.0,0
315.0,5,-562.5,-587.5,0.3,93.48,FAILED,RELAY,P4,0,1,0,,,0,165.48,1
316.0,1,-635.1,605.8,60.0,82.92,ACTIVE,SURVEY,H1,0,1,0,,,0,16.3,1
316.0,2,-662.5,425.0,68.0,83.35,ACTIVE,RELAY,H1,1,1,1,3,4,0,0.26,0
316.0,3,-787.5,-425.0,76.0,86.59,ACTIVE,RELAY,H1,1,1,1,1,0,0,0.17,0
316.0,4,-725.0,-0.0,84.0,83.39,ACTIVE,RELAY,H1,1,1,1,2,3,0,0.09,0
316.0,5,-562.5,-587.5,0.3,93.48,FAILED,RELAY,P4,0,1,0,,,0,166.51,1
317.1,1,-637.3,590.6,60.0,82.86,ACTIVE,SURVEY,H1,0,1,0,,,0,17.32,1
317.1,2,-662.5,425.0,68.0,83.29,ACTIVE,RELAY,H1,1,1,1,3,4,0,0.26,0
317.1,3,-787.5,-425.0,76.0,86.54,ACTIVE,RELAY,H1,1,1,1,1,0,0,0.17,0
317.1,4,-725.0,-0.0,84.0,83.34,ACTIVE,RELAY,H1,1,1,1,2,3,0,0.09,0
317.1,5,-562.5,-587.5,0.3,93.48,FAILED,RELAY,P4,0,1,0,,,0,167.53,1
318.0,1,-639.3,576.3,60.0,82.81,ACTIVE,SURVEY,H1,0,1,0,,,0,18.28,1
318.0,2,-662.5,425.0,68.0,83.25,ACTIVE,RELAY,H1,1,1,1,3,4,0,0.19,0
318.0,3,-787.5,-425.0,76.0,86.49,ACTIVE,RELAY,H1,1,1,1,1,0,0,0.17,0
318.0,4,-725.0,-0.0,84.0,83.29,ACTIVE,RELAY,H1,1,1,1,2,3,0,0.02,0
318.0,5,-562.5,-587.5,0.3,93.48,FAILED,RELAY,P4,0,1,0,,,0,168.49,1
319.0,1,-641.5,561.1,60.0,82.75,ACTIVE,SURVEY,H1,0,1,0,,,0,19.31,1
319.0,2,-662.5,425.0,68.0,83.2,ACTIVE,RELAY,H1,1,1,1,3,4,0,0.22,0
319.0,3,-787.5,-425.0,76.0,86.44,ACTIVE,RELAY,H1,1,1,1,1,0,0,0.17,0
319.0,4,-725.0,-0.0,84.0,83.24,ACTIVE,RELAY,H1,1,1,1,2,3,0,0.09,0
319.0,5,-562.5,-587.5,0.3,93.48,FAILED,RELAY,P4,0,1,0,,,0,169.51,1
320.0,1,-643.5,546.9,60.0,82.7,ACTIVE,SURVEY,H1,0,1,0,,,0,20.27,1
320.0,2,-662.5,425.0,68.0,83.15,ACTIVE,RELAY,H1,1,1,1,3,4,0,0.19,0
320.0,3,-787.5,-425.0,76.0,86.39,ACTIVE,RELAY,H1,1,1,1,1,0,0,0.17,0
320.0,4,-725.0,-0.0,84.0,83.19,ACTIVE,RELAY,H1,1,1,1,2,3,0,0.02,0
320.0,5,-562.5,-587.5,0.3,93.48,FAILED,RELAY,P4,0,1,0,,,0,170.47,1
321.0,1,-645.7,531.7,60.0,82.64,ACTIVE,SURVEY,H1,0,1,0,,,0,21.29,1
321.0,2,-662.5,425.0,68.0,83.1,ACTIVE,RELAY,H1,1,1,1,3,4,0,0.24,0
321.0,3,-787.5,-425.0,76.0,86.34,ACTIVE,RELAY,H1,1,1,1,1,0,0,0.17,0
321.0,4,-725.0,-0.0,84.0,83.14,ACTIVE,RELAY,H1,1,1,1,2,3,0,0.02,0
321.0,5,-562.5,-587.5,0.3,93.48,FAILED,RELAY,P4,0,1,0,,,0,171.5,1
322.0,1,-647.9,516.5,60.0,82.59,ACTIVE,SURVEY,H1,0,1,0,,,0,22.32,1
322.0,2,-662.5,425.0,68.0,83.04,ACTIVE,RELAY,H1,1,1,1,3,4,0,0.26,0
322.0,3,-787.5,-425.0,76.0,86.29,ACTIVE,RELAY,H1,1,1,1,1,0,0,0.17,0
322.0,4,-725.0,-0.0,84.0,83.09,ACTIVE,RELAY,H1,1,1,1,2,3,0,0.07,0
322.0,5,-562.5,-587.5,0.3,93.48,FAILED,RELAY,P4,0,1,0,,,0,172.52,1
323.0,1,-649.9,502.2,60.0,82.53,ACTIVE,SURVEY,H1,0,1,0,,,0,23.28,1
323.0,2,-662.5,425.0,68.0,83.0,ACTIVE,RELAY,H1,1,1,1,3,4,0,0.17,0
323.0,3,-787.5,-425.0,76.0,86.24,ACTIVE,RELAY,H1,1,1,1,1,0,0,0.17,0
323.0,4,-725.0,-0.0,84.0,83.04,ACTIVE,RELAY,H1,1,1,1,2,3,0,0.02,0
323.0,5,-562.5,-587.5,0.3,93.48,FAILED,RELAY,P4,0,1,0,,,0,173.48,1
324.0,1,-652.1,487.0,60.0,82.48,ACTIVE,SURVEY,H1,0,1,0,,,0,24.3,1
324.0,2,-662.5,425.0,68.0,82.95,ACTIVE,RELAY,H1,1,1,1,3,4,0,0.26,0
324.0,3,-787.5,-425.0,76.0,86.19,ACTIVE,RELAY,H1,1,1,1,1,0,0,0.17,0
324.0,4,-725.0,-0.0,84.0,82.99,ACTIVE,RELAY,H1,1,1,1,2,3,0,0.09,0
324.0,5,-562.5,-587.5,0.3,93.48,FAILED,RELAY,P4,0,1,0,,,0,174.51,1
325.1,1,-654.2,471.8,60.0,82.42,ACTIVE,SURVEY,H1,0,1,0,,,0,25.32,1
325.1,2,-662.5,425.0,68.0,82.89,ACTIVE,RELAY,H1,1,1,1,3,4,0,0.26,0
325.1,3,-787.5,-425.0,76.0,86.14,ACTIVE,RELAY,H1,1,1,1,1,0,0,0.21,0
325.1,4,-725.0,-0.0,84.0,82.94,ACTIVE,RELAY,H1,1,1,1,2,3,0,0.09,0
325.1,5,-562.5,-587.5,0.3,93.48,FAILED,RELAY,P4,0,1,0,,,0,175.53,1
326.0,1,-656.3,457.5,60.0,82.37,ACTIVE,SURVEY,H1,0,1,0,,,0,26.28,1
326.0,2,-662.5,425.0,68.0,82.85,ACTIVE,RELAY,H1,1,1,1,3,4,0,0.19,0
326.0,3,-787.5,-425.0,76.0,86.09,ACTIVE,RELAY,H1,1,1,1,1,0,0,0.17,0
326.0,4,-725.0,-0.0,84.0,82.89,ACTIVE,RELAY,H1,1,1,1,2,3,0,0.02,0
326.0,5,-562.5,-587.5,0.3,93.48,FAILED,RELAY,P4,0,1,0,,,0,176.49,1
327.0,1,-658.5,442.3,60.0,82.31,ACTIVE,SURVEY,H1,0,1,0,,,0,27.31,1
327.0,2,-662.5,425.0,68.0,82.8,ACTIVE,RELAY,H1,1,1,1,3,4,0,0.24,0
327.0,3,-787.5,-425.0,76.0,86.04,ACTIVE,RELAY,H1,1,1,1,1,0,0,0.17,0
327.0,4,-725.0,-0.0,84.0,82.84,ACTIVE,RELAY,H1,1,1,1,2,3,0,0.09,0
327.0,5,-562.5,-587.5,0.3,93.48,FAILED,RELAY,P4,0,1,0,,,0,177.51,1
328.0,1,-660.5,428.1,60.0,82.26,ACTIVE,SURVEY,H1,0,1,0,,,0,28.27,1
328.0,2,-662.5,425.0,68.0,82.75,ACTIVE,RELAY,H1,1,1,1,3,4,0,0.19,0
328.0,3,-787.5,-425.0,76.0,85.99,ACTIVE,RELAY,H1,1,1,1,1,0,0,0.17,0
328.0,4,-725.0,-0.0,84.0,82.79,ACTIVE,RELAY,H1,1,1,1,2,3,0,0.02,0
328.0,5,-562.5,-587.5,0.3,93.48,FAILED,RELAY,P4,0,1,0,,,0,178.47,1
329.0,1,-662.7,412.9,60.0,82.2,ACTIVE,SURVEY,H1,0,1,0,,,0,29.29,1
329.0,2,-662.5,425.0,68.0,82.7,ACTIVE,RELAY,H1,1,1,1,3,4,0,0.26,0
329.0,3,-787.5,-425.0,76.0,85.94,ACTIVE,RELAY,H1,1,1,1,1,0,0,0.17,0
329.0,4,-725.0,-0.0,84.0,82.74,ACTIVE,RELAY,H1,1,1,1,2,3,0,0.02,0
329.0,5,-562.5,-587.5,0.3,93.48,FAILED,RELAY,P4,0,1,0,,,0,179.5,1
330.0,1,-664.8,397.7,60.0,82.15,ACTIVE,SURVEY,H1,0,1,0,,,0,30.32,1
330.0,2,-662.5,425.0,68.0,82.64,ACTIVE,RELAY,H1,1,1,1,3,4,0,0.26,0
330.0,3,-787.5,-425.0,76.0,85.89,ACTIVE,RELAY,H1,1,1,1,1,0,0,0.15,0
330.0,4,-725.0,-0.0,84.0,82.69,ACTIVE,RELAY,H1,1,1,1,2,3,0,0.09,0
330.0,5,-562.5,-587.5,0.3,93.48,FAILED,RELAY,P4,0,1,0,,,0,180.52,1
331.0,1,-666.9,383.4,60.0,82.09,ACTIVE,SURVEY,H1,0,1,0,,,0,31.28,1
331.0,2,-662.5,425.0,68.0,82.6,ACTIVE,RELAY,H1,1,1,1,3,4,0,0.19,0
331.0,3,-787.5,-425.0,76.0,85.84,ACTIVE,RELAY,H1,1,1,1,1,0,0,0.17,0
331.0,4,-725.0,-0.0,84.0,82.64,ACTIVE,RELAY,H1,1,1,1,2,3,0,0.02,0
331.0,5,-562.5,-587.5,0.3,93.48,FAILED,RELAY,P4,0,1,0,,,0,181.48,1
332.0,1,-669.1,368.2,60.0,82.04,ACTIVE,SURVEY,H1,0,1,0,,,0,32.3,1
332.0,2,-662.5,425.0,68.0,82.55,ACTIVE,RELAY,H1,1,1,1,3,4,0,0.26,0
332.0,3,-787.5,-425.0,76.0,85.79,ACTIVE,RELAY,H1,1,1,1,1,0,0,0.17,0
332.0,4,-725.0,-0.0,84.0,82.59,ACTIVE,RELAY,H1,1,1,1,2,3,0,0.09,0
332.0,5,-562.5,-587.5,0.3,93.48,FAILED,RELAY,P4,0,1,0,,,0,182.51,1
333.1,1,-671.2,353.0,60.0,81.98,ACTIVE,SURVEY,H1,0,1,0,,,0,33.32,1
333.1,2,-662.5,425.0,68.0,82.49,ACTIVE,RELAY,H1,1,1,1,3,4,0,0.24,0
333.1,3,-787.5,-425.0,76.0,85.74,ACTIVE,RELAY,H1,1,1,1,1,0,0,0.23,0
333.1,4,-725.0,-0.0,84.0,82.54,ACTIVE,RELAY,H1,1,1,1,2,3,0,0.09,0
333.1,5,-562.5,-587.5,0.3,93.48,FAILED,RELAY,P4,0,1,0,,,0,183.53,1
334.0,1,-673.3,338.7,60.0,81.93,ACTIVE,SURVEY,H1,0,1,0,,,0,34.28,1
334.0,2,-662.5,425.0,68.0,82.45,ACTIVE,RELAY,H1,1,1,1,3,4,0,0.19,0
334.0,3,-787.5,-425.0,76.0,85.69,ACTIVE,RELAY,H1,1,1,1,1,0,0,0.17,0
334.0,4,-725.0,-0.0,84.0,82.49,ACTIVE,RELAY,H1,1,1,1,2,3,0,0.02,0
334.0,5,-562.5,-587.5,0.3,93.48,FAILED,RELAY,P4,0,1,0,,,0,184.49,1
335.0,1,-675.4,323.5,60.0,81.87,ACTIVE,SURVEY,H1,0,1,0,,,0,35.31,1
335.0,2,-662.5,425.0,68.0,82.4,ACTIVE,RELAY,H1,1,1,1,3,4,0,0.26,0
335.0,3,-787.5,-425.0,76.0,85.64,ACTIVE,RELAY,H1,1,1,1,1,0,0,0.17,0
335.0,4,-725.0,-0.0,84.0,82.44,ACTIVE,RELAY,H1,1,1,1,2,3,0,0.09,0
335.0,5,-562.5,-587.5,0.3,93.48,FAILED,RELAY,P4,0,1,0,,,0,185.51,1
336.0,1,-677.5,309.3,60.0,81.82,ACTIVE,SURVEY,H1,0,1,0,,,0,36.27,1
336.0,2,-662.5,425.0,68.0,82.35,ACTIVE,RELAY,H1,1,1,1,3,4,0,0.19,0
336.0,3,-787.5,-425.0,76.0,85.59,ACTIVE,RELAY,H1,1,1,1,1,0,0,0.17,0
336.0,4,-725.0,-0.0,84.0,82.39,ACTIVE,RELAY,H1,1,1,1,2,3,0,0.0,0
336.0,5,-562.5,-587.5,0.3,93.48,FAILED,RELAY,P4,0,1,0,,,0,186.47,1
337.0,1,-679.6,294.1,60.0,81.76,ACTIVE,SURVEY,H1,0,1,0,,,0,37.29,1
337.0,2,-662.5,425.0,68.0,82.3,ACTIVE,RELAY,H1,1,1,1,3,4,0,0.26,0
337.0,3,-787.5,-425.0,76.0,85.54,ACTIVE,RELAY,H1,1,1,1,1,0,0,0.17,0
337.0,4,-725.0,-0.0,84.0,82.34,ACTIVE,RELAY,H1,1,1,1,2,3,0,0.02,0
337.0,5,-562.5,-587.5,0.3,93.48,FAILED,RELAY,P4,0,1,0,,,0,187.5,1
338.0,1,-681.8,278.9,60.0,81.71,ACTIVE,SURVEY,H1,0,1,0,,,0,38.32,1
338.0,2,-662.5,425.0,68.0,82.24,ACTIVE,RELAY,H1,1,1,1,3,4,0,0.26,0
338.0,3,-787.5,-425.0,76.0,85.49,ACTIVE,RELAY,H1,1,1,1,1,0,0,0.17,0
338.0,4,-725.0,-0.0,84.0,82.29,ACTIVE,RELAY,H1,1,1,1,2,3,0,0.09,0
338.0,5,-562.5,-587.5,0.3,93.48,FAILED,RELAY,P4,0,1,0,,,0,188.52,1
339.0,1,-683.9,264.6,60.0,81.65,ACTIVE,SURVEY,H1,0,1,0,,,0,39.28,1
339.0,2,-662.5,425.0,68.0,82.2,ACTIVE,RELAY,H1,1,1,1,3,4,0,0.19,0
339.0,3,-787.5,-425.0,76.0,85.44,ACTIVE,RELAY,H1,1,1,1,1,0,0,0.17,0
339.0,4,-725.0,-0.0,84.0,82.24,ACTIVE,RELAY,H1,1,1,1,2,3,0,0.02,0
339.0,5,-562.5,-587.5,0.3,93.48,FAILED,RELAY,P4,0,1,0,,,0,189.48,1
340.0,1,-686.0,249.4,60.0,81.6,ACTIVE,SURVEY,H1,0,1,0,,,0,40.3,1
340.0,2,-662.5,425.0,68.0,82.15,ACTIVE,RELAY,H1,1,1,1,3,4,0,0.24,0
340.0,3,-787.5,-425.0,76.0,85.39,ACTIVE,RELAY,H1,1,1,1,1,0,0,0.17,0
340.0,4,-725.0,-0.0,84.0,82.19,ACTIVE,RELAY,H1,1,1,1,2,3,0,0.09,0
340.0,5,-562.5,-587.5,0.3,93.48,FAILED,RELAY,P4,0,1,0,,,0,190.51,1
341.1,1,-688.2,234.2,60.0,81.54,ACTIVE,SURVEY,H1,0,1,0,,,0,41.32,1
341.1,2,-662.5,425.0,68.0,82.09,ACTIVE,RELAY,H1,1,1,1,3,4,0,0.26,0
341.1,3,-787.5,-425.0,76.0,85.34,ACTIVE,RELAY,H1,1,1,1,1,0,0,0.23,0
341.1,4,-725.0,-0.0,84.0,82.14,ACTIVE,RELAY,H1,1,1,1,2,3,0,0.09,0
341.1,5,-562.5,-587.5,0.3,93.48,FAILED,RELAY,P4,0,1,0,,,0,191.53,1
342.0,1,-690.2,219.9,60.0,81.49,ACTIVE,SURVEY,H1,0,1,0,,,0,42.28,1
342.0,2,-662.5,425.0,68.0,82.05,ACTIVE,RELAY,H1,1,1,1,3,4,0,0.19,0
342.0,3,-787.5,-425.0,76.0,85.29,ACTIVE,RELAY,H1,1,1,1,1,0,0,0.17,0
342.0,4,-725.0,-0.0,84.0,82.09,ACTIVE,RELAY,H1,1,1,1,2,3,0,0.0,0
342.0,5,-562.5,-587.5,0.3,93.48,FAILED,RELAY,P4,0,1,0,,,0,192.49,1
343.0,1,-692.4,204.7,60.0,81.43,ACTIVE,SURVEY,H1,0,1,0,,,0,43.31,1
343.0,2,-662.5,425.0,68.0,82.0,ACTIVE,RELAY,H1,1,1,1,3,4,0,0.26,0
343.0,3,-787.5,-425.0,76.0,85.24,ACTIVE,RELAY,H1,1,1,1,1,0,0,0.17,0
343.0,4,-725.0,-0.0,84.0,82.04,ACTIVE,RELAY,H1,1,1,1,2,3,0,0.06,0
343.0,5,-562.5,-587.5,0.3,93.48,FAILED,RELAY,P4,0,1,0,,,0,193.51,1
344.0,1,-694.4,190.5,60.0,81.38,ACTIVE,SURVEY,H1,0,1,0,,,0,44.27,1
344.0,2,-662.5,425.0,68.0,81.95,ACTIVE,RELAY,H1,1,1,1,3,4,0,0.19,0
344.0,3,-787.5,-425.0,76.0,85.19,ACTIVE,RELAY,H1,1,1,1,1,0,0,0.17,0
344.0,4,-725.0,-0.0,84.0,81.99,ACTIVE,RELAY,H1,1,1,1,2,3,0,0.02,0
344.0,5,-562.5,-587.5,0.3,93.48,FAILED,RELAY,P4,0,1,0,,,0,194.47,1
345.0,1,-696.6,175.3,60.0,81.32,ACTIVE,SURVEY,H1,0,1,0,,,0,45.29,1
345.0,2,-662.5,425.0,68.0,81.9,ACTIVE,RELAY,H1,1,1,1,3,4,0,0.26,0
345.0,3,-787.5,-425.0,76.0,85.14,ACTIVE,RELAY,H1,1,1,1,1,0,0,0.17,0
345.0,4,-725.0,-0.0,84.0,81.94,ACTIVE,RELAY,H1,1,1,1,2,3,0,0.02,0
345.0,5,-562.5,-587.5,0.3,93.48,FAILED,RELAY,P4,0,1,0,,,0,195.5,1
346.0,1,-698.8,160.1,60.0,81.27,ACTIVE,SURVEY,H1,1,1,1,2,3,0,0.39,0
346.0,2,-662.5,425.0,68.0,81.84,ACTIVE,RELAY,H1,1,1,1,3,4,0,0.13,0
346.0,3,-787.5,-425.0,76.0,85.09,ACTIVE,RELAY,H1,1,1,1,1,0,1,0.13,0
346.0,4,-725.0,-0.0,84.0,81.89,ACTIVE,RELAY,H1,1,1,1,2,3,1,0.43,0
346.0,5,-562.5,-587.5,0.3,93.48,FAILED,RELAY,P4,0,1,0,,,0,196.52,1
347.0,1,-700.8,145.8,60.0,81.21,ACTIVE,SURVEY,H1,1,1,1,2,3,0,0.16,0
347.0,2,-662.5,425.0,68.0,81.8,ACTIVE,RELAY,H1,1,1,1,3,4,0,0.13,0
347.0,3,-787.5,-425.0,76.0,85.04,ACTIVE,RELAY,H1,1,1,1,1,0,2,0.15,0
347.0,4,-725.0,-0.0,84.0,81.84,ACTIVE,RELAY,H1,1,1,1,2,3,1,0.19,0
347.0,5,-562.5,-587.5,0.3,93.48,FAILED,RELAY,P4,0,1,0,,,0,197.48,1
348.0,1,-703.0,130.6,60.0,81.16,ACTIVE,SURVEY,H1,1,1,1,2,3,0,0.3,0
348.0,2,-662.5,425.0,68.0,81.75,ACTIVE,RELAY,H1,1,1,1,3,4,0,0.21,0
348.0,3,-787.5,-425.0,76.0,84.99,ACTIVE,RELAY,H1,1,1,1,1,0,1,0.55,0
348.0,4,-725.0,-0.0,84.0,81.79,ACTIVE,RELAY,H1,1,1,1,2,3,0,0.52,0
348.0,5,-562.5,-587.5,0.3,93.48,FAILED,RELAY,P4,0,1,0,,,0,198.51,1
349.1,1,-705.2,115.4,60.0,81.1,ACTIVE,SURVEY,H1,1,1,1,2,3,1,0.35,0
349.1,2,-662.5,425.0,68.0,81.69,ACTIVE,RELAY,H1,1,1,1,3,4,0,0.04,0
349.1,3,-787.5,-425.0,76.0,84.94,ACTIVE,RELAY,H1,1,1,1,1,0,1,0.13,0
349.1,4,-725.0,-0.0,84.0,81.74,ACTIVE,RELAY,H1,1,1,1,2,3,0,0.0,0
349.1,5,-562.5,-587.5,0.3,93.48,FAILED,RELAY,P4,0,1,0,,,0,199.53,1
350.0,1,-707.2,101.2,60.0,81.05,ACTIVE,SURVEY,H1,1,1,1,2,3,1,0.19,0
350.0,2,-662.5,425.0,68.0,81.65,ACTIVE,RELAY,H1,1,1,1,3,4,0,0.05,0
350.0,3,-787.5,-425.0,76.0,84.89,ACTIVE,RELAY,H1,1,1,1,1,0,2,0.12,0
350.0,4,-725.0,-0.0,84.0,81.69,ACTIVE,RELAY,H1,1,1,1,2,3,1,0.44,0
350.0,5,-562.5,-587.5,0.3,93.48,FAILED,RELAY,P4,0,1,0,,,0,200.49,1
351.0,1,-709.4,86.0,60.0,80.99,ACTIVE,SURVEY,H1,1,1,1,2,3,1,0.21,0
351.0,2,-662.5,425.0,68.0,81.6,ACTIVE,RELAY,H1,1,1,1,3,4,0,0.13,0
351.0,3,-787.5,-425.0,76.0,84.84,ACTIVE,RELAY,H1,1,1,1,1,0,1,0.16,0
351.0,4,-725.0,-0.0,84.0,81.64,ACTIVE,RELAY,H1,1,1,1,2,3,1,0.49,0
351.0,5,-562.5,-587.5,0.3,93.48,FAILED,RELAY,P4,0,1,0,,,0,201.51,1
352.0,1,-711.4,71.7,60.0,80.94,ACTIVE,SURVEY,H1,1,1,1,2,3,0,0.77,0
352.0,2,-662.5,425.0,68.0,81.55,ACTIVE,RELAY,H1,1,1,1,3,4,0,0.59,0
352.0,3,-787.5,-425.0,76.0,84.79,ACTIVE,RELAY,H1,1,1,1,1,0,5,0.61,0
352.0,4,-725.0,-0.0,84.0,81.59,ACTIVE,RELAY,H1,1,1,1,2,3,0,0.37,0
352.0,5,-562.5,-587.5,0.3,93.48,FAILED,RELAY,P4,0,1,0,,,0,202.47,1
353.0,1,-713.6,56.5,60.0,80.88,ACTIVE,SURVEY,H1,1,1,1,2,3,0,0.23,0
353.0,2,-662.5,425.0,68.0,81.5,ACTIVE,RELAY,H1,1,1,1,3,4,0,0.17,0
353.0,3,-787.5,-425.0,76.0,84.74,ACTIVE,RELAY,H1,1,1,1,1,0,2,0.04,0
353.0,4,-725.0,-0.0,84.0,81.54,ACTIVE,RELAY,H1,1,1,1,2,3,0,0.51,0
353.0,5,-562.5,-587.5,0.3,93.48,FAILED,RELAY,P4,0,1,0,,,0,203.5,1
354.0,1,-715.8,41.3,60.0,80.83,ACTIVE,SURVEY,H1,1,1,1,2,3,0,0.29,0
354.0,2,-662.5,425.0,68.0,81.44,ACTIVE,RELAY,H1,1,1,1,3,4,0,0.25,0
354.0,3,-787.5,-425.0,76.0,84.69,ACTIVE,RELAY,H1,1,1,1,1,0,5,0.6,0
354.0,4,-725.0,-0.0,84.0,81.49,ACTIVE,RELAY,H1,1,1,1,2,3,2,0.59,0
354.0,5,-562.5,-587.5,0.3,93.48,FAILED,RELAY,P4,0,1,0,,,0,204.52,1
355.0,1,-717.3,30.8,60.0,80.78,ACTIVE,SURVEY,H1,1,1,1,2,3,0,0.28,0
355.0,2,-662.5,425.0,68.0,81.4,ACTIVE,RELAY,H1,1,1,1,3,4,0,0.19,0
355.0,3,-787.5,-425.0,76.0,84.64,ACTIVE,RELAY,H1,1,1,1,1,0,0,0.15,0
355.0,4,-725.0,-0.0,84.0,81.44,ACTIVE,RELAY,H1,1,1,1,2,3,0,0.02,0
355.0,5,-562.5,-587.5,0.3,93.48,FAILED,RELAY,P4,0,1,0,,,0,205.48,1
356.0,1,-707.5,38.6,60.0,80.72,ACTIVE,RELAY,P5,1,1,1,2,3,0,0.34,0
356.0,2,-652.2,430.2,68.0,81.34,ACTIVE,SURVEY,P5,1,1,1,3,4,0,0.26,0
356.0,3,-778.5,-428.4,76.0,84.58,ACTIVE,RELAY,P5,1,1,1,1,0,0,0.17,0
356.0,4,-716.9,-3.0,84.0,81.39,ACTIVE,RELAY,P5,1,1,1,2,3,0,0.09,0
356.0,5,-562.5,-587.5,0.3,93.48,FAILED,RELAY,P4,0,1,0,,,0,206.51,1
357.1,1,-695.5,48.1,60.0,80.66,ACTIVE,RELAY,P5,1,1,1,2,3,0,0.41,0
357.1,2,-638.5,437.2,68.0,81.29,ACTIVE,SURVEY,P5,1,1,1,3,4,0,0.26,0
357.1,3,-764.1,-433.8,76.0,84.53,ACTIVE,RELAY,P5,1,1,1,1,0,0,0.23,0
357.1,4,-702.5,-8.4,84.0,81.33,ACTIVE,RELAY,P5,1,1,1,2,3,0,0.09,0
357.1,5,-562.5,-587.5,0.3,93.48,FAILED,RELAY,P4,0,1,0,,,0,207.53,1
358.0,1,-684.2,57.1,60.0,80.61,ACTIVE,RELAY,P5,1,1,1,2,3,0,0.34,0
358.0,2,-625.7,443.7,68.0,81.23,ACTIVE,SURVEY,P5,1,1,1,3,4,0,0.19,0
358.0,3,-750.6,-438.8,76.0,84.48,ACTIVE,RELAY,P5,1,1,1,1,0,0,0.17,0
358.0,4,-689.0,-13.5,84.0,81.28,ACTIVE,RELAY,P5,1,1,1,2,3,0,0.02,0
358.0,5,-562.5,-587.5,0.3,93.48,FAILED,RELAY,P4,0,1,0,,,0,208.49,1
359.0,1,-672.2,66.6,60.0,80.55,ACTIVE,RELAY,P5,1,1,1,2,3,0,0.34,0
359.0,2,-612.0,450.7,68.0,81.18,ACTIVE,SURVEY,P5,1,1,1,3,4,0,0.26,0
359.0,3,-736.3,-444.2,76.0,84.42,ACTIVE,RELAY,P5,1,1,1,1,0,0,0.17,0
359.0,4,-674.7,-18.9,84.0,81.22,ACTIVE,RELAY,P5,1,1,1,2,3,0,0.09,0
359.0,5,-562.5,-587.5,0.3,93.48,FAILED,RELAY,P4,0,1,0,,,0,209.51,1
360.0,1,-660.9,75.6,60.0,80.5,ACTIVE,RELAY,P5,1,1,1,2,3,0,0.34,0
360.0,2,-599.2,457.2,68.0,81.12,ACTIVE,SURVEY,P5,1,1,1,3,4,0,0.19,0
360.0,3,-722.8,-449.3,76.0,32.37,ACTIVE,RELAY,P5,1,1,1,1,0,0,0.17,0
360.0,4,-661.2,-23.9,84.0,81.17,ACTIVE,RELAY,P5,1,1,1,2,3,0,0.02,0
360.0,5,-562.5,-587.5,0.3,93.48,FAILED,RELAY,P4,0,1,0,,,0,210.47,1
361.0,1,-648.8,85.2,60.0,80.45,ACTIVE,RELAY,P5,1,1,1,2,3,0,0.32,0
361.0,2,-585.5,464.2,68.0,81.07,ACTIVE,SURVEY,P5,1,1,1,3,4,0,0.26,0
361.0,3,-708.4,-454.7,76.0,32.31,ACTIVE,RELAY,P5,1,1,1,1,0,0,0.17,0
361.0,4,-646.8,-29.3,84.0,81.11,ACTIVE,RELAY,P5,1,1,1,2,3,0,0.02,0
361.0,5,-562.5,-587.5,0.3,93.48,FAILED,RELAY,P4,0,1,0,,,0,211.5,1
362.0,1,-636.8,94.7,60.0,80.39,ACTIVE,RELAY,P5,1,1,1,2,3,0,0.41,0
362.0,2,-571.8,471.2,68.0,81.01,ACTIVE,SURVEY,P5,1,1,1,3,4,0,0.26,0
362.0,3,-694.0,-460.1,76.0,32.25,ACTIVE,RELAY,P5,1,1,1,1,0,0,0.17,0
362.0,4,-632.4,-34.7,84.0,81.06,ACTIVE,RELAY,P5,1,1,1,2,3,0,0.09,0
362.0,5,-562.5,-587.5,0.3,93.48,FAILED,RELAY,P4,0,1,0,,,0,212.52,1
363.0,1,-625.5,103.7,60.0,80.34,ACTIVE,RELAY,P5,1,1,1,2,3,0,0.32,0
363.0,2,-559.0,477.7,68.0,80.96,ACTIVE,SURVEY,P5,1,1,1,3,4,0,0.19,0
363.0,3,-687.5,-462.5,76.0,32.2,ACTIVE,RELAY,P5,1,1,1,1,0,0,0.17,0
363.0,4,-618.9,-39.8,84.0,81.0,ACTIVE,RELAY,P5,1,1,1,2,3,0,0.02,0
363.0,5,-562.5,-587.5,0.3,93.48,FAILED,RELAY,P4,0,1,0,,,0,213.48,1
364.0,1,-613.5,113.2,60.0,80.28,ACTIVE,RELAY,P5,1,1,1,2,3,0,0.32,0
364.0,2,-545.3,484.7,68.0,80.9,ACTIVE,SURVEY,P5,1,1,1,3,4,0,0.26,0
364.0,3,-687.5,-462.5,76.0,32.15,ACTIVE,RELAY,P5,1,1,1,1,0,0,0.17,0
364.0,4,-604.6,-45.2,84.0,80.95,ACTIVE,RELAY,P5,1,1,1,2,3,0,0.09,0
364.0,5,-562.5,-587.5,0.3,93.48,FAILED,RELAY,P4,0,1,0,,,0,214.51,1
365.1,1,-601.5,122.8,60.0,80.22,ACTIVE,RELAY,P5,1,1,1,2,3,0,0.41,0
365.1,2,-531.6,491.7,68.0,80.85,ACTIVE,SURVEY,P5,1,1,1,3,4,0,0.24,0
365.1,3,-687.5,-462.5,76.0,32.1,ACTIVE,RELAY,P5,1,1,1,1,0,0,0.23,0
365.1,4,-590.2,-50.6,84.0,80.89,ACTIVE,RELAY,P5,1,1,1,2,3,0,0.09,0
365.1,5,-562.5,-587.5,0.3,93.48,FAILED,RELAY,P4,0,1,0,,,0,215.53,1
366.0,1,-590.2,131.7,60.0,80.17,ACTIVE,RELAY,P5,1,1,1,3,4,0,0.32,0
366.0,2,-518.8,498.2,68.0,80.79,ACTIVE,SURVEY,P5,1,1,1,3,4,0,0.19,0
366.0,3,-687.5,-462.5,76.0,32.05,ACTIVE,RELAY,P5,1,1,1,1,0,0,0.17,0
366.0,4,-576.7,-55.6,84.0,80.84,ACTIVE,RELAY,P5,1,1,1,2,3,0,0.02,0
366.0,5,-562.5,-587.5,0.3,93.48,FAILED,RELAY,P4,0,1,0,,,0,216.49,1
367.0,1,-578.2,141.3,60.0,80.11,ACTIVE,RELAY,P5,1,1,1,3,4,0,0.32,0
367.0,2,-505.1,505.2,68.0,80.74,ACTIVE,SURVEY,P5,1,1,1,3,4,0,0.24,0
367.0,3,-687.5,-462.5,76.0,32.0,ACTIVE,RELAY,P5,1,1,1,1,0,0,0.17,0
367.0,4,-562.3,-61.0,84.0,80.78,ACTIVE,RELAY,P5,1,1,1,2,3,0,0.07,0
367.0,5,-562.5,-587.5,0.3,93.48,FAILED,RELAY,P4,0,1,0,,,0,217.51,1
368.0,1,-566.9,150.2,60.0,80.06,ACTIVE,RELAY,P5,1,1,1,3,4,0,0.32,0
368.0,2,-492.3,511.7,68.0,80.68,ACTIVE,SURVEY,P5,1,1,1,3,4,0,0.15,0
368.0,3,-687.5,-462.5,76.0,31.95,ACTIVE,RELAY,P5,1,1,1,1,0,0,0.17,0
368.0,4,-548.8,-66.1,84.0,80.73,ACTIVE,RELAY,P5,1,1,1,2,3,0,0.02,0
368.0,5,-562.5,-587.5,0.3,93.48,FAILED,RELAY,P4,0,1,0,,,0,218.47,1
369.0,1,-554.9,159.8,60.0,80.01,ACTIVE,RELAY,P5,1,1,1,3,4,0,0.32,0
369.0,2,-478.6,518.7,68.0,80.63,ACTIVE,SURVEY,P5,1,1,1,3,4,0,0.26,0
369.0,3,-687.5,-462.5,76.0,31.9,ACTIVE,RELAY,P5,1,1,1,1,0,0,0.17,0
369.0,4,-534.4,-71.5,84.0,80.67,ACTIVE,RELAY,P5,1,1,1,2,3,0,0.0,0
369.0,5,-562.5,-587.5,0.3,93.48,FAILED,RELAY,P4,0,1,0,,,0,219.5,1
370.0,1,-542.8,169.3,60.0,79.95,ACTIVE,RELAY,P5,1,1,1,3,4,0,0.39,0
370.0,2,-464.9,525.6,68.0,80.57,ACTIVE,SURVEY,P5,1,1,1,4,1,0,0.24,0
370.0,3,-687.5,-462.5,76.0,31.85,ACTIVE,RELAY,P5,1,1,1,1,0,0,0.17,0
370.0,4,-525.0,-75.0,84.0,80.62,ACTIVE,RELAY,P5,1,1,1,2,3,0,0.09,0
370.0,5,-562.5,-587.5,0.3,93.48,FAILED,RELAY,P4,0,1,0,,,0,220.52,1
371.0,1,-531.6,178.3,60.0,79.9,ACTIVE,RELAY,P5,1,1,1,3,4,0,0.32,0
371.0,2,-452.1,532.2,68.0,80.52,ACTIVE,SURVEY,P5,1,1,1,4,1,0,0.14,0
371.0,3,-687.5,-462.5,76.0,31.8,ACTIVE,RELAY,P5,1,1,1,1,0,0,0.17,0
371.0,4,-525.0,-75.0,84.0,80.57,ACTIVE,RELAY,P5,1,1,1,2,3,0,0.02,0
371.0,5,-562.5,-587.5,0.3,93.48,FAILED,RELAY,P4,0,1,0,,,0,221.48,1
372.0,1,-519.5,187.8,60.0,79.84,ACTIVE,RELAY,P5,1,1,1,3,4,0,0.32,0
372.0,2,-438.4,539.1,68.0,80.46,ACTIVE,SURVEY,P5,1,1,1,4,1,0,0.24,0
372.0,3,-687.5,-462.5,76.0,31.75,ACTIVE,RELAY,P5,1,1,1,1,0,0,0.17,0
372.0,4,-525.0,-75.0,84.0,80.52,ACTIVE,RELAY,P5,1,1,1,2,3,0,0.09,0
372.0,5,-562.5,-587.5,0.3,93.48,FAILED,RELAY,P4,0,1,0,,,0,222.51,1
373.1,1,-507.5,197.4,60.0,79.78,ACTIVE,RELAY,P5,1,1,1,3,4,0,0.39,0
373.1,2,-424.7,546.1,68.0,80.41,ACTIVE,SURVEY,P5,1,1,1,4,1,0,0.24,0
373.1,3,-687.5,-462.5,76.0,31.7,ACTIVE,RELAY,P5,1,1,1,1,0,0,0.23,0
373.1,4,-525.0,-75.0,84.0,80.47,ACTIVE,RELAY,P5,1,1,1,2,3,0,0.08,0
373.1,5,-562.5,-587.5,0.3,93.48,FAILED,RELAY,P4,0,1,0,,,0,223.53,1
374.0,1,-496.2,206.3,60.0,79.73,ACTIVE,RELAY,P5,1,1,1,3,4,0,0.32,0
374.0,2,-411.9,552.7,68.0,80.35,ACTIVE,SURVEY,P5,1,1,1,4,1,0,0.17,0
374.0,3,-687.5,-462.5,76.0,31.65,ACTIVE,RELAY,P5,1,1,1,1,0,0,0.17,0
374.0,4,-525.0,-75.0,84.0,80.42,ACTIVE,RELAY,P5,1,1,1,2,3,0,0.02,0
374.0,5,-562.5,-587.5,0.3,93.48,FAILED,RELAY,P4,0,1,0,,,0,224.49,1
375.0,1,-484.2,215.9,60.0,79.67,ACTIVE,RELAY,P5,1,1,1,3,4,0,0.32,0
375.0,2,-398.2,559.6,68.0,80.3,ACTIVE,SURVEY,P5,1,1,1,4,1,0,0.24,0
375.0,3,-687.5,-462.5,76.0,31.6,ACTIVE,RELAY,P5,1,1,1,1,0,0,0.17,0
375.0,4,-525.0,-75.0,84.0,80.37,ACTIVE,RELAY,P5,1,1,1,2,3,0,0.09,0
375.0,5,-562.5,-587.5,0.3,93.48,FAILED,RELAY,P4,0,1,0,,,0,225.51,1
376.0,1,-472.9,224.8,60.0,79.62,ACTIVE,RELAY,P5,1,1,1,3,4,0,0.32,0
376.0,2,-385.3,566.2,68.0,80.24,ACTIVE,SURVEY,P5,1,1,1,4,1,0,0.17,0
376.0,3,-687.5,-462.5,76.0,31.55,ACTIVE,RELAY,P5,1,1,1,1,0,0,0.17,0
376.0,4,-525.0,-75.0,84.0,80.32,ACTIVE,RELAY,P5,1,1,1,2,3,0,0.02,0
376.0,5,-562.5,-587.5,0.3,93.48,FAILED,RELAY,P4,0,1,0,,,0,226.47,1
377.0,1,-460.9,234.4,60.0,79.57,ACTIVE,RELAY,P5,1,1,1,3,4,0,0.32,0
377.0,2,-371.6,573.1,68.0,80.19,ACTIVE,SURVEY,P5,1,1,1,4,1,0,0.24,0
377.0,3,-687.5,-462.5,76.0,31.5,ACTIVE,RELAY,P5,1,1,1,1,0,0,0.17,0
377.0,4,-525.0,-75.0,84.0,80.27,ACTIVE,RELAY,P5,1,1,1,2,3,0,0.02,0
377.0,5,-562.5,-587.5,0.3,93.48,FAILED,RELAY,P4,0,1,0,,,0,227.5,1
378.0,1,-448.9,243.9,60.0,79.51,ACTIVE,RELAY,P5,1,1,1,3,4,0,0.39,0
378.0,2,-358.0,580.1,68.0,80.13,ACTIVE,SURVEY,P5,1,1,1,4,1,0,0.24,0
378.0,3,-687.5,-462.5,76.0,31.45,ACTIVE,RELAY,P5,1,1,1,1,0,0,0.17,0
378.0,4,-525.0,-75.0,84.0,80.22,ACTIVE,RELAY,P5,1,1,1,2,3,0,0.09,0
378.0,5,-562.5,-587.5,0.3,93.48,FAILED,RELAY,P4,0,1,0,,,0,228.52,1
379.0,1,-437.6,252.9,60.0,79.46,ACTIVE,RELAY,P5,1,1,1,3,4,0,0.32,0
379.0,2,-345.1,586.6,68.0,80.08,ACTIVE,SURVEY,P5,1,1,1,4,1,0,0.14,0
379.0,3,-687.5,-462.5,76.0,31.4,ACTIVE,RELAY,P5,1,1,1,1,0,0,0.17,0
379.0,4,-525.0,-75.0,84.0,80.17,ACTIVE,RELAY,P5,1,1,1,2,3,0,0.02,0
379.0,5,-562.5,-587.5,0.3,93.48,FAILED,RELAY,P4,0,1,0,,,0,229.48,1
380.0,1,-425.5,262.4,60.0,79.4,ACTIVE,RELAY,P5,1,1,1,3,4,0,0.3,0
380.0,2,-331.4,593.6,68.0,80.02,ACTIVE,SURVEY,P5,1,1,1,4,1,0,0.24,0
380.0,3,-687.5,-462.5,76.0,31.35,ACTIVE,RELAY,P5,1,1,1,1,0,0,0.17,0
380.0,4,-525.0,-75.0,84.0,80.12,ACTIVE,RELAY,P5,1,1,1,2,3,0,0.09,0
380.0,5,-562.5,-587.5,0.3,93.48,FAILED,RELAY,P4,0,1,0,,,0,230.51,1
381.1,1,-413.5,272.0,60.0,79.34,ACTIVE,RELAY,P5,1,1,1,3,4,0,0.39,0
381.1,2,-317.8,600.6,68.0,79.97,ACTIVE,SURVEY,P5,1,1,1,4,1,0,0.24,0
381.1,3,-687.5,-462.5,76.0,31.3,ACTIVE,RELAY,P5,1,1,1,1,0,0,0.23,0
381.1,4,-525.0,-75.0,84.0,80.07,ACTIVE,RELAY,P5,1,1,1,2,3,0,0.08,0
381.1,5,-562.5,-587.5,0.3,93.48,FAILED,RELAY,P4,0,1,0,,,0,231.53,1
382.0,1,-402.2,280.9,60.0,79.29,ACTIVE,RELAY,P5,1,1,1,3,4,0,0.32,0
382.0,2,-304.9,607.1,68.0,79.91,ACTIVE,SURVEY,P5,1,1,1,4,1,0,0.17,0
382.0,3,-687.5,-462.5,76.0,31.25,ACTIVE,RELAY,P5,1,1,1,1,0,0,0.17,0
382.0,4,-525.0,-75.0,84.0,80.02,ACTIVE,RELAY,P5,1,1,1,2,3,0,0.02,0
382.0,5,-562.5,-587.5,0.3,93.48,FAILED,RELAY,P4,0,1,0,,,0,232.49,1
383.0,1,-390.2,290.5,60.0,79.23,ACTIVE,RELAY,P5,1,1,1,3,4,0,0.32,0
383.0,2,-291.2,614.1,68.0,79.86,ACTIVE,SURVEY,P5,1,1,1,4,1,0,0.24,0
383.0,3,-687.5,-462.5,76.0,31.2,ACTIVE,RELAY,P5,1,1,1,1,0,0,0.17,0
383.0,4,-525.0,-75.0,84.0,79.97,ACTIVE,RELAY,P5,1,1,1,2,3,0,0.09,0
383.0,5,-562.5,-587.5,0.3,93.48,FAILED,RELAY,P4,0,1,0,,,0,233.51,1
384.0,1,-378.9,299.5,60.0,79.18,ACTIVE,RELAY,P5,1,1,1,3,4,0,0.32,0
384.0,2,-278.4,620.6,68.0,79.8,ACTIVE,SURVEY,P5,1,1,1,4,1,0,0.17,0
384.0,3,-687.5,-462.5,76.0,31.15,ACTIVE,RELAY,P5,1,1,1,1,0,0,0.17,0
384.0,4,-525.0,-75.0,84.0,79.92,ACTIVE,RELAY,P5,1,1,1,2,3,0,0.02,0
384.0,5,-562.5,-587.5,0.3,93.48,FAILED,RELAY,P4,0,1,0,,,0,234.47,1
385.0,1,-366.9,309.0,60.0,79.13,ACTIVE,RELAY,P5,1,1,1,3,4,0,0.32,0
385.0,2,-264.7,627.6,68.0,79.75,ACTIVE,SURVEY,P5,1,1,1,4,1,0,0.23,0
385.0,3,-687.5,-462.5,76.0,31.1,ACTIVE,RELAY,P5,1,1,1,1,0,0,0.17,0
385.0,4,-525.0,-75.0,84.0,79.87,ACTIVE,RELAY,P5,1,1,1,2,3,0,0.51,0
385.0,5,-562.5,-587.5,0.3,93.48,FAILED,RELAY,P4,0,1,0,,,0,235.5,1
386.0,1,-362.5,312.5,60.0,79.07,ACTIVE,RELAY,P5,1,1,1,3,4,0,0.39,0
386.0,2,-251.0,634.6,68.0,79.69,ACTIVE,SURVEY,P5,1,1,1,4,1,0,0.24,0
386.0,3,-687.5,-462.5,76.0,31.05,ACTIVE,RELAY,P5,1,1,1,1,0,0,0.17,0
386.0,4,-525.0,-75.0,84.0,79.82,ACTIVE,RELAY,P5,1,1,1,2,3,0,0.07,0
386.0,5,-562.5,-587.5,0.3,93.48,FAILED,RELAY,P4,0,1,0,,,0,236.52,1
387.0,1,-362.5,312.5,60.0,79.02,ACTIVE,RELAY,P5,1,1,1,3,4,0,0.32,0
387.0,2,-238.2,641.1,68.0,79.64,ACTIVE,SURVEY,P5,1,1,1,4,1,0,0.14,0
387.0,3,-687.5,-462.5,76.0,31.0,ACTIVE,RELAY,P5,1,1,1,1,0,0,0.17,0
387.0,4,-525.0,-75.0,84.0,79.77,ACTIVE,RELAY,P5,1,1,1,2,3,0,0.02,0
387.0,5,-562.5,-587.5,0.3,93.48,FAILED,RELAY,P4,0,1,0,,,0,237.48,1
388.0,1,-362.5,312.5,60.0,78.97,ACTIVE,RELAY,P5,1,1,1,3,4,0,0.32,0
388.0,2,-224.5,648.1,68.0,79.58,ACTIVE,SURVEY,P5,1,1,1,4,1,0,0.19,0
388.0,3,-687.5,-462.5,76.0,30.95,ACTIVE,RELAY,P5,1,1,1,1,0,0,0.17,0
388.0,4,-525.0,-75.0,84.0,79.72,ACTIVE,RELAY,P5,1,1,1,2,3,0,0.09,0
388.0,5,-562.5,-587.5,0.3,93.48,FAILED,RELAY,P4,0,1,0,,,0,238.51,1
389.1,1,-362.5,312.5,60.0,78.92,ACTIVE,RELAY,P5,1,1,1,3,4,0,0.39,0
389.1,2,-221.0,649.8,68.0,79.53,ACTIVE,SURVEY,P5,1,1,1,4,1,0,0.24,0
389.1,3,-687.5,-462.5,76.0,30.9,ACTIVE,RELAY,P5,1,1,1,1,0,0,0.23,0
389.1,4,-525.0,-75.0,84.0,79.67,ACTIVE,RELAY,P5,1,1,1,2,3,0,0.09,0
389.1,5,-562.5,-587.5,0.3,93.48,FAILED,RELAY,P4,0,1,0,,,0,239.53,1
390.0,1,-362.5,312.5,60.0,78.87,ACTIVE,RELAY,P5,1,1,1,3,4,0,0.32,0
390.0,2,-221.0,649.8,68.0,79.48,ACTIVE,SURVEY,P5,1,1,1,4,1,0,0.17,0
390.0,3,-687.5,-462.5,76.0,30.85,ACTIVE,RELAY,P5,1,1,1,1,0,0,0.17,0
390.0,4,-525.0,-75.0,84.0,79.62,ACTIVE,RELAY,P5,1,1,1,2,3,0,0.02,0
390.0,5,-562.5,-587.5,0.3,93.48,FAILED,RELAY,P4,0,1,0,,,0,240.49,1
391.0,1,-362.5,312.5,60.0,78.82,ACTIVE,RELAY,P5,1,1,1,3,4,0,0.32,0
391.0,2,-221.0,649.8,68.0,79.43,ACTIVE,SURVEY,P5,1,1,1,4,1,0,0.19,0
391.0,3,-687.5,-462.5,76.0,30.8,ACTIVE,RELAY,P5,1,1,1,1,0,0,0.17,0
391.0,4,-525.0,-75.0,84.0,79.57,ACTIVE,RELAY,P5,1,1,1,2,3,0,0.09,0
391.0,5,-562.5,-587.5,0.3,93.48,FAILED,RELAY,P4,0,1,0,,,0,241.51,1
392.0,1,-362.5,312.5,60.0,78.77,ACTIVE,RELAY,P5,1,1,1,3,4,0,0.32,0
392.0,2,-221.0,649.8,68.0,79.38,ACTIVE,SURVEY,P5,1,1,1,4,1,0,0.17,0
392.0,3,-687.5,-462.5,76.0,30.75,ACTIVE,RELAY,P5,1,1,1,1,0,0,0.17,0
392.0,4,-525.0,-75.0,84.0,79.52,ACTIVE,RELAY,P5,1,1,1,2,3,0,0.02,0
392.0,5,-562.5,-587.5,0.3,93.48,FAILED,RELAY,P4,0,1,0,,,0,242.47,1
393.0,1,-362.5,312.5,60.0,78.72,ACTIVE,RELAY,P5,1,1,1,3,4,0,0.3,0
393.0,2,-221.0,649.8,68.0,79.33,ACTIVE,SURVEY,P5,1,1,1,4,1,0,0.24,0
393.0,3,-687.5,-462.5,76.0,30.7,ACTIVE,RELAY,P5,1,1,1,1,0,0,0.17,0
393.0,4,-525.0,-75.0,84.0,79.47,ACTIVE,RELAY,P5,1,1,1,2,3,0,0.02,0
393.0,5,-562.5,-587.5,0.3,93.48,FAILED,RELAY,P4,0,1,0,,,0,243.5,1
394.0,1,-362.5,312.5,60.0,78.67,ACTIVE,RELAY,P5,1,1,1,3,4,0,0.39,0
394.0,2,-221.0,649.8,68.0,79.28,ACTIVE,SURVEY,P5,1,1,1,4,1,0,0.24,0
394.0,3,-687.5,-462.5,76.0,30.65,ACTIVE,RELAY,P5,1,1,1,1,0,0,0.17,0
394.0,4,-525.0,-75.0,84.0,79.42,ACTIVE,RELAY,P5,1,1,1,2,3,0,0.09,0
394.0,5,-562.5,-587.5,0.3,93.48,FAILED,RELAY,P4,0,1,0,,,0,244.52,1
395.0,1,-362.5,312.5,60.0,78.62,ACTIVE,RELAY,P5,1,1,1,3,4,0,0.32,0
395.0,2,-221.0,649.8,68.0,79.23,ACTIVE,SURVEY,P5,1,1,1,4,1,0,0.14,0
395.0,3,-687.5,-462.5,76.0,30.6,ACTIVE,RELAY,P5,1,1,1,1,0,0,0.17,0
395.0,4,-525.0,-75.0,84.0,79.37,ACTIVE,RELAY,P5,1,1,1,2,3,0,0.02,0
395.0,5,-562.5,-587.5,0.3,93.48,FAILED,RELAY,P4,0,1,0,,,0,245.48,1
396.0,1,-362.5,312.5,60.0,78.57,ACTIVE,RELAY,P5,1,1,1,3,4,0,0.3,0
396.0,2,-221.0,649.8,68.0,79.18,ACTIVE,SURVEY,P5,1,1,1,4,1,0,0.24,0
396.0,3,-687.5,-462.5,76.0,30.55,ACTIVE,RELAY,P5,1,1,1,1,0,0,0.17,0
396.0,4,-525.0,-75.0,84.0,79.32,ACTIVE,RELAY,P5,1,1,1,2,3,0,0.09,0
396.0,5,-562.5,-587.5,0.3,93.48,FAILED,RELAY,P4,0,1,0,,,0,246.51,1
397.1,1,-362.5,312.5,60.0,78.52,ACTIVE,RELAY,P5,1,1,1,3,4,0,0.39,0
397.1,2,-221.0,649.8,68.0,79.13,ACTIVE,SURVEY,P5,1,1,1,4,1,0,0.24,0
397.1,3,-687.5,-462.5,76.0,30.5,ACTIVE,RELAY,P5,1,1,1,1,0,0,0.21,0
397.1,4,-525.0,-75.0,84.0,79.27,ACTIVE,RELAY,P5,1,1,1,2,3,0,0.05,0
397.1,5,-562.5,-587.5,0.3,93.48,FAILED,RELAY,P4,0,1,0,,,0,247.53,1
398.0,1,-362.5,312.5,60.0,78.47,ACTIVE,RELAY,P5,1,1,1,3,4,0,0.32,0
398.0,2,-221.0,649.8,68.0,79.08,ACTIVE,SURVEY,P5,1,1,1,4,1,0,0.15,0
398.0,3,-687.5,-462.5,76.0,30.45,ACTIVE,RELAY,P5,1,1,1,1,0,0,0.17,0
398.0,4,-525.0,-75.0,84.0,79.22,ACTIVE,RELAY,P5,1,1,1,2,3,0,0.02,0
398.0,5,-562.5,-587.5,0.3,93.48,FAILED,RELAY,P4,0,1,0,,,0,248.49,1
399.0,1,-362.5,312.5,60.0,78.42,ACTIVE,RELAY,P5,1,1,1,3,4,0,0.27,0
399.0,2,-221.0,649.8,68.0,79.03,ACTIVE,SURVEY,P5,1,1,1,4,1,0,0.24,0
399.0,3,-687.5,-462.5,76.0,30.4,ACTIVE,RELAY,P5,1,1,1,1,0,0,0.15,0
399.0,4,-525.0,-75.0,84.0,79.17,ACTIVE,RELAY,P5,1,1,1,2,3,4,0.5,0
399.0,5,-562.5,-587.5,0.3,93.48,FAILED,RELAY,P4,0,1,0,,,0,249.51,1
400.0,1,-362.5,312.5,60.0,78.37,ACTIVE,RELAY,P5,1,1,1,3,4,1,0.15,0
400.0,2,-221.0,649.8,68.0,78.98,ACTIVE,SURVEY,P5,1,1,1,4,1,0,0.11,0
400.0,3,-687.5,-462.5,76.0,30.35,ACTIVE,RELAY,P5,1,1,1,1,0,0,0.15,0
400.0,4,-525.0,-75.0,84.0,79.12,ACTIVE,RELAY,P5,1,1,1,2,3,2,0.45,0
400.0,5,-562.5,-587.5,0.3,93.48,FAILED,RELAY,P4,0,1,0,,,0,250.47,1
401.0,1,-362.5,312.5,60.0,78.32,ACTIVE,RELAY,P5,1,1,1,3,4,0,0.15,0
401.0,2,-221.0,649.8,68.0,78.93,ACTIVE,SURVEY,P5,1,1,1,4,1,0,0.06,0
401.0,3,-687.5,-462.5,76.0,30.3,ACTIVE,RELAY,P5,1,1,1,1,0,0,0.15,0
401.0,4,-525.0,-75.0,84.0,79.07,ACTIVE,RELAY,P5,1,1,1,2,3,0,0.5,0
401.0,5,-562.5,-587.5,0.3,93.48,FAILED,RELAY,P4,0,1,0,,,0,251.5,1
402.0,1,-362.5,312.5,60.0,78.27,ACTIVE,RELAY,P5,1,1,1,3,4,0,0.31,0
402.0,2,-221.0,649.8,68.0,78.88,ACTIVE,SURVEY,P5,1,1,1,4,1,0,0.09,0
402.0,3,-687.5,-462.5,76.0,30.25,ACTIVE,RELAY,P5,1,1,1,1,0,1,0.11,0
402.0,4,-525.0,-75.0,84.0,79.02,ACTIVE,RELAY,P5,1,1,1,2,3,1,0.57,0
402.0,5,-562.5,-587.5,0.3,93.48,FAILED,RELAY,P4,0,1,0,,,0,252.52,1
403.0,1,-362.5,312.5,60.0,78.22,ACTIVE,RELAY,P5,1,1,1,3,4,0,0.12,0
403.0,2,-221.0,649.8,68.0,78.83,ACTIVE,SURVEY,P5,1,1,1,4,1,0,0.62,0
403.0,3,-687.5,-462.5,76.0,30.2,ACTIVE,RELAY,P5,1,1,1,1,0,0,0.17,0
403.0,4,-525.0,-75.0,84.0,78.97,ACTIVE,RELAY,P5,1,1,1,2,3,0,0.49,0
403.0,5,-562.5,-587.5,0.3,93.48,FAILED,RELAY,P4,0,1,0,,,0,253.48,1
404.0,1,-362.5,312.5,60.0,78.17,ACTIVE,RELAY,P5,1,1,1,3,4,1,0.3,0
404.0,2,-221.0,649.8,68.0,78.78,ACTIVE,SURVEY,P5,1,1,1,4,1,1,0.22,0
404.0,3,-687.5,-462.5,76.0,30.15,ACTIVE,RELAY,P5,1,1,1,1,0,0,0.15,0
404.0,4,-525.0,-75.0,84.0,78.92,ACTIVE,RELAY,P5,1,1,1,2,3,1,0.53,0
404.0,5,-562.5,-587.5,0.3,93.48,FAILED,RELAY,P4,0,1,0,,,0,254.51,1
405.1,1,-362.5,312.5,60.0,78.12,ACTIVE,RELAY,P5,1,1,1,3,4,3,0.31,0
405.1,2,-221.0,649.8,68.0,78.73,ACTIVE,SURVEY,P5,1,1,1,4,1,0,0.1,0
405.1,3,-687.5,-462.5,76.0,30.1,ACTIVE,RELAY,P5,1,1,1,1,0,1,0.22,0
405.1,4,-525.0,-75.0,84.0,78.87,ACTIVE,RELAY,P5,1,1,1,2,3,0,0.08,0
405.1,5,-562.5,-587.5,0.3,93.48,FAILED,RELAY,P4,0,1,0,,,0,255.53,1
406.0,1,-362.5,312.5,60.0,78.07,ACTIVE,RELAY,P5,1,1,1,3,4,0,0.11,0
406.0,2,-221.0,649.8,68.0,78.68,ACTIVE,SURVEY,P5,1,1,1,4,1,1,0.04,0
406.0,3,-687.5,-462.5,76.0,30.05,ACTIVE,RELAY,P5,1,1,1,1,0,2,0.12,0
406.0,4,-525.0,-75.0,84.0,78.82,ACTIVE,RELAY,P5,1,1,1,2,3,1,0.43,0
406.0,5,-562.5,-587.5,0.3,93.48,FAILED,RELAY,P4,0,1,0,,,0,256.49,1
407.0,1,-362.5,312.5,60.0,78.02,ACTIVE,RELAY,P5,1,1,1,3,4,1,0.25,0
407.0,2,-221.0,649.8,68.0,78.63,ACTIVE,SURVEY,P5,1,1,1,4,1,0,0.04,0
407.0,3,-687.5,-462.5,76.0,30.0,ACTIVE,RELAY,P5,1,1,1,1,0,3,0.16,0
407.0,4,-525.0,-75.0,84.0,78.77,ACTIVE,RELAY,P5,1,1,1,2,3,0,0.03,0
407.0,5,-562.5,-587.5,0.3,93.48,FAILED,RELAY,P4,0,1,0,,,0,257.51,1
408.0,1,-362.5,312.5,60.0,77.97,ACTIVE,RELAY,P5,1,1,1,3,4,0,0.25,0
408.0,2,-221.0,649.8,68.0,78.58,ACTIVE,SURVEY,P5,1,1,1,4,1,1,0.51,0
408.0,3,-687.5,-462.5,76.0,29.95,ACTIVE,RELAY,P5,1,1,1,1,0,0,0.15,0
408.0,4,-525.0,-75.0,84.0,78.72,ACTIVE,RELAY,P5,1,1,1,2,3,0,0.44,0
408.0,5,-562.5,-587.5,0.3,93.48,FAILED,RELAY,P4,0,1,0,,,0,258.47,1
409.0,1,-362.5,312.5,60.0,77.92,ACTIVE,RELAY,P5,1,1,1,3,4,0,0.1,0
409.0,2,-221.0,649.8,68.0,78.53,ACTIVE,SURVEY,P5,1,1,1,4,1,0,0.1,0
409.0,3,-687.5,-462.5,76.0,29.9,ACTIVE,RELAY,P5,1,1,1,1,0,1,0.17,0
409.0,4,-525.0,-75.0,84.0,78.67,ACTIVE,RELAY,P5,1,1,1,2,3,1,0.45,0
409.0,5,-562.5,-587.5,0.3,93.48,FAILED,RELAY,P4,0,1,0,,,0,259.5,1
410.0,1,-362.5,312.5,60.0,77.87,ACTIVE,RELAY,P5,1,1,1,3,4,0,0.32,0
410.0,2,-221.0,649.8,68.0,78.48,ACTIVE,SURVEY,P5,1,1,1,4,1,0,0.21,0
410.0,3,-687.5,-462.5,76.0,29.85,ACTIVE,RELAY,P5,1,1,1,1,0,0,0.17,0
410.0,4,-525.0,-75.0,84.0,78.62,ACTIVE,RELAY,P5,1,1,1,2,3,0,0.09,0
410.0,5,-562.5,-587.5,0.3,93.48,FAILED,RELAY,P4,0,1,0,,,0,260.52,1
411.0,1,-359.0,309.2,60.0,77.82,ACTIVE,RELAY,P6,1,1,1,3,4,0,0.32,0
411.0,2,-219.6,648.5,68.0,78.43,ACTIVE,SURVEY,P6,1,1,1,4,1,0,0.14,0
411.0,3,-680.5,-469.1,76.0,29.8,ACTIVE,RELAY,P6,1,1,1,1,0,0,0.17,0
411.0,4,-519.4,-80.3,84.0,78.57,ACTIVE,RELAY,P6,1,1,1,2,3,0,0.02,0
411.0,5,-562.5,-587.5,0.3,93.48,FAILED,RELAY,P4,0,1,0,,,0,261.48,1
412.0,1,-347.9,298.6,60.0,77.77,ACTIVE,RELAY,P6,1,1,1,3,4,0,0.32,0
412.0,2,-208.5,638.0,68.0,78.37,ACTIVE,SURVEY,P6,1,1,1,4,1,0,0.23,0
412.0,3,-669.4,-479.7,76.0,29.74,ACTIVE,RELAY,P6,1,1,1,1,0,0,0.17,0
412.0,4,-508.3,-90.8,84.0,78.51,ACTIVE,RELAY,P6,1,1,1,2,3,0,0.09,0
412.0,5,-562.5,-587.5,0.3,93.48,FAILED,RELAY,P4,0,1,0,,,0,262.51,1
413.1,1,-336.7,288.1,60.0,77.71,ACTIVE,RELAY,P6,1,1,1,3,4,0,0.39,0
413.1,2,-197.3,627.4,68.0,78.32,ACTIVE,SURVEY,P6,1,1,1,4,1,0,0.24,0
413.1,3,-658.2,-490.2,76.0,29.69,ACTIVE,RELAY,P6,1,1,1,1,0,0,0.23,0
413.1,4,-497.1,-101.4,84.0,78.46,ACTIVE,RELAY,P6,1,1,1,2,3,0,0.09,0
413.1,5,-562.5,-587.5,0.3,93.48,FAILED,RELAY,P4,0,1,0,,,0,263.53,1
414.0,1,-326.3,278.2,60.0,77.66,ACTIVE,RELAY,P6,1,1,1,3,4,0,0.32,0
414.0,2,-186.9,617.5,68.0,78.27,ACTIVE,SURVEY,P6,1,1,1,4,1,0,0.17,0
414.0,3,-647.8,-500.1,76.0,29.63,ACTIVE,RELAY,P6,1,1,1,1,0,0,0.17,0
414.0,4,-486.7,-111.3,84.0,78.4,ACTIVE,RELAY,P6,1,1,1,2,3,0,0.02,0
414.0,5,-562.5,-587.5,0.3,93.48,FAILED,RELAY,P4,0,1,0,,,0,264.49,1
415.0,1,-315.1,267.6,60.0,77.6,ACTIVE,RELAY,P6,1,1,1,3,4,0,0.32,0
415.0,2,-175.7,607.0,68.0,78.21,ACTIVE,SURVEY,P6,1,1,1,4,1,0,0.24,0
415.0,3,-636.6,-510.7,76.0,29.58,ACTIVE,RELAY,P6,1,1,1,1,0,0,0.17,0
415.0,4,-475.5,-121.9,84.0,78.35,ACTIVE,RELAY,P6,1,1,1,2,3,0,0.09,0
415.0,5,-562.5,-587.5,0.3,93.48,FAILED,RELAY,P4,0,1,0,,,0,265.51,1
416.0,1,-304.7,257.7,60.0,77.55,ACTIVE,RELAY,P6,1,1,1,3,4,0,0.32,0
416.0,2,-165.2,597.1,68.0,78.16,ACTIVE,SURVEY,P6,1,1,1,4,1,0,0.17,0
416.0,3,-626.2,-520.6,76.0,29.53,ACTIVE,RELAY,P6,1,1,1,1,0,0,0.17,0
416.0,4,-465.1,-131.8,84.0,78.29,ACTIVE,RELAY,P6,1,1,1,2,3,0,0.02,0
416.0,5,-562.5,-587.5,0.3,93.48,FAILED,RELAY,P4,0,1,0,,,0,266.47,1
417.0,1,-293.5,247.1,60.0,77.49,ACTIVE,RELAY,P6,1,1,1,3,4,0,0.3,0
417.0,2,-154.1,586.5,68.0,78.1,ACTIVE,SURVEY,P6,1,1,1,4,1,0,0.22,0
417.0,3,-615.0,-531.2,76.0,29.47,ACTIVE,RELAY,P6,1,1,1,1,0,0,0.17,0
417.0,4,-453.9,-142.3,84.0,78.24,ACTIVE,RELAY,P6,1,1,1,2,3,0,0.02,0
417.0,5,-562.5,-587.5,0.3,93.48,FAILED,RELAY,P4,0,1,0,,,0,267.5,1
418.0,1,-282.4,236.6,60.0,77.44,ACTIVE,RELAY,P6,1,1,1,3,4,0,0.39,0
418.0,2,-142.9,576.0,68.0,78.04,ACTIVE,SURVEY,P6,1,1,1,4,1,0,0.24,0
418.0,3,-603.9,-541.7,76.0,29.41,ACTIVE,RELAY,P6,1,1,1,1,0,0,0.17,0
418.0,4,-442.8,-152.9,84.0,78.18,ACTIVE,RELAY,P6,1,1,1,2,3,0,0.09,0
418.0,5,-562.5,-587.5,0.3,93.48,FAILED,RELAY,P4,0,1,0,,,0,268.52,1
419.0,1,-271.9,226.7,60.0,77.38,ACTIVE,RELAY,P6,1,1,1,3,4,0,0.32,0
419.0,2,-132.4,566.1,68.0,77.99,ACTIVE,SURVEY,P6,1,1,1,4,1,0,0.14,0
419.0,3,-593.4,-551.6,76.0,29.36,ACTIVE,RELAY,P6,1,1,1,1,0,0,0.17,0
419.0,4,-432.3,-162.8,84.0,78.13,ACTIVE,RELAY,P6,1,1,1,2,3,0,0.02,0
419.0,5,-562.5,-587.5,0.3,93.48,FAILED,RELAY,P4,0,1,0,,,0,269.48,1
420.0,1,-260.8,216.1,60.0,77.33,ACTIVE,RELAY,P6,1,1,1,3,4,0,0.32,0
420.0,2,-121.3,555.5,68.0,77.93,ACTIVE,SURVEY,P6,1,1,1,4,1,0,0.19,0
420.0,3,-582.3,-562.2,76.0,29.3,ACTIVE,RELAY,P6,1,1,1,1,0,0,0.17,0
420.0,4,-421.2,-173.4,84.0,78.07,ACTIVE,RELAY,P6,1,1,1,2,3,0,0.09,0
420.0,5,-562.5,-587.5,0.3,93.48,FAILED,RELAY,P4,0,1,0,,,0,270.51,1
421.1,1,-249.6,205.5,60.0,77.27,ACTIVE,RELAY,P6,1,1,1,3,4,0,0.39,0
421.1,2,-110.1,545.0,68.0,77.88,ACTIVE,SURVEY,P6,1,1,1,4,1,0,0.24,0
421.1,3,-571.1,-572.8,76.0,29.25,ACTIVE,RELAY,P6,1,1,1,1,0,0,0.23,0
421.1,4,-410.0,-183.9,84.0,78.02,ACTIVE,RELAY,P6,1,1,1,2,3,0,0.08,0
421.1,5,-562.5,-587.5,0.3,93.48,FAILED,RELAY,P4,0,1,0,,,0,271.53,1
422.0,1,-239.1,195.6,60.0,77.22,ACTIVE,RELAY,P6,1,1,1,3,4,0,0.32,0
422.0,2,-99.7,535.1,68.0,77.83,ACTIVE,SURVEY,P6,1,1,1,4,1,0,0.17,0
422.0,3,-560.7,-582.7,76.0,29.19,ACTIVE,RELAY,P6,1,1,1,1,0,0,0.17,0
422.0,4,-399.6,-193.8,84.0,77.96,ACTIVE,RELAY,P6,1,1,1,2,3,0,0.02,0
422.0,5,-562.5,-587.5,0.3,93.48,FAILED,RELAY,P4,0,1,0,,,0,272.49,1
423.0,1,-229.7,183.9,60.0,77.16,ACTIVE,RELAY,P6,1,1,1,3,4,0,0.3,0
423.0,2,-88.5,524.5,68.0,77.77,ACTIVE,SURVEY,P6,1,1,1,4,1,0,0.22,0
423.0,3,-549.5,-593.2,76.0,29.14,ACTIVE,RELAY,P6,1,1,1,1,0,0,0.17,0
423.0,4,-389.1,-204.7,84.0,77.91,ACTIVE,RELAY,P6,1,1,1,2,3,0,0.09,0
423.0,5,-562.5,-587.5,0.3,93.48,FAILED,RELAY,P4,0,1,0,,,0,273.51,1
424.0,1,-224.3,170.5,60.0,77.11,ACTIVE,RELAY,P6,1,1,1,3,4,0,0.3,0
424.0,2,-78.0,514.6,68.0,77.72,ACTIVE,SURVEY,P6,1,1,1,4,1,0,0.17,0
424.0,3,-539.1,-603.1,76.0,29.09,ACTIVE,RELAY,P6,1,1,1,1,0,0,0.17,0
424.0,4,-389.6,-219.1,84.0,77.85,ACTIVE,RELAY,P6,1,1,1,2,3,0,0.02,0
424.0,5,-562.5,-587.5,0.3,93.48,FAILED,RELAY,P4,0,1,0,,,0,274.47,1
425.0,1,-218.6,156.3,60.0,77.05,ACTIVE,RELAY,P6,1,1,1,3,4,0,0.32,0
425.0,2,-66.9,504.1,68.0,77.66,ACTIVE,SURVEY,P6,1,1,1,4,1,0,0.24,0
425.0,3,-527.9,-613.7,76.0,29.03,ACTIVE,RELAY,P6,1,1,1,1,0,0,0.17,0
425.0,4,-390.2,-234.4,84.0,77.8,ACTIVE,RELAY,P6,1,1,1,2,3,0,0.02,0
425.0,5,-562.5,-587.5,0.3,93.48,FAILED,RELAY,P4,0,1,0,,,0,275.5,1
426.0,1,-212.9,142.0,60.0,77.0,ACTIVE,RELAY,P6,1,1,1,3,4,0,0.39,0
426.0,2,-55.7,493.5,68.0,77.6,ACTIVE,SURVEY,P6,1,1,1,4,1,0,0.24,0
426.0,3,-516.8,-624.3,76.0,28.97,ACTIVE,RELAY,P6,1,1,1,1,0,0,0.17,0
426.0,4,-390.7,-249.8,84.0,77.74,ACTIVE,RELAY,P6,1,1,1,2,3,0,0.09,0
426.0,5,-562.5,-587.5,0.3,93.48,FAILED,RELAY,P4,0,1,0,,,0,276.52,1
427.0,1,-207.6,128.7,60.0,76.94,ACTIVE,RELAY,P6,1,1,1,3,4,0,0.32,0
427.0,2,-45.2,483.6,68.0,77.55,ACTIVE,SURVEY,P6,1,1,1,4,1,0,0.14,0
427.0,3,-506.3,-634.2,76.0,28.92,ACTIVE,RELAY,P6,1,1,1,1,0,0,0.17,0
427.0,4,-391.2,-264.2,84.0,77.69,ACTIVE,RELAY,P6,1,1,1,2,3,0,0.0,0
427.0,5,-562.5,-587.5,0.3,93.48,FAILED,RELAY,P4,0,1,0,,,0,277.48,1
428.0,1,-201.9,114.4,60.0,76.89,ACTIVE,RELAY,P6,1,1,1,3,4,0,0.32,0
428.0,2,-34.1,473.1,68.0,77.49,ACTIVE,SURVEY,P6,1,1,1,4,1,0,0.24,0
428.0,3,-495.2,-644.7,76.0,28.86,ACTIVE,RELAY,P6,1,1,1,1,0,0,0.17,0
428.0,4,-391.7,-279.5,84.0,77.63,ACTIVE,RELAY,P6,1,1,1,2,3,0,0.09,0
428.0,5,-562.5,-587.5,0.3,93.48,FAILED,RELAY,P4,0,1,0,,,0,278.51,1
429.1,1,-196.2,100.1,60.0,76.83,ACTIVE,RELAY,P6,1,1,1,3,4,0,0.39,0
429.1,2,-22.9,462.5,68.0,77.44,ACTIVE,SURVEY,P6,1,1,1,4,1,0,0.24,0
429.1,3,-484.0,-655.3,76.0,28.81,ACTIVE,RELAY,P6,1,1,1,1,0,0,0.23,0
429.1,4,-392.3,-294.9,84.0,77.58,ACTIVE,RELAY,P6,1,1,1,2,3,0,0.07,0
429.1,5,-562.5,-587.5,0.3,93.48,FAILED,RELAY,P4,0,1,0,,,0,279.53,1
430.0,1,-190.8,86.8,60.0,76.78,ACTIVE,RELAY,P6,1,1,1,3,4,0,0.32,0
430.0,2,-12.4,452.6,68.0,77.39,ACTIVE,SURVEY,P6,1,1,1,4,1,0,0.15,0
430.0,3,-473.5,-665.2,76.0,28.75,ACTIVE,RELAY,P6,1,1,1,1,0,0,0.17,0
430.0,4,-392.8,-309.3,84.0,77.52,ACTIVE,RELAY,P6,1,1,1,2,3,0,0.02,0
430.0,5,-562.5,-587.5,0.3,93.48,FAILED,RELAY,P4,0,1,0,,,0,280.49,1
431.0,1,-185.1,72.5,60.0,76.72,ACTIVE,RELAY,P6,1,1,1,3,4,0,0.32,0
431.0,2,-1.3,442.1,68.0,77.33,ACTIVE,SURVEY,P6,1,1,1,4,1,0,0.24,0
431.0,3,-462.4,-675.8,76.0,28.7,ACTIVE,RELAY,P6,1,1,1,1,0,0,0.17,0
431.0,4,-393.3,-324.6,84.0,77.47,ACTIVE,RELAY,P6,1,1,1,2,3,0,0.09,0
431.0,5,-562.5,-587.5,0.3,93.48,FAILED,RELAY,P4,0,1,0,,,0,281.51,1
432.0,1,-179.8,59.1,60.0,76.67,ACTIVE,RELAY,P6,1,1,1,3,4,0,0.32,0
432.0,2,9.2,432.2,68.0,77.28,ACTIVE,SURVEY,P6,1,1,1,4,1,0,0.17,0
432.0,3,-451.9,-685.7,76.0,28.65,ACTIVE,RELAY,P6,1,1,1,1,0,0,0.15,0
432.0,4,-393.8,-339.0,84.0,77.41,ACTIVE,RELAY,P6,1,1,1,2,3,0,0.02,0
432.0,5,-562.5,-587.5,0.3,93.48,FAILED,RELAY,P4,0,1,0,,,0,282.47,1
433.0,1,-174.1,44.9,60.0,76.61,ACTIVE,RELAY,P6,1,1,1,3,4,0,0.3,0
433.0,2,20.3,421.7,68.0,77.22,ACTIVE,SURVEY,P6,1,1,1,4,1,0,0.24,0
433.0,3,-450.0,-687.5,76.0,28.59,ACTIVE,RELAY,P6,1,1,1,1,0,0,0.17,0
433.0,4,-394.3,-354.4,84.0,77.36,ACTIVE,RELAY,P6,1,1,1,2,3,0,0.02,0
433.0,5,-562.5,-587.5,0.3,93.48,FAILED,RELAY,P4,0,1,0,,,0,283.5,1
434.0,1,-168.4,30.6,60.0,76.56,ACTIVE,RELAY,P6,1,1,1,3,4,0,0.39,0
434.0,2,31.5,411.1,68.0,77.16,ACTIVE,SURVEY,P6,1,1,1,4,1,0,0.24,0
434.0,3,-450.0,-687.5,76.0,28.54,ACTIVE,RELAY,P6,1,1,1,1,0,0,0.17,0
434.0,4,-394.9,-369.7,84.0,77.3,ACTIVE,RELAY,P6,1,1,1,2,3,0,0.09,0
434.0,5,-562.5,-587.5,0.3,93.48,FAILED,RELAY,P4,0,1,0,,,0,284.52,1
435.0,1,-163.0,17.2,60.0,76.5,ACTIVE,RELAY,P6,1,1,1,3,4,0,0.32,0
435.0,2,42.0,401.2,68.0,77.11,ACTIVE,SURVEY,P6,1,1,1,4,1,0,0.14,0
435.0,3,-450.0,-687.5,76.0,28.49,ACTIVE,RELAY,P6,1,1,1,1,0,0,0.15,0
435.0,4,-395.4,-384.1,84.0,77.25,ACTIVE,RELAY,P6,1,1,1,2,3,0,0.02,0
435.0,5,-562.5,-587.5,0.3,93.48,FAILED,RELAY,P4,0,1,0,,,0,285.48,1
436.0,1,-157.3,3.0,60.0,76.45,ACTIVE,RELAY,P6,1,1,1,3,4,0,0.32,0
436.0,2,53.1,390.7,68.0,77.05,ACTIVE,SURVEY,P6,1,1,1,4,1,0,0.24,0
436.0,3,-450.0,-687.5,76.0,28.44,ACTIVE,RELAY,P6,1,1,1,1,0,0,0.17,0
436.0,4,-395.9,-399.5,84.0,77.19,ACTIVE,RELAY,P6,1,1,1,2,3,0,0.09,0
436.0,5,-562.5,-587.5,0.3,93.48,FAILED,RELAY,P4,0,1,0,,,0,286.51,1
437.1,1,-151.6,-11.3,60.0,76.39,ACTIVE,RELAY,P6,1,1,1,3,4,0,0.39,0
437.1,2,64.3,380.1,68.0,77.0,ACTIVE,SURVEY,P6,1,1,1,4,1,0,0.24,0
437.1,3,-450.0,-687.5,76.0,28.39,ACTIVE,RELAY,P6,1,1,1,1,0,0,0.23,0
437.1,4,-396.4,-414.8,84.0,77.14,ACTIVE,RELAY,P6,1,1,1,2,3,0,0.09,0
437.1,5,-562.5,-587.5,0.3,93.48,FAILED,RELAY,P4,0,1,0,,,0,287.53,1
438.0,1,-146.3,-24.6,60.0,76.34,ACTIVE,RELAY,P6,1,1,1,3,4,0,0.3,0
438.0,2,74.8,370.2,68.0,76.95,ACTIVE,SURVEY,P6,1,1,1,4,1,0,0.17,0
438.0,3,-450.0,-687.5,76.0,28.34,ACTIVE,RELAY,P6,1,1,1,1,0,0,0.17,0
438.0,4,-396.9,-429.2,84.0,77.08,ACTIVE,RELAY,P6,1,1,1,2,3,0,0.0,0
438.0,5,-562.5,-587.5,0.3,93.48,FAILED,RELAY,P4,0,1,0,,,0,288.49,1
439.0,1,-140.5,-38.9,60.0,76.28,ACTIVE,RELAY,P6,1,1,1,3,4,0,0.32,0
439.0,2,85.9,359.7,68.0,76.89,ACTIVE,SURVEY,P6,1,1,1,4,1,0,0.22,0
439.0,3,-450.0,-687.5,76.0,28.29,ACTIVE,RELAY,P6,1,1,1,1,0,0,0.17,0
439.0,4,-397.5,-444.6,84.0,77.03,ACTIVE,RELAY,P6,1,1,1,2,3,0,0.09,0
439.0,5,-562.5,-587.5,0.3,93.48,FAILED,RELAY,P4,0,1,0,,,0,289.51,1
440.0,1,-135.2,-52.3,60.0,76.23,ACTIVE,RELAY,P6,1,1,1,3,4,0,0.3,0
440.0,2,96.4,349.8,68.0,76.84,ACTIVE,SURVEY,P6,1,1,1,4,1,0,0.15,0
440.0,3,-450.0,-687.5,76.0,28.24,ACTIVE,RELAY,P6,1,1,1,1,0,0,0.15,0
440.0,4,-398.0,-459.0,84.0,76.97,ACTIVE,RELAY,P6,1,1,1,2,3,0,0.02,0
440.0,5,-562.5,-587.5,0.3,93.48,FAILED,RELAY,P4,0,1,0,,,0,290.47,1
441.0,1,-129.5,-66.5,60.0,76.17,ACTIVE,RELAY,P6,1,1,1,2,4,0,0.32,0
441.0,2,107.5,339.2,68.0,76.78,ACTIVE,SURVEY,P6,1,1,1,3,1,0,0.22,0
441.0,3,-450.0,-687.5,76.0,28.19,ACTIVE,RELAY,P6,1,1,1,1,0,0,0.17,0
441.0,4,-398.5,-474.3,84.0,76.92,ACTIVE,RELAY,P6,1,1,1,1,0,0,0.04,0
441.0,5,-562.5,-587.5,0.3,93.48,FAILED,RELAY,P4,0,1,0,,,0,291.5,1
442.0,1,-123.8,-80.8,60.0,76.12,ACTIVE,RELAY,P6,1,1,1,2,4,0,0.41,0
442.0,2,118.7,328.7,68.0,76.72,ACTIVE,SURVEY,P6,1,1,1,3,1,0,0.26,0
442.0,3,-450.0,-687.5,76.0,28.14,ACTIVE,RELAY,P6,1,1,1,1,0,0,0.17,0
442.0,4,-399.0,-489.7,84.0,76.86,ACTIVE,RELAY,P6,1,1,1,1,0,0,0.11,0
442.0,5,-562.5,-587.5,0.3,93.48,FAILED,RELAY,P4,0,1,0,,,0,292.52,1
443.0,1,-118.4,-94.2,60.0,76.06,ACTIVE,RELAY,P6,1,1,1,2,4,0,0.32,0
443.0,2,129.2,318.8,68.0,76.67,ACTIVE,SURVEY,P6,1,1,1,3,1,0,0.19,0
443.0,3,-450.0,-687.5,76.0,28.09,ACTIVE,RELAY,P6,1,1,1,1,0,0,0.17,0
443.0,4,-399.5,-504.0,84.0,76.81,ACTIVE,RELAY,P6,1,1,1,1,0,0,0.04,0
443.0,5,-562.5,-587.5,0.3,93.48,FAILED,RELAY,P4,0,1,0,,,0,293.48,1
444.0,1,-112.7,-108.4,60.0,76.01,ACTIVE,RELAY,P6,1,1,1,2,4,0,0.34,0
444.0,2,140.3,308.2,68.0,76.61,ACTIVE,SURVEY,P6,1,1,1,3,1,0,0.22,0
444.0,3,-450.0,-687.5,76.0,28.04,ACTIVE,RELAY,P6,1,1,1,1,0,0,0.17,0
444.0,4,-400.1,-519.4,84.0,76.75,ACTIVE,RELAY,P6,1,1,1,1,0,0,0.08,0
444.0,5,-562.5,-587.5,0.3,93.48,FAILED,RELAY,P4,0,1,0,,,0,294.51,1
445.1,1,-107.0,-122.7,60.0,75.95,ACTIVE,RELAY,P6,1,1,1,2,4,0,0.41,0
445.1,2,151.5,297.7,68.0,76.56,ACTIVE,SURVEY,P6,1,1,1,3,1,0,0.26,0
445.1,3,-450.0,-687.5,76.0,27.99,ACTIVE,RELAY,P6,1,1,1,1,0,0,0.23,0
445.1,4,-400.6,-534.7,84.0,76.7,ACTIVE,RELAY,P6,1,1,1,1,0,0,0.11,0
445.1,5,-562.5,-587.5,0.3,93.48,FAILED,RELAY,P4,0,1,0,,,0,295.53,1
446.0,1,-101.7,-136.1,60.0,75.9,ACTIVE,RELAY,P6,1,1,1,2,4,0,0.32,0
446.0,2,162.0,287.8,68.0,76.51,ACTIVE,SURVEY,P6,1,1,1,3,1,0,0.17,0
446.0,3,-450.0,-687.5,76.0,27.94,ACTIVE,RELAY,P6,1,1,1,1,0,0,0.17,0
446.0,4,-401.1,-549.1,84.0,76.64,ACTIVE,RELAY,P6,1,1,1,1,0,0,0.04,0
446.0,5,-562.5,-587.5,0.3,93.48,FAILED,RELAY,P4,0,1,0,,,0,296.49,1
447.0,1,-96.0,-150.3,60.0,75.84,ACTIVE,RELAY,P6,1,1,1,2,4,0,0.34,0
447.0,2,173.1,277.2,68.0,76.45,ACTIVE,SURVEY,P6,1,1,1,3,1,0,0.26,0
447.0,3,-450.0,-687.5,76.0,27.89,ACTIVE,RELAY,P6,1,1,1,1,0,0,0.17,0
447.0,4,-401.6,-564.5,84.0,76.59,ACTIVE,RELAY,P6,1,1,1,1,0,0,0.11,0
447.0,5,-562.5,-587.5,0.3,93.48,FAILED,RELAY,P4,0,1,0,,,0,297.51,1
448.0,1,-90.6,-163.7,60.0,75.79,ACTIVE,RELAY,P6,1,1,1,2,4,0,0.34,0
448.0,2,183.6,267.3,68.0,76.4,ACTIVE,SURVEY,P6,1,1,1,3,1,0,0.19,0
448.0,3,-450.0,-687.5,76.0,27.84,ACTIVE,RELAY,P6,1,1,1,1,0,0,0.17,0
448.0,4,-402.1,-578.9,84.0,76.53,ACTIVE,RELAY,P6,1,1,1,1,0,0,0.04,0
448.0,5,-562.5,-587.5,0.3,93.48,FAILED,RELAY,P4,0,1,0,,,0,298.47,1
449.0,1,-84.9,-178.0,60.0,75.73,ACTIVE,RELAY,P6,1,1,1,2,4,0,0.32,0
449.0,2,194.7,256.8,68.0,76.34,ACTIVE,SURVEY,P6,1,1,1,3,1,0,0.26,0
449.0,3,-450.0,-687.5,76.0,27.79,ACTIVE,RELAY,P6,1,1,1,1,0,0,0.14,0
449.0,4,-402.7,-594.2,84.0,76.48,ACTIVE,RELAY,P6,1,1,1,1,0,0,0.04,0
449.0,5,-562.5,-587.5,0.3,93.48,FAILED,RELAY,P4,0,1,0,,,0,299.5,1
450.0,1,-79.2,-192.2,60.0,75.68,ACTIVE,RELAY,P6,1,1,1,2,4,0,0.41,0
450.0,2,205.9,246.2,68.0,76.28,ACTIVE,SURVEY,P6,1,1,1,3,1,0,0.26,0
450.0,3,-450.0,-687.5,76.0,27.74,ACTIVE,RELAY,P6,1,1,1,1,0,0,0.17,0
450.0,4,-403.2,-609.6,84.0,76.42,ACTIVE,RELAY,P6,1,1,1,1,0,0,0.11,0
450.0,5,-562.5,-587.5,0.3,93.48,FAILED,RELAY,P4,0,1,0,,,0,300.52,1
451.0,1,-73.9,-205.6,60.0,75.62,ACTIVE,RELAY,P6,1,1,1,2,4,0,0.34,0
451.0,2,216.4,236.3,68.0,76.23,ACTIVE,SURVEY,P6,1,1,1,3,1,0,0.19,0
451.0,3,-450.0,-687.5,76.0,27.69,ACTIVE,RELAY,P6,1,1,1,1,0,0,0.17,0
451.0,4,-403.7,-624.0,84.0,76.37,ACTIVE,RELAY,P6,1,1,1,1,0,0,0.04,0
451.0,5,-562.5,-587.5,0.3,93.48,FAILED,RELAY,P4,0,1,0,,,0,301.48,1
452.0,1,-68.2,-219.8,60.0,75.57,ACTIVE,RELAY,P6,1,1,1,2,4,0,0.34,0
452.0,2,227.5,225.8,68.0,76.17,ACTIVE,SURVEY,P6,1,1,1,3,1,0,0.26,0
452.0,3,-450.0,-687.5,76.0,27.64,ACTIVE,RELAY,P6,1,1,1,1,0,0,0.17,0
452.0,4,-404.3,-639.3,84.0,76.31,ACTIVE,RELAY,P6,1,1,1,1,0,0,0.11,0
452.0,5,-562.5,-587.5,0.3,93.48,FAILED,RELAY,P4,0,1,0,,,0,302.51,1
453.1,1,-62.4,-234.1,60.0,75.51,ACTIVE,RELAY,P6,1,1,1,2,4,0,0.41,0
453.1,2,238.7,215.2,68.0,76.12,ACTIVE,SURVEY,P6,1,1,1,3,1,0,0.22,0
453.1,3,-450.0,-687.5,76.0,27.59,ACTIVE,RELAY,P6,1,1,1,1,0,0,0.23,0
453.1,4,-404.8,-654.7,84.0,76.26,ACTIVE,RELAY,P6,1,1,1,1,0,0,0.11,0
453.1,5,-562.5,-587.5,0.3,93.48,FAILED,RELAY,P4,0,1,0,,,0,303.53,1
454.0,1,-57.1,-247.5,60.0,75.46,ACTIVE,RELAY,P6,1,1,1,2,4,0,0.34,0
454.0,2,249.2,205.3,68.0,76.07,ACTIVE,SURVEY,P6,1,1,1,3,1,0,0.19,0
454.0,3,-450.0,-687.5,76.0,27.54,ACTIVE,RELAY,P6,1,0,1,1,0,0,0.17,0
454.0,4,-405.3,-669.1,84.0,76.2,ACTIVE,RELAY,P6,1,1,1,1,0,0,0.04,0
454.0,5,-562.5,-587.5,0.3,93.48,FAILED,RELAY,P4,0,1,0,,,0,304.49,1
455.0,1,-51.4,-261.7,60.0,75.4,ACTIVE,RELAY,P6,1,1,1,2,4,0,0.34,0
455.0,2,260.3,194.8,68.0,76.01,ACTIVE,SURVEY,P6,1,1,1,3,1,0,0.26,0
455.0,3,-450.0,-687.5,76.0,27.49,ACTIVE,RELAY,P6,1,0,1,1,0,0,0.16,0
455.0,4,-405.3,-669.3,84.0,76.15,ACTIVE,RELAY,P6,1,1,1,1,0,0,0.11,0
455.0,5,-562.5,-587.5,0.3,93.48,FAILED,RELAY,P4,0,1,0,,,0,305.51,1
456.0,1,-46.0,-275.1,60.0,75.35,ACTIVE,RELAY,P6,1,1,1,2,4,0,0.34,0
456.0,2,270.8,184.9,68.0,75.96,ACTIVE,SURVEY,P6,1,1,1,3,1,0,0.19,0
456.0,3,-450.0,-687.5,76.0,27.44,ACTIVE,RELAY,P6,1,0,1,1,0,0,0.17,0
456.0,4,-405.3,-669.3,84.0,76.1,ACTIVE,RELAY,P6,1,1,1,1,0,0,0.04,0
456.0,5,-562.5,-587.5,0.3,93.48,FAILED,RELAY,P4,0,1,0,,,0,306.47,1
457.0,1,-40.3,-289.4,60.0,75.29,ACTIVE,RELAY,P6,1,1,1,2,4,0,0.34,0
457.0,2,281.9,174.3,68.0,75.9,ACTIVE,SURVEY,P6,1,1,1,3,1,0,0.26,0
457.0,3,-450.0,-687.5,76.0,27.39,ACTIVE,RELAY,P6,1,0,1,1,0,0,0.16,0
457.0,4,-405.3,-669.3,84.0,76.05,ACTIVE,RELAY,P6,1,1,1,1,0,0,0.04,0
457.0,5,-562.5,-587.5,0.3,93.48,FAILED,RELAY,P4,0,1,0,,,0,307.5,1
458.0,1,-34.6,-303.6,60.0,75.24,ACTIVE,RELAY,P6,1,1,1,2,4,0,0.39,0
458.0,2,293.1,163.8,68.0,75.84,ACTIVE,SURVEY,P6,1,1,1,3,1,0,0.26,0
458.0,3,-450.0,-687.5,76.0,27.34,ACTIVE,RELAY,P6,1,0,1,1,0,0,0.17,0
458.0,4,-405.3,-669.3,84.0,76.0,ACTIVE,RELAY,P6,1,1,1,1,0,0,0.11,0
458.0,5,-562.5,-587.5,0.3,93.48,FAILED,RELAY,P4,0,1,0,,,0,308.52,1
459.0,1,-29.3,-317.0,60.0,75.18,ACTIVE,RELAY,P6,1,1,1,2,4,0,0.34,0
459.0,2,303.6,153.9,68.0,75.79,ACTIVE,SURVEY,P6,1,1,1,3,1,0,0.16,0
459.0,3,-450.0,-687.5,76.0,27.29,ACTIVE,RELAY,P6,1,0,1,1,0,0,0.16,0
459.0,4,-405.3,-669.3,84.0,75.95,ACTIVE,RELAY,P6,1,1,1,1,0,0,0.04,0
459.0,5,-562.5,-587.5,0.3,93.48,FAILED,RELAY,P4,0,1,0,,,0,309.48,1
460.0,1,-23.6,-331.3,60.0,75.13,ACTIVE,RELAY,P6,1,1,1,2,4,0,0.32,0
460.0,2,314.7,143.3,68.0,75.73,ACTIVE,SURVEY,P6,1,1,1,3,1,0,0.26,0
460.0,3,-451.8,-688.2,76.0,27.24,ACTIVE,HOME,,1,1,1,1,0,0,0.17,0
460.0,4,-405.3,-669.3,84.0,75.9,ACTIVE,RELAY,P6,1,1,1,1,0,0,0.11,0
460.0,5,-562.5,-587.5,0.3,93.48,FAILED,RELAY,P4,0,1,0,,,0,310.51,1
461.1,1,-17.9,-345.5,60.0,75.07,ACTIVE,RELAY,P6,1,1,1,2,4,0,0.41,0
461.1,2,325.9,132.8,68.0,75.68,ACTIVE,SURVEY,P6,1,1,1,3,1,0,0.26,0
461.1,3,-466.1,-693.9,76.0,27.19,ACTIVE,HOME,,1,1,1,1,0,0,0.23,0
461.1,4,-405.3,-669.3,84.0,75.85,ACTIVE,RELAY,P6,1,1,1,1,0,0,0.11,0
461.1,5,-562.5,-587.5,0.3,93.48,FAILED,RELAY,P4,0,1,0,,,0,311.53,1
462.0,1,-12.5,-358.9,60.0,75.02,ACTIVE,RELAY,P6,1,1,1,2,4,0,0.34,0
462.0,2,336.4,122.9,68.0,75.63,ACTIVE,SURVEY,P6,1,1,1,3,1,0,0.15,0
462.0,3,-479.4,-699.2,76.0,27.13,ACTIVE,HOME,,1,1,1,1,0,0,0.15,0
462.0,4,-405.3,-669.3,84.0,75.8,ACTIVE,RELAY,P6,1,1,1,1,0,0,0.04,0
462.0,5,-562.5,-587.5,0.3,93.48,FAILED,RELAY,P4,0,1,0,,,0,312.49,1
463.0,1,-6.8,-373.1,60.0,74.96,ACTIVE,RELAY,P6,1,1,1,2,4,0,0.34,0
463.0,2,347.5,112.4,68.0,75.57,ACTIVE,SURVEY,P6,1,1,0,,,0,0.24,0
463.0,3,-493.7,-704.9,76.0,27.08,ACTIVE,HOME,,1,1,1,1,0,0,0.16,0
463.0,4,-405.3,-669.3,84.0,75.75,ACTIVE,RELAY,P6,1,1,1,1,0,0,0.11,0
463.0,5,-562.5,-587.5,0.3,93.48,FAILED,RELAY,P4,0,1,0,,,0,313.51,1
464.0,1,-1.5,-386.5,60.0,74.91,ACTIVE,RELAY,P6,1,1,1,2,4,0,0.34,0
464.0,2,358.0,102.5,68.0,75.52,ACTIVE,SURVEY,P6,1,1,0,,,2,1.2,0
464.0,3,-507.1,-710.2,76.0,27.02,ACTIVE,HOME,,1,1,1,1,0,0,0.17,0
464.0,4,-405.3,-669.3,84.0,75.7,ACTIVE,RELAY,P6,1,1,1,1,0,0,0.04,0
464.0,5,-562.5,-587.5,0.3,93.48,FAILED,RELAY,P4,0,1,0,,,0,314.47,1
465.0,1,4.2,-400.8,60.0,74.85,ACTIVE,RELAY,P6,1,1,1,2,4,0,0.34,0
465.0,2,369.2,91.9,68.0,75.46,ACTIVE,SURVEY,P6,1,1,0,,,5,2.22,0
465.0,3,-521.4,-715.9,76.0,26.97,ACTIVE,HOME,,1,1,1,1,0,0,0.17,0
465.0,4,-405.3,-669.3,84.0,75.65,ACTIVE,RELAY,P6,1,1,1,1,0,0,0.04,0
465.0,5,-562.5,-587.5,0.3,93.48,FAILED,RELAY,P4,0,1,0,,,0,315.5,1
466.0,1,9.9,-415.0,60.0,74.8,ACTIVE,RELAY,P6,1,1,1,2,4,0,0.41,0
466.0,2,380.3,81.4,68.0,75.4,ACTIVE,SURVEY,P6,1,1,0,,,5,3.24,1
466.0,3,-535.6,-721.6,76.0,26.91,ACTIVE,HOME,,1,1,1,1,0,0,0.17,0
466.0,4,-405.3,-669.3,84.0,75.6,ACTIVE,RELAY,P6,1,1,1,1,0,0,0.11,0
466.0,5,-562.5,-587.5,0.3,93.48,FAILED,RELAY,P4,0,1,0,,,0,316.52,1
467.0,1,15.3,-428.4,60.0,74.74,ACTIVE,RELAY,P6,1,1,1,2,4,0,0.34,0
467.0,2,390.8,71.5,68.0,75.35,ACTIVE,SURVEY,P6,1,1,0,,,5,4.2,1
467.0,3,-549.0,-726.9,76.0,26.86,ACTIVE,HOME,,1,1,1,1,0,0,0.17,0
467.0,4,-405.3,-669.3,84.0,75.55,ACTIVE,RELAY,P6,1,1,1,1,0,0,0.02,0
467.0,5,-562.5,-587.5,0.3,93.48,FAILED,RELAY,P4,0,1,0,,,0,317.48,1
468.0,1,21.0,-442.7,60.0,74.69,ACTIVE,RELAY,P6,1,1,1,2,4,0,0.34,0
468.0,2,401.9,60.9,68.0,75.29,ACTIVE,SURVEY,P6,1,1,0,,,5,5.23,1
468.0,3,-563.3,-732.6,76.0,26.8,ACTIVE,HOME,,1,1,1,1,0,0,0.15,0
468.0,4,-405.3,-669.3,84.0,75.5,ACTIVE,RELAY,P6,1,1,1,1,0,0,0.11,0
468.0,5,-562.5,-587.5,0.3,93.48,FAILED,RELAY,P4,0,1,0,,,0,318.51,1
469.1,1,26.7,-456.9,60.0,74.63,ACTIVE,RELAY,P6,1,1,1,2,4,0,0.41,0
469.1,2,413.1,50.4,68.0,75.24,ACTIVE,SURVEY,P6,1,1,0,,,5,6.25,1
469.1,3,-577.5,-738.3,76.0,26.75,ACTIVE,HOME,,1,1,1,1,0,0,0.24,0
469.1,4,-405.3,-669.3,84.0,75.45,ACTIVE,RELAY,P6,1,1,1,1,0,0,0.11,0
469.1,5,-562.5,-587.5,0.3,93.48,FAILED,RELAY,P4,0,1,0,,,0,319.53,1
470.0,1,32.1,-470.3,60.0,74.58,ACTIVE,RELAY,P6,1,1,1,2,4,0,0.34,0
470.0,2,423.6,40.5,68.0,75.19,ACTIVE,SURVEY,P6,1,1,0,,,5,7.21,1
470.0,3,-590.9,-743.6,76.0,26.69,ACTIVE,HOME,,1,1,1,1,0,0,0.17,0
470.0,4,-405.3,-669.3,84.0,75.4,ACTIVE,RELAY,P6,1,1,1,1,0,0,0.04,0
470.0,5,-562.5,-587.5,0.3,93.48,FAILED,RELAY,P4,0,1,0,,,0,320.49,1
471.0,1,37.8,-484.6,60.0,74.52,ACTIVE,RELAY,P6,1,1,1,2,4,0,0.34,0
471.0,2,434.7,29.9,68.0,75.13,ACTIVE,SURVEY,P6,1,1,0,,,5,8.24,1
471.0,3,-605.2,-749.3,76.0,26.64,ACTIVE,HOME,,1,1,1,1,0,0,0.17,0
471.0,4,-405.3,-669.3,84.0,75.35,ACTIVE,RELAY,P6,1,1,1,1,0,0,0.11,0
471.0,5,-562.5,-587.5,0.3,93.48,FAILED,RELAY,P4,0,1,0,,,0,321.51,1
472.0,1,39.4,-488.7,60.0,74.47,ACTIVE,RELAY,P6,1,1,1,2,4,0,0.34,0
472.0,2,445.2,20.0,68.0,75.08,ACTIVE,SURVEY,P6,1,1,0,,,5,9.2,1
472.0,3,-618.6,-754.6,76.0,26.58,ACTIVE,HOME,,1,1,1,1,0,0,0.17,0
472.0,4,-405.3,-669.3,84.0,75.3,ACTIVE,RELAY,P6,1,1,1,1,0,0,0.04,0
472.0,5,-562.5,-587.5,0.3,93.48,FAILED,RELAY,P4,0,1,0,,,0,322.47,1
473.0,1,39.4,-488.7,60.0,74.42,ACTIVE,RELAY,P6,1,1,1,2,4,0,0.34,0
473.0,2,456.4,9.5,68.0,75.02,ACTIVE,SURVEY,P6,1,1,0,,,5,10.22,1
473.0,3,-632.8,-760.3,76.0,26.53,ACTIVE,HOME,,1,1,1,1,0,0,0.17,0
473.0,4,-405.3,-669.3,84.0,75.25,ACTIVE,RELAY,P6,1,1,1,1,0,0,0.04,0
473.0,5,-562.5,-587.5,0.3,93.48,FAILED,RELAY,P4,0,1,0,,,0,323.5,1
474.0,1,39.4,-488.7,60.0,74.37,ACTIVE,RELAY,P6,1,1,1,2,4,0,0.41,0
474.0,2,467.5,-1.1,68.0,74.96,ACTIVE,SURVEY,P6,1,1,0,,,5,11.24,1
474.0,3,-647.1,-766.0,76.0,26.47,ACTIVE,HOME,,1,1,1,1,0,0,0.17,0
474.0,4,-405.3,-669.3,84.0,75.2,ACTIVE,RELAY,P6,1,1,1,1,0,0,0.11,0
474.0,5,-562.5,-587.5,0.3,93.48,FAILED,RELAY,P4,0,1,0,,,0,324.52,1
475.0,1,39.4,-488.7,60.0,74.32,ACTIVE,RELAY,P6,1,1,1,2,4,0,0.34,0
475.0,2,478.0,-11.0,68.0,74.91,ACTIVE,SURVEY,P6,1,1,0,,,5,12.2,1
475.0,3,-660.5,-771.3,76.0,26.42,ACTIVE,HOME,,1,1,1,1,0,0,0.17,0
475.0,4,-405.3,-669.3,84.0,75.15,ACTIVE,RELAY,P6,1,1,1,1,0,0,0.04,0
475.0,5,-562.5,-587.5,0.3,93.48,FAILED,RELAY,P4,0,1,0,,,0,325.48,1
476.0,1,39.4,-488.7,60.0,74.27,ACTIVE,RELAY,P6,1,1,1,2,4,0,0.34,0
476.0,2,489.1,-21.5,68.0,74.85,ACTIVE,SURVEY,P6,1,1,0,,,5,13.23,1
476.0,3,-674.8,-777.0,76.0,26.36,ACTIVE,HOME,,1,1,1,1,0,0,0.17,0
476.0,4,-405.3,-669.3,84.0,75.1,ACTIVE,RELAY,P6,1,1,1,1,0,0,0.11,0
476.0,5,-562.5,-587.5,0.3,93.48,FAILED,RELAY,P4,0,1,0,,,0,326.51,1
477.1,1,39.4,-488.7,60.0,74.22,ACTIVE,RELAY,P6,1,1,1,2,4,0,0.41,0
477.1,2,500.3,-32.1,68.0,74.8,ACTIVE,SURVEY,P6,1,1,0,,,5,14.25,1
477.1,3,-689.0,-782.7,76.0,26.31,ACTIVE,HOME,,1,1,1,1,0,0,0.24,0
477.1,4,-405.3,-669.3,84.0,75.05,ACTIVE,RELAY,P6,1,1,1,1,0,0,0.11,0
477.1,5,-562.5,-587.5,0.3,93.48,FAILED,RELAY,P4,0,1,0,,,0,327.53,1
478.0,1,39.4,-488.7,60.0,74.17,ACTIVE,RELAY,P6,1,1,1,2,4,0,0.34,0
478.0,2,510.8,-42.0,68.0,74.75,ACTIVE,SURVEY,P6,1,1,0,,,5,15.21,1
478.0,3,-702.4,-788.0,76.0,26.25,ACTIVE,HOME,,1,1,1,1,0,0,0.17,0
478.0,4,-405.3,-669.3,84.0,75.0,ACTIVE,RELAY,P6,1,1,1,1,0,0,0.04,0
478.0,5,-562.5,-587.5,0.3,93.48,FAILED,RELAY,P4,0,1,0,,,0,328.49,1
479.0,1,39.4,-488.7,60.0,74.12,ACTIVE,RELAY,P6,1,1,1,2,4,0,0.34,0
479.0,2,521.9,-52.5,68.0,74.69,ACTIVE,SURVEY,P6,1,1,0,,,5,16.24,1
479.0,3,-716.7,-793.7,76.0,26.2,ACTIVE,HOME,,1,1,1,1,0,0,0.17,0
479.0,4,-405.3,-669.3,84.0,74.95,ACTIVE,RELAY,P6,1,1,1,1,0,0,0.09,0
479.0,5,-562.5,-587.5,0.3,93.48,FAILED,RELAY,P4,0,1,0,,,0,329.51,1
480.0,1,39.4,-488.7,60.0,74.07,ACTIVE,RELAY,P6,1,1,1,2,4,0,0.34,0
480.0,2,532.4,-62.4,68.0,74.64,ACTIVE,SURVEY,P6,1,1,0,,,5,17.2,1
480.0,3,-730.1,-799.0,76.0,26.14,ACTIVE,HOME,,1,1,1,1,0,0,0.17,0
480.0,4,-405.3,-669.3,84.0,74.9,ACTIVE,RELAY,P6,1,1,1,1,0,0,0.04,0
480.0,5,-562.5,-587.5,0.3,93.48,FAILED,RELAY,P4,0,1,0,,,0,330.47,1
481.0,1,39.4,-488.7,60.0,74.02,ACTIVE,RELAY,P6,1,1,1,2,4,0,0.34,0
481.0,2,543.6,-73.0,68.0,74.58,ACTIVE,SURVEY,P6,1,1,0,,,5,18.22,1
481.0,3,-744.3,-804.7,76.0,26.09,ACTIVE,HOME,,1,1,1,1,0,0,0.17,0
481.0,4,-405.3,-669.3,84.0,74.85,ACTIVE,RELAY,P6,1,1,1,1,0,0,0.04,0
481.0,5,-562.5,-587.5,0.3,93.48,FAILED,RELAY,P4,0,1,0,,,0,331.5,1
482.0,1,39.4,-488.7,60.0,73.97,ACTIVE,RELAY,P6,1,1,1,2,4,0,0.41,0
482.0,2,554.7,-83.5,68.0,74.52,ACTIVE,SURVEY,P6,1,1,0,,,5,19.24,1
482.0,3,-758.6,-810.4,76.0,26.03,ACTIVE,HOME,,1,1,1,1,0,0,0.17,0
482.0,4,-405.3,-669.3,84.0,74.8,ACTIVE,RELAY,P6,1,1,1,1,0,0,0.11,0
482.0,5,-562.5,-587.5,0.3,93.48,FAILED,RELAY,P4,0,1,0,,,0,332.52,1
483.0,1,39.4,-488.7,60.0,73.92,ACTIVE,RELAY,P6,1,1,1,2,4,0,0.32,0
483.0,2,565.2,-93.4,68.0,74.47,ACTIVE,SURVEY,P6,1,1,0,,,5,20.2,1
483.0,3,-772.0,-815.7,76.0,25.98,ACTIVE,HOME,,1,1,1,1,0,0,0.17,0
483.0,4,-405.3,-669.3,84.0,74.75,ACTIVE,RELAY,P6,1,1,1,1,0,0,0.02,0
483.0,5,-562.5,-587.5,0.3,93.48,FAILED,RELAY,P4,0,1,0,,,0,333.48,1
484.0,1,39.4,-488.7,60.0,73.87,ACTIVE,RELAY,P6,1,1,1,2,4,0,0.32,0
484.0,2,576.3,-104.0,68.0,74.41,ACTIVE,SURVEY,P6,1,1,0,,,5,21.23,1
484.0,3,-786.2,-821.4,76.0,25.92,ACTIVE,HOME,,1,1,1,1,0,0,0.17,0
484.0,4,-405.3,-669.3,84.0,74.7,ACTIVE,RELAY,P6,1,1,1,1,0,0,0.09,0
484.0,5,-562.5,-587.5,0.3,93.48,FAILED,RELAY,P4,0,1,0,,,0,334.51,1
485.1,1,39.4,-488.7,60.0,73.82,ACTIVE,RELAY,P6,1,1,1,2,4,0,0.41,0
485.1,2,587.5,-114.5,68.0,74.36,ACTIVE,SURVEY,P6,1,1,0,,,5,22.25,1
485.1,3,-800.5,-827.1,76.0,25.87,ACTIVE,HOME,,1,1,1,1,0,0,0.24,0
485.1,4,-405.3,-669.3,84.0,74.65,ACTIVE,RELAY,P6,1,1,1,1,0,0,0.11,0
485.1,5,-562.5,-587.5,0.3,93.48,FAILED,RELAY,P4,0,1,0,,,0,335.53,1
486.0,1,39.4,-488.7,60.0,73.77,ACTIVE,RELAY,P6,1,1,1,2,4,0,0.34,0
486.0,2,598.0,-124.4,68.0,74.31,ACTIVE,SURVEY,P6,1,1,0,,,5,23.21,1
486.0,3,-813.9,-832.4,76.0,25.81,ACTIVE,HOME,,1,1,1,1,0,0,0.17,0
486.0,4,-405.3,-669.3,84.0,74.6,ACTIVE,RELAY,P6,1,1,1,1,0,0,0.04,0
486.0,5,-562.5,-587.5,0.3,93.48,FAILED,RELAY,P4,0,1,0,,,0,336.49,1
487.0,1,39.4,-488.7,60.0,73.72,ACTIVE,RELAY,P6,1,1,1,2,4,0,0.34,0
487.0,2,609.1,-135.0,68.0,74.25,ACTIVE,SURVEY,P6,1,1,0,,,5,24.24,1
487.0,3,-828.0,-838.0,76.0,25.76,ACTIVE,HOME,,1,1,1,1,0,0,0.17,0
487.0,4,-405.3,-669.3,84.0,74.55,ACTIVE,RELAY,P6,1,1,1,1,0,0,0.11,0
487.0,5,-562.5,-587.5,0.3,93.48,FAILED,RELAY,P4,0,1,0,,,0,337.51,1
488.0,1,39.4,-488.7,60.0,73.67,ACTIVE,RELAY,P6,1,1,1,2,4,0,0.34,0
488.0,2,619.6,-144.8,68.0,74.2,ACTIVE,SURVEY,P6,1,1,0,,,5,25.2,1
488.0,3,-828.0,-838.0,71.2,25.7,RTH,HOME,,1,1,1,1,0,0,0.17,0
488.0,4,-405.3,-669.3,84.0,74.5,ACTIVE,RELAY,P6,1,1,1,1,0,0,0.02,0
488.0,5,-562.5,-587.5,0.3,93.48,FAILED,RELAY,P4,0,1,0,,,0,338.47,1
489.0,1,39.4,-488.7,60.0,73.62,ACTIVE,RELAY,P6,1,1,1,2,4,0,0.34,0
489.0,2,630.8,-155.4,68.0,74.14,ACTIVE,SURVEY,P6,1,1,0,,,5,26.22,1
489.0,3,-828.0,-838.0,66.1,25.65,RTH,HOME,,1,1,1,1,0,0,0.17,0
489.0,4,-405.3,-669.3,84.0,74.45,ACTIVE,RELAY,P6,1,1,1,1,0,0,0.04,0
489.0,5,-562.5,-587.5,0.3,93.48,FAILED,RELAY,P4,0,1,0,,,0,339.5,1
490.0,1,39.4,-488.7,60.0,73.57,ACTIVE,RELAY,P6,1,1,1,2,4,0,0.41,0
490.0,2,641.9,-166.0,68.0,74.08,ACTIVE,SURVEY,P6,1,1,0,,,5,27.24,1
490.0,3,-828.0,-838.0,61.0,25.59,RTH,HOME,,1,1,1,1,0,0,0.17,0
490.0,4,-405.3,-669.3,84.0,74.4,ACTIVE,RELAY,P6,1,1,1,1,0,0,0.11,0
490.0,5,-562.5,-587.5,0.3,93.48,FAILED,RELAY,P4,0,1,0,,,0,340.52,1
491.0,1,39.4,-488.7,60.0,73.52,ACTIVE,RELAY,P6,1,1,1,2,4,0,0.32,0
491.0,2,652.4,-175.8,68.0,74.03,ACTIVE,SURVEY,P6,1,1,0,,,5,28.2,1
491.0,3,-828.0,-838.0,56.2,25.54,RTH,HOME,,1,1,1,1,0,0,0.17,0
491.0,4,-405.3,-669.3,84.0,74.35,ACTIVE,RELAY,P6,1,1,1,1,0,0,0.02,0
491.0,5,-562.5,-587.5,0.3,93.48,FAILED,RELAY,P4,0,1,0,,,0,341.48,1
492.0,1,39.4,-488.7,60.0,73.47,ACTIVE,RELAY,P6,1,1,1,2,4,0,0.32,0
492.0,2,663.5,-186.4,68.0,73.97,ACTIVE,SURVEY,P6,1,1,0,,,5,29.23,1
492.0,3,-828.0,-838.0,51.0,25.48,RTH,HOME,,1,1,1,1,0,0,0.17,0
492.0,4,-405.3,-669.3,84.0,74.3,ACTIVE,RELAY,P6,1,1,1,1,0,0,0.11,0
492.0,5,-562.5,-587.5,0.3,93.48,FAILED,RELAY,P4,0,1,0,,,0,342.51,1
493.1,1,39.4,-488.7,60.0,73.42,ACTIVE,RELAY,P6,1,1,1,2,4,0,0.41,0
493.1,2,674.7,-196.9,68.0,73.92,ACTIVE,SURVEY,P6,1,1,0,,,5,30.25,1
493.1,3,-828.0,-838.0,45.9,25.43,RTH,HOME,,1,1,1,1,0,0,0.24,0
493.1,4,-405.3,-669.3,84.0,74.25,ACTIVE,RELAY,P6,1,1,1,1,0,0,0.11,0
493.1,5,-562.5,-587.5,0.3,93.48,FAILED,RELAY,P4,0,1,0,,,0,343.53,1
494.0,1,39.4,-488.7,60.0,73.37,ACTIVE,RELAY,P6,1,1,1,2,4,0,0.34,0
494.0,2,685.2,-206.8,68.0,73.87,ACTIVE,SURVEY,P6,1,1,0,,,5,31.21,1
494.0,3,-828.0,-838.0,41.1,25.37,RTH,HOME,,1,1,1,1,0,0,0.17,0
494.0,4,-405.3,-669.3,84.0,74.2,ACTIVE,RELAY,P6,1,1,1,1,0,0,0.04,0
494.0,5,-562.5,-587.5,0.3,93.48,FAILED,RELAY,P4,0,1,0,,,0,344.49,1
495.0,1,39.4,-488.7,60.0,73.32,ACTIVE,RELAY,P6,1,1,1,2,4,0,0.34,0
495.0,2,696.3,-217.4,68.0,73.81,ACTIVE,SURVEY,P6,1,1,0,,,5,32.24,1
495.0,3,-828.0,-838.0,36.0,25.32,RTH,HOME,,1,1,1,1,0,0,0.17,0
495.0,4,-405.3,-669.3,84.0,74.15,ACTIVE,RELAY,P6,1,1,1,1,0,0,0.11,0
495.0,5,-562.5,-587.5,0.3,93.48,FAILED,RELAY,P4,0,1,0,,,0,345.51,1
496.0,1,39.4,-488.7,60.0,73.27,ACTIVE,RELAY,P6,1,1,1,2,4,0,0.34,0
496.0,2,699.6,-220.5,68.0,73.76,ACTIVE,SURVEY,P6,1,1,0,,,5,33.2,1
496.0,3,-828.0,-838.0,31.2,25.26,RTH,HOME,,1,1,1,1,0,0,0.17,0
496.0,4,-405.3,-669.3,84.0,74.1,ACTIVE,RELAY,P6,1,1,1,1,0,0,0.04,0
496.0,5,-562.5,-587.5,0.3,93.48,FAILED,RELAY,P4,0,1,0,,,0,346.47,1
497.0,1,39.4,-488.7,60.0,73.22,ACTIVE,RELAY,P6,1,1,1,2,4,0,0.34,0
497.0,2,699.6,-220.5,68.0,73.71,ACTIVE,SURVEY,P6,1,1,0,,,5,34.22,1
497.0,3,-828.0,-838.0,26.1,25.21,RTH,HOME,,1,1,1,1,0,0,0.17,0
497.0,4,-405.3,-669.3,84.0,74.05,ACTIVE,RELAY,P6,1,1,1,1,0,0,0.04,0
497.0,5,-562.5,-587.5,0.3,93.48,FAILED,RELAY,P4,0,1,0,,,0,347.5,1
498.0,1,39.4,-488.7,60.0,73.17,ACTIVE,RELAY,P6,1,1,1,2,4,0,0.41,0
498.0,2,699.6,-220.5,68.0,73.66,ACTIVE,SURVEY,P6,1,1,0,,,5,35.24,1
498.0,3,-828.0,-838.0,21.0,25.15,RTH,HOME,,1,1,1,1,0,0,0.17,0
498.0,4,-405.3,-669.3,84.0,74.0,ACTIVE,RELAY,P6,1,1,1,1,0,0,0.11,0
498.0,5,-562.5,-587.5,0.3,93.48,FAILED,RELAY,P4,0,1,0,,,0,348.52,1
499.0,1,39.4,-488.7,60.0,73.12,ACTIVE,RELAY,P6,1,1,1,2,4,0,0.34,0
499.0,2,699.6,-220.5,68.0,73.61,ACTIVE,SURVEY,P6,1,1,0,,,5,36.2,1
499.0,3,-828.0,-838.0,16.2,25.1,RTH,HOME,,1,1,1,1,0,0,0.17,0
499.0,4,-405.3,-669.3,84.0,73.95,ACTIVE,RELAY,P6,1,1,1,1,0,0,0.04,0
499.0,5,-562.5,-587.5,0.3,93.48,FAILED,RELAY,P4,0,1,0,,,0,349.48,1
500.0,1,39.4,-488.7,60.0,73.07,ACTIVE,RELAY,P6,1,1,1,2,4,0,0.32,0
500.0,2,699.6,-220.5,68.0,73.56,ACTIVE,SURVEY,P6,1,1,0,,,5,37.23,1
500.0,3,-828.0,-838.0,11.0,25.04,RTH,HOME,,1,1,1,1,0,0,0.17,0
500.0,4,-405.3,-669.3,84.0,73.9,ACTIVE,RELAY,P6,1,1,1,1,0,0,0.11,0
500.0,5,-562.5,-587.5,0.3,93.48,FAILED,RELAY,P4,0,1,0,,,0,350.51,1
501.1,1,39.4,-488.7,60.0,73.02,ACTIVE,RELAY,P6,1,1,1,2,4,0,0.41,0
501.1,2,699.6,-220.5,68.0,73.51,ACTIVE,SURVEY,P6,1,1,0,,,5,38.25,1
501.1,3,-828.0,-838.0,5.9,24.99,RTH,HOME,,1,1,1,1,0,0,0.24,0
501.1,4,-405.3,-669.3,84.0,73.85,ACTIVE,RELAY,P6,1,1,1,1,0,0,0.11,0
501.1,5,-562.5,-587.5,0.3,93.48,FAILED,RELAY,P4,0,1,0,,,0,351.53,1
502.0,1,39.4,-488.7,60.0,72.97,ACTIVE,RELAY,P6,1,1,1,2,4,0,0.34,0
502.0,2,699.6,-220.5,68.0,73.46,ACTIVE,SURVEY,P6,1,1,0,,,5,39.21,1
502.0,3,-828.0,-838.0,1.1,24.93,RTH,HOME,,1,1,1,1,0,0,0.17,0
502.0,4,-405.3,-669.3,84.0,73.8,ACTIVE,RELAY,P6,1,1,1,1,0,0,0.04,0
502.0,5,-562.5,-587.5,0.3,93.48,FAILED,RELAY,P4,0,1,0,,,0,352.49,1
503.0,1,39.4,-488.7,60.0,72.92,ACTIVE,RELAY,P6,1,1,1,2,4,0,0.32,0
503.0,2,699.6,-220.5,68.0,73.41,ACTIVE,SURVEY,P6,1,1,0,,,5,40.24,1
503.0,3,-828.0,-838.0,0.3,24.92,SERVICE,HOME,,1,1,1,1,0,0,0.17,0
503.0,4,-405.3,-669.3,84.0,73.75,ACTIVE,RELAY,P6,1,1,1,1,0,0,0.09,0
503.0,5,-562.5,-587.5,0.3,93.48,FAILED,RELAY,P4,0,1,0,,,0,353.51,1
504.0,1,39.4,-488.7,60.0,72.87,ACTIVE,RELAY,P6,1,1,1,2,4,0,0.32,0
504.0,2,699.6,-220.5,68.0,73.36,ACTIVE,SURVEY,P6,1,1,0,,,5,41.2,1
504.0,3,-828.0,-838.0,0.3,24.92,SERVICE,HOME,,1,1,1,1,0,0,0.17,0
504.0,4,-405.3,-669.3,84.0,73.7,ACTIVE,RELAY,P6,1,1,1,1,0,0,0.04,0
504.0,5,-562.5,-587.5,0.3,93.48,FAILED,RELAY,P4,0,1,0,,,0,354.47,1
505.0,1,39.4,-488.7,60.0,72.82,ACTIVE,RELAY,P6,1,1,1,2,4,0,0.34,0
505.0,2,699.6,-220.5,68.0,73.31,ACTIVE,SURVEY,P6,1,1,0,,,5,42.22,1
505.0,3,-828.0,-838.0,0.3,24.92,SERVICE,HOME,,1,1,1,1,0,0,0.17,0
505.0,4,-405.3,-669.3,84.0,73.65,ACTIVE,RELAY,P6,1,1,1,1,0,0,0.04,0
505.0,5,-562.5,-587.5,0.3,93.48,FAILED,RELAY,P4,0,1,0,,,0,355.5,1
506.0,1,39.4,-488.7,60.0,72.77,ACTIVE,RELAY,P6,1,1,1,2,4,0,0.41,0
506.0,2,686.2,-225.9,68.0,73.25,ACTIVE,SURVEY,P6,1,1,0,,,9,43.24,1
506.0,3,-828.0,-838.0,0.3,24.92,SERVICE,HOME,,1,1,1,1,0,0,0.17,0
506.0,4,-405.3,-669.3,84.0,73.6,ACTIVE,RELAY,P6,1,1,1,1,0,0,0.11,0
506.0,5,-562.5,-587.5,0.3,93.48,FAILED,RELAY,P4,0,1,0,,,0,356.52,1
507.0,1,39.4,-488.7,60.0,72.72,ACTIVE,RELAY,P6,1,1,1,2,4,0,0.34,0
507.0,2,672.9,-231.2,68.0,73.2,ACTIVE,SURVEY,P6,1,1,0,,,9,44.2,1
507.0,3,-828.0,-838.0,0.3,24.92,SERVICE,HOME,,1,1,1,1,0,0,0.17,0
507.0,4,-405.3,-669.3,84.0,73.55,ACTIVE,RELAY,P6,1,1,1,1,0,0,0.04,0
507.0,5,-562.5,-587.5,0.3,93.48,FAILED,RELAY,P4,0,1,0,,,0,357.48,1
508.0,1,39.4,-488.7,60.0,72.67,ACTIVE,RELAY,P6,1,1,1,2,4,0,0.32,0
508.0,2,658.6,-237.0,68.0,73.14,ACTIVE,SURVEY,P6,1,1,0,,,9,45.23,1
508.0,3,-828.0,-838.0,0.3,24.92,SERVICE,HOME,,1,1,1,1,0,0,0.17,0
508.0,4,-405.3,-669.3,84.0,73.5,ACTIVE,RELAY,P6,1,1,1,1,0,0,0.11,0
508.0,5,-562.5,-587.5,0.3,93.48,FAILED,RELAY,P4,0,1,0,,,0,358.51,1
509.1,1,39.4,-488.7,60.0,72.62,ACTIVE,RELAY,P6,1,1,1,2,4,0,0.41,0
509.1,2,644.4,-242.7,68.0,73.09,ACTIVE,SURVEY,P6,1,1,0,,,9,46.25,1
509.1,3,-828.0,-838.0,0.3,24.92,SERVICE,HOME,,1,1,1,1,0,0,0.24,0
509.1,4,-405.3,-669.3,84.0,73.45,ACTIVE,RELAY,P6,1,1,1,1,0,0,0.09,0
509.1,5,-562.5,-587.5,0.3,93.48,FAILED,RELAY,P4,0,1,0,,,0,359.53,1
510.0,1,39.4,-488.7,60.0,72.57,ACTIVE,RELAY,P6,1,1,1,2,4,0,0.34,0
510.0,2,631.0,-248.1,68.0,73.03,ACTIVE,SURVEY,P6,1,1,0,,,13,47.21,1
510.0,3,-828.0,-838.0,0.3,24.92,SERVICE,HOME,,1,1,1,1,0,0,0.17,0
510.0,4,-405.3,-669.3,84.0,73.4,ACTIVE,RELAY,P6,1,1,1,1,0,0,0.04,0
510.0,5,-562.5,-587.5,0.3,93.48,FAILED,RELAY,P4,0,1,0,,,0,360.49,1
511.0,1,39.4,-488.7,60.0,72.52,ACTIVE,RELAY,P6,1,1,1,2,4,0,0.34,0
511.0,2,616.8,-253.9,68.0,72.98,ACTIVE,SURVEY,P6,1,1,0,,,13,48.24,1
511.0,3,-828.0,-838.0,0.3,24.92,SERVICE,HOME,,1,1,1,1,0,0,0.17,0
511.0,4,-405.3,-669.3,84.0,73.35,ACTIVE,RELAY,P6,1,1,1,1,0,0,0.11,0
511.0,5,-562.5,-587.5,0.3,93.48,FAILED,RELAY,P4,0,1,0,,,0,361.51,1
512.0,1,39.4,-488.7,60.0,72.47,ACTIVE,RELAY,P6,1,1,1,2,4,0,0.3,0
512.0,2,603.4,-259.2,68.0,72.93,ACTIVE,SURVEY,P6,1,1,0,,,13,49.2,1
512.0,3,-828.0,-838.0,0.3,24.92,SERVICE,HOME,,1,1,1,1,0,0,0.17,0
512.0,4,-405.3,-669.3,84.0,73.3,ACTIVE,RELAY,P6,1,1,1,1,0,0,0.04,0
512.0,5,-562.5,-587.5,0.3,93.48,FAILED,RELAY,P4,0,1,0,,,0,362.47,1
513.0,1,39.4,-488.7,60.0,72.42,ACTIVE,RELAY,P6,1,1,1,2,4,5,0.32,0
513.0,2,589.2,-265.0,68.0,72.87,ACTIVE,SURVEY,P6,1,1,1,3,1,4,0.05,0
513.0,3,-828.0,-838.0,0.3,24.92,SERVICE,HOME,,1,1,1,1,0,0,0.17,0
513.0,4,-405.3,-669.3,84.0,73.25,ACTIVE,RELAY,P6,1,1,1,1,0,0,0.53,0
513.0,5,-562.5,-587.5,0.3,93.48,FAILED,RELAY,P4,0,1,0,,,0,363.5,1
514.0,1,39.4,-488.7,60.0,72.37,ACTIVE,RELAY,P6,1,1,1,2,4,1,0.3,0
514.0,2,574.9,-270.7,68.0,72.81,ACTIVE,SURVEY,P6,1,1,1,3,1,5,0.76,0
514.0,3,-828.0,-838.0,0.3,24.92,SERVICE,HOME,,1,1,1,1,0,0,0.17,0
514.0,4,-405.3,-669.3,84.0,73.2,ACTIVE,RELAY,P6,1,1,1,1,0,8,0.37,0
514.0,5,-562.5,-587.5,0.3,93.48,FAILED,RELAY,P4,0,1,0,,,0,364.52,1
515.0,1,39.4,-488.7,60.0,72.32,ACTIVE,RELAY,P6,1,1,1,2,4,0,0.22,0
515.0,2,561.6,-276.1,68.0,72.76,ACTIVE,SURVEY,P6,1,1,1,3,1,4,0.58,0
515.0,3,-828.0,-838.0,0.3,24.92,SERVICE,HOME,,1,1,1,1,0,0,0.17,0
515.0,4,-405.3,-669.3,84.0,73.15,ACTIVE,RELAY,P6,1,1,1,1,0,12,0.51,0
515.0,5,-562.5,-587.5,0.3,93.48,FAILED,RELAY,P4,0,1,0,,,0,365.48,1
516.0,1,39.4,-488.7,60.0,72.27,ACTIVE,RELAY,P6,1,1,1,2,4,0,0.14,0
516.0,2,547.3,-281.9,68.0,72.7,ACTIVE,SURVEY,P6,1,1,1,3,1,0,0.11,0
516.0,3,-828.0,-838.0,0.3,24.92,SERVICE,HOME,,1,1,1,1,0,0,0.17,0
516.0,4,-405.3,-669.3,84.0,73.1,ACTIVE,RELAY,P6,1,1,1,1,0,6,0.04,0
516.0,5,-562.5,-587.5,0.3,93.48,FAILED,RELAY,P4,0,1,0,,,0,366.51,1
517.1,1,39.4,-488.7,60.0,72.22,ACTIVE,RELAY,P6,1,1,1,2,4,1,0.39,0
517.1,2,533.1,-287.6,68.0,72.65,ACTIVE,SURVEY,P6,1,1,1,3,1,1,0.06,0
517.1,3,-828.0,-838.0,0.3,24.92,SERVICE,HOME,,1,1,1,1,0,0,0.23,0
517.1,4,-405.3,-669.3,84.0,73.05,ACTIVE,RELAY,P6,1,1,1,1,0,1,0.06,0
517.1,5,-562.5,-587.5,0.3,93.48,FAILED,RELAY,P4,0,1,0,,,0,367.53,1
518.0,1,39.4,-488.7,60.0,72.17,ACTIVE,RELAY,P6,1,1,1,2,4,0,0.34,0
518.0,2,519.7,-293.0,68.0,72.59,ACTIVE,SURVEY,P6,1,1,1,3,1,0,0.36,0
518.0,3,-828.0,-838.0,0.3,24.92,SERVICE,HOME,,1,1,1,1,0,0,0.17,0
518.0,4,-405.3,-669.3,84.0,73.0,ACTIVE,RELAY,P6,1,1,1,1,0,0,0.5,0
518.0,5,-562.5,-587.5,0.3,93.48,FAILED,RELAY,P4,0,1,0,,,0,368.49,1
519.0,1,39.4,-488.7,60.0,72.12,ACTIVE,RELAY,P6,1,1,1,2,4,0,0.18,0
519.0,2,505.5,-298.7,68.0,72.54,ACTIVE,SURVEY,P6,1,1,1,3,1,0,0.02,0
519.0,3,-828.0,-838.0,0.3,24.92,SERVICE,HOME,,1,1,1,1,0,0,0.11,0
519.0,4,-405.3,-669.3,84.0,72.95,ACTIVE,RELAY,P6,1,1,1,1,0,2,0.02,0
519.0,5,-562.5,-587.5,0.3,93.48,FAILED,RELAY,P4,0,1,0,,,0,369.51,1
520.0,1,39.4,-488.7,60.0,72.07,ACTIVE,RELAY,P6,1,1,1,2,4,1,0.24,0
520.0,2,492.1,-304.1,68.0,72.49,ACTIVE,SURVEY,P6,1,1,1,3,1,1,0.19,0
520.0,3,-828.0,-838.0,0.3,24.92,SERVICE,HOME,,1,1,1,1,0,0,0.17,0
520.0,4,-405.3,-669.3,84.0,72.9,ACTIVE,RELAY,P6,1,1,1,1,0,1,0.01,0
520.0,5,-562.5,-587.5,0.3,93.48,FAILED,RELAY,P4,0,1,0,,,0,370.47,1
521.0,1,39.4,-488.7,60.0,72.02,ACTIVE,RELAY,P6,1,1,1,2,4,0,0.25,0
521.0,2,477.9,-309.9,68.0,72.43,ACTIVE,SURVEY,P6,1,1,1,3,1,2,0.18,0
521.0,3,-828.0,-838.0,0.3,24.92,SERVICE,HOME,,1,1,1,1,0,0,0.11,0
521.0,4,-405.3,-669.3,84.0,72.85,ACTIVE,RELAY,P6,1,1,1,1,0,2,0.53,0
521.0,5,-562.5,-587.5,0.3,93.48,FAILED,RELAY,P4,0,1,0,,,0,371.5,1
522.0,1,39.4,-488.7,60.0,71.97,ACTIVE,RELAY,P6,1,1,1,2,4,0,0.4,0
522.0,2,463.7,-315.6,68.0,72.37,ACTIVE,SURVEY,P6,1,1,1,3,1,0,0.17,0
522.0,3,-828.0,-838.0,0.3,24.92,SERVICE,HOME,,1,1,1,1,0,0,0.17,0
522.0,4,-405.3,-669.3,84.0,72.8,ACTIVE,RELAY,P6,1,1,1,1,0,5,0.44,0
522.0,5,-562.5,-587.5,0.3,93.48,FAILED,RELAY,P4,0,1,0,,,0,372.52,1
523.0,1,39.4,-488.7,60.0,71.92,ACTIVE,RELAY,P6,1,1,1,2,4,2,0.11,0
523.0,2,450.3,-321.0,68.0,72.32,ACTIVE,SURVEY,P6,1,1,1,3,1,0,0.68,0
523.0,3,-828.0,-838.0,0.3,24.92,SERVICE,HOME,,1,1,1,1,0,0,0.17,0
523.0,4,-405.3,-669.3,84.0,72.75,ACTIVE,RELAY,P6,1,1,1,1,0,3,0.55,0
523.0,5,-562.5,-587.5,0.3,93.48,FAILED,RELAY,P4,0,1,0,,,0,373.48,1
524.0,1,39.4,-488.7,60.0,71.87,ACTIVE,RELAY,P6,1,1,1,2,4,0,0.27,0
524.0,2,436.1,-326.7,68.0,72.26,ACTIVE,SURVEY,P6,1,1,1,3,1,1,0.25,0
524.0,3,-828.0,-838.0,0.3,24.92,SERVICE,HOME,,1,1,1,1,0,0,0.17,0
524.0,4,-405.3,-669.3,84.0,72.7,ACTIVE,RELAY,P6,1,1,1,1,0,1,0.53,0
524.0,5,-562.5,-587.5,0.3,93.48,FAILED,RELAY,P4,0,1,0,,,0,374.51,1
525.1,1,39.4,-488.7,60.0,71.82,ACTIVE,RELAY,P6,1,1,1,2,4,4,0.38,0
525.1,2,421.8,-332.5,68.0,72.21,ACTIVE,SURVEY,P6,1,1,1,3,1,0,0.07,0
525.1,3,-828.0,-838.0,0.3,24.92,SERVICE,HOME,,1,1,1,1,0,0,0.18,0
525.1,4,-405.3,-669.3,84.0,72.65,ACTIVE,RELAY,P6,1,1,1,1,0,0,0.08,0
525.1,5,-562.5,-587.5,0.3,93.48,FAILED,RELAY,P4,0,1,0,,,0,375.53,1
526.0,1,39.4,-488.7,60.0,71.77,ACTIVE,RELAY,P6,1,1,1,2,4,0,0.32,0
526.0,2,413.8,-335.7,68.0,72.16,ACTIVE,SURVEY,P6,1,1,1,3,1,0,0.17,0
526.0,3,-828.0,-838.0,0.3,24.92,SERVICE,HOME,,1,1,1,1,0,0,0.17,0
526.0,4,-405.3,-669.3,84.0,72.6,ACTIVE,RELAY,P6,1,1,1,1,0,0,0.04,0
526.0,5,-562.5,-587.5,0.3,93.48,FAILED,RELAY,P4,0,1,0,,,0,376.49,1
527.0,1,36.2,-483.9,60.0,71.72,ACTIVE,RELAY,P7,1,1,1,2,4,0,0.34,0
527.0,2,414.1,-332.8,68.0,72.1,ACTIVE,SURVEY,P7,1,1,1,3,1,0,0.26,0
527.0,3,-828.0,-838.0,0.3,24.92,SERVICE,HOME,,1,1,1,1,0,0,0.17,0
527.0,4,-410.1,-662.1,84.0,72.55,ACTIVE,RELAY,P7,1,1,1,1,0,0,0.11,0
527.0,5,-562.5,-587.5,0.3,93.48,FAILED,RELAY,P4,0,1,0,,,0,377.51,1
528.0,1,28.3,-471.9,60.0,71.66,ACTIVE,RELAY,P7,1,1,1,2,4,0,0.34,0
528.0,2,415.8,-318.5,68.0,72.05,ACTIVE,SURVEY,P7,1,1,1,3,1,0,0.17,0
528.0,3,-828.0,-838.0,0.3,24.92,SERVICE,HOME,,1,1,1,1,0,0,0.17,0
528.0,4,-418.0,-650.1,84.0,72.5,ACTIVE,RELAY,P7,1,1,1,1,0,0,0.04,0
528.0,5,-562.5,-587.5,0.3,93.48,FAILED,RELAY,P4,0,1,0,,,0,378.47,1
529.0,1,19.8,-459.1,60.0,71.61,ACTIVE,RELAY,P7,1,1,1,2,4,0,0.34,0
529.0,2,417.5,-303.3,68.0,71.99,ACTIVE,SURVEY,P7,1,1,1,3,1,0,0.26,0
529.0,3,-828.0,-838.0,0.3,24.92,SERVICE,HOME,,1,1,1,1,0,0,0.17,0
529.0,4,-426.5,-637.3,84.0,72.44,ACTIVE,RELAY,P7,1,1,1,1,0,0,0.04,0
529.0,5,-562.5,-587.5,0.3,93.48,FAILED,RELAY,P4,0,1,0,,,0,379.5,1
530.0,1,11.3,-446.3,60.0,71.55,ACTIVE,RELAY,P7,1,1,1,2,4,0,0.41,0
530.0,2,419.3,-288.0,68.0,71.94,ACTIVE,SURVEY,P7,1,1,1,3,1,0,0.26,0
530.0,3,-828.0,-838.0,0.3,24.92,SERVICE,HOME,,1,1,1,1,0,0,0.17,0
530.0,4,-435.0,-624.5,84.0,72.38,ACTIVE,RELAY,P7,1,1,1,1,0,0,0.09,0
530.0,5,-562.5,-587.5,0.3,93.48,FAILED,RELAY,P4,0,1,0,,,0,380.52,1
531.0,1,3.3,-434.3,60.0,71.5,ACTIVE,RELAY,P7,1,1,1,2,4,0,0.32,0
531.0,2,420.9,-273.7,68.0,71.89,ACTIVE,SURVEY,P7,1,1,1,3,1,0,0.19,0
531.0,3,-828.0,-838.0,0.3,24.92,SERVICE,HOME,,1,1,1,1,0,0,0.17,0
531.0,4,-443.0,-612.5,84.0,72.33,ACTIVE,RELAY,P7,1,1,1,1,0,0,0.04,0
531.0,5,-562.5,-587.5,0.3,93.48,FAILED,RELAY,P4,0,1,0,,,0,381.48,1
532.0,1,-5.2,-421.5,60.0,71.44,ACTIVE,RELAY,P7,1,1,1,2,4,0,0.32,0
532.0,2,422.7,-258.5,68.0,71.83,ACTIVE,SURVEY,P7,1,1,1,3,1,0,0.26,0
532.0,3,-828.0,-838.0,0.3,24.92,SERVICE,HOME,,1,1,1,1,0,0,0.17,0
532.0,4,-451.5,-599.7,84.0,72.27,ACTIVE,RELAY,P7,1,1,1,1,0,0,0.11,0
532.0,5,-562.5,-587.5,0.3,93.48,FAILED,RELAY,P4,0,1,0,,,0,382.51,1
533.1,1,-13.7,-408.7,60.0,71.39,ACTIVE,RELAY,P7,1,1,1,2,4,0,0.41,0
533.1,2,424.5,-243.2,68.0,71.77,ACTIVE,SURVEY,P7,1,1,1,3,1,0,0.24,0
533.1,3,-828.0,-838.0,0.3,24.92,SERVICE,HOME,,1,1,1,1,0,0,0.23,0
533.1,4,-460.0,-586.9,84.0,72.22,ACTIVE,RELAY,P7,1,1,1,1,0,0,0.11,0
533.1,5,-562.5,-587.5,0.3,93.48,FAILED,RELAY,P4,0,1,0,,,0,383.53,1
534.0,1,-21.6,-396.7,60.0,71.33,ACTIVE,RELAY,P7,1,1,1,2,4,0,0.34,0
534.0,2,426.1,-228.9,68.0,71.72,ACTIVE,SURVEY,P7,1,1,1,3,1,0,0.19,0
534.0,3,-828.0,-838.0,0.3,24.92,SERVICE,HOME,,1,1,1,1,0,0,0.17,0
534.0,4,-467.9,-574.9,84.0,72.16,ACTIVE,RELAY,P7,1,1,1,1,0,0,0.04,0
534.0,5,-562.5,-587.5,0.3,93.48,FAILED,RELAY,P4,0,1,0,,,0,384.49,1
535.0,1,-30.1,-383.9,60.0,71.28,ACTIVE,RELAY,P7,1,1,1,2,4,0,0.34,0
535.0,2,427.9,-213.6,68.0,71.66,ACTIVE,SURVEY,P7,1,1,1,3,1,0,0.26,0
535.0,3,-828.0,-838.0,0.3,24.92,SERVICE,HOME,,1,1,1,1,0,0,0.17,0
535.0,4,-476.4,-562.1,84.0,72.11,ACTIVE,RELAY,P7,1,1,1,1,0,0,0.11,0
535.0,5,-562.5,-587.5,0.3,93.48,FAILED,RELAY,P4,0,1,0,,,0,385.51,1
536.0,1,-38.1,-371.9,60.0,71.22,ACTIVE,RELAY,P7,1,1,1,2,4,0,0.34,0
536.0,2,429.5,-199.3,68.0,71.61,ACTIVE,SURVEY,P7,1,1,1,3,1,0,0.19,0
536.0,3,-828.0,-838.0,0.3,24.92,SERVICE,HOME,,1,1,1,1,0,0,0.17,0
536.0,4,-484.4,-550.1,84.0,72.06,ACTIVE,RELAY,P7,1,1,1,1,0,0,0.04,0
536.0,5,-562.5,-587.5,0.3,93.48,FAILED,RELAY,P4,0,1,0,,,0,386.47,1
537.0,1,-46.6,-359.1,60.0,71.17,ACTIVE,RELAY,P7,1,1,1,2,4,0,0.34,0
537.0,2,431.3,-184.1,68.0,71.55,ACTIVE,SURVEY,P7,1,1,1,3,1,0,0.26,0
537.0,3,-828.0,-838.0,0.3,24.92,SERVICE,HOME,,1,1,1,1,0,0,0.17,0
537.0,4,-492.8,-537.3,84.0,72.0,ACTIVE,RELAY,P7,1,1,1,1,0,0,0.04,0
537.0,5,-562.5,-587.5,0.3,93.48,FAILED,RELAY,P4,0,1,0,,,0,387.5,1
538.0,1,-55.0,-346.3,60.0,71.11,ACTIVE,RELAY,P7,1,1,1,2,4,0,0.41,0
538.0,2,433.0,-168.8,68.0,71.5,ACTIVE,SURVEY,P7,1,1,1,3,1,0,0.24,0
538.0,3,-828.0,-838.0,0.3,24.92,SERVICE,HOME,,1,1,1,1,0,0,0.17,0
538.0,4,-501.3,-524.5,84.0,71.94,ACTIVE,RELAY,P7,1,1,1,1,0,0,0.11,0
538.0,5,-562.5,-587.5,0.3,93.48,FAILED,RELAY,P4,0,1,0,,,0,388.52,1
539.0,1,-63.0,-334.3,60.0,71.06,ACTIVE,RELAY,P7,1,1,1,2,4,0,0.34,0
539.0,2,434.7,-154.5,68.0,71.45,ACTIVE,SURVEY,P7,1,1,1,3,1,0,0.16,0
539.0,3,-828.0,-838.0,0.3,24.92,SERVICE,HOME,,1,1,1,1,0,0,0.17,0
539.0,4,-509.3,-512.5,84.0,71.89,ACTIVE,RELAY,P7,1,1,1,1,0,0,0.04,0
539.0,5,-562.5,-587.5,0.3,93.48,FAILED,RELAY,P4,0,1,0,,,0,389.48,1
540.0,1,-71.5,-321.5,60.0,71.0,ACTIVE,RELAY,P7,1,1,1,2,4,0,0.34,0
540.0,2,436.5,-139.2,68.0,71.39,ACTIVE,SURVEY,P7,1,1,1,3,1,0,0.26,0
540.0,3,-828.0,-838.0,0.3,24.92,SERVICE,HOME,,1,1,1,1,0,0,0.17,0
540.0,4,-510.6,-510.6,84.0,71.84,ACTIVE,RELAY,P7,1,1,1,1,0,0,0.11,0
540.0,5,-562.5,-587.5,0.3,93.48,FAILED,RELAY,P4,0,1,0,,,0,390.51,1
541.1,1,-80.0,-308.7,60.0,70.95,ACTIVE,RELAY,P7,1,1,1,2,4,0,0.41,0
541.1,2,438.2,-124.0,68.0,71.33,ACTIVE,SURVEY,P7,1,1,1,3,1,0,0.26,0
541.1,3,-828.0,-838.0,0.3,24.92,SERVICE,HOME,,1,1,1,1,0,0,0.23,0
541.1,4,-510.6,-510.6,84.0,71.79,ACTIVE,RELAY,P7,1,1,1,1,0,0,0.11,0
541.1,5,-562.5,-587.5,0.3,93.48,FAILED,RELAY,P4,0,1,0,,,0,391.53,1
542.0,1,-87.9,-296.7,60.0,70.89,ACTIVE,RELAY,P7,1,1,1,2,4,0,0.32,0
542.0,2,439.9,-109.7,68.0,71.28,ACTIVE,SURVEY,P7,1,1,1,3,1,0,0.19,0
542.0,3,-828.0,-838.0,0.3,24.92,SERVICE,HOME,,1,1,1,1,0,0,0.17,0
542.0,4,-510.6,-510.6,84.0,71.74,ACTIVE,RELAY,P7,1,1,1,1,0,0,0.04,0
542.0,5,-562.5,-587.5,0.3,93.48,FAILED,RELAY,P4,0,1,0,,,0,392.49,1
543.0,1,-96.4,-283.9,60.0,70.84,ACTIVE,RELAY,P7,1,1,1,2,4,0,0.3,0
543.0,2,441.6,-94.4,68.0,71.22,ACTIVE,SURVEY,P7,1,1,1,3,1,0,0.24,0
543.0,3,-828.0,-838.0,0.3,24.92,SERVICE,HOME,,1,1,1,1,0,0,0.17,0
543.0,4,-510.6,-510.6,84.0,71.69,ACTIVE,RELAY,P7,1,1,1,1,0,0,0.07,0
543.0,5,-562.5,-587.5,0.3,93.48,FAILED,RELAY,P4,0,1,0,,,0,393.51,1
544.0,1,-104.4,-271.9,60.0,70.78,ACTIVE,RELAY,P7,1,1,1,2,4,0,0.34,0
544.0,2,443.3,-80.1,68.0,71.17,ACTIVE,SURVEY,P7,1,1,1,3,1,0,0.17,0
544.0,3,-828.0,-838.0,0.3,24.92,SERVICE,HOME,,1,1,1,1,0,0,0.17,0
544.0,4,-510.6,-510.6,84.0,71.64,ACTIVE,RELAY,P7,1,1,1,1,0,0,0.04,0
544.0,5,-562.5,-587.5,0.3,93.48,FAILED,RELAY,P4,0,1,0,,,0,394.47,1
545.0,1,-112.9,-259.1,60.0,70.73,ACTIVE,RELAY,P7,1,1,1,2,4,0,0.34,0
545.0,2,445.0,-64.9,68.0,71.11,ACTIVE,SURVEY,P7,1,1,1,3,1,0,0.26,0
545.0,3,-828.0,-838.0,0.3,24.92,SERVICE,HOME,,1,1,1,1,0,0,0.17,0
545.0,4,-510.6,-510.6,84.0,71.59,ACTIVE,RELAY,P7,1,1,1,1,0,0,0.04,0
545.0,5,-562.5,-587.5,0.3,93.48,FAILED,RELAY,P4,0,1,0,,,0,395.5,1
546.0,1,-121.4,-246.3,60.0,70.67,ACTIVE,RELAY,P7,1,1,1,2,4,0,0.41,0
546.0,2,446.8,-49.6,68.0,71.06,ACTIVE,SURVEY,P7,1,1,0,,,0,0.26,0
546.0,3,-828.0,-838.0,0.3,24.92,SERVICE,HOME,,1,1,1,1,0,0,0.17,0
546.0,4,-510.6,-510.6,84.0,71.54,ACTIVE,RELAY,P7,1,1,1,1,0,0,0.11,0
546.0,5,-562.5,-587.5,0.3,93.48,FAILED,RELAY,P4,0,1,0,,,0,396.52,1
547.0,1,-129.3,-234.3,60.0,70.62,ACTIVE,RELAY,P7,1,1,1,2,4,0,0.34,0
547.0,2,448.4,-35.3,68.0,71.01,ACTIVE,SURVEY,P7,1,1,0,,,3,1.22,0
547.0,3,-828.0,-838.0,0.3,24.92,SERVICE,HOME,,1,1,1,1,0,0,0.17,0
547.0,4,-510.6,-510.6,84.0,71.49,ACTIVE,RELAY,P7,1,1,1,1,0,0,0.04,0
547.0,5,-562.5,-587.5,0.3,93.48,FAILED,RELAY,P4,0,1,0,,,0,397.48,1
548.0,1,-137.8,-221.5,60.0,70.56,ACTIVE,RELAY,P7,1,1,1,2,4,0,0.34,0
548.0,2,450.2,-20.0,68.0,70.95,ACTIVE,SURVEY,P7,1,1,0,,,5,2.24,0
548.0,3,-828.0,-838.0,0.3,24.92,SERVICE,HOME,,1,1,1,1,0,0,0.17,0
548.0,4,-510.6,-510.6,84.0,71.44,ACTIVE,RELAY,P7,1,1,1,1,0,0,0.11,0
548.0,5,-562.5,-587.5,0.3,93.48,FAILED,RELAY,P4,0,1,0,,,0,398.51,1
549.1,1,-146.3,-208.7,60.0,70.51,ACTIVE,RELAY,P7,1,1,1,2,4,0,0.39,0
549.1,2,452.0,-4.8,68.0,70.89,ACTIVE,SURVEY,P7,1,1,0,,,5,3.27,1
549.1,3,-828.0,-838.0,0.3,24.92,SERVICE,HOME,,1,1,1,1,0,0,0.24,0
549.1,4,-510.6,-510.6,84.0,71.39,ACTIVE,RELAY,P7,1,1,1,1,0,0,0.11,0
549.1,5,-562.5,-587.5,0.3,93.48,FAILED,RELAY,P4,0,1,0,,,0,399.53,1
550.0,1,-154.3,-196.7,60.0,70.45,ACTIVE,RELAY,P7,1,1,1,2,4,0,0.34,0
550.0,2,453.6,9.5,68.0,70.84,ACTIVE,SURVEY,P7,1,1,0,,,5,4.23,1
550.0,3,-828.0,-838.0,0.3,24.92,SERVICE,HOME,,1,1,1,1,0,0,0.17,0
550.0,4,-510.6,-510.6,84.0,71.34,ACTIVE,RELAY,P7,1,1,1,1,0,0,0.04,0
550.0,5,-562.5,-587.5,0.3,93.48,FAILED,RELAY,P4,0,1,0,,,0,400.49,1
551.0,1,-162.8,-183.9,60.0,70.4,ACTIVE,RELAY,P7,1,1,1,2,4,0,0.34,0
551.0,2,455.4,24.8,68.0,70.78,ACTIVE,SURVEY,P7,1,1,0,,,5,5.25,1
551.0,3,-828.0,-838.0,0.3,24.92,SERVICE,HOME,,1,1,1,1,0,0,0.17,0
551.0,4,-510.6,-510.6,84.0,71.29,ACTIVE,RELAY,P7,1,1,1,1,0,0,0.11,0
551.0,5,-562.5,-587.5,0.3,93.48,FAILED,RELAY,P4,0,1,0,,,0,401.51,1
552.0,1,-170.7,-171.9,60.0,70.34,ACTIVE,RELAY,P7,1,1,1,2,4,0,0.34,0
552.0,2,457.0,39.1,68.0,70.73,ACTIVE,SURVEY,P7,1,1,0,,,5,6.21,1
552.0,3,-828.0,-838.0,0.3,24.92,SERVICE,HOME,,1,1,1,1,0,0,0.17,0
552.0,4,-510.6,-510.6,84.0,71.24,ACTIVE,RELAY,P7,1,1,1,1,0,0,0.04,0
552.0,5,-562.5,-587.5,0.3,93.48,FAILED,RELAY,P4,0,1,0,,,0,402.47,1
553.0,1,-171.2,-171.2,60.0,70.29,ACTIVE,RELAY,P7,1,1,1,2,4,0,0.34,0
553.0,2,458.8,54.4,68.0,70.67,ACTIVE,SURVEY,P7,1,1,0,,,5,7.23,1
553.0,3,-828.0,-838.0,0.3,24.92,SERVICE,HOME,,1,1,1,1,0,0,0.17,0
553.0,4,-510.6,-510.6,84.0,71.19,ACTIVE,RELAY,P7,1,1,1,1,0,0,0.04,0
553.0,5,-562.5,-587.5,0.3,93.48,FAILED,RELAY,P4,0,1,0,,,0,403.5,1
554.0,1,-171.2,-171.2,60.0,70.24,ACTIVE,RELAY,P7,1,1,1,2,4,0,0.41,0
554.0,2,460.6,69.6,68.0,70.62,ACTIVE,SURVEY,P7,1,1,0,,,5,8.26,1
554.0,3,-828.0,-838.0,0.3,24.92,SERVICE,HOME,,1,1,1,1,0,0,0.17,0
554.0,4,-510.6,-510.6,84.0,71.14,ACTIVE,RELAY,P7,1,1,1,1,0,0,0.11,0
554.0,5,-562.5,-587.5,0.3,93.48,FAILED,RELAY,P4,0,1,0,,,0,404.52,1
555.0,1,-171.2,-171.2,60.0,70.19,ACTIVE,RELAY,P7,1,1,1,2,4,0,0.34,0
555.0,2,462.2,83.9,68.0,70.57,ACTIVE,SURVEY,P7,1,1,0,,,5,9.22,1
555.0,3,-828.0,-838.0,0.3,24.92,SERVICE,HOME,,1,1,1,1,0,0,0.17,0
555.0,4,-510.6,-510.6,84.0,71.09,ACTIVE,RELAY,P7,1,1,1,1,0,0,0.04,0
555.0,5,-562.5,-587.5,0.3,93.48,FAILED,RELAY,P4,0,1,0,,,0,405.48,1
556.0,1,-171.2,-171.2,60.0,70.14,ACTIVE,RELAY,P7,1,1,1,2,4,0,0.34,0
556.0,2,464.0,99.2,68.0,70.51,ACTIVE,SURVEY,P7,1,1,0,,,5,10.24,1
556.0,3,-828.0,-838.0,0.3,24.92,SERVICE,HOME,,1,1,1,1,0,0,0.17,0
556.0,4,-510.6,-510.6,84.0,71.04,ACTIVE,RELAY,P7,1,1,1,1,0,0,0.09,0
556.0,5,-562.5,-587.5,0.3,93.48,FAILED,RELAY,P4,0,1,0,,,0,406.51,1
557.1,1,-171.2,-171.2,60.0,70.09,ACTIVE,RELAY,P7,1,1,1,2,4,0,0.39,0
557.1,2,465.7,114.4,68.0,70.45,ACTIVE,SURVEY,P7,1,1,0,,,5,11.27,1
557.1,3,-828.0,-838.0,0.3,24.92,SERVICE,HOME,,1,1,1,1,0,0,0.24,0
557.1,4,-510.6,-510.6,84.0,70.99,ACTIVE,RELAY,P7,1,1,1,1,0,0,0.11,0
557.1,5,-562.5,-587.5,0.3,93.48,FAILED,RELAY,P4,0,1,0,,,0,407.53,1
558.0,1,-171.2,-171.2,60.0,70.04,ACTIVE,RELAY,P7,1,1,1,2,4,0,0.34,0
558.0,2,467.4,128.7,68.0,70.4,ACTIVE,SURVEY,P7,1,1,0,,,5,12.23,1
558.0,3,-828.0,-838.0,0.3,24.92,SERVICE,HOME,,1,1,1,1,0,0,0.17,0
558.0,4,-510.6,-510.6,84.0,70.94,ACTIVE,RELAY,P7,1,1,1,1,0,0,0.04,0
558.0,5,-562.5,-587.5,0.3,93.48,FAILED,RELAY,P4,0,1,0,,,0,408.49,1
559.0,1,-171.2,-171.2,60.0,69.99,ACTIVE,RELAY,P7,1,1,1,2,4,0,0.34,0
559.0,2,469.1,144.0,68.0,70.34,ACTIVE,SURVEY,P7,1,1,0,,,5,13.25,1
559.0,3,-828.0,-838.0,0.3,24.92,SERVICE,HOME,,1,1,1,1,0,0,0.17,0
559.0,4,-510.6,-510.6,84.0,70.89,ACTIVE,RELAY,P7,1,1,1,1,0,0,0.11,0
559.0,5,-562.5,-587.5,0.3,93.48,FAILED,RELAY,P4,0,1,0,,,0,409.51,1
560.0,1,-171.2,-171.2,60.0,69.94,ACTIVE,RELAY,P7,1,1,1,2,4,0,0.34,0
560.0,2,470.8,158.3,68.0,70.29,ACTIVE,SURVEY,P7,1,1,0,,,5,14.21,1
560.0,3,-828.0,-838.0,0.3,24.92,SERVICE,HOME,,1,1,1,1,0,0,0.17,0
560.0,4,-510.6,-510.6,84.0,70.84,ACTIVE,RELAY,P7,1,1,1,1,0,0,0.04,0
560.0,5,-562.5,-587.5,0.3,93.48,FAILED,RELAY,P4,0,1,0,,,0,410.47,1
561.0,1,-171.2,-171.2,60.0,69.89,ACTIVE,RELAY,P7,1,1,1,2,4,0,0.34,0
561.0,2,472.5,173.6,68.0,70.23,ACTIVE,SURVEY,P7,1,1,0,,,5,15.23,1
561.0,3,-828.0,-838.0,0.3,24.92,SERVICE,HOME,,1,1,1,1,0,0,0.17,0
561.0,4,-510.6,-510.6,84.0,70.79,ACTIVE,RELAY,P7,1,1,1,1,0,0,0.04,0
561.0,5,-562.5,-587.5,0.3,93.48,FAILED,RELAY,P4,0,1,0,,,0,411.5,1
562.0,1,-171.2,-171.2,60.0,69.84,ACTIVE,RELAY,P7,1,1,1,2,4,0,0.41,0
562.0,2,474.3,188.8,68.0,70.18,ACTIVE,SURVEY,P7,1,1,0,,,5,16.26,1
562.0,3,-828.0,-838.0,0.3,24.92,SERVICE,HOME,,1,1,1,1,0,0,0.17,0
562.0,4,-510.6,-510.6,84.0,70.74,ACTIVE,RELAY,P7,1,1,1,1,0,0,0.11,0
562.0,5,-562.5,-587.5,0.3,93.48,FAILED,RELAY,P4,0,1,0,,,0,412.52,1
563.0,1,-171.2,-171.2,60.0,69.79,ACTIVE,RELAY,P7,1,1,1,2,4,0,0.34,0
563.0,2,476.0,203.1,68.0,70.13,ACTIVE,SURVEY,P7,1,1,0,,,5,17.22,1
563.0,3,-828.0,-838.0,0.3,100.0,READY,HOME,,1,1,1,1,0,0,0.17,0
563.0,4,-510.6,-510.6,84.0,70.69,ACTIVE,RELAY,P7,1,1,1,1,0,0,0.04,0
563.0,5,-562.5,-587.5,0.3,93.48,FAILED,RELAY,P4,0,1,0,,,0,413.48,1
564.0,1,-171.2,-171.2,60.0,69.74,ACTIVE,RELAY,P7,1,1,1,2,4,0,0.34,0
564.0,2,477.7,218.4,68.0,70.07,ACTIVE,SURVEY,P7,1,1,0,,,5,18.24,1
564.0,3,-828.0,-838.0,3.2,99.97,ACTIVE,RELAY,P7,1,1,1,1,0,0,0.17,0
564.0,4,-510.6,-510.6,84.0,70.64,ACTIVE,RELAY,P7,1,1,1,1,0,0,0.11,0
564.0,5,-562.5,-587.5,0.3,93.48,FAILED,RELAY,P4,0,1,0,,,0,414.51,1
565.1,1,-171.2,-171.2,60.0,69.69,ACTIVE,RELAY,P7,1,1,1,2,4,0,0.41,0
565.1,2,479.5,233.6,68.0,70.01,ACTIVE,SURVEY,P7,1,1,0,,,5,19.27,1
565.1,3,-828.0,-838.0,8.3,99.91,ACTIVE,RELAY,P7,1,1,1,1,0,0,0.24,0
565.1,4,-510.6,-510.6,84.0,70.59,ACTIVE,RELAY,P7,1,1,1,1,0,0,0.11,0
565.1,5,-562.5,-587.5,0.3,93.48,FAILED,RELAY,P4,0,1,0,,,0,415.53,1
566.0,1,-171.2,-171.2,60.0,69.64,ACTIVE,RELAY,P7,1,1,1,2,4,0,0.34,0
566.0,2,481.1,247.9,68.0,69.96,ACTIVE,SURVEY,P7,1,1,0,,,5,20.23,1
566.0,3,-828.0,-838.0,13.1,99.86,ACTIVE,RELAY,P7,1,1,1,1,0,0,0.17,0
566.0,4,-510.6,-510.6,84.0,70.54,ACTIVE,RELAY,P7,1,1,1,1,0,0,0.04,0
566.0,5,-562.5,-587.5,0.3,93.48,FAILED,RELAY,P4,0,1,0,,,0,416.49,1
567.0,1,-171.2,-171.2,60.0,69.59,ACTIVE,RELAY,P7,1,1,1,2,4,0,0.34,0
567.0,2,482.9,263.2,68.0,69.9,ACTIVE,SURVEY,P7,1,1,0,,,5,21.25,1
567.0,3,-828.0,-838.0,18.2,99.8,ACTIVE,RELAY,P7,1,1,1,1,0,0,0.17,0
567.0,4,-510.6,-510.6,84.0,70.49,ACTIVE,RELAY,P7,1,1,1,1,0,0,0.11,0
567.0,5,-562.5,-587.5,0.3,93.48,FAILED,RELAY,P4,0,1,0,,,0,417.51,1
568.0,1,-171.2,-171.2,60.0,69.54,ACTIVE,RELAY,P7,1,1,1,2,4,0,0.34,0
568.0,2,484.5,277.5,68.0,69.85,ACTIVE,SURVEY,P7,1,1,0,,,5,22.21,1
568.0,3,-828.0,-838.0,23.0,99.75,ACTIVE,RELAY,P7,1,1,1,1,0,0,0.17,0
568.0,4,-510.6,-510.6,84.0,70.44,ACTIVE,RELAY,P7,1,1,1,1,0,0,0.04,0
568.0,5,-562.5,-587.5,0.3,93.48,FAILED,RELAY,P4,0,1,0,,,0,418.47,1
569.0,1,-171.2,-171.2,60.0,69.49,ACTIVE,RELAY,P7,1,1,1,2,4,0,0.32,0
569.0,2,486.3,292.8,68.0,69.79,ACTIVE,SURVEY,P7,1,1,0,,,5,23.23,1
569.0,3,-828.0,-838.0,28.1,99.69,ACTIVE,RELAY,P7,1,1,1,1,0,0,0.17,0
569.0,4,-510.6,-510.6,84.0,70.39,ACTIVE,RELAY,P7,1,1,1,1,0,0,0.04,0
569.0,5,-562.5,-587.5,0.3,93.48,FAILED,RELAY,P4,0,1,0,,,0,419.5,1
570.0,1,-171.2,-171.2,60.0,69.44,ACTIVE,RELAY,P7,1,1,1,2,4,0,0.41,0
570.0,2,488.1,308.0,68.0,69.74,ACTIVE,SURVEY,P7,1,1,0,,,5,24.26,1
570.0,3,-828.0,-838.0,33.3,99.64,ACTIVE,RELAY,P7,1,1,1,1,0,0,0.17,0
570.0,4,-510.6,-510.6,84.0,70.34,ACTIVE,RELAY,P7,1,1,1,1,0,0,0.11,0
570.0,5,-562.5,-587.5,0.3,93.48,FAILED,RELAY,P4,0,1,0,,,0,420.52,1
571.0,1,-171.2,-171.2,60.0,69.39,ACTIVE,RELAY,P7,1,1,1,2,4,0,0.34,0
571.0,2,489.7,322.3,68.0,69.69,ACTIVE,SURVEY,P7,1,1,0,,,5,25.22,1
571.0,3,-828.0,-838.0,38.1,99.58,ACTIVE,RELAY,P7,1,1,1,1,0,0,0.17,0
571.0,4,-510.6,-510.6,84.0,70.29,ACTIVE,RELAY,P7,1,1,1,1,0,0,0.04,0
571.0,5,-562.5,-587.5,0.3,93.48,FAILED,RELAY,P4,0,1,0,,,0,421.48,1
572.0,1,-171.2,-171.2,60.0,69.34,ACTIVE,RELAY,P7,1,1,1,2,4,0,0.32,0
572.0,2,491.5,337.6,68.0,69.63,ACTIVE,SURVEY,P7,1,1,0,,,5,26.24,1
572.0,3,-828.0,-838.0,43.2,99.53,ACTIVE,RELAY,P7,1,1,1,1,0,0,0.17,0
572.0,4,-510.6,-510.6,84.0,70.24,ACTIVE,RELAY,P7,1,1,1,1,0,0,0.11,0
572.0,5,-562.5,-587.5,0.3,93.48,FAILED,RELAY,P4,0,1,0,,,0,422.51,1
573.1,1,-171.2,-171.2,60.0,69.29,ACTIVE,RELAY,P7,1,1,1,2,4,0,0.41,0
573.1,2,493.2,352.9,68.0,69.57,ACTIVE,SURVEY,P7,1,1,0,,,5,27.27,1
573.1,3,-828.0,-838.0,48.3,99.47,ACTIVE,RELAY,P7,1,1,1,1,0,0,0.24,0
573.1,4,-510.6,-510.6,84.0,70.19,ACTIVE,RELAY,P7,1,1,1,1,0,0,0.09,0
573.1,5,-562.5,-587.5,0.3,93.48,FAILED,RELAY,P4,0,1,0,,,0,423.53,1
574.0,1,-171.2,-171.2,60.0,69.24,ACTIVE,RELAY,P7,1,1,1,2,4,0,0.34,0
574.0,2,494.9,367.2,68.0,69.52,ACTIVE,SURVEY,P7,1,1,0,,,5,28.23,1
574.0,3,-828.0,-838.0,53.1,99.42,ACTIVE,RELAY,P7,1,1,1,1,0,0,0.17,0
574.0,4,-510.6,-510.6,84.0,70.14,ACTIVE,RELAY,P7,1,1,1,1,0,0,0.04,0
574.0,5,-562.5,-587.5,0.3,93.48,FAILED,RELAY,P4,0,1,0,,,0,424.49,1
575.0,1,-171.2,-171.2,60.0,69.19,ACTIVE,RELAY,P7,1,1,1,2,4,0,0.34,0
575.0,2,496.6,382.4,68.0,69.46,ACTIVE,SURVEY,P7,1,1,0,,,5,29.25,1
575.0,3,-828.0,-838.0,58.2,99.36,ACTIVE,RELAY,P7,1,1,1,1,0,0,0.17,0
575.0,4,-510.6,-510.6,84.0,70.09,ACTIVE,RELAY,P7,1,1,1,1,0,0,0.11,0
575.0,5,-562.5,-587.5,0.3,93.48,FAILED,RELAY,P4,0,1,0,,,0,425.51,1
576.0,1,-171.2,-171.2,60.0,69.14,ACTIVE,RELAY,P7,1,1,1,2,4,0,0.34,0
576.0,2,498.3,396.7,68.0,69.41,ACTIVE,SURVEY,P7,1,1,0,,,5,30.21,1
576.0,3,-828.0,-838.0,63.0,99.31,ACTIVE,RELAY,P7,1,1,1,1,0,0,0.17,0
576.0,4,-510.6,-510.6,84.0,70.04,ACTIVE,RELAY,P7,1,1,1,1,0,0,0.04,0
576.0,5,-562.5,-587.5,0.3,93.48,FAILED,RELAY,P4,0,1,0,,,0,426.47,1
577.0,1,-171.2,-171.2,60.0,69.09,ACTIVE,RELAY,P7,1,1,1,2,4,0,0.34,0
577.0,2,500.0,412.0,68.0,69.35,ACTIVE,SURVEY,P7,1,1,0,,,5,31.23,1
577.0,3,-828.0,-838.0,68.1,99.25,ACTIVE,RELAY,P7,1,1,1,1,0,0,0.17,0
577.0,4,-510.6,-510.6,84.0,69.99,ACTIVE,RELAY,P7,1,1,1,1,0,0,0.04,0
577.0,5,-562.5,-587.5,0.3,93.48,FAILED,RELAY,P4,0,1,0,,,0,427.5,1
578.0,1,-171.2,-171.2,60.0,69.04,ACTIVE,RELAY,P7,1,1,1,2,4,0,0.39,0
578.0,2,501.8,427.2,68.0,69.3,ACTIVE,SURVEY,P7,1,1,0,,,5,32.26,1
578.0,3,-828.0,-838.0,73.3,99.2,ACTIVE,RELAY,P7,1,1,1,1,0,0,0.17,0
578.0,4,-510.6,-510.6,84.0,69.94,ACTIVE,RELAY,P7,1,1,1,1,0,0,0.11,0
578.0,5,-562.5,-587.5,0.3,93.48,FAILED,RELAY,P4,0,1,0,,,0,428.52,1
579.0,1,-171.2,-171.2,60.0,68.99,ACTIVE,RELAY,P7,1,1,1,2,4,0,0.34,0
579.0,2,503.5,441.5,68.0,69.25,ACTIVE,SURVEY,P7,1,1,0,,,5,33.22,1
579.0,3,-823.3,-833.2,76.0,99.14,ACTIVE,RELAY,P7,1,1,1,1,0,0,0.17,0
579.0,4,-510.6,-510.6,84.0,69.89,ACTIVE,RELAY,P7,1,1,1,1,0,0,0.04,0
579.0,5,-562.5,-587.5,0.3,93.48,FAILED,RELAY,P4,0,1,0,,,0,429.48,1
580.0,1,-171.2,-171.2,60.0,68.94,ACTIVE,RELAY,P7,1,1,1,2,4,0,0.34,0
580.0,2,505.2,456.8,68.0,69.19,ACTIVE,SURVEY,P7,1,1,0,,,5,34.24,1
580.0,3,-812.5,-822.3,76.0,99.09,ACTIVE,RELAY,P7,1,1,1,1,0,0,0.17,0
580.0,4,-510.6,-510.6,84.0,69.84,ACTIVE,RELAY,P7,1,1,1,1,0,0,0.11,0
580.0,5,-562.5,-587.5,0.3,93.48,FAILED,RELAY,P4,0,1,0,,,0,430.51,1
581.1,1,-171.2,-171.2,60.0,68.89,ACTIVE,RELAY,P7,1,1,1,2,4,0,0.41,0
581.1,2,507.0,472.1,68.0,69.13,ACTIVE,SURVEY,P7,1,1,0,,,5,35.27,1
581.1,3,-801.7,-811.4,76.0,99.03,ACTIVE,RELAY,P7,1,1,1,1,0,0,0.24,0
581.1,4,-510.6,-510.6,84.0,69.79,ACTIVE,RELAY,P7,1,1,1,1,0,0,0.11,0
581.1,5,-562.5,-587.5,0.3,93.48,FAILED,RELAY,P4,0,1,0,,,0,431.53,1
582.0,1,-171.2,-171.2,60.0,68.84,ACTIVE,RELAY,P7,1,1,1,2,4,0,0.32,0
582.0,2,508.6,486.4,68.0,69.08,ACTIVE,SURVEY,P7,1,1,0,,,5,36.23,1
582.0,3,-791.5,-801.2,76.0,98.98,ACTIVE,RELAY,P7,1,1,1,1,0,0,0.17,0
582.0,4,-510.6,-510.6,84.0,69.74,ACTIVE,RELAY,P7,1,1,1,1,0,0,0.04,0
582.0,5,-562.5,-587.5,0.3,93.48,FAILED,RELAY,P4,0,1,0,,,0,432.49,1
583.0,1,-171.2,-171.2,60.0,68.79,ACTIVE,RELAY,P7,1,1,1,2,4,0,0.32,0
583.0,2,510.4,501.6,68.0,69.02,ACTIVE,SURVEY,P7,1,1,0,,,5,37.25,1
583.0,3,-780.7,-790.2,76.0,98.92,ACTIVE,RELAY,P7,1,1,1,1,0,0,0.17,0
583.0,4,-510.6,-510.6,84.0,69.69,ACTIVE,RELAY,P7,1,1,1,1,0,0,0.11,0
583.0,5,-562.5,-587.5,0.3,93.48,FAILED,RELAY,P4,0,1,0,,,0,433.51,1
584.0,1,-171.2,-171.2,60.0,68.74,ACTIVE,RELAY,P7,1,1,1,2,4,0,0.34,0
584.0,2,511.5,511.5,68.0,68.97,ACTIVE,SURVEY,P7,1,1,0,,,5,38.21,1
584.0,3,-770.6,-780.0,76.0,98.87,ACTIVE,RELAY,P7,1,1,1,1,0,0,0.17,0
584.0,4,-510.6,-510.6,84.0,69.64,ACTIVE,RELAY,P7,1,1,1,1,0,0,0.04,0
584.0,5,-562.5,-587.5,0.3,93.48,FAILED,RELAY,P4,0,1,0,,,0,434.47,1
585.0,1,-171.2,-171.2,60.0,68.69,ACTIVE,RELAY,P7,1,1,1,2,4,0,0.34,0
585.0,2,511.5,511.5,68.0,68.92,ACTIVE,SURVEY,P7,1,1,0,,,5,39.23,1
585.0,3,-759.8,-769.1,76.0,98.81,ACTIVE,RELAY,P7,1,1,1,1,0,0,0.17,0
585.0,4,-510.6,-510.6,84.0,69.59,ACTIVE,RELAY,P7,1,1,1,1,0,0,0.04,0
585.0,5,-562.5,-587.5,0.3,93.48,FAILED,RELAY,P4,0,1,0,,,0,435.5,1
586.0,1,-171.2,-171.2,60.0,68.64,ACTIVE,RELAY,P7,1,1,1,2,4,0,0.41,0
586.0,2,511.5,511.5,68.0,68.87,ACTIVE,SURVEY,P7,1,1,0,,,5,40.26,1
586.0,3,-749.0,-758.2,76.0,98.76,ACTIVE,RELAY,P7,1,1,1,1,0,0,0.17,0
586.0,4,-510.6,-510.6,84.0,69.54,ACTIVE,RELAY,P7,1,1,1,1,0,0,0.11,0
586.0,5,-562.5,-587.5,0.3,93.48,FAILED,RELAY,P4,0,1,0,,,0,436.52,1
587.0,1,-171.2,-171.2,60.0,68.59,ACTIVE,RELAY,P7,1,1,1,2,4,0,0.32,0
587.0,2,511.5,511.5,68.0,68.82,ACTIVE,SURVEY,P7,1,1,0,,,5,41.22,1
587.0,3,-738.8,-747.9,76.0,98.7,ACTIVE,RELAY,P7,1,1,1,1,0,0,0.17,0
587.0,4,-510.6,-510.6,84.0,69.49,ACTIVE,RELAY,P7,1,1,1,1,0,0,0.04,0
587.0,5,-562.5,-587.5,0.3,93.48,FAILED,RELAY,P4,0,1,0,,,0,437.48,1
588.0,1,-171.2,-171.2,60.0,68.54,ACTIVE,RELAY,P7,1,1,1,2,4,0,0.34,0
588.0,2,511.5,511.5,68.0,68.77,ACTIVE,SURVEY,P7,1,1,0,,,5,42.24,1
588.0,3,-728.0,-737.0,76.0,98.65,ACTIVE,RELAY,P7,1,1,1,1,0,0,0.17,0
588.0,4,-510.6,-510.6,84.0,69.44,ACTIVE,RELAY,P7,1,1,1,1,0,0,0.09,0
588.0,5,-562.5,-587.5,0.3,93.48,FAILED,RELAY,P4,0,1,0,,,0,438.51,1
589.1,1,-171.2,-171.2,60.0,68.49,ACTIVE,RELAY,P7,1,1,1,2,4,0,0.41,0
589.1,2,511.5,511.5,68.0,68.72,ACTIVE,SURVEY,P7,1,1,0,,,5,43.27,1
589.1,3,-717.2,-726.1,76.0,98.59,ACTIVE,RELAY,P7,1,1,1,1,0,0,0.24,0
589.1,4,-510.6,-510.6,84.0,69.39,ACTIVE,RELAY,P7,1,1,1,1,0,0,0.09,0
589.1,5,-562.5,-587.5,0.3,93.48,FAILED,RELAY,P4,0,1,0,,,0,439.53,1
590.0,1,-171.2,-171.2,60.0,68.44,ACTIVE,RELAY,P7,1,1,1,2,4,0,0.34,0
590.0,2,511.5,511.5,68.0,68.67,ACTIVE,SURVEY,P7,1,1,0,,,5,44.23,1
590.0,3,-707.1,-715.9,76.0,98.54,ACTIVE,RELAY,P7,1,1,1,1,0,0,0.17,0
590.0,4,-510.6,-510.6,84.0,69.34,ACTIVE,RELAY,P7,1,1,1,1,0,0,0.04,0
590.0,5,-562.5,-587.5,0.3,93.48,FAILED,RELAY,P4,0,1,0,,,0,440.49,1
591.0,1,-171.2,-171.2,60.0,68.39,ACTIVE,RELAY,P7,1,1,1,2,4,0,0.34,0
591.0,2,511.5,511.5,68.0,68.62,ACTIVE,SURVEY,P7,1,1,0,,,5,45.25,1
591.0,3,-696.3,-705.0,76.0,98.48,ACTIVE,RELAY,P7,1,1,1,1,0,0,0.17,0
591.0,4,-510.6,-510.6,84.0,69.29,ACTIVE,RELAY,P7,1,1,1,1,0,0,0.11,0
591.0,5,-562.5,-587.5,0.3,93.48,FAILED,RELAY,P4,0,1,0,,,0,441.51,1
592.0,1,-171.2,-171.2,60.0,68.34,ACTIVE,RELAY,P7,1,1,1,2,4,0,0.32,0
592.0,2,511.5,511.5,68.0,68.57,ACTIVE,SURVEY,P7,1,1,0,,,5,46.21,1
592.0,3,-686.2,-694.7,76.0,98.43,ACTIVE,RELAY,P7,1,1,1,1,0,0,0.17,0
592.0,4,-510.6,-510.6,84.0,69.24,ACTIVE,RELAY,P7,1,1,1,1,0,0,0.04,0
592.0,5,-562.5,-587.5,0.3,93.48,FAILED,RELAY,P4,0,1,0,,,0,442.47,1
593.0,1,-171.2,-171.2,60.0,68.29,ACTIVE,RELAY,P7,1,1,1,2,4,0,0.34,0
593.0,2,511.5,511.5,68.0,68.52,ACTIVE,SURVEY,P7,1,1,0,,,5,47.23,1
593.0,3,-675.4,-683.8,76.0,98.37,ACTIVE,RELAY,P7,1,1,1,1,0,0,0.17,0
593.0,4,-510.6,-510.6,84.0,69.19,ACTIVE,RELAY,P7,1,1,1,1,0,0,0.04,0
593.0,5,-562.5,-587.5,0.3,93.48,FAILED,RELAY,P4,0,1,0,,,0,443.5,1
594.0,1,-171.2,-171.2,60.0,68.24,ACTIVE,RELAY,P7,1,1,1,2,4,0,0.41,0
594.0,2,505.4,505.4,68.0,68.47,ACTIVE,SURVEY,P7,1,1,0,,,9,48.26,1
594.0,3,-664.5,-672.9,76.0,98.32,ACTIVE,RELAY,P7,1,1,1,1,0,0,0.17,0
594.0,4,-510.6,-510.6,84.0,69.14,ACTIVE,RELAY,P7,1,1,1,1,0,0,0.11,0
594.0,5,-562.5,-587.5,0.3,93.48,FAILED,RELAY,P4,0,1,0,,,0,444.52,1
595.0,1,-171.2,-171.2,60.0,68.19,ACTIVE,RELAY,P7,1,1,1,2,4,0,0.3,0
595.0,2,495.2,495.2,68.0,68.41,ACTIVE,SURVEY,P7,1,1,0,,,9,49.22,1
595.0,3,-654.4,-662.7,76.0,98.26,ACTIVE,RELAY,P7,1,1,1,1,0,0,0.17,0
595.0,4,-510.6,-510.6,84.0,69.09,ACTIVE,RELAY,P7,1,1,1,1,0,0,0.04,0
595.0,5,-562.5,-587.5,0.3,93.48,FAILED,RELAY,P4,0,1,0,,,0,445.48,1
596.0,1,-171.2,-171.2,60.0,68.14,ACTIVE,RELAY,P7,1,1,1,2,4,0,0.32,0
596.0,2,484.4,484.4,68.0,68.36,ACTIVE,SURVEY,P7,1,1,0,,,9,50.24,1
596.0,3,-643.6,-651.8,76.0,98.21,ACTIVE,RELAY,P7,1,1,1,1,0,0,0.17,0
596.0,4,-510.6,-510.6,84.0,69.04,ACTIVE,RELAY,P7,1,1,1,1,0,0,0.11,0
596.0,5,-562.5,-587.5,0.3,93.48,FAILED,RELAY,P4,0,1,0,,,0,446.51,1
597.1,1,-171.2,-171.2,60.0,68.09,ACTIVE,RELAY,P7,1,1,1,2,4,0,0.41,0
597.1,2,473.5,473.5,68.0,68.3,ACTIVE,SURVEY,P7,1,1,0,,,9,51.27,1
597.1,3,-632.8,-640.8,76.0,98.15,ACTIVE,RELAY,P7,1,1,1,1,0,0,0.24,0
597.1,4,-510.6,-510.6,84.0,68.99,ACTIVE,RELAY,P7,1,1,1,1,0,0,0.11,0
597.1,5,-562.5,-587.5,0.3,93.48,FAILED,RELAY,P4,0,1,0,,,0,447.53,1
598.0,1,-171.2,-171.2,60.0,68.04,ACTIVE,RELAY,P7,1,1,1,2,4,0,0.34,0
598.0,2,463.3,463.3,68.0,68.25,ACTIVE,SURVEY,P7,1,1,0,,,13,52.23,1
598.0,3,-622.7,-630.6,76.0,98.1,ACTIVE,RELAY,P7,1,1,1,1,0,0,0.17,0
598.0,4,-510.6,-510.6,84.0,68.94,ACTIVE,RELAY,P7,1,1,1,1,0,0,0.04,0
598.0,5,-562.5,-587.5,0.3,93.48,FAILED,RELAY,P4,0,1,0,,,0,448.49,1
599.0,1,-171.2,-171.2,60.0,67.99,ACTIVE,RELAY,P7,1,1,1,2,4,0,0.34,0
599.0,2,452.5,452.5,68.0,68.19,ACTIVE,SURVEY,P7,1,1,0,,,13,53.25,1
599.0,3,-611.9,-619.7,76.0,98.04,ACTIVE,RELAY,P7,1,1,1,1,0,0,0.17,0
599.0,4,-510.6,-510.6,84.0,68.89,ACTIVE,RELAY,P7,1,1,1,1,0,0,0.11,0
599.0,5,-562.5,-587.5,0.3,93.48,FAILED,RELAY,P4,0,1,0,,,0,449.51,1
600.0,1,-171.2,-171.2,60.0,67.94,ACTIVE,RELAY,P7,1,1,1,2,4,0,0.34,0
600.0,2,442.3,442.3,68.0,68.14,ACTIVE,SURVEY,P7,1,1,0,,,13,54.21,1
600.0,3,-601.7,-609.5,76.0,97.99,ACTIVE,RELAY,P7,1,1,1,1,0,0,0.17,0
600.0,4,-510.6,-510.6,84.0,68.84,ACTIVE,RELAY,P7,1,1,1,1,0,0,0.04,0
600.0,5,-562.5,-587.5,0.3,93.48,FAILED,RELAY,P4,0,1,0,,,0,450.47,1
601.0,1,-171.2,-171.2,60.0,67.89,ACTIVE,RELAY,P7,1,1,1,2,4,0,0.34,0
601.0,2,431.4,431.4,68.0,68.08,ACTIVE,SURVEY,P7,1,1,0,,,13,55.23,1
601.0,3,-590.9,-598.5,76.0,97.93,ACTIVE,RELAY,P7,1,1,1,1,0,0,0.17,0
601.0,4,-510.6,-510.6,84.0,68.79,ACTIVE,RELAY,P7,1,1,1,1,0,0,0.04,0
601.0,5,-562.5,-587.5,0.3,93.48,FAILED,RELAY,P4,0,1,0,,,0,451.5,1
602.0,1,-171.2,-171.2,60.0,67.84,ACTIVE,RELAY,P7,1,1,1,2,4,0,0.41,0
602.0,2,420.6,420.6,68.0,68.03,ACTIVE,SURVEY,P7,1,1,0,,,17,56.26,1
602.0,3,-580.1,-587.6,76.0,97.88,ACTIVE,RELAY,P7,1,1,1,1,0,0,0.17,0
602.0,4,-510.6,-510.6,84.0,68.74,ACTIVE,RELAY,P7,1,1,1,1,0,0,0.11,0
602.0,5,-562.5,-587.5,0.3,93.48,FAILED,RELAY,P4,0,1,0,,,0,452.52,1
603.0,1,-171.2,-171.2,60.0,67.79,ACTIVE,RELAY,P7,1,1,1,2,4,0,0.34,0
603.0,2,410.4,410.4,68.0,67.97,ACTIVE,SURVEY,P7,1,1,0,,,17,57.22,1
603.0,3,-570.0,-577.4,76.0,97.82,ACTIVE,RELAY,P7,1,1,1,1,0,0,0.17,0
603.0,4,-510.6,-510.6,84.0,68.69,ACTIVE,RELAY,P7,1,1,1,1,0,0,0.04,0
603.0,5,-562.5,-587.5,0.3,93.48,FAILED,RELAY,P4,0,1,0,,,0,453.48,1
604.0,1,-171.2,-171.2,60.0,67.74,ACTIVE,RELAY,P7,1,1,1,2,4,0,0.34,0
604.0,2,399.5,399.5,68.0,67.92,ACTIVE,SURVEY,P7,1,1,0,,,17,58.24,1
604.0,3,-559.2,-566.5,76.0,97.77,ACTIVE,RELAY,P7,1,1,1,1,0,0,0.17,0
604.0,4,-510.6,-510.6,84.0,68.64,ACTIVE,RELAY,P7,1,1,1,1,0,0,0.09,0
604.0,5,-562.5,-587.5,0.3,93.48,FAILED,RELAY,P4,0,1,0,,,0,454.51,1
605.1,1,-171.2,-171.2,60.0,67.69,ACTIVE,RELAY,P7,1,1,1,2,4,0,0.41,0
605.1,2,388.7,388.7,68.0,67.86,ACTIVE,SURVEY,P7,1,1,0,,,17,59.27,1
605.1,3,-548.4,-555.6,76.0,97.71,ACTIVE,RELAY,P7,1,1,1,1,0,0,0.24,0
605.1,4,-510.6,-510.6,84.0,68.59,ACTIVE,RELAY,P7,1,1,1,1,0,0,0.11,0
605.1,5,-562.5,-587.5,0.3,93.48,FAILED,RELAY,P4,0,1,0,,,0,455.53,1
606.0,1,-171.2,-171.2,60.0,67.64,ACTIVE,RELAY,P7,1,1,1,2,4,0,0.32,0
606.0,2,378.5,378.5,68.0,67.81,ACTIVE,SURVEY,P7,1,1,0,,,21,60.23,1
606.0,3,-538.2,-545.3,76.0,97.66,ACTIVE,RELAY,P7,1,1,1,1,0,0,0.17,0
606.0,4,-510.6,-510.6,84.0,68.54,ACTIVE,RELAY,P7,1,1,1,1,0,0,0.02,0
606.0,5,-562.5,-587.5,0.3,93.48,FAILED,RELAY,P4,0,1,0,,,0,456.49,1
607.0,1,-171.2,-171.2,60.0,67.59,ACTIVE,RELAY,P7,1,1,1,2,4,0,0.34,0
607.0,2,367.6,367.6,68.0,67.75,ACTIVE,SURVEY,P7,1,1,0,,,21,61.25,1
607.0,3,-527.4,-534.4,76.0,97.6,ACTIVE,RELAY,P7,1,1,1,1,0,0,0.17,0
607.0,4,-510.6,-510.6,84.0,68.49,ACTIVE,RELAY,P7,1,1,1,1,0,0,0.11,0
607.0,5,-562.5,-587.5,0.3,93.48,FAILED,RELAY,P4,0,1,0,,,0,457.51,1
608.0,1,-171.2,-171.2,60.0,67.54,ACTIVE,RELAY,P7,1,1,1,2,3,0,0.34,0
608.0,2,357.4,357.4,68.0,67.7,ACTIVE,SURVEY,P7,1,1,0,,,21,62.21,1
608.0,3,-517.3,-524.2,76.0,97.55,ACTIVE,RELAY,P7,1,1,1,1,0,0,0.17,0
608.0,4,-510.6,-510.6,84.0,68.44,ACTIVE,RELAY,P7,1,1,1,1,0,0,0.04,0
608.0,5,-562.5,-587.5,0.3,93.48,FAILED,RELAY,P4,0,1,0,,,0,458.47,1
609.0,1,-171.2,-171.2,60.0,67.49,ACTIVE,RELAY,P7,1,1,1,2,3,0,0.34,0
609.0,2,346.6,346.6,68.0,67.64,ACTIVE,SURVEY,P7,1,1,0,,,21,63.23,1
609.0,3,-506.5,-513.3,76.0,97.49,ACTIVE,RELAY,P7,1,1,1,1,0,0,0.17,0
609.0,4,-510.6,-510.6,84.0,68.39,ACTIVE,RELAY,P7,1,1,1,1,0,0,0.04,0
609.0,5,-562.5,-587.5,0.3,93.48,FAILED,RELAY,P4,0,1,0,,,0,459.5,1
610.0,1,-171.2,-171.2,60.0,67.44,ACTIVE,RELAY,P7,1,1,1,2,4,0,0.41,0
610.0,2,335.7,335.7,68.0,67.59,ACTIVE,SURVEY,P7,1,1,0,,,25,64.26,1
610.0,3,-495.7,-502.4,76.0,97.44,ACTIVE,RELAY,P7,1,1,1,1,0,0,0.17,0
610.0,4,-510.6,-510.6,84.0,68.34,ACTIVE,RELAY,P7,1,1,1,1,0,0,0.11,0
610.0,5,-562.5,-587.5,0.3,93.48,FAILED,RELAY,P4,0,1,0,,,0,460.52,1
611.0,1,-171.2,-171.2,60.0,67.39,ACTIVE,RELAY,P7,1,1,1,2,4,0,0.34,0
611.0,2,325.5,325.5,68.0,67.53,ACTIVE,SURVEY,P7,1,1,0,,,25,65.22,1
611.0,3,-485.6,-492.1,76.0,97.38,ACTIVE,RELAY,P7,1,1,1,1,0,0,0.17,0
611.0,4,-510.6,-510.6,84.0,68.29,ACTIVE,RELAY,P7,1,1,1,1,0,0,0.04,0
611.0,5,-562.5,-587.5,0.3,93.48,FAILED,RELAY,P4,0,1,0,,,0,461.48,1
612.0,1,-171.2,-171.2,60.0,67.34,ACTIVE,RELAY,P7,1,1,1,2,4,0,0.34,0
612.0,2,314.7,314.7,68.0,67.48,ACTIVE,SURVEY,P7,1,1,0,,,25,66.24,1
612.0,3,-474.8,-481.2,76.0,97.33,ACTIVE,RELAY,P7,1,1,1,1,0,0,0.17,0
612.0,4,-510.6,-510.6,84.0,68.24,ACTIVE,RELAY,P7,1,1,1,1,0,0,0.11,0
612.0,5,-562.5,-587.5,0.3,93.48,FAILED,RELAY,P4,0,1,0,,,0,462.51,1
613.1,1,-171.2,-171.2,60.0,67.29,ACTIVE,RELAY,P7,1,1,1,2,4,0,0.41,0
613.1,2,303.8,303.8,68.0,67.42,ACTIVE,SURVEY,P7,1,1,0,,,25,67.27,1
613.1,3,-463.9,-470.3,76.0,97.27,ACTIVE,RELAY,P7,1,1,1,1,0,0,0.24,0
613.1,4,-510.6,-510.6,84.0,68.19,ACTIVE,RELAY,P7,1,1,1,1,0,0,0.11,0
613.1,5,-562.5,-587.5,0.3,93.48,FAILED,RELAY,P4,0,1,0,,,0,463.53,1
614.0,1,-171.2,-171.2,60.0,67.24,ACTIVE,RELAY,P7,1,1,1,2,4,0,0.34,0
614.0,2,293.6,293.6,68.0,67.37,ACTIVE,SURVEY,P7,1,1,0,,,29,68.23,1
614.0,3,-453.8,-460.1,76.0,97.22,ACTIVE,RELAY,P7,1,1,1,1,0,0,0.15,0
614.0,4,-510.6,-510.6,84.0,68.14,ACTIVE,RELAY,P7,1,1,1,1,0,0,0.04,0
614.0,5,-562.5,-587.5,0.3,93.48,FAILED,RELAY,P4,0,1,0,,,0,464.49,1
615.0,1,-171.2,-171.2,60.0,67.19,ACTIVE,RELAY,P7,1,1,1,2,4,0,0.34,0
615.0,2,282.8,282.8,68.0,67.31,ACTIVE,SURVEY,P7,1,1,0,,,29,69.25,1
615.0,3,-443.0,-449.1,76.0,97.16,ACTIVE,RELAY,P7,1,1,1,1,0,0,0.17,0
615.0,4,-510.6,-510.6,84.0,68.09,ACTIVE,RELAY,P7,1,1,1,1,0,0,0.11,0
615.0,5,-562.5,-587.5,0.3,93.48,FAILED,RELAY,P4,0,1,0,,,0,465.51,1
616.0,1,-171.2,-171.2,60.0,67.14,ACTIVE,RELAY,P7,1,1,1,2,4,0,0.32,0
616.0,2,272.6,272.6,68.0,67.26,ACTIVE,SURVEY,P7,1,1,0,,,29,70.21,1
616.0,3,-432.9,-438.9,76.0,97.11,ACTIVE,RELAY,P7,1,1,1,1,0,0,0.17,0
616.0,4,-510.6,-510.6,84.0,68.04,ACTIVE,RELAY,P7,1,1,1,1,0,0,0.04,0
616.0,5,-562.5,-587.5,0.3,93.48,FAILED,RELAY,P4,0,1,0,,,0,466.47,1
617.0,1,-171.2,-171.2,60.0,67.09,ACTIVE,RELAY,P7,1,1,1,2,4,0,0.32,0
617.0,2,261.7,261.7,68.0,67.2,ACTIVE,SURVEY,P7,1,1,0,,,29,71.23,1
617.0,3,-422.1,-428.0,76.0,97.05,ACTIVE,RELAY,P7,1,1,1,2,4,0,0.15,0
617.0,4,-510.6,-510.6,84.0,67.99,ACTIVE,RELAY,P7,1,1,1,1,0,0,0.04,0
617.0,5,-562.5,-587.5,0.3,93.48,FAILED,RELAY,P4,0,1,0,,,0,467.5,1
618.0,1,-171.2,-171.2,60.0,67.04,ACTIVE,RELAY,P7,1,1,1,2,4,3,0.41,0
618.0,2,250.9,250.9,68.0,67.15,ACTIVE,SURVEY,P7,1,1,1,3,1,26,0.06,0
618.0,3,-411.3,-417.1,76.0,97.0,ACTIVE,RELAY,P7,1,1,1,2,4,0,0.15,0
618.0,4,-510.6,-510.6,84.0,67.94,ACTIVE,RELAY,P7,1,1,1,1,0,0,0.08,0
618.0,5,-562.5,-587.5,0.3,93.48,FAILED,RELAY,P4,0,1,0,,,0,468.52,1
619.0,1,-171.2,-171.2,60.0,66.99,ACTIVE,RELAY,P7,1,1,1,2,4,5,0.24,0
619.0,2,240.7,240.7,68.0,67.09,ACTIVE,SURVEY,P7,1,1,1,3,1,20,0.05,0
619.0,3,-401.1,-406.8,76.0,96.94,ACTIVE,RELAY,P7,1,1,1,2,4,0,0.5,0
619.0,4,-510.6,-510.6,84.0,67.89,ACTIVE,RELAY,P7,1,1,1,1,0,4,0.5,0
619.0,5,-562.5,-587.5,0.3,93.48,FAILED,RELAY,P4,0,1,0,,,0,469.48,1
620.0,1,-171.2,-171.2,60.0,66.94,ACTIVE,RELAY,P7,1,1,1,2,4,6,0.31,0
620.0,2,229.8,229.8,68.0,67.04,ACTIVE,SURVEY,P7,1,1,1,3,1,17,0.06,0
620.0,3,-390.3,-395.9,76.0,96.89,ACTIVE,RELAY,P7,1,1,1,2,4,0,0.06,0
620.0,4,-510.6,-510.6,84.0,67.84,ACTIVE,RELAY,P7,1,1,1,1,0,3,0.07,0
620.0,5,-562.5,-587.5,0.3,93.48,FAILED,RELAY,P4,0,1,0,,,0,470.51,1
621.1,1,-171.2,-171.2,60.0,66.89,ACTIVE,RELAY,P7,1,1,1,2,4,8,0.38,0
621.1,2,219.0,219.0,68.0,66.98,ACTIVE,SURVEY,P7,1,1,1,3,1,12,0.41,0
621.1,3,-379.5,-385.0,76.0,96.83,ACTIVE,RELAY,P7,1,1,1,2,4,0,0.12,0
621.1,4,-510.6,-510.6,84.0,67.79,ACTIVE,RELAY,P7,1,1,1,1,0,0,0.05,0
621.1,5,-562.5,-587.5,0.3,93.48,FAILED,RELAY,P4,0,1,0,,,0,471.53,1
622.0,1,-171.2,-171.2,60.0,66.84,ACTIVE,RELAY,P7,1,1,1,2,4,7,0.3,0
622.0,2,208.8,208.8,68.0,66.93,ACTIVE,SURVEY,P7,1,1,1,3,1,8,0.51,0
622.0,3,-369.4,-374.8,76.0,96.78,ACTIVE,RELAY,P7,1,1,1,2,4,1,0.57,0
622.0,4,-510.6,-510.6,84.0,67.74,ACTIVE,RELAY,P7,1,1,1,1,0,8,0.53,0
622.0,5,-562.5,-587.5,0.3,93.48,FAILED,RELAY,P4,0,1,0,,,0,472.49,1
623.0,1,-171.2,-171.2,60.0,66.79,ACTIVE,RELAY,P7,1,1,1,2,4,11,0.25,0
623.0,2,197.9,197.9,68.0,66.87,ACTIVE,SURVEY,P7,1,1,1,3,1,1,0.03,0
623.0,3,-358.6,-363.9,76.0,96.72,ACTIVE,RELAY,P7,1,1,1,2,4,0,0.02,0
623.0,4,-510.6,-510.6,84.0,67.69,ACTIVE,RELAY,P7,1,1,1,1,0,1,0.03,0
623.0,5,-562.5,-587.5,0.3,93.48,FAILED,RELAY,P4,0,1,0,,,0,473.51,1
624.0,1,-171.2,-171.2,60.0,66.74,ACTIVE,RELAY,P7,1,1,1,2,4,5,0.31,0
624.0,2,187.7,187.7,68.0,66.82,ACTIVE,SURVEY,P7,1,1,1,3,1,1,0.24,0
624.0,3,-348.4,-353.6,76.0,96.67,ACTIVE,RELAY,P7,1,1,1,2,4,0,0.31,0
624.0,4,-510.6,-510.6,84.0,67.64,ACTIVE,RELAY,P7,1,1,1,1,0,12,0.31,0
624.0,5,-562.5,-587.5,0.3,93.48,FAILED,RELAY,P4,0,1,0,,,0,474.47,1
625.0,1,-171.2,-171.2,60.0,66.69,ACTIVE,RELAY,P7,1,1,1,2,4,0,0.31,0
625.0,2,176.9,176.9,68.0,66.76,ACTIVE,SURVEY,P7,1,1,1,3,1,0,0.05,0
625.0,3,-337.6,-342.7,76.0,96.61,ACTIVE,RELAY,P7,1,1,1,2,4,0,0.03,0
625.0,4,-510.6,-510.6,84.0,67.59,ACTIVE,RELAY,P7,1,1,1,1,0,12,0.03,0
625.0,5,-562.5,-587.5,0.3,93.48,FAILED,RELAY,P4,0,1,0,,,0,475.5,1
626.0,1,-171.2,-171.2,60.0,66.64,ACTIVE,RELAY,P7,1,1,1,2,4,0,0.34,0
626.0,2,166.0,166.0,68.0,66.71,ACTIVE,SURVEY,P7,1,1,1,3,1,1,0.11,0
626.0,3,-326.8,-331.8,76.0,96.56,ACTIVE,RELAY,P7,1,1,1,2,4,0,0.62,0
626.0,4,-510.6,-510.6,84.0,67.54,ACTIVE,RELAY,P7,1,1,1,1,0,7,0.02,0
626.0,5,-562.5,-587.5,0.3,93.48,FAILED,RELAY,P4,0,1,0,,,0,476.52,1
627.0,1,-171.2,-171.2,60.0,66.59,ACTIVE,RELAY,P7,1,1,1,2,4,0,0.16,0
627.0,2,155.8,155.8,68.0,66.65,ACTIVE,SURVEY,P7,1,1,1,3,1,0,0.05,0
627.0,3,-316.7,-321.6,76.0,96.5,ACTIVE,RELAY,P7,1,1,1,2,4,0,0.12,0
627.0,4,-510.6,-510.6,84.0,67.49,ACTIVE,RELAY,P7,1,1,1,1,0,5,0.54,0
627.0,5,-562.5,-587.5,0.3,93.48,FAILED,RELAY,P4,0,1,0,,,0,477.48,1
628.0,1,-171.2,-171.2,60.0,66.54,ACTIVE,RELAY,P7,1,1,1,2,4,3,0.05,0
628.0,2,145.0,145.0,68.0,66.6,ACTIVE,SURVEY,P7,1,1,1,3,1,0,0.76,0
628.0,3,-305.9,-310.7,76.0,96.45,ACTIVE,RELAY,P7,1,1,1,2,4,0,0.6,0
628.0,4,-510.6,-510.6,84.0,67.44,ACTIVE,RELAY,P7,1,1,1,1,0,3,0.05,0
628.0,5,-562.5,-587.5,0.3,93.48,FAILED,RELAY,P4,0,1,0,,,0,478.51,1
629.1,1,-171.2,-171.2,60.0,66.49,ACTIVE,RELAY,P7,1,1,1,2,4,0,0.31,0
629.1,2,134.1,134.1,68.0,66.54,ACTIVE,SURVEY,P7,1,1,1,3,1,0,0.04,0
629.1,3,-295.1,-299.7,76.0,96.39,ACTIVE,RELAY,P7,1,1,1,2,4,0,0.65,0
629.1,4,-510.6,-510.6,84.0,67.39,ACTIVE,RELAY,P7,1,1,1,1,0,3,0.04,0
629.1,5,-562.5,-587.5,0.3,93.48,FAILED,RELAY,P4,0,1,0,,,0,479.53,1
630.0,1,-171.2,-171.2,60.0,66.44,ACTIVE,RELAY,P7,1,1,1,2,4,0,0.26,0
630.0,2,123.9,123.9,68.0,66.49,ACTIVE,SURVEY,P7,1,1,1,3,1,0,0.06,0
630.0,3,-285.0,-289.5,76.0,96.34,ACTIVE,RELAY,P7,1,1,1,2,4,0,0.08,0
630.0,4,-510.6,-510.6,84.0,67.34,ACTIVE,RELAY,P7,1,1,1,1,0,1,0.04,0
630.0,5,-562.5,-587.5,0.3,93.48,FAILED,RELAY,P4,0,1,0,,,0,480.49,1
631.0,1,-171.2,-171.2,60.0,66.39,ACTIVE,RELAY,P7,1,1,1,2,4,0,0.32,0
631.0,2,113.1,113.1,68.0,66.43,ACTIVE,SURVEY,P7,1,1,1,3,1,1,0.62,0
631.0,3,-274.2,-278.6,76.0,96.28,ACTIVE,RELAY,P7,1,1,1,2,4,1,0.58,0
631.0,4,-510.6,-510.6,84.0,67.29,ACTIVE,RELAY,P7,1,1,1,1,0,1,0.51,0
631.0,5,-562.5,-587.5,0.3,93.48,FAILED,RELAY,P4,0,1,0,,,0,481.51,1
632.1,1,-171.2,-171.2,60.0,66.34,ACTIVE,RELAY,P7,1,1,1,2,4,0,0.38,0
632.1,2,102.2,102.2,68.0,66.38,ACTIVE,SURVEY,P7,1,1,1,3,1,2,0.21,0
632.1,3,-263.3,-267.7,76.0,96.23,ACTIVE,RELAY,P7,1,1,1,2,4,0,0.08,0
632.1,4,-510.6,-510.6,84.0,67.24,ACTIVE,RELAY,P7,1,1,1,1,0,1,0.1,0
632.1,5,-562.5,-587.5,0.3,93.48,FAILED,RELAY,P4,0,1,0,,,0,482.54,1
633.0,1,-171.2,-171.2,60.0,66.29,ACTIVE,RELAY,P7,1,1,1,2,4,0,0.18,0
633.0,2,92.0,92.0,68.0,66.32,ACTIVE,SURVEY,P7,1,1,1,3,1,0,0.02,0
633.0,3,-253.2,-257.4,76.0,96.17,ACTIVE,RELAY,P7,1,1,1,2,4,0,0.47,0
633.0,4,-510.6,-510.6,84.0,67.19,ACTIVE,RELAY,P7,1,1,1,1,0,2,0.49,0
633.0,5,-562.5,-587.5,0.3,93.48,FAILED,RELAY,P4,0,1,0,,,0,483.5,1
634.0,1,-171.2,-171.2,60.0,66.24,ACTIVE,RELAY,P7,1,1,1,2,4,0,0.32,0
634.0,2,81.2,81.2,68.0,66.27,ACTIVE,SURVEY,P7,1,1,1,3,3,1,0.11,0
634.0,3,-242.4,-246.5,76.0,96.12,ACTIVE,RELAY,P7,1,1,1,2,4,0,0.04,0
634.0,4,-510.6,-510.6,84.0,67.14,ACTIVE,RELAY,P7,1,1,1,1,0,0,0.04,0
634.0,5,-562.5,-587.5,0.3,93.48,FAILED,RELAY,P4,0,1,0,,,0,484.52,1
635.0,1,-171.2,-171.2,60.0,66.19,ACTIVE,RELAY,P7,1,1,1,2,4,0,0.34,0
635.0,2,75.1,75.1,68.0,66.22,ACTIVE,SURVEY,P7,1,1,1,3,3,0,0.18,0
635.0,3,-235.0,-239.0,76.0,96.06,ACTIVE,HOME,,1,1,1,2,4,0,0.14,0
635.0,4,-510.6,-510.6,84.0,67.09,ACTIVE,RELAY,P7,1,1,1,1,0,0,0.04,0
635.0,5,-562.5,-587.5,0.3,93.48,FAILED,RELAY,P4,0,1,0,,,0,485.48,1
636.0,1,-180.0,-180.0,60.0,66.14,ACTIVE,HOME,,1,1,1,2,4,0,0.34,0
636.0,2,66.9,66.9,68.0,66.16,ACTIVE,HOME,,1,1,1,3,3,0,0.26,0
636.0,3,-245.8,-249.9,76.0,96.01,ACTIVE,HOME,,1,1,1,2,4,0,0.15,0
636.0,4,-521.2,-521.7,84.0,67.03,ACTIVE,HOME,,1,1,1,1,0,0,0.11,0
636.0,5,-562.5,-587.5,0.3,93.48,FAILED,RELAY,P4,0,1,0,,,0,486.51,1
637.1,1,-190.9,-190.8,60.0,66.08,ACTIVE,HOME,,1,1,1,2,4,0,0.41,0
637.1,2,56.1,56.0,68.0,66.1,ACTIVE,HOME,,1,1,1,3,3,0,0.24,0
637.1,3,-256.6,-260.9,76.0,95.95,ACTIVE,HOME,,1,1,1,2,4,0,0.12,0
637.1,4,-531.8,-532.8,84.0,66.98,ACTIVE,HOME,,1,1,1,1,0,0,0.11,0
637.1,5,-562.5,-587.5,0.3,93.48,FAILED,RELAY,P4,0,1,0,,,0,487.53,1
638.0,1,-201.1,-201.0,60.0,66.03,ACTIVE,HOME,,1,1,1,2,4,0,0.34,0
638.0,2,45.9,45.8,68.0,66.05,ACTIVE,HOME,,1,1,1,3,3,0,0.19,0
638.0,3,-266.7,-271.1,76.0,95.9,ACTIVE,HOME,,1,1,1,2,4,0,0.15,0
638.0,4,-541.7,-543.3,84.0,66.92,ACTIVE,HOME,,1,1,1,1,0,0,0.04,0
638.0,5,-562.5,-587.5,0.3,93.48,FAILED,RELAY,P4,0,1,0,,,0,488.49,1
639.0,1,-212.0,-211.8,60.0,65.97,ACTIVE,HOME,,1,1,1,2,4,0,0.34,0
639.0,2,35.1,34.9,68.0,66.0,ACTIVE,HOME,,1,1,1,3,3,0,0.26,0
639.0,3,-277.5,-282.0,76.0,95.84,ACTIVE,HOME,,1,1,1,2,4,0,0.13,0
639.0,4,-552.3,-554.4,84.0,66.87,ACTIVE,HOME,,1,1,1,1,0,0,0.11,0
639.0,5,-562.5,-587.5,0.3,93.48,FAILED,RELAY,P4,0,1,0,,,0,489.51,1
640.1,1,-222.8,-222.7,60.0,65.92,ACTIVE,HOME,,1,1,1,2,4,0,0.41,0
640.1,2,24.3,24.0,68.0,65.94,ACTIVE,HOME,,1,1,1,3,3,0,0.26,0
640.1,3,-288.3,-292.9,76.0,95.79,ACTIVE,HOME,,1,1,1,2,4,0,0.21,0
640.1,4,-562.9,-565.5,84.0,66.81,ACTIVE,HOME,,1,1,1,1,0,0,0.11,0
640.1,5,-562.5,-587.5,0.3,93.48,FAILED,RELAY,P4,0,1,0,,,0,490.54,1
641.0,1,-233.0,-232.9,60.0,65.86,ACTIVE,HOME,,1,1,1,2,4,0,0.34,0
641.0,2,14.1,13.8,68.0,65.89,ACTIVE,HOME,,1,1,1,3,3,0,0.26,0
641.0,3,-298.5,-303.2,76.0,95.73,ACTIVE,HOME,,1,1,1,2,4,0,0.14,0
641.0,4,-572.8,-576.0,84.0,66.76,ACTIVE,HOME,,1,1,1,1,0,0,0.04,0
641.0,5,-562.5,-587.5,0.3,93.48,FAILED,RELAY,P4,0,1,0,,,0,491.5,1
642.0,1,-243.9,-243.7,60.0,65.81,ACTIVE,HOME,,1,1,1,2,4,0,0.34,0
642.0,2,3.3,2.9,68.0,65.83,ACTIVE,HOME,,1,1,1,3,3,0,0.26,0
642.0,3,-309.3,-314.1,76.0,95.68,ACTIVE,HOME,,1,1,1,2,4,0,0.15,0
642.0,4,-583.4,-587.1,84.0,66.7,ACTIVE,HOME,,1,1,1,1,0,0,0.11,0
642.0,5,-562.5,-587.5,0.3,93.48,FAILED,RELAY,P4,0,1,0,,,0,492.52,1
643.0,1,-254.1,-253.9,60.0,65.75,ACTIVE,HOME,,1,1,1,2,4,0,0.34,0
643.0,2,-6.9,-7.3,68.0,65.78,ACTIVE,HOME,,1,1,1,3,3,0,0.19,0
643.0,3,-319.4,-324.3,76.0,95.62,ACTIVE,HOME,,1,1,1,2,4,0,0.14,0
643.0,4,-593.3,-597.5,84.0,66.65,ACTIVE,HOME,,1,1,1,1,0,0,0.04,0
643.0,5,-562.5,-587.5,0.3,93.48,FAILED,RELAY,P4,0,1,0,,,0,493.48,1
644.0,1,-265.0,-264.7,60.0,65.7,ACTIVE,HOME,,1,1,1,2,4,0,0.34,0
644.0,2,-17.7,-18.2,68.0,65.72,ACTIVE,HOME,,1,1,1,3,3,0,0.26,0
644.0,3,-330.2,-335.2,76.0,95.57,ACTIVE,HOME,,1,1,1,2,4,0,0.15,0
644.0,4,-603.9,-608.7,84.0,66.59,ACTIVE,HOME,,1,1,1,1,0,0,0.11,0
644.0,5,-562.5,-587.5,0.3,93.48,FAILED,RELAY,P4,0,1,0,,,0,494.51,1
645.1,1,-275.9,-275.6,60.0,65.64,ACTIVE,HOME,,1,1,1,2,4,0,0.41,0
645.1,2,-28.6,-29.0,68.0,65.66,ACTIVE,HOME,,1,1,1,3,3,0,0.26,0
645.1,3,-341.0,-346.1,76.0,95.51,ACTIVE,HOME,,1,1,1,2,4,0,0.14,0
645.1,4,-614.5,-619.8,84.0,66.54,ACTIVE,HOME,,1,1,1,1,0,0,0.11,0
645.1,5,-562.5,-587.5,0.3,93.48,FAILED,RELAY,P4,0,1,0,,,0,495.53,1
646.0,1,-286.1,-285.7,60.0,65.59,ACTIVE,HOME,,1,1,1,2,4,0,0.34,0
646.0,2,-38.7,-39.2,68.0,65.61,ACTIVE,HOME,,1,1,1,3,3,0,0.19,0
646.0,3,-351.2,-356.4,76.0,95.46,ACTIVE,HOME,,1,1,1,2,4,0,0.15,0
646.0,4,-624.4,-630.2,84.0,66.48,ACTIVE,HOME,,1,1,1,1,0,0,0.04,0
646.0,5,-562.5,-587.5,0.3,93.48,FAILED,RELAY,P4,0,1,0,,,0,496.49,1
647.0,1,-296.9,-296.6,60.0,65.53,ACTIVE,HOME,,1,1,1,2,4,0,0.34,0
647.0,2,-49.6,-50.1,68.0,65.56,ACTIVE,HOME,,1,1,1,3,3,0,0.22,0
647.0,3,-362.0,-367.3,76.0,95.4,ACTIVE,HOME,,1,1,1,2,4,0,0.14,0
647.0,4,-635.0,-641.4,84.0,66.43,ACTIVE,HOME,,1,1,1,1,0,0,0.11,0
647.0,5,-562.5,-587.5,0.3,93.48,FAILED,RELAY,P4,0,1,0,,,0,497.51,1
648.1,1,-307.8,-307.4,60.0,65.48,ACTIVE,HOME,,1,1,1,2,4,0,0.39,0
648.1,2,-60.4,-61.0,68.0,65.5,ACTIVE,HOME,,1,1,1,3,3,0,0.26,0
648.1,3,-372.8,-378.2,76.0,95.35,ACTIVE,HOME,,1,1,1,2,4,0,0.21,0
648.1,4,-645.6,-652.5,84.0,66.37,ACTIVE,HOME,,1,1,1,1,0,0,0.11,0
648.1,5,-562.5,-587.5,0.3,93.48,FAILED,RELAY,P4,0,1,0,,,0,498.54,1
649.0,1,-318.0,-317.6,60.0,65.42,ACTIVE,HOME,,1,1,1,2,4,0,0.34,0
649.0,2,-70.6,-71.2,68.0,65.45,ACTIVE,HOME,,1,1,1,3,3,0,0.26,0
649.0,3,-382.9,-388.4,76.0,95.29,ACTIVE,HOME,,1,1,1,2,4,0,0.14,0
649.0,4,-655.5,-662.9,84.0,66.32,ACTIVE,HOME,,1,1,1,1,0,0,0.04,0
649.0,5,-562.5,-587.5,0.3,93.48,FAILED,RELAY,P4,0,1,0,,,0,499.5,1
650.0,1,-328.9,-328.4,60.0,65.37,ACTIVE,HOME,,1,1,1,2,4,0,0.34,0
650.0,2,-81.4,-82.1,68.0,65.39,ACTIVE,HOME,,1,1,1,3,3,0,0.26,0
650.0,3,-393.7,-399.3,76.0,95.24,ACTIVE,HOME,,1,1,1,2,4,0,0.15,0
650.0,4,-666.1,-674.1,84.0,66.26,ACTIVE,HOME,,1,1,1,1,0,0,0.11,0
650.0,5,-562.5,-587.5,0.3,93.48,FAILED,RELAY,P4,0,1,0,,,0,500.52,1
651.0,1,-339.1,-338.6,60.0,65.31,ACTIVE,HOME,,1,1,1,2,4,0,0.34,0
651.0,2,-91.6,-92.3,68.0,65.34,ACTIVE,HOME,,1,1,1,3,3,0,0.19,0
651.0,3,-403.8,-409.6,76.0,95.18,ACTIVE,HOME,,1,1,1,2,4,0,0.14,0
651.0,4,-676.0,-684.5,84.0,66.21,ACTIVE,HOME,,1,1,1,1,0,0,0.04,0
651.0,5,-562.5,-587.5,0.3,93.48,FAILED,RELAY,P4,0,1,0,,,0,501.48,1
652.0,1,-350.0,-349.4,60.0,65.26,ACTIVE,HOME,,1,1,1,2,4,0,0.34,0
652.0,2,-102.4,-103.2,68.0,65.28,ACTIVE,HOME,,1,1,1,3,3,0,0.23,0
652.0,3,-414.6,-420.5,76.0,95.13,ACTIVE,HOME,,1,1,1,2,4,0,0.15,0
652.0,4,-686.6,-695.6,84.0,66.15,ACTIVE,HOME,,1,1,1,1,0,0,0.11,0
652.0,5,-562.5,-587.5,0.3,93.48,FAILED,RELAY,P4,0,1,0,,,0,502.51,1
653.1,1,-360.9,-360.3,60.0,65.2,ACTIVE,HOME,,1,1,1,2,4,0,0.41,0
653.1,2,-113.2,-114.1,68.0,65.22,ACTIVE,HOME,,1,1,1,3,3,0,0.26,0
653.1,3,-425.4,-431.4,76.0,95.07,ACTIVE,HOME,,1,1,1,2,4,0,0.14,0
653.1,4,-697.2,-706.7,84.0,66.1,ACTIVE,HOME,,1,1,1,1,0,0,0.11,0
653.1,5,-562.5,-587.5,0.3,93.48,FAILED,RELAY,P4,0,1,0,,,0,503.53,1
654.0,1,-371.0,-370.5,60.0,65.15,ACTIVE,HOME,,1,1,1,2,4,0,0.34,0
654.0,2,-123.4,-124.3,68.0,65.17,ACTIVE,HOME,,1,1,1,2,3,0,0.21,0
654.0,3,-435.6,-441.6,76.0,95.02,ACTIVE,HOME,,1,1,1,1,0,0,0.17,0
654.0,4,-707.1,-717.2,84.0,66.04,ACTIVE,HOME,,1,1,1,1,0,0,0.04,0
654.0,5,-562.5,-587.5,0.3,93.48,FAILED,RELAY,P4,0,1,0,,,0,504.49,1
655.0,1,-381.9,-381.3,60.0,65.09,ACTIVE,HOME,,1,1,1,2,4,0,0.34,0
655.0,2,-134.2,-135.2,68.0,65.12,ACTIVE,HOME,,1,1,1,2,3,0,0.26,0
655.0,3,-446.4,-452.6,76.0,94.96,ACTIVE,HOME,,1,1,1,1,0,0,0.17,0
655.0,4,-717.7,-728.3,84.0,65.99,ACTIVE,HOME,,1,1,1,1,0,0,0.11,0
655.0,5,-562.5,-587.5,0.3,93.48,FAILED,RELAY,P4,0,1,0,,,0,505.51,1
656.1,1,-392.8,-392.1,60.0,65.04,ACTIVE,HOME,,1,1,1,2,4,0,0.41,0
656.1,2,-145.1,-146.1,68.0,65.06,ACTIVE,HOME,,1,1,1,2,3,0,0.28,0
656.1,3,-457.2,-463.5,76.0,94.91,ACTIVE,HOME,,1,1,1,1,0,0,0.23,0
656.1,4,-728.3,-739.4,84.0,65.93,ACTIVE,HOME,,1,1,1,1,0,0,0.11,0
656.1,5,-562.5,-587.5,0.3,93.48,FAILED,RELAY,P4,0,1,0,,,0,506.54,1
657.0,1,-403.0,-402.3,60.0,64.98,ACTIVE,HOME,,1,1,1,2,4,0,0.34,0
657.0,2,-155.2,-156.3,68.0,65.01,ACTIVE,HOME,,1,1,1,2,3,0,0.26,0
657.0,3,-467.3,-473.7,76.0,94.85,ACTIVE,HOME,,1,1,1,1,0,0,0.17,0
657.0,4,-738.2,-749.9,84.0,65.88,ACTIVE,HOME,,1,1,1,1,0,0,0.04,0
657.0,5,-562.5,-587.5,0.3,93.48,FAILED,RELAY,P4,0,1,0,,,0,507.5,1
658.0,1,-413.9,-413.2,60.0,64.93,ACTIVE,HOME,,1,1,1,2,4,0,0.34,0
658.0,2,-166.1,-167.1,68.0,64.95,ACTIVE,HOME,,1,1,1,2,3,0,0.28,0
658.0,3,-478.1,-484.6,76.0,94.8,ACTIVE,HOME,,1,1,1,1,0,0,0.17,0
658.0,4,-748.8,-761.0,84.0,65.82,ACTIVE,HOME,,1,1,1,1,0,0,0.11,0
658.0,5,-562.5,-587.5,0.3,93.48,FAILED,RELAY,P4,0,1,0,,,0,508.52,1
659.0,1,-424.1,-423.3,60.0,64.87,ACTIVE,HOME,,1,1,1,2,4,0,0.34,0
659.0,2,-176.2,-177.3,68.0,64.9,ACTIVE,HOME,,1,1,1,2,3,0,0.21,0
659.0,3,-488.3,-494.9,76.0,94.74,ACTIVE,HOME,,1,1,1,1,0,0,0.15,0
659.0,4,-758.7,-771.4,84.0,65.77,ACTIVE,HOME,,1,1,1,1,0,0,0.04,0
659.0,5,-562.5,-587.5,0.3,93.48,FAILED,RELAY,P4,0,1,0,,,0,509.48,1
660.0,1,-435.0,-434.2,60.0,64.82,ACTIVE,HOME,,1,1,1,1,0,0,0.36,0
660.0,2,-187.1,-188.2,68.0,64.84,ACTIVE,HOME,,1,1,1,2,3,0,0.28,0
660.0,3,-499.1,-505.8,76.0,94.69,ACTIVE,HOME,,1,1,1,1,0,0,0.17,0
660.0,4,-769.3,-782.6,84.0,65.71,ACTIVE,HOME,,1,1,1,1,0,0,0.11,0
660.0,5,-562.5,-587.5,0.3,93.48,FAILED,RELAY,P4,0,1,0,,,0,510.51,1
661.1,1,-445.8,-445.0,60.0,64.76,ACTIVE,HOME,,1,1,1,1,0,0,0.43,0
661.1,2,-197.9,-199.1,68.0,64.78,ACTIVE,HOME,,1,1,1,2,3,0,0.28,0
661.1,3,-509.9,-516.7,76.0,94.63,ACTIVE,HOME,,1,1,1,1,0,0,0.17,0
661.1,4,-779.9,-793.7,84.0,65.66,ACTIVE,HOME,,1,1,1,1,0,0,0.11,0
661.1,5,-562.5,-587.5,0.3,93.48,FAILED,RELAY,P4,0,1,0,,,0,511.53,1
662.0,1,-456.0,-455.2,60.0,64.71,ACTIVE,HOME,,1,1,1,1,0,0,0.34,0
662.0,2,-208.1,-209.3,68.0,64.73,ACTIVE,HOME,,1,1,1,2,3,0,0.21,0
662.0,3,-520.0,-526.9,76.0,94.58,ACTIVE,HOME,,1,1,1,1,0,0,0.17,0
662.0,4,-789.8,-804.1,84.0,65.6,ACTIVE,HOME,,1,1,1,1,0,0,0.04,0
662.0,5,-562.5,-587.5,0.3,93.48,FAILED,RELAY,P4,0,1,0,,,0,512.49,1
663.0,1,-466.9,-466.0,60.0,64.65,ACTIVE,HOME,,1,1,1,1,0,0,0.36,0
663.0,2,-218.9,-220.2,68.0,64.68,ACTIVE,HOME,,1,1,1,2,3,0,0.28,0
663.0,3,-530.8,-537.8,76.0,94.52,ACTIVE,HOME,,1,1,1,1,0,0,0.17,0
663.0,4,-800.4,-815.3,84.0,65.55,ACTIVE,HOME,,1,1,1,1,0,0,0.11,0
663.0,5,-562.5,-587.5,0.3,93.48,FAILED,RELAY,P4,0,1,0,,,0,513.51,1
664.1,1,-477.8,-476.9,60.0,64.6,ACTIVE,HOME,,1,1,1,1,0,0,0.43,0
664.1,2,-229.7,-231.1,68.0,64.62,ACTIVE,HOME,,1,1,1,2,3,0,0.28,0
664.1,3,-541.6,-548.7,76.0,94.47,ACTIVE,HOME,,1,1,1,1,0,0,0.23,0
664.1,4,-811.0,-826.4,84.0,65.49,ACTIVE,HOME,,1,1,1,1,0,0,0.11,0
664.1,5,-562.5,-587.5,0.3,93.48,FAILED,RELAY,P4,0,1,0,,,0,514.54,1
665.0,1,-488.0,-487.0,60.0,64.54,ACTIVE,HOME,,1,1,1,1,0,0,0.36,0
665.0,2,-239.9,-241.3,68.0,64.57,ACTIVE,HOME,,1,1,1,2,3,0,0.28,0
665.0,3,-551.8,-559.0,76.0,94.41,ACTIVE,HOME,,1,1,1,1,0,0,0.17,0
665.0,4,-820.9,-836.8,84.0,65.44,ACTIVE,HOME,,1,1,1,1,0,0,0.04,0
665.0,5,-562.5,-587.5,0.3,93.48,FAILED,RELAY,P4,0,1,0,,,0,515.5,1
666.0,1,-498.9,-497.9,60.0,64.49,ACTIVE,HOME,,1,1,1,1,0,0,0.36,0
666.0,2,-250.7,-252.2,68.0,64.51,ACTIVE,HOME,,1,1,1,2,3,0,0.28,0
666.0,3,-562.6,-569.9,76.0,94.36,ACTIVE,HOME,,1,1,1,1,0,0,0.17,0
666.0,4,-822.0,-838.0,79.5,65.38,RTH,HOME,,1,1,1,1,0,0,0.11,0
666.0,5,-562.5,-587.5,0.3,93.48,FAILED,RELAY,P4,0,1,0,,,0,516.52,1
667.0,1,-509.1,-508.0,60.0,64.43,ACTIVE,HOME,,1,1,1,1,0,0,0.36,0
667.0,2,-260.9,-262.4,68.0,64.46,ACTIVE,HOME,,1,1,1,2,3,0,0.19,0
667.0,3,-572.7,-580.1,76.0,94.3,ACTIVE,HOME,,1,1,1,1,0,0,0.15,0
667.0,4,-822.0,-838.0,74.7,65.33,RTH,HOME,,1,1,1,1,0,0,0.04,0
667.0,5,-562.5,-587.5,0.3,93.48,FAILED,RELAY,P4,0,1,0,,,0,517.48,1
668.0,1,-519.9,-518.9,60.0,64.38,ACTIVE,HOME,,1,1,1,1,0,0,0.36,0
668.0,2,-271.7,-273.3,68.0,64.4,ACTIVE,HOME,,1,1,1,2,3,0,0.28,0
668.0,3,-583.5,-591.0,76.0,94.25,ACTIVE,HOME,,1,1,1,1,0,0,0.17,0
668.0,4,-822.0,-838.0,69.6,65.27,RTH,HOME,,1,1,1,1,0,0,0.11,0
668.0,5,-562.5,-587.5,0.3,93.48,FAILED,RELAY,P4,0,1,0,,,0,518.51,1
669.1,1,-530.8,-529.7,60.0,64.32,ACTIVE,HOME,,1,1,1,1,0,0,0.43,0
669.1,2,-282.6,-284.2,68.0,64.34,ACTIVE,HOME,,1,1,1,2,3,0,0.28,0
669.1,3,-594.3,-602.0,76.0,94.19,ACTIVE,HOME,,1,1,1,1,0,0,0.17,0
669.1,4,-822.0,-838.0,64.5,65.22,RTH,HOME,,1,1,1,1,0,0,0.11,0
669.1,5,-562.5,-587.5,0.3,93.48,FAILED,RELAY,P4,0,1,0,,,0,519.53,1
670.0,1,-541.0,-539.9,60.0,64.27,ACTIVE,HOME,,1,1,1,1,0,0,0.34,0
670.0,2,-292.7,-294.4,68.0,64.29,ACTIVE,HOME,,1,1,1,2,1,0,0.17,0
670.0,3,-604.4,-612.2,76.0,94.14,ACTIVE,HOME,,1,1,1,1,0,0,0.17,0
670.0,4,-822.0,-838.0,59.7,65.16,RTH,HOME,,1,1,1,1,0,0,0.04,0
670.0,5,-562.5,-587.5,0.3,93.48,FAILED,RELAY,P4,0,1,0,,,0,520.49,1
671.0,1,-551.9,-550.7,60.0,64.21,ACTIVE,HOME,,1,1,1,1,0,0,0.36,0
671.0,2,-303.6,-305.2,68.0,64.24,ACTIVE,HOME,,1,1,1,2,1,0,0.28,0
671.0,3,-615.2,-623.1,76.0,94.08,ACTIVE,HOME,,1,1,1,1,0,0,0.17,0
671.0,4,-822.0,-838.0,54.6,65.11,RTH,HOME,,1,1,1,1,0,0,0.11,0
671.0,5,-562.5,-587.5,0.3,93.48,FAILED,RELAY,P4,0,1,0,,,0,521.51,1
672.1,1,-562.8,-561.6,60.0,64.16,ACTIVE,HOME,,1,1,1,1,0,0,0.43,0
672.1,2,-314.4,-316.1,68.0,64.18,ACTIVE,HOME,,1,1,1,2,1,0,0.28,0
672.1,3,-626.0,-634.0,76.0,94.03,ACTIVE,HOME,,1,1,1,1,0,0,0.23,0
672.1,4,-822.0,-838.0,49.4,65.05,RTH,HOME,,1,1,1,1,0,0,0.11,0
672.1,5,-562.5,-587.5,0.3,93.48,FAILED,RELAY,P4,0,1,0,,,0,522.54,1
673.0,1,-573.0,-571.8,60.0,64.1,ACTIVE,HOME,,1,1,1,1,0,0,0.36,0
673.0,2,-324.6,-326.3,68.0,64.13,ACTIVE,HOME,,1,1,1,2,1,0,0.28,0
673.0,3,-636.2,-644.3,76.0,93.97,ACTIVE,HOME,,1,1,1,1,0,0,0.17,0
673.0,4,-822.0,-838.0,44.6,65.0,RTH,HOME,,1,1,1,1,0,0,0.04,0
673.0,5,-562.5,-587.5,0.3,93.48,FAILED,RELAY,P4,0,1,0,,,0,523.5,1
674.0,1,-583.8,-582.6,60.0,64.05,ACTIVE,HOME,,1,1,1,1,0,0,0.36,0
674.0,2,-335.4,-337.2,68.0,64.07,ACTIVE,HOME,,1,1,1,2,1,0,0.26,0
674.0,3,-647.0,-655.2,76.0,93.92,ACTIVE,HOME,,1,1,1,1,0,0,0.17,0
674.0,4,-822.0,-838.0,39.5,64.94,RTH,HOME,,1,1,1,1,0,0,0.11,0
674.0,5,-562.5,-587.5,0.3,93.48,FAILED,RELAY,P4,0,1,0,,,0,524.52,1
675.0,1,-594.0,-592.8,60.0,63.99,ACTIVE,HOME,,1,1,1,1,0,0,0.36,0
675.0,2,-345.6,-347.4,68.0,64.02,ACTIVE,HOME,,1,1,1,2,1,0,0.21,0
675.0,3,-657.1,-665.4,76.0,93.86,ACTIVE,HOME,,1,1,1,1,0,0,0.16,0
675.0,4,-822.0,-838.0,34.7,64.89,RTH,HOME,,1,1,1,1,0,0,0.04,0
675.0,5,-562.5,-587.5,0.3,93.48,FAILED,RELAY,P4,0,1,0,,,0,525.48,1
676.0,1,-604.9,-603.6,60.0,63.94,ACTIVE,HOME,,1,1,1,1,0,0,0.36,0
676.0,2,-356.4,-358.3,68.0,63.96,ACTIVE,HOME,,1,1,1,2,1,0,0.28,0
676.0,3,-667.9,-676.3,76.0,93.81,ACTIVE,HOME,,1,1,1,1,0,0,0.17,0
676.0,4,-822.0,-838.0,29.6,64.83,RTH,HOME,,1,1,1,1,0,0,0.11,0
676.0,5,-562.5,-587.5,0.3,93.48,FAILED,RELAY,P4,0,1,0,,,0,526.51,1
677.1,1,-615.8,-614.5,60.0,63.88,ACTIVE,HOME,,1,1,1,1,0,0,0.43,0
677.1,2,-367.2,-369.2,68.0,63.9,ACTIVE,HOME,,1,1,1,2,1,0,0.28,0
677.1,3,-678.7,-687.2,76.0,93.75,ACTIVE,HOME,,1,1,1,1,0,0,0.17,0
677.1,4,-822.0,-838.0,24.5,64.78,RTH,HOME,,1,1,1,1,0,0,0.11,0
677.1,5,-562.5,-587.5,0.3,93.48,FAILED,RELAY,P4,0,1,0,,,0,527.53,1
678.0,1,-626.0,-624.6,60.0,63.83,ACTIVE,HOME,,1,1,1,1,0,0,0.36,0
678.0,2,-377.4,-379.4,68.0,63.85,ACTIVE,HOME,,1,1,1,2,1,0,0.21,0
678.0,3,-688.9,-697.5,76.0,93.7,ACTIVE,HOME,,1,1,1,1,0,0,0.17,0
678.0,4,-822.0,-838.0,19.7,64.72,RTH,HOME,,1,1,1,1,0,0,0.04,0
678.0,5,-562.5,-587.5,0.3,93.48,FAILED,RELAY,P4,0,1,0,,,0,528.49,1
679.0,1,-636.9,-635.5,60.0,63.77,ACTIVE,HOME,,1,1,1,1,0,0,0.36,0
679.0,2,-388.2,-390.3,68.0,63.8,ACTIVE,HOME,,1,1,1,2,1,0,0.28,0
679.0,3,-699.7,-708.4,76.0,93.64,ACTIVE,HOME,,1,1,1,1,0,0,0.15,0
679.0,4,-822.0,-838.0,14.6,64.67,RTH,HOME,,1,1,1,1,0,0,0.11,0
679.0,5,-562.5,-587.5,0.3,93.48,FAILED,RELAY,P4,0,1,0,,,0,529.51,1
680.1,1,-647.7,-646.3,60.0,63.72,ACTIVE,HOME,,1,1,1,1,0,0,0.43,0
680.1,2,-399.1,-401.2,68.0,63.74,ACTIVE,HOME,,1,1,1,2,1,0,0.28,0
680.1,3,-710.5,-719.3,76.0,93.59,ACTIVE,HOME,,1,1,1,1,0,0,0.23,0
680.1,4,-822.0,-838.0,9.4,64.61,RTH,HOME,,1,1,1,1,0,0,0.11,0
680.1,5,-562.5,-587.5,0.3,93.48,FAILED,RELAY,P4,0,1,0,,,0,530.54,1
681.0,1,-657.9,-656.5,60.0,63.66,ACTIVE,HOME,,1,1,1,1,0,0,0.36,0
681.0,2,-409.2,-411.4,68.0,63.69,ACTIVE,HOME,,1,1,1,2,1,0,0.28,0
681.0,3,-720.6,-729.5,76.0,93.53,ACTIVE,HOME,,1,1,1,1,0,0,0.17,0
681.0,4,-822.0,-838.0,4.6,64.56,RTH,HOME,,1,1,1,1,0,0,0.04,0
681.0,5,-562.5,-587.5,0.3,93.48,FAILED,RELAY,P4,0,1,0,,,0,531.5,1
682.0,1,-668.8,-667.3,60.0,63.61,ACTIVE,HOME,,1,1,1,1,0,0,0.36,0
682.0,2,-420.1,-422.3,68.0,63.63,ACTIVE,HOME,,1,1,1,2,1,0,0.28,0
682.0,3,-731.4,-740.4,76.0,93.48,ACTIVE,HOME,,1,1,1,1,0,0,0.17,0
682.0,4,-822.0,-838.0,0.3,64.51,SERVICE,HOME,,1,1,1,1,0,0,0.11,0
682.0,5,-562.5,-587.5,0.3,93.48,FAILED,RELAY,P4,0,1,0,,,0,532.52,1
683.0,1,-679.0,-677.5,60.0,63.55,ACTIVE,HOME,,1,1,1,1,0,0,0.36,0
683.0,2,-430.2,-432.5,68.0,63.58,ACTIVE,HOME,,1,1,1,1,0,0,0.23,0
683.0,3,-741.5,-750.7,76.0,93.42,ACTIVE,HOME,,1,1,1,1,0,0,0.17,0
683.0,4,-822.0,-838.0,0.3,64.51,SERVICE,HOME,,1,1,1,1,0,0,0.04,0
683.0,5,-562.5,-587.5,0.3,93.48,FAILED,RELAY,P4,0,1,0,,,0,533.48,1
684.0,1,-689.9,-688.3,60.0,63.5,ACTIVE,HOME,,1,1,1,1,0,0,0.36,0
684.0,2,-441.1,-443.3,68.0,63.52,ACTIVE,HOME,,1,1,1,1,0,0,0.3,0
684.0,3,-752.4,-761.6,76.0,93.37,ACTIVE,HOME,,1,1,1,1,0,0,0.17,0
684.0,4,-822.0,-838.0,0.3,64.51,SERVICE,HOME,,1,1,1,1,0,0,0.11,0
684.0,5,-562.5,-587.5,0.3,93.48,FAILED,RELAY,P4,0,1,0,,,0,534.51,1
685.1,1,-700.8,-699.2,60.0,63.44,ACTIVE,HOME,,1,1,1,1,0,0,0.43,0
685.1,2,-451.9,-454.2,68.0,63.46,ACTIVE,HOME,,1,1,1,1,0,0,0.3,0
685.1,3,-763.2,-772.5,76.0,93.31,ACTIVE,HOME,,1,1,1,1,0,0,0.17,0
685.1,4,-822.0,-838.0,0.3,64.51,SERVICE,HOME,,1,1,1,1,0,0,0.11,0
685.1,5,-562.5,-587.5,0.3,93.48,FAILED,RELAY,P4,0,1,0,,,0,535.53,1
686.0,1,-711.0,-709.4,60.0,63.39,ACTIVE,HOME,,1,1,1,1,0,0,0.36,0
686.0,2,-462.1,-464.4,68.0,63.41,ACTIVE,HOME,,1,1,1,1,0,0,0.23,0
686.0,3,-773.3,-782.7,76.0,93.26,ACTIVE,HOME,,1,1,1,1,0,0,0.17,0
686.0,4,-822.0,-838.0,0.3,64.51,SERVICE,HOME,,1,1,1,1,0,0,0.04,0
686.0,5,-562.5,-587.5,0.3,93.48,FAILED,RELAY,P4,0,1,0,,,0,536.49,1
687.0,1,-721.8,-720.2,60.0,63.33,ACTIVE,HOME,,1,1,1,1,0,0,0.36,0
687.0,2,-472.9,-475.3,68.0,63.36,ACTIVE,HOME,,1,1,1,1,0,0,0.3,0
687.0,3,-784.1,-793.7,76.0,93.2,ACTIVE,HOME,,1,1,1,1,0,0,0.17,0
687.0,4,-822.0,-838.0,0.3,64.51,SERVICE,HOME,,1,1,1,1,0,0,0.11,0
687.0,5,-562.5,-587.5,0.3,93.48,FAILED,RELAY,P4,0,1,0,,,0,537.51,1
688.1,1,-732.7,-731.0,60.0,63.28,ACTIVE,HOME,,1,1,1,1,0,0,0.43,0
688.1,2,-483.7,-486.2,68.0,63.3,ACTIVE,HOME,,1,1,1,1,0,0,0.3,0
688.1,3,-794.9,-804.6,76.0,93.15,ACTIVE,HOME,,1,1,1,1,0,0,0.23,0
688.1,4,-822.0,-838.0,0.3,64.51,SERVICE,HOME,,1,1,1,1,0,0,0.11,0
688.1,5,-562.5,-587.5,0.3,93.48,FAILED,RELAY,P4,0,1,0,,,0,538.54,1
689.0,1,-742.9,-741.2,60.0,63.22,ACTIVE,HOME,,1,1,1,1,0,0,0.36,0
689.0,2,-493.9,-496.4,68.0,63.25,ACTIVE,HOME,,1,1,1,1,0,0,0.3,0
689.0,3,-805.0,-814.8,76.0,93.09,ACTIVE,HOME,,1,1,1,1,0,0,0.17,0
689.0,4,-822.0,-838.0,0.3,64.51,SERVICE,HOME,,1,1,1,1,0,0,0.04,0
689.0,5,-562.5,-587.5,0.3,93.48,FAILED,RELAY,P4,0,1,0,,,0,539.5,1
690.0,1,-753.8,-752.1,60.0,63.17,ACTIVE,HOME,,1,1,1,1,0,0,0.36,0
690.0,2,-504.7,-507.3,68.0,63.19,ACTIVE,HOME,,1,1,1,1,0,0,0.3,0
690.0,3,-815.8,-825.7,76.0,93.04,ACTIVE,HOME,,1,1,1,1,0,0,0.17,0
690.0,4,-822.0,-838.0,0.3,64.51,SERVICE,HOME,,1,1,1,1,0,0,0.11,0
690.0,5,-562.5,-587.5,0.3,93.48,FAILED,RELAY,P4,0,1,0,,,0,540.52,1
691.0,1,-764.0,-762.2,60.0,63.11,ACTIVE,HOME,,1,1,1,1,0,0,0.36,0
691.0,2,-514.9,-517.5,68.0,63.14,ACTIVE,HOME,,1,1,1,1,0,0,0.21,0
691.0,3,-826.0,-836.0,76.0,92.98,ACTIVE,HOME,,1,1,1,1,0,0,0.17,0
691.0,4,-822.0,-838.0,0.3,64.51,SERVICE,HOME,,1,1,1,1,0,0,0.04,0
691.0,5,-562.5,-587.5,0.3,93.48,FAILED,RELAY,P4,0,1,0,,,0,541.48,1
692.0,1,-774.9,-773.1,60.0,63.06,ACTIVE,HOME,,1,1,1,1,0,0,0.36,0
692.0,2,-525.7,-528.4,68.0,63.08,ACTIVE,HOME,,1,1,1,1,0,0,0.3,0
692.0,3,-828.0,-838.0,71.8,92.93,RTH,HOME,,1,1,1,1,0,0,0.17,0
692.0,4,-822.0,-838.0,0.3,64.51,SERVICE,HOME,,1,1,1,1,0,0,0.11,0
692.0,5,-562.5,-587.5,0.3,93.48,FAILED,RELAY,P4,0,1,0,,,0,542.51,1
693.1,1,-785.8,-783.9,60.0,63.0,ACTIVE,HOME,,1,1,1,1,0,0,0.43,0
693.1,2,-536.6,-539.3,68.0,63.02,ACTIVE,HOME,,1,1,1,1,0,0,0.3,0
693.1,3,-828.0,-838.0,66.7,92.87,RTH,HOME,,1,1,1,1,0,0,0.17,0
693.1,4,-822.0,-838.0,0.3,64.51,SERVICE,HOME,,1,1,1,1,0,0,0.11,0
693.1,5,-562.5,-587.5,0.3,93.48,FAILED,RELAY,P4,0,1,0,,,0,543.53,1
694.0,1,-795.9,-794.1,60.0,62.95,ACTIVE,HOME,,1,1,1,1,0,0,0.36,0
694.0,2,-546.7,-549.5,68.0,62.97,ACTIVE,HOME,,1,1,1,1,0,0,0.23,0
694.0,3,-828.0,-838.0,63.5,92.82,RTH,HOME,,1,1,1,1,0,0,0.17,0
694.0,4,-822.0,-838.0,0.3,64.51,SERVICE,HOME,,1,1,1,1,0,0,0.04,0
694.0,5,-562.5,-587.5,0.3,93.48,FAILED,RELAY,P4,0,1,0,,,0,544.49,1
695.0,1,-806.8,-804.9,60.0,62.89,ACTIVE,HOME,,1,1,1,1,0,0,0.36,0
695.0,2,-557.6,-560.4,68.0,62.92,ACTIVE,HOME,,1,1,1,1,0,0,0.3,0
695.0,3,-828.0,-838.0,63.5,92.77,RTH,HOME,,1,1,1,1,0,0,0.17,0
695.0,4,-822.0,-838.0,0.3,64.51,SERVICE,HOME,,1,1,1,1,0,0,0.11,0
695.0,5,-562.5,-587.5,0.3,93.48,FAILED,RELAY,P4,0,1,0,,,0,545.51,1
696.1,1,-817.7,-815.8,60.0,62.84,ACTIVE,HOME,,1,1,1,1,0,0,0.43,0
696.1,2,-568.4,-571.2,68.0,62.86,ACTIVE,HOME,,1,1,1,1,0,0,0.3,0
696.1,3,-828.0,-838.0,63.5,92.72,RTH,HOME,,1,1,1,1,0,0,0.23,0
696.1,4,-822.0,-838.0,0.3,64.51,SERVICE,HOME,,1,1,1,1,0,0,0.11,0
696.1,5,-562.5,-587.5,0.3,93.48,FAILED,RELAY,P4,0,1,0,,,0,546.54,1
697.0,1,-819.1,-817.1,60.0,62.79,ACTIVE,HOME,,1,1,1,1,0,0,0.36,0
697.0,2,-578.6,-581.4,68.0,62.81,ACTIVE,HOME,,1,1,1,1,0,0,0.3,0
697.0,3,-828.0,-838.0,68.0,92.67,RTH,HOME,,1,1,1,1,0,0,0.17,0
697.0,4,-822.0,-838.0,0.3,64.51,SERVICE,HOME,,1,1,1,1,0,0,0.04,0
697.0,5,-562.5,-587.5,0.3,93.48,FAILED,RELAY,P4,0,1,0,,,0,547.5,1
698.0,1,-829.9,-828.0,60.0,62.73,ACTIVE,HOME,,1,1,1,1,0,0,0.36,0
698.0,2,-589.4,-592.3,68.0,62.75,ACTIVE,HOME,,1,1,1,1,0,0,0.3,0
698.0,3,-828.0,-838.0,68.0,92.61,RTH,HOME,,1,1,1,1,0,0,0.17,0
698.0,4,-822.0,-838.0,0.3,64.51,SERVICE,HOME,,1,1,1,1,0,0,0.11,0
698.0,5,-562.5,-587.5,0.3,93.48,FAILED,RELAY,P4,0,1,0,,,0,548.52,1
699.0,1,-840.0,-838.0,60.0,62.68,ACTIVE,HOME,,1,1,1,1,0,0,0.36,0
699.0,2,-599.6,-602.5,68.0,62.7,ACTIVE,HOME,,1,1,1,1,0,0,0.23,0
699.0,3,-828.0,-838.0,68.0,92.57,RTH,HOME,,1,1,1,1,0,0,0.17,0
699.0,4,-822.0,-838.0,0.3,64.51,SERVICE,HOME,,1,1,1,1,0,0,0.04,0
699.0,5,-562.5,-587.5,0.3,93.48,FAILED,RELAY,P4,0,1,0,,,0,549.48,1
700.0,1,-840.0,-838.0,54.9,62.62,RTH,HOME,,1,1,1,1,0,0,0.36,0
700.0,2,-610.4,-613.4,68.0,62.64,ACTIVE,HOME,,1,1,1,1,0,0,0.3,0
700.0,3,-828.0,-838.0,67.0,92.51,RTH,HOME,,1,1,1,1,0,0,0.17,0
700.0,4,-822.0,-838.0,0.3,64.51,SERVICE,HOME,,1,1,1,1,0,0,0.11,0
700.0,5,-562.5,-587.5,0.3,93.48,FAILED,RELAY,P4,0,1,0,,,0,550.51,1
701.1,1,-840.0,-838.0,49.8,62.57,RTH,HOME,,1,1,1,1,0,0,0.43,0
701.1,2,-621.2,-624.3,68.0,62.58,ACTIVE,HOME,,1,1,1,1,0,0,0.3,0
701.1,3,-828.0,-838.0,61.9,92.46,RTH,HOME,,1,1,1,1,0,0,0.17,0
701.1,4,-822.0,-838.0,0.3,64.51,SERVICE,HOME,,1,1,1,1,0,0,0.11,0
701.1,5,-562.5,-587.5,0.3,93.48,FAILED,RELAY,P4,0,1,0,,,0,551.53,1
702.0,1,-840.0,-838.0,45.0,62.51,RTH,HOME,,1,1,1,1,0,0,0.36,0
702.0,2,-631.4,-634.5,68.0,62.53,ACTIVE,HOME,,1,1,1,1,0,0,0.23,0
702.0,3,-828.0,-838.0,57.1,92.41,RTH,HOME,,1,1,1,1,0,0,0.17,0
702.0,4,-822.0,-838.0,0.3,64.51,SERVICE,HOME,,1,1,1,1,0,0,0.02,0
702.0,5,-562.5,-587.5,0.3,93.48,FAILED,RELAY,P4,0,1,0,,,0,552.49,1
703.0,1,-840.0,-838.0,39.8,62.46,RTH,HOME,,1,1,1,1,0,0,0.36,0
703.0,2,-642.2,-645.4,68.0,62.48,ACTIVE,HOME,,1,1,1,1,0,0,0.3,0
703.0,3,-828.0,-838.0,52.0,92.35,RTH,HOME,,1,1,1,1,0,0,0.17,0
703.0,4,-822.0,-838.0,0.3,64.51,SERVICE,HOME,,1,1,1,1,0,0,0.11,0
703.0,5,-562.5,-587.5,0.3,93.48,FAILED,RELAY,P4,0,1,0,,,0,553.51,1
704.1,1,-840.0,-838.0,34.7,62.4,RTH,HOME,,1,1,1,1,0,0,0.43,0
704.1,2,-653.1,-656.3,68.0,62.42,ACTIVE,HOME,,1,1,1,1,0,0,0.3,0
704.1,3,-828.0,-838.0,46.9,92.29,RTH,HOME,,1,1,1,1,0,0,0.23,0
704.1,4,-822.0,-838.0,0.3,64.51,SERVICE,HOME,,1,1,1,1,0,0,0.11,0
704.1,5,-562.5,-587.5,0.3,93.48,FAILED,RELAY,P4,0,1,0,,,0,554.54,1
705.0,1,-840.0,-838.0,29.9,62.35,RTH,HOME,,1,1,1,1,0,0,0.36,0
705.0,2,-663.2,-666.5,68.0,62.37,ACTIVE,HOME,,1,1,1,1,0,0,0.3,0
705.0,3,-828.0,-838.0,42.1,92.24,RTH,HOME,,1,1,1,1,0,0,0.17,0
705.0,4,-822.0,-838.0,0.3,64.51,SERVICE,HOME,,1,1,1,1,0,0,0.04,0
705.0,5,-562.5,-587.5,0.3,93.48,FAILED,RELAY,P4,0,1,0,,,0,555.5,1
706.0,1,-840.0,-838.0,24.8,62.29,RTH,HOME,,1,1,1,1,0,0,0.36,0
706.0,2,-674.1,-677.4,68.0,62.31,ACTIVE,HOME,,1,1,1,1,0,0,0.3,0
706.0,3,-828.0,-838.0,37.0,92.18,RTH,HOME,,1,1,1,1,0,0,0.17,0
706.0,4,-822.0,-838.0,0.3,64.51,SERVICE,HOME,,1,1,1,1,0,0,0.11,0
706.0,5,-562.5,-587.5,0.3,93.48,FAILED,RELAY,P4,0,1,0,,,0,556.52,1
707.0,1,-840.0,-838.0,20.0,62.24,RTH,HOME,,1,1,1,1,0,0,0.36,0
707.0,2,-684.2,-687.6,68.0,62.26,ACTIVE,HOME,,1,1,1,1,0,0,0.23,0
707.0,3,-828.0,-838.0,32.2,92.13,RTH,HOME,,1,1,1,1,0,0,0.17,0
707.0,4,-822.0,-838.0,0.3,64.51,SERVICE,HOME,,1,1,1,1,0,0,0.04,0
707.0,5,-562.5,-587.5,0.3,93.48,FAILED,RELAY,P4,0,1,0,,,0,557.48,1
708.0,1,-840.0,-838.0,14.9,62.18,RTH,HOME,,1,1,1,1,0,0,0.36,0
708.0,2,-695.1,-698.5,68.0,62.2,ACTIVE,HOME,,1,1,1,1,0,0,0.3,0
708.0,3,-828.0,-838.0,27.0,92.07,RTH,HOME,,1,1,1,1,0,0,0.15,0
708.0,4,-822.0,-838.0,0.3,64.51,SERVICE,HOME,,1,1,1,1,0,0,0.11,0
708.0,5,-562.5,-587.5,0.3,93.48,FAILED,RELAY,P4,0,1,0,,,0,558.51,1
709.1,1,-840.0,-838.0,9.8,62.13,RTH,HOME,,1,1,1,1,0,0,0.43,0
709.1,2,-705.9,-709.3,68.0,62.14,ACTIVE,HOME,,1,1,1,1,0,0,0.3,0
709.1,3,-828.0,-838.0,21.9,92.02,RTH,HOME,,1,1,1,1,0,0,0.17,0
709.1,4,-822.0,-838.0,0.3,64.51,SERVICE,HOME,,1,1,1,1,0,0,0.11,0
709.1,5,-562.5,-587.5,0.3,93.48,FAILED,RELAY,P4,0,1,0,,,0,559.53,1
710.0,1,-840.0,-838.0,5.0,62.07,RTH,HOME,,1,1,1,1,0,0,0.36,0
710.0,2,-716.1,-719.6,68.0,62.09,ACTIVE,HOME,,1,1,1,1,0,0,0.23,0
710.0,3,-828.0,-838.0,17.1,91.97,RTH,HOME,,1,1,1,1,0,0,0.17,0
710.0,4,-822.0,-838.0,0.3,64.51,SERVICE,HOME,,1,1,1,1,0,0,0.04,0
710.0,5,-562.5,-587.5,0.3,93.48,FAILED,RELAY,P4,0,1,0,,,0,560.49,1
711.0,1,-840.0,-838.0,0.3,62.02,SERVICE,HOME,,1,1,1,1,0,0,0.36,0
711.0,2,-726.9,-730.4,68.0,62.04,ACTIVE,HOME,,1,1,1,1,0,0,0.3,0
711.0,3,-828.0,-838.0,12.0,91.91,RTH,HOME,,1,1,1,1,0,0,0.17,0
711.0,4,-822.0,-838.0,0.3,64.51,SERVICE,HOME,,1,1,1,1,0,0,0.11,0
711.0,5,-562.5,-587.5,0.3,93.48,FAILED,RELAY,P4,0,1,0,,,0,561.51,1
712.1,1,-840.0,-838.0,0.3,62.02,SERVICE,HOME,,1,1,1,1,0,0,0.43,0
712.1,2,-737.7,-741.3,68.0,61.98,ACTIVE,HOME,,1,1,1,1,0,0,0.3,0
712.1,3,-828.0,-838.0,6.9,91.85,RTH,HOME,,1,1,1,1,0,0,0.23,0
712.1,4,-822.0,-838.0,0.3,64.51,SERVICE,HOME,,1,1,1,1,0,0,0.09,0
712.1,5,-562.5,-587.5,0.3,93.48,FAILED,RELAY,P4,0,1,0,,,0,562.54,1
713.0,1,-840.0,-838.0,0.3,62.02,SERVICE,HOME,,1,1,1,1,0,0,0.36,0
713.0,2,-747.9,-751.5,68.0,61.93,ACTIVE,HOME,,1,1,1,1,0,0,0.3,0
713.0,3,-828.0,-838.0,2.1,91.8,RTH,HOME,,1,1,1,1,0,0,0.17,0
713.0,4,-822.0,-838.0,0.3,64.51,SERVICE,HOME,,1,1,1,1,0,0,0.04,0
713.0,5,-562.5,-587.5,0.3,93.48,FAILED,RELAY,P4,0,1,0,,,0,563.5,1
714.0,1,-840.0,-838.0,0.3,62.02,SERVICE,HOME,,1,1,1,1,0,0,0.36,0
714.0,2,-758.7,-762.4,68.0,61.87,ACTIVE,HOME,,1,1,1,1,0,0,0.3,0
714.0,3,-828.0,-838.0,0.3,91.78,SERVICE,HOME,,1,1,1,1,0,0,0.17,0
714.0,4,-822.0,-838.0,0.3,64.51,SERVICE,HOME,,1,1,1,1,0,0,0.11,0
714.0,5,-562.5,-587.5,0.3,93.48,FAILED,RELAY,P4,0,1,0,,,0,564.52,1
715.0,1,-840.0,-838.0,0.3,62.02,SERVICE,HOME,,1,1,1,1,0,0,0.34,0
715.0,2,-768.9,-772.6,68.0,61.82,ACTIVE,HOME,,1,1,1,1,0,0,0.23,0
715.0,3,-828.0,-838.0,0.3,91.78,SERVICE,HOME,,1,1,1,1,0,0,0.17,0
715.0,4,-822.0,-838.0,0.3,64.51,SERVICE,HOME,,1,1,1,1,0,0,0.04,0
715.0,5,-562.5,-587.5,0.3,93.48,FAILED,RELAY,P4,0,1,0,,,0,565.48,1
716.0,1,-840.0,-838.0,0.3,62.02,SERVICE,HOME,,1,1,1,1,0,0,0.36,0
716.0,2,-779.7,-783.5,68.0,61.76,ACTIVE,HOME,,1,1,1,1,0,0,0.3,0
716.0,3,-828.0,-838.0,0.3,91.78,SERVICE,HOME,,1,1,1,1,0,0,0.17,0
716.0,4,-822.0,-838.0,0.3,64.51,SERVICE,HOME,,1,1,1,1,0,0,0.11,0
716.0,5,-562.5,-587.5,0.3,93.48,FAILED,RELAY,P4,0,1,0,,,0,566.51,1
717.1,1,-840.0,-838.0,0.3,62.02,SERVICE,HOME,,1,1,1,1,0,0,0.43,0
717.1,2,-790.6,-794.4,68.0,61.7,ACTIVE,HOME,,1,1,1,1,0,0,0.3,0
717.1,3,-828.0,-838.0,0.3,91.78,SERVICE,HOME,,1,1,1,1,0,0,0.17,0
717.1,4,-822.0,-838.0,0.3,64.51,SERVICE,HOME,,1,1,1,1,0,0,0.11,0
717.1,5,-562.5,-587.5,0.3,93.48,FAILED,RELAY,P4,0,1,0,,,0,567.53,1
718.0,1,-840.0,-838.0,0.3,62.02,SERVICE,HOME,,1,1,1,1,0,0,0.36,0
718.0,2,-800.7,-804.6,68.0,61.65,ACTIVE,HOME,,1,1,1,1,0,0,0.23,0
718.0,3,-828.0,-838.0,0.3,91.78,SERVICE,HOME,,1,1,1,1,0,0,0.17,0
718.0,4,-822.0,-838.0,0.3,64.51,SERVICE,HOME,,1,1,1,1,0,0,0.04,0
718.0,5,-562.5,-587.5,0.3,93.48,FAILED,RELAY,P4,0,1,0,,,0,568.49,1
719.0,1,-840.0,-838.0,0.3,62.02,SERVICE,HOME,,1,1,1,1,0,0,0.36,0
719.0,2,-811.6,-815.5,68.0,61.6,ACTIVE,HOME,,1,1,1,1,0,0,0.3,0
719.0,3,-828.0,-838.0,0.3,91.78,SERVICE,HOME,,1,1,1,1,0,0,0.17,0
719.0,4,-822.0,-838.0,0.3,64.51,SERVICE,HOME,,1,1,1,1,0,0,0.11,0
719.0,5,-562.5,-587.5,0.3,93.48,FAILED,RELAY,P4,0,1,0,,,0,569.51,1
720.1,1,-840.0,-838.0,0.3,62.02,SERVICE,HOME,,1,1,1,1,0,0,0.43,0
720.1,2,-822.4,-826.4,68.0,61.54,ACTIVE,HOME,,1,1,1,1,0,0,0.3,0
720.1,3,-828.0,-838.0,0.3,91.78,SERVICE,HOME,,1,1,1,1,0,0,0.23,0
720.1,4,-822.0,-838.0,0.3,64.51,SERVICE,HOME,,1,1,1,1,0,0,0.11,0
720.1,5,-562.5,-587.5,0.3,93.48,FAILED,RELAY,P4,0,1,0,,,0,570.54,1
721.0,1,-840.0,-838.0,0.3,62.02,SERVICE,HOME,,1,1,1,1,0,0,0.36,0
721.0,2,-832.6,-836.6,68.0,61.49,ACTIVE,HOME,,1,1,1,1,0,0,0.3,0
721.0,3,-828.0,-838.0,0.3,91.78,SERVICE,HOME,,1,1,1,1,0,0,0.17,0
721.0,4,-822.0,-838.0,0.3,64.51,SERVICE,HOME,,1,1,1,1,0,0,0.04,0
721.0,5,-562.5,-587.5,0.3,93.48,FAILED,RELAY,P4,0,1,0,,,0,571.5,1
722.0,1,-840.0,-838.0,0.3,62.02,SERVICE,HOME,,1,1,1,1,0,0,0.36,0
722.0,2,-834.0,-838.0,63.5,61.43,RTH,HOME,,1,1,1,1,0,0,0.3,0
722.0,3,-828.0,-838.0,0.3,91.78,SERVICE,HOME,,1,1,1,1,0,0,0.17,0
722.0,4,-822.0,-838.0,0.3,64.51,SERVICE,HOME,,1,1,1,1,0,0,0.11,0
722.0,5,-562.5,-587.5,0.3,93.48,FAILED,RELAY,P4,0,1,0,,,0,572.52,1
723.0,1,-840.0,-838.0,0.3,62.02,SERVICE,HOME,,1,1,1,1,0,0,0.36,0
723.0,2,-834.0,-838.0,58.7,61.38,RTH,HOME,,1,1,1,1,0,0,0.23,0
723.0,3,-828.0,-838.0,0.3,91.78,SERVICE,HOME,,1,1,1,1,0,0,0.17,0
723.0,4,-822.0,-838.0,0.3,64.51,SERVICE,HOME,,1,1,1,1,0,0,0.04,0
723.0,5,-562.5,-587.5,0.3,93.48,FAILED,RELAY,P4,0,1,0,,,0,573.48,1
724.0,1,-840.0,-838.0,0.3,62.02,SERVICE,HOME,,1,1,1,1,0,0,0.36,0
724.0,2,-834.0,-838.0,53.6,61.32,RTH,HOME,,1,1,1,1,0,0,0.3,0
724.0,3,-828.0,-838.0,0.3,91.78,SERVICE,HOME,,1,1,1,1,0,0,0.17,0
724.0,4,-822.0,-838.0,0.3,64.51,SERVICE,HOME,,1,1,1,1,0,0,0.11,0
724.0,5,-562.5,-587.5,0.3,93.48,FAILED,RELAY,P4,0,1,0,,,0,574.51,1
725.1,1,-840.0,-838.0,0.3,62.02,SERVICE,HOME,,1,1,1,1,0,0,0.43,0
725.1,2,-834.0,-838.0,48.5,61.26,RTH,HOME,,1,1,1,1,0,0,0.3,0
725.1,3,-828.0,-838.0,0.3,91.78,SERVICE,HOME,,1,1,1,1,0,0,0.17,0
725.1,4,-822.0,-838.0,0.3,64.51,SERVICE,HOME,,1,1,1,1,0,0,0.11,0
725.1,5,-562.5,-587.5,0.3,93.48,FAILED,RELAY,P4,0,1,0,,,0,575.53,1
726.0,1,-840.0,-838.0,0.3,62.02,SERVICE,HOME,,1,1,1,1,0,0,0.36,0
726.0,2,-834.0,-838.0,43.7,61.21,RTH,HOME,,1,1,1,1,0,0,0.23,0
726.0,3,-828.0,-838.0,0.3,91.78,SERVICE,HOME,,1,1,1,1,0,0,0.15,0
726.0,4,-822.0,-838.0,0.3,64.51,SERVICE,HOME,,1,1,1,1,0,0,0.04,0
726.0,5,-562.5,-587.5,0.3,93.48,FAILED,RELAY,P4,0,1,0,,,0,576.49,1
727.0,1,-840.0,-838.0,0.3,62.02,SERVICE,HOME,,1,1,1,1,0,0,0.36,0
727.0,2,-834.0,-838.0,38.6,61.16,RTH,HOME,,1,1,1,1,0,0,0.3,0
727.0,3,-828.0,-838.0,0.3,91.78,SERVICE,HOME,,1,1,1,1,0,0,0.17,0
727.0,4,-822.0,-838.0,0.3,64.51,SERVICE,HOME,,1,1,1,1,0,0,0.11,0
727.0,5,-562.5,-587.5,0.3,93.48,FAILED,RELAY,P4,0,1,0,,,0,577.51,1
728.1,1,-840.0,-838.0,0.3,62.02,SERVICE,HOME,,1,1,1,1,0,0,0.43,0
728.1,2,-834.0,-838.0,33.4,61.1,RTH,HOME,,1,1,1,1,0,0,0.3,0
728.1,3,-828.0,-838.0,0.3,91.78,SERVICE,HOME,,1,1,1,1,0,0,0.23,0
728.1,4,-822.0,-838.0,0.3,64.51,SERVICE,HOME,,1,1,1,1,0,0,0.11,0
728.1,5,-562.5,-587.5,0.3,93.48,FAILED,RELAY,P4,0,1,0,,,0,578.54,1
729.0,1,-840.0,-838.0,0.3,62.02,SERVICE,HOME,,1,1,1,1,0,0,0.36,0
729.0,2,-834.0,-838.0,28.6,61.05,RTH,HOME,,1,1,1,1,0,0,0.3,0
729.0,3,-828.0,-838.0,0.3,91.78,SERVICE,HOME,,1,1,1,1,0,0,0.17,0
729.0,4,-822.0,-838.0,0.3,64.51,SERVICE,HOME,,1,1,1,1,0,0,0.04,0
729.0,5,-562.5,-587.5,0.3,93.48,FAILED,RELAY,P4,0,1,0,,,0,579.5,1
730.0,1,-840.0,-838.0,0.3,62.02,SERVICE,HOME,,1,1,1,1,0,0,0.36,0
730.0,2,-834.0,-838.0,23.5,60.99,RTH,HOME,,1,1,1,1,0,0,0.3,0
730.0,3,-828.0,-838.0,0.3,91.78,SERVICE,HOME,,1,1,1,1,0,0,0.17,0
730.0,4,-822.0,-838.0,0.3,64.51,SERVICE,HOME,,1,1,1,1,0,0,0.11,0
730.0,5,-562.5,-587.5,0.3,93.48,FAILED,RELAY,P4,0,1,0,,,0,580.52,1
731.0,1,-840.0,-838.0,0.3,62.02,SERVICE,HOME,,1,1,1,1,0,0,0.36,0
731.0,2,-834.0,-838.0,18.7,60.94,RTH,HOME,,1,1,1,1,0,0,0.23,0
731.0,3,-828.0,-838.0,0.3,91.78,SERVICE,HOME,,1,1,1,1,0,0,0.17,0
731.0,4,-822.0,-838.0,0.3,64.51,SERVICE,HOME,,1,1,1,1,0,0,0.04,0
731.0,5,-562.5,-587.5,0.3,93.48,FAILED,RELAY,P4,0,1,0,,,0,581.48,1
732.0,1,-840.0,-838.0,0.3,62.02,SERVICE,HOME,,1,1,1,1,0,0,0.36,0
732.0,2,-834.0,-838.0,13.6,60.88,RTH,HOME,,1,1,1,1,0,0,0.3,0
732.0,3,-828.0,-838.0,0.3,91.78,SERVICE,HOME,,1,1,1,1,0,0,0.17,0
732.0,4,-822.0,-838.0,0.3,64.51,SERVICE,HOME,,1,1,1,1,0,0,0.11,0
732.0,5,-562.5,-587.5,0.3,93.48,FAILED,RELAY,P4,0,1,0,,,0,582.51,1
733.1,1,-840.0,-838.0,0.3,62.02,SERVICE,HOME,,1,1,1,1,0,0,0.43,0
733.1,2,-834.0,-838.0,8.5,60.82,RTH,HOME,,1,1,1,1,0,0,0.3,0
733.1,3,-828.0,-838.0,0.3,91.78,SERVICE,HOME,,1,1,1,1,0,0,0.17,0
733.1,4,-822.0,-838.0,0.3,64.51,SERVICE,HOME,,1,1,1,1,0,0,0.11,0
733.1,5,-562.5,-587.5,0.3,93.48,FAILED,RELAY,P4,0,1,0,,,0,583.53,1
734.0,1,-840.0,-838.0,0.3,62.02,SERVICE,HOME,,1,1,1,1,0,0,0.36,0
734.0,2,-834.0,-838.0,3.7,60.77,RTH,HOME,,1,1,1,1,0,0,0.23,0
734.0,3,-828.0,-838.0,0.3,91.78,SERVICE,HOME,,1,1,1,1,0,0,0.17,0
734.0,4,-822.0,-838.0,0.3,64.51,SERVICE,HOME,,1,1,1,1,0,0,0.04,0
734.0,5,-562.5,-587.5,0.3,93.48,FAILED,RELAY,P4,0,1,0,,,0,584.49,1
735.0,1,-840.0,-838.0,0.3,62.02,SERVICE,HOME,,1,1,1,1,0,0,0.36,0
735.0,2,-834.0,-838.0,0.3,60.73,SERVICE,HOME,,1,1,1,1,0,0,0.3,0
735.0,3,-828.0,-838.0,0.3,91.78,SERVICE,HOME,,1,1,1,1,0,0,0.17,0
735.0,4,-822.0,-838.0,0.3,64.51,SERVICE,HOME,,1,1,1,1,0,0,0.11,0
735.0,5,-562.5,-587.5,0.3,93.48,FAILED,RELAY,P4,0,1,0,,,0,585.51,1
736.1,1,-840.0,-838.0,0.3,62.02,SERVICE,HOME,,1,1,1,1,0,0,0.43,0
736.1,2,-834.0,-838.0,0.3,60.73,SERVICE,HOME,,1,1,1,1,0,0,0.3,0
736.1,3,-828.0,-838.0,0.3,91.78,SERVICE,HOME,,1,1,1,1,0,0,0.23,0
736.1,4,-822.0,-838.0,0.3,64.51,SERVICE,HOME,,1,1,1,1,0,0,0.11,0
736.1,5,-562.5,-587.5,0.3,93.48,FAILED,RELAY,P4,0,1,0,,,0,586.54,1
