t,uav,x,y,z,battery,status,task,target,radio,forwarding,routed,hops,parent,queue,gcs_age_s,gcs_lost
0.1,1,-840.0,-838.0,0.3,100.0,READY,HOLD,,1,1,1,1,0,0,,
0.1,2,-834.0,-838.0,0.3,100.0,READY,HOLD,,1,1,1,1,0,0,,
0.1,3,-828.0,-838.0,0.3,48.0,SERVICE,HOLD,,1,1,1,1,0,0,,
0.1,4,-822.0,-838.0,0.3,100.0,READY,HOLD,,1,1,1,1,0,0,,
0.1,5,-816.0,-838.0,0.3,85.0,SERVICE,HOLD,,1,1,1,1,0,0,,
1.0,1,-840.0,-838.0,0.3,100.0,READY,HOLD,,1,1,1,1,0,0,0.36,0
1.0,2,-834.0,-838.0,0.3,100.0,READY,HOLD,,1,1,1,1,0,0,0.3,0
1.0,3,-828.0,-838.0,0.3,48.0,SERVICE,HOLD,,1,1,1,1,0,0,0.17,0
1.0,4,-822.0,-838.0,0.3,100.0,READY,HOLD,,1,1,1,1,0,0,0.04,0
1.0,5,-816.0,-838.0,0.3,85.0,SERVICE,HOLD,,1,1,1,1,0,1,0.49,0
2.0,1,-840.0,-838.0,4.5,99.95,ACTIVE,SURVEY,P2,1,1,1,1,0,0,0.43,0
2.0,2,-834.0,-838.0,-2.6,99.96,ACTIVE,RELAY,P1,1,1,1,1,0,0,0.3,0
2.0,3,-828.0,-838.0,0.3,48.0,SERVICE,HOME,,1,1,1,1,0,0,0.17,0
2.0,4,-822.0,-838.0,-1.6,99.97,ACTIVE,SURVEY,P1,1,1,1,1,0,0,0.11,0
2.0,5,-816.0,-838.0,0.3,85.0,SERVICE,HOME,,1,1,1,1,0,1,0.49,0
3.0,1,-840.0,-838.0,9.3,99.9,ACTIVE,SURVEY,P2,1,1,1,1,0,0,0.36,0
3.0,2,-834.0,-838.0,-7.4,99.91,ACTIVE,RELAY,P1,1,1,1,1,0,0,0.23,0
3.0,3,-828.0,-838.0,0.3,48.0,SERVICE,HOME,,1,1,1,1,0,0,0.17,0
3.0,4,-822.0,-838.0,-2.6,99.92,ACTIVE,SURVEY,P1,1,1,1,1,0,0,0.04,0
3.0,5,-816.0,-838.0,0.3,85.0,SERVICE,HOME,,1,1,1,1,0,1,0.43,0
4.0,1,-840.0,-838.0,14.4,99.85,ACTIVE,SURVEY,P2,1,1,1,1,0,0,0.36,0
4.0,2,-834.0,-838.0,-9.3,99.86,ACTIVE,RELAY,P1,1,1,1,1,0,0,0.3,0
4.0,3,-828.0,-838.0,0.3,48.0,SERVICE,HOME,,1,1,1,1,0,0,0.17,0
4.0,4,-822.0,-838.0,2.2,99.87,ACTIVE,SURVEY,P1,1,1,1,1,0,0,0.11,0
4.0,5,-816.0,-838.0,0.3,85.0,SERVICE,HOME,,1,1,1,1,0,1,0.47,0
5.1,1,-840.0,-838.0,19.5,99.79,ACTIVE,SURVEY,P2,1,1,1,1,0,0,0.43,0
5.1,2,-834.0,-838.0,-4.8,99.8,ACTIVE,RELAY,P1,1,1,1,1,0,0,0.3,0
5.1,3,-828.0,-838.0,0.3,48.0,SERVICE,HOME,,1,1,1,1,0,0,0.22,0
5.1,4,-822.0,-838.0,7.3,99.81,ACTIVE,SURVEY,P1,1,1,1,1,0,0,0.11,0
5.1,5,-816.0,-838.0,0.3,85.0,SERVICE,HOME,,1,1,1,1,0,1,0.49,0
6.0,1,-840.0,-838.0,24.3,99.74,ACTIVE,SURVEY,P2,1,1,1,1,0,0,0.36,0
6.0,2,-834.0,-838.0,-0.0,99.75,ACTIVE,RELAY,P1,1,1,1,1,0,0,0.23,0
6.0,3,-828.0,-838.0,0.3,48.0,SERVICE,HOME,,1,1,1,1,0,0,0.17,0
6.0,4,-822.0,-838.0,12.1,99.76,ACTIVE,SURVEY,P1,1,1,1,1,0,0,0.04,0
6.0,5,-816.0,-838.0,0.3,85.0,SERVICE,HOME,,1,1,1,1,0,1,0.47,0
7.0,1,-840.0,-838.0,29.4,99.68,ACTIVE,SURVEY,P2,1,1,1,1,0,0,0.36,0
7.0,2,-834.0,-838.0,5.1,99.69,ACTIVE,RELAY,P1,1,1,1,1,0,0,0.3,0
7.0,3,-828.0,-838.0,0.3,48.0,SERVICE,HOME,,1,1,1,1,0,0,0.17,0
7.0,4,-822.0,-838.0,17.3,99.7,ACTIVE,SURVEY,P1,1,1,1,1,0,0,0.11,0
7.0,5,-816.0,-838.0,0.3,85.0,SERVICE,HOME,,1,1,1,1,0,1,0.49,0
8.0,1,-840.0,-838.0,34.2,99.63,ACTIVE,SURVEY,P2,1,1,1,1,0,0,0.36,0
8.0,2,-834.0,-838.0,9.9,99.64,ACTIVE,RELAY,P1,1,1,1,1,0,0,0.24,0
8.0,3,-828.0,-838.0,0.3,48.0,SERVICE,HOME,,1,1,1,1,0,0,0.17,0
8.0,4,-822.0,-838.0,22.1,99.65,ACTIVE,SURVEY,P1,1,1,1,1,0,0,0.04,0
8.0,5,-816.0,-838.0,0.3,85.0,SERVICE,HOME,,1,1,1,1,0,1,0.43,0
9.0,1,-840.0,-838.0,39.3,99.57,ACTIVE,SURVEY,P2,1,1,1,1,0,0,0.36,0
9.0,2,-834.0,-838.0,15.0,99.58,ACTIVE,RELAY,P1,1,1,1,1,0,0,0.3,0
9.0,3,-828.0,-838.0,0.3,48.0,SERVICE,HOME,,1,1,1,1,0,0,0.15,0
9.0,4,-822.0,-838.0,27.2,99.59,ACTIVE,SURVEY,P1,1,1,1,1,0,0,0.04,0
9.0,5,-816.0,-838.0,0.3,85.0,SERVICE,HOME,,1,1,1,1,0,1,0.49,0
10.0,1,-840.0,-838.0,44.5,99.51,ACTIVE,SURVEY,P2,1,1,1,1,0,0,0.43,0
10.0,2,-834.0,-838.0,20.1,99.53,ACTIVE,RELAY,P1,1,1,1,1,0,0,0.3,0
10.0,3,-828.0,-838.0,0.3,48.0,SERVICE,HOME,,1,1,1,1,0,0,0.17,0
10.0,4,-822.0,-838.0,32.3,99.54,ACTIVE,SURVEY,P1,1,1,1,1,0,0,0.11,0
10.0,5,-816.0,-838.0,0.3,85.0,SERVICE,HOME,,1,1,1,1,0,1,0.47,0
11.0,1,-840.0,-838.0,49.3,99.46,ACTIVE,SURVEY,P2,1,1,1,1,0,0,0.36,0
11.0,2,-834.0,-838.0,24.9,99.47,ACTIVE,RELAY,P1,1,1,1,1,0,0,0.23,0
11.0,3,-828.0,-838.0,0.3,48.0,SERVICE,HOME,,1,1,1,1,0,0,0.17,0
11.0,4,-822.0,-838.0,37.1,99.48,ACTIVE,SURVEY,P1,1,1,1,1,0,0,0.04,0
11.0,5,-816.0,-838.0,0.3,85.0,SERVICE,HOME,,1,1,1,1,0,1,0.43,0
12.0,1,-840.0,-838.0,54.4,99.41,ACTIVE,SURVEY,P2,1,1,1,1,0,0,0.36,0
12.0,2,-834.0,-838.0,30.1,99.42,ACTIVE,RELAY,P1,1,1,1,1,0,0,0.3,0
12.0,3,-828.0,-838.0,0.3,48.0,SERVICE,HOME,,1,1,1,1,0,0,0.17,0
12.0,4,-822.0,-838.0,42.2,99.43,ACTIVE,SURVEY,P1,1,1,1,1,0,0,0.11,0
12.0,5,-816.0,-838.0,0.3,85.0,SERVICE,HOME,,1,1,1,1,0,1,0.47,0
13.1,1,-840.0,-838.0,59.5,99.35,ACTIVE,SURVEY,P2,1,1,1,1,0,0,0.43,0
13.1,2,-834.0,-838.0,35.2,99.36,ACTIVE,RELAY,P1,1,1,1,1,0,0,0.3,0
13.1,3,-828.0,-838.0,0.3,48.0,SERVICE,HOME,,1,1,1,1,0,0,0.22,0
13.1,4,-822.0,-838.0,47.3,99.37,ACTIVE,SURVEY,P1,1,1,1,1,0,0,0.11,0
13.1,5,-816.0,-838.0,0.3,85.0,SERVICE,HOME,,1,1,1,1,0,1,0.49,0
14.0,1,-837.3,-823.9,60.0,99.3,ACTIVE,SURVEY,P2,1,1,1,1,0,0,0.36,0
14.0,2,-834.0,-838.0,36.5,99.31,ACTIVE,RELAY,P1,1,1,1,1,0,0,0.23,0
14.0,3,-828.0,-838.0,0.3,48.0,SERVICE,HOME,,1,1,1,1,0,0,0.17,0
14.0,4,-822.0,-838.0,48.3,99.32,ACTIVE,SURVEY,P1,1,1,1,1,0,0,0.04,0
14.0,5,-816.0,-838.0,0.3,85.0,SERVICE,HOME,,1,1,1,1,0,1,0.47,0
15.0,1,-834.5,-808.8,60.0,99.24,ACTIVE,SURVEY,P2,1,1,1,1,0,0,0.36,0
15.0,2,-834.0,-838.0,36.5,99.26,ACTIVE,RELAY,P1,1,1,1,1,0,0,0.3,0
15.0,3,-828.0,-838.0,0.3,48.0,SERVICE,HOME,,1,1,1,1,0,0,0.17,0
15.0,4,-822.0,-838.0,48.3,99.27,ACTIVE,SURVEY,P1,1,1,1,1,0,0,0.11,0
15.0,5,-816.0,-838.0,0.3,85.0,SERVICE,HOME,,1,1,1,1,0,1,0.49,0
16.0,1,-831.8,-794.6,60.0,99.19,ACTIVE,SURVEY,P2,1,1,1,1,0,0,0.36,0
16.0,2,-834.0,-838.0,36.5,99.21,ACTIVE,RELAY,P1,1,1,1,1,0,0,0.24,0
16.0,3,-828.0,-838.0,0.3,48.0,SERVICE,HOME,,1,1,1,1,0,0,0.17,0
16.0,4,-822.0,-838.0,48.3,99.22,ACTIVE,SURVEY,P1,1,1,1,1,0,0,0.04,0
16.0,5,-816.0,-838.0,0.3,85.0,SERVICE,HOME,,1,1,1,1,0,1,0.43,0
17.0,1,-828.9,-779.5,60.0,99.13,ACTIVE,SURVEY,P2,1,1,1,1,0,0,0.36,0
17.0,2,-834.0,-838.0,36.5,99.16,ACTIVE,RELAY,P1,1,1,1,1,0,0,0.3,0
17.0,3,-828.0,-838.0,0.3,48.0,SERVICE,HOME,,1,1,1,1,0,0,0.17,0
17.0,4,-822.0,-838.0,48.3,99.17,ACTIVE,SURVEY,P1,1,1,1,1,0,0,0.04,0
17.0,5,-816.0,-838.0,0.3,85.0,SERVICE,HOME,,1,1,1,1,0,1,0.49,0
18.0,1,-826.1,-764.4,60.0,99.07,ACTIVE,SURVEY,P2,1,1,1,1,0,0,0.43,0
18.0,2,-834.0,-838.0,40.6,99.1,ACTIVE,RELAY,P1,1,1,1,1,0,0,0.3,0
18.0,3,-828.0,-838.0,0.3,48.0,SERVICE,HOME,,1,1,1,1,0,0,0.17,0
18.0,4,-822.0,-838.0,52.8,99.12,ACTIVE,SURVEY,P1,1,1,1,1,0,0,0.11,0
18.0,5,-816.0,-838.0,0.3,85.0,SERVICE,HOME,,1,1,1,1,0,1,0.47,0
19.0,1,-823.4,-750.3,60.0,99.02,ACTIVE,SURVEY,P2,1,1,1,1,0,0,0.36,0
19.0,2,-834.0,-838.0,45.4,99.05,ACTIVE,RELAY,P1,1,1,1,1,0,0,0.23,0
19.0,3,-828.0,-838.0,0.3,48.0,SERVICE,HOME,,1,1,1,1,0,0,0.17,0
19.0,4,-822.0,-838.0,57.6,99.06,ACTIVE,SURVEY,P1,1,1,1,1,0,0,0.02,0
19.0,5,-816.0,-838.0,0.3,85.0,SERVICE,HOME,,1,1,1,1,0,1,0.43,0
20.0,1,-820.6,-735.2,60.0,98.97,ACTIVE,SURVEY,P2,1,1,1,1,0,0,0.36,0
20.0,2,-834.0,-838.0,50.5,99.0,ACTIVE,RELAY,P1,1,1,1,1,0,0,0.3,0
20.0,3,-828.0,-838.0,0.3,48.0,SERVICE,HOME,,1,1,1,1,0,0,0.17,0
20.0,4,-822.0,-838.0,62.7,99.01,ACTIVE,SURVEY,P1,1,1,1,1,0,0,0.11,0
20.0,5,-816.0,-838.0,0.3,85.0,SERVICE,HOME,,1,1,1,1,0,1,0.47,0
21.1,1,-817.7,-720.1,60.0,98.91,ACTIVE,SURVEY,P2,1,1,1,1,0,0,0.43,0
21.1,2,-834.0,-838.0,55.7,98.94,ACTIVE,RELAY,P1,1,1,1,1,0,0,0.3,0
21.1,3,-828.0,-838.0,0.3,48.0,SERVICE,HOME,,1,1,1,1,0,0,0.22,0
21.1,4,-822.0,-838.0,67.8,98.95,ACTIVE,SURVEY,P1,1,1,1,1,0,0,0.11,0
21.1,5,-816.0,-838.0,0.3,85.0,SERVICE,HOME,,1,1,1,1,0,1,0.49,0
22.0,1,-815.0,-705.9,60.0,98.86,ACTIVE,SURVEY,P2,1,1,1,1,0,0,0.36,0
22.0,2,-834.0,-838.0,60.5,98.89,ACTIVE,RELAY,P1,1,1,1,1,0,0,0.23,0
22.0,3,-828.0,-838.0,0.3,48.0,SERVICE,HOME,,1,1,1,1,0,0,0.17,0
22.0,4,-822.0,-838.0,72.6,98.9,ACTIVE,SURVEY,P1,1,1,1,1,0,0,0.04,0
22.0,5,-816.0,-838.0,0.3,85.0,SERVICE,HOME,,1,1,1,1,0,1,0.47,0
23.0,1,-812.2,-690.8,60.0,98.8,ACTIVE,SURVEY,P2,1,1,1,1,0,0,0.36,0
23.0,2,-834.0,-838.0,65.6,98.83,ACTIVE,RELAY,P1,1,1,1,1,0,0,0.3,0
23.0,3,-828.0,-838.0,0.3,48.0,SERVICE,HOME,,1,1,1,1,0,0,0.17,0
23.0,4,-822.0,-838.0,77.7,98.84,ACTIVE,SURVEY,P1,1,1,1,1,0,0,0.11,0
23.0,5,-816.0,-838.0,0.3,85.0,SERVICE,HOME,,1,1,1,1,0,1,0.49,0
24.0,1,-809.5,-676.7,60.0,98.75,ACTIVE,SURVEY,P2,1,1,1,1,0,0,0.36,0
24.0,2,-827.2,-834.3,68.0,98.78,ACTIVE,RELAY,P1,1,1,1,1,0,0,0.24,0
24.0,3,-828.0,-838.0,0.3,48.0,SERVICE,HOME,,1,1,1,1,0,0,0.17,0
24.0,4,-822.0,-838.0,82.5,98.79,ACTIVE,SURVEY,P1,1,1,1,1,0,0,0.04,0
24.0,5,-816.0,-838.0,0.3,85.0,SERVICE,HOME,,1,1,1,1,0,1,0.43,0
25.0,1,-806.7,-661.6,60.0,98.69,ACTIVE,SURVEY,P2,1,1,1,1,0,0,0.36,0
25.0,2,-813.7,-827.0,68.0,98.72,ACTIVE,RELAY,P1,1,1,1,1,0,0,0.3,0
25.0,3,-828.0,-838.0,0.3,48.0,SERVICE,HOME,,1,1,1,1,0,0,0.17,0
25.0,4,-812.0,-832.3,84.0,98.73,ACTIVE,SURVEY,P1,1,1,1,1,0,0,0.04,0
25.0,5,-816.0,-838.0,0.3,85.0,SERVICE,HOME,,1,1,1,1,0,1,0.49,0
26.0,1,-803.8,-646.5,60.0,98.63,ACTIVE,SURVEY,P2,1,1,1,1,0,0,0.43,0
26.0,2,-800.2,-819.7,68.0,98.66,ACTIVE,RELAY,P1,1,1,1,1,0,0,0.3,0
26.0,3,-828.0,-838.0,0.3,48.0,SERVICE,HOME,,1,1,1,1,0,0,0.17,0
26.0,4,-798.6,-824.8,84.0,98.68,ACTIVE,SURVEY,P1,1,1,1,1,0,0,0.11,0
26.0,5,-816.0,-838.0,0.3,85.0,SERVICE,HOME,,1,1,1,1,0,1,0.47,0
27.0,1,-801.1,-632.4,60.0,98.58,ACTIVE,SURVEY,P2,1,1,1,1,0,0,0.36,0
27.0,2,-787.6,-812.9,68.0,98.61,ACTIVE,RELAY,P1,1,1,1,1,0,0,0.23,0
27.0,3,-828.0,-838.0,0.3,48.0,SERVICE,HOME,,1,1,1,1,0,0,0.17,0
27.0,4,-786.1,-817.7,84.0,98.62,ACTIVE,SURVEY,P1,1,1,1,1,0,0,0.04,0
27.0,5,-816.0,-838.0,0.3,85.0,SERVICE,HOME,,1,1,1,1,0,1,0.43,0
28.0,1,-798.3,-617.3,60.0,98.53,ACTIVE,SURVEY,P2,1,1,1,1,0,0,0.36,0
28.0,2,-774.0,-805.6,68.0,98.56,ACTIVE,RELAY,P1,1,1,1,1,0,0,0.3,0
28.0,3,-828.0,-838.0,0.3,48.0,SERVICE,HOME,,1,1,1,1,0,0,0.17,0
28.0,4,-772.7,-810.1,84.0,98.57,ACTIVE,SURVEY,P1,1,1,1,1,0,0,0.11,0
28.0,5,-816.0,-838.0,0.3,85.0,SERVICE,HOME,,1,1,1,1,0,1,0.47,0
29.1,1,-795.4,-602.2,60.0,98.47,ACTIVE,SURVEY,P2,1,1,1,1,0,0,0.43,0
29.1,2,-760.5,-798.3,68.0,98.5,ACTIVE,RELAY,P1,1,1,1,1,0,0,0.3,0
29.1,3,-828.0,-838.0,0.3,48.0,SERVICE,HOME,,1,1,1,1,0,0,0.22,0
29.1,4,-759.3,-802.6,84.0,98.51,ACTIVE,SURVEY,P1,1,1,1,1,0,0,0.11,0
29.1,5,-816.0,-838.0,0.3,85.0,SERVICE,HOME,,1,1,1,1,0,1,0.49,0
30.0,1,-792.8,-588.0,60.0,98.42,ACTIVE,SURVEY,P2,1,1,1,1,0,0,0.36,0
30.0,2,-747.9,-791.4,68.0,98.45,ACTIVE,RELAY,P1,1,1,1,1,0,0,0.23,0
30.0,3,-828.0,-838.0,0.3,48.0,SERVICE,HOME,,1,1,1,1,0,0,0.17,0
30.0,4,-746.8,-795.5,84.0,98.46,ACTIVE,SURVEY,P1,1,1,1,1,0,0,0.04,0
30.0,5,-816.0,-838.0,0.3,85.0,SERVICE,HOME,,1,1,1,1,0,1,0.47,0
31.0,1,-789.9,-572.9,60.0,98.36,ACTIVE,SURVEY,P2,1,1,1,1,0,0,0.36,0
31.0,2,-734.4,-784.1,68.0,98.39,ACTIVE,RELAY,P1,1,1,1,1,0,0,0.3,0
31.0,3,-828.0,-838.0,0.3,48.0,SERVICE,HOME,,1,1,1,1,0,0,0.17,0
31.0,4,-733.4,-787.9,84.0,98.4,ACTIVE,SURVEY,P1,1,1,1,1,0,0,0.11,0
31.0,5,-816.0,-838.0,0.3,85.0,SERVICE,HOME,,1,1,1,1,0,1,0.49,0
32.0,1,-787.2,-558.8,60.0,98.31,ACTIVE,SURVEY,P2,1,1,1,1,0,0,0.36,0
32.0,2,-721.7,-777.3,68.0,98.34,ACTIVE,RELAY,P1,1,1,1,1,0,0,0.24,0
32.0,3,-828.0,-838.0,0.3,48.0,SERVICE,HOME,,1,1,1,1,0,0,0.17,0
32.0,4,-720.9,-780.8,84.0,98.35,ACTIVE,SURVEY,P1,1,1,1,1,0,0,0.04,0
32.0,5,-816.0,-838.0,0.3,85.0,SERVICE,HOME,,1,1,1,1,0,1,0.43,0
33.0,1,-784.4,-543.7,60.0,98.25,ACTIVE,SURVEY,P2,1,1,1,1,0,0,0.36,0
33.0,2,-708.2,-770.0,68.0,98.28,ACTIVE,RELAY,P1,1,1,1,1,0,0,0.3,0
33.0,3,-828.0,-838.0,0.3,48.0,SERVICE,HOME,,1,1,1,1,0,0,0.17,0
33.0,4,-707.5,-773.3,84.0,98.29,ACTIVE,SURVEY,P1,1,1,1,1,0,0,0.04,0
33.0,5,-816.0,-838.0,0.3,85.0,SERVICE,HOME,,1,1,1,1,0,1,0.49,0
34.0,1,-781.5,-528.6,60.0,98.19,ACTIVE,SURVEY,P2,1,1,1,1,0,0,0.43,0
34.0,2,-694.7,-762.7,68.0,98.22,ACTIVE,RELAY,P1,1,1,1,1,0,0,0.3,0
34.0,3,-828.0,-838.0,0.3,48.0,SERVICE,HOME,,1,1,1,1,0,0,0.17,0
34.0,4,-694.1,-765.7,84.0,98.24,ACTIVE,SURVEY,P1,1,1,1,1,0,0,0.11,0
34.0,5,-816.0,-838.0,0.3,85.0,SERVICE,HOME,,1,1,1,1,0,1,0.47,0
35.0,1,-778.8,-514.4,60.0,98.14,ACTIVE,SURVEY,P2,1,1,1,1,0,0,0.36,0
35.0,2,-682.0,-755.8,68.0,98.17,ACTIVE,RELAY,P1,1,1,1,1,0,0,0.23,0
35.0,3,-828.0,-838.0,0.3,48.0,SERVICE,HOME,,1,1,1,1,0,0,0.17,0
35.0,4,-681.6,-758.6,84.0,98.18,ACTIVE,SURVEY,P1,1,1,1,1,0,0,0.04,0
35.0,5,-816.0,-838.0,0.3,85.0,SERVICE,HOME,,1,1,1,1,0,1,0.43,0
36.0,1,-776.0,-499.4,60.0,98.09,ACTIVE,SURVEY,P2,1,1,1,1,0,0,0.36,0
36.0,2,-668.5,-748.5,68.0,98.12,ACTIVE,RELAY,P1,1,1,1,1,0,0,0.3,0
36.0,3,-828.0,-838.0,0.3,48.0,SERVICE,HOME,,1,1,1,1,0,0,0.17,0
36.0,4,-668.2,-751.1,84.0,98.13,ACTIVE,SURVEY,P1,1,1,1,1,0,0,0.11,0
36.0,5,-816.0,-838.0,0.3,85.0,SERVICE,HOME,,1,1,1,1,0,1,0.47,0
37.1,1,-773.1,-484.3,60.0,98.03,ACTIVE,SURVEY,P2,1,1,1,1,0,0,0.43,0
37.1,2,-655.0,-741.2,68.0,98.06,ACTIVE,RELAY,P1,1,1,1,1,0,0,0.3,0
37.1,3,-828.0,-838.0,0.3,48.0,SERVICE,HOME,,1,1,1,1,0,0,0.22,0
37.1,4,-654.9,-743.5,84.0,98.07,ACTIVE,SURVEY,P1,1,1,1,1,0,0,0.11,0
37.1,5,-816.0,-838.0,0.3,85.0,SERVICE,HOME,,1,1,1,1,0,1,0.49,0
38.0,1,-770.5,-470.1,60.0,97.98,ACTIVE,SURVEY,P2,1,1,1,1,0,0,0.36,0
38.0,2,-642.3,-734.4,68.0,98.01,ACTIVE,RELAY,P1,1,1,1,1,0,0,0.23,0
38.0,3,-828.0,-838.0,0.3,48.0,SERVICE,HOME,,1,1,1,1,0,0,0.17,0
38.0,4,-642.3,-736.4,84.0,98.02,ACTIVE,SURVEY,P1,1,1,1,1,0,0,0.04,0
38.0,5,-816.0,-838.0,0.3,85.0,SERVICE,HOME,,1,1,1,1,0,1,0.47,0
39.0,1,-767.6,-455.0,60.0,97.92,ACTIVE,SURVEY,P2,1,1,1,1,0,0,0.36,0
39.0,2,-628.8,-727.1,68.0,97.95,ACTIVE,RELAY,P1,1,1,1,1,0,0,0.3,0
39.0,3,-828.0,-838.0,0.3,48.0,SERVICE,HOME,,1,1,1,1,0,0,0.17,0
39.0,4,-629.0,-728.9,84.0,97.96,ACTIVE,SURVEY,P1,1,1,1,1,0,0,0.11,0
39.0,5,-816.0,-838.0,0.3,85.0,SERVICE,HOME,,1,1,1,1,0,1,0.49,0
40.0,1,-764.9,-440.9,60.0,97.87,ACTIVE,SURVEY,P2,1,1,1,1,0,0,0.36,0
40.0,2,-625.0,-725.0,68.0,97.9,ACTIVE,RELAY,P1,1,1,1,1,0,0,0.24,0
40.0,3,-828.0,-838.0,0.3,48.0,SERVICE,HOME,,1,1,1,1,0,0,0.17,0
40.0,4,-616.4,-721.8,84.0,97.91,ACTIVE,SURVEY,P1,1,1,1,1,0,0,0.04,0
40.0,5,-816.0,-838.0,0.3,85.0,SERVICE,HOME,,1,1,1,1,0,1,0.43,0
41.0,1,-762.1,-425.8,60.0,97.81,ACTIVE,SURVEY,P2,1,1,1,1,0,0,0.36,0
41.0,2,-625.0,-725.0,68.0,97.85,ACTIVE,RELAY,P1,1,1,1,1,0,0,0.3,0
41.0,3,-828.0,-838.0,0.3,48.0,SERVICE,HOME,,1,1,1,1,0,0,0.17,0
41.0,4,-603.0,-714.2,84.0,97.85,ACTIVE,SURVEY,P1,1,1,1,1,0,0,0.04,0
41.0,5,-816.0,-838.0,0.3,85.0,SERVICE,HOME,,1,1,1,1,0,1,0.49,0
42.0,1,-759.2,-410.7,60.0,97.75,ACTIVE,SURVEY,P2,1,1,1,1,0,0,0.43,0
42.0,2,-625.0,-725.0,68.0,97.8,ACTIVE,RELAY,P1,1,1,1,1,0,0,0.3,0
42.0,3,-828.0,-838.0,0.3,48.0,SERVICE,HOME,,1,1,1,1,0,0,0.17,0
42.0,4,-589.7,-706.7,84.0,97.8,ACTIVE,SURVEY,P1,1,1,1,1,0,0,0.11,0
42.0,5,-816.0,-838.0,0.3,85.0,SERVICE,HOME,,1,1,1,1,0,1,0.47,0
43.0,1,-756.6,-396.5,60.0,97.7,ACTIVE,SURVEY,P2,1,1,1,1,0,0,0.36,0
43.0,2,-625.0,-725.0,68.0,97.75,ACTIVE,RELAY,P1,1,1,1,1,0,0,0.23,0
43.0,3,-828.0,-838.0,0.3,48.0,SERVICE,HOME,,1,1,1,1,0,0,0.17,0
43.0,4,-577.1,-699.6,84.0,97.74,ACTIVE,SURVEY,P1,1,1,1,1,0,0,0.04,0
43.0,5,-816.0,-838.0,0.3,85.0,SERVICE,HOME,,1,1,1,1,0,1,0.43,0
44.0,1,-753.7,-381.4,60.0,97.65,ACTIVE,SURVEY,P2,1,1,1,1,0,0,0.36,0
44.0,2,-625.0,-725.0,68.0,97.7,ACTIVE,RELAY,P1,1,1,1,1,0,0,0.3,0
44.0,3,-828.0,-838.0,0.3,48.0,SERVICE,HOME,,1,1,1,1,0,0,0.17,0
44.0,4,-563.8,-692.0,84.0,97.69,ACTIVE,SURVEY,P1,1,1,1,1,0,0,0.11,0
44.0,5,-816.0,-838.0,0.3,85.0,SERVICE,HOME,,1,1,1,1,0,1,0.47,0
45.1,1,-750.9,-366.4,60.0,97.59,ACTIVE,SURVEY,P2,1,1,1,1,0,0,0.43,0
45.1,2,-625.0,-725.0,68.0,97.65,ACTIVE,RELAY,P1,1,1,1,1,0,0,0.3,0
45.1,3,-828.0,-838.0,0.3,48.0,SERVICE,HOME,,1,1,1,1,0,0,0.22,0
45.1,4,-550.4,-684.5,84.0,97.63,ACTIVE,SURVEY,P1,1,1,1,1,0,0,0.11,0
45.1,5,-816.0,-838.0,0.3,85.0,SERVICE,HOME,,1,1,1,1,0,1,0.49,0
46.0,1,-748.2,-352.2,60.0,97.54,ACTIVE,SURVEY,P2,1,1,1,1,0,0,0.36,0
46.0,2,-625.0,-725.0,68.0,97.6,ACTIVE,RELAY,P1,1,1,1,1,0,0,0.23,0
46.0,3,-828.0,-838.0,0.3,48.0,SERVICE,HOME,,1,1,1,1,0,0,0.17,0
46.0,4,-537.9,-677.4,84.0,97.58,ACTIVE,SURVEY,P1,1,1,1,1,0,0,0.04,0
46.0,5,-816.0,-838.0,0.3,85.0,SERVICE,HOME,,1,1,1,1,0,1,0.47,0
47.0,1,-745.3,-337.1,60.0,97.48,ACTIVE,SURVEY,P2,1,1,1,1,0,0,0.36,0
47.0,2,-625.0,-725.0,68.0,97.55,ACTIVE,RELAY,P1,1,1,1,1,0,0,0.3,0
47.0,3,-828.0,-838.0,0.3,48.0,SERVICE,HOME,,1,1,1,1,0,0,0.17,0
47.0,4,-524.5,-669.8,84.0,97.52,ACTIVE,SURVEY,P1,1,1,1,1,0,0,0.11,0
47.0,5,-816.0,-838.0,0.3,85.0,SERVICE,HOME,,1,1,1,1,0,1,0.49,0
48.0,1,-742.7,-323.0,60.0,97.43,ACTIVE,SURVEY,P2,1,1,1,1,0,0,0.36,0
48.0,2,-625.0,-725.0,68.0,97.5,ACTIVE,RELAY,P1,1,1,1,1,0,0,0.24,0
48.0,3,-828.0,-838.0,0.3,48.0,SERVICE,HOME,,1,1,1,1,0,0,0.17,0
48.0,4,-512.0,-662.7,84.0,97.47,ACTIVE,SURVEY,P1,1,1,1,1,0,0,0.04,0
48.0,5,-816.0,-838.0,0.3,85.0,SERVICE,HOME,,1,1,1,1,0,1,0.43,0
49.0,1,-739.8,-307.9,60.0,97.37,ACTIVE,SURVEY,P2,1,1,1,1,0,0,0.34,0
49.0,2,-625.0,-725.0,68.0,97.45,ACTIVE,RELAY,P1,1,1,1,1,0,0,0.3,0
49.0,3,-828.0,-838.0,0.3,48.0,SERVICE,HOME,,1,1,1,1,0,0,0.17,0
49.0,4,-498.6,-655.2,84.0,97.41,ACTIVE,SURVEY,P1,1,1,1,1,0,0,0.02,0
49.0,5,-816.0,-838.0,0.3,85.0,SERVICE,HOME,,1,1,1,1,0,1,0.49,0
50.0,1,-737.0,-292.8,60.0,97.31,ACTIVE,SURVEY,P2,1,1,1,1,0,0,0.43,0
50.0,2,-625.0,-725.0,68.0,97.4,ACTIVE,RELAY,P1,1,1,1,1,0,0,0.3,0
50.0,3,-828.0,-838.0,0.3,48.0,SERVICE,HOME,,1,1,1,1,0,0,0.17,0
50.0,4,-485.2,-647.6,84.0,97.36,ACTIVE,SURVEY,P1,1,1,1,1,0,0,0.11,0
50.0,5,-816.0,-838.0,0.3,85.0,SERVICE,HOME,,1,1,1,1,0,1,0.47,0
51.0,1,-734.3,-278.6,60.0,97.26,ACTIVE,SURVEY,P2,1,1,1,1,0,0,0.36,0
51.0,2,-625.0,-725.0,68.0,97.35,ACTIVE,RELAY,P1,1,1,1,1,0,0,0.23,0
51.0,3,-828.0,-838.0,0.3,48.0,SERVICE,HOME,,1,1,1,1,0,0,0.17,0
51.0,4,-472.7,-640.5,84.0,97.3,ACTIVE,SURVEY,P1,1,1,1,1,0,0,0.04,0
51.0,5,-816.0,-838.0,0.3,85.0,SERVICE,HOME,,1,1,1,1,0,1,0.43,0
52.0,1,-731.4,-263.5,60.0,97.21,ACTIVE,SURVEY,P2,1,1,1,1,0,0,0.36,0
52.0,2,-625.0,-725.0,68.0,97.3,ACTIVE,RELAY,P1,1,1,1,1,0,0,0.3,0
52.0,3,-828.0,-838.0,0.3,48.0,SERVICE,HOME,,1,1,1,1,0,0,0.17,0
52.0,4,-459.3,-633.0,84.0,97.25,ACTIVE,SURVEY,P1,1,1,1,1,0,0,0.11,0
52.0,5,-816.0,-838.0,0.3,85.0,SERVICE,HOME,,1,1,1,1,0,1,0.47,0
53.1,1,-728.6,-248.4,60.0,97.15,ACTIVE,SURVEY,P2,1,1,1,2,2,0,0.41,0
53.1,2,-625.0,-725.0,68.0,97.25,ACTIVE,RELAY,P1,1,1,1,1,0,0,0.3,0
53.1,3,-828.0,-838.0,0.3,48.0,SERVICE,HOME,,1,1,1,1,0,0,0.22,0
53.1,4,-458.7,-632.6,84.0,97.19,ACTIVE,SURVEY,P1,1,1,1,1,0,0,0.11,0
53.1,5,-816.0,-838.0,0.3,85.0,SERVICE,HOME,,1,1,1,1,0,1,0.49,0
54.0,1,-725.9,-234.3,60.0,97.1,ACTIVE,SURVEY,P2,1,1,1,2,2,0,0.34,0
54.0,2,-625.0,-725.0,68.0,97.2,ACTIVE,RELAY,P1,1,1,1,1,0,0,0.23,0
54.0,3,-828.0,-838.0,0.3,48.0,SERVICE,HOME,,1,1,1,1,0,0,0.17,0
54.0,4,-458.7,-632.6,84.0,97.15,ACTIVE,SURVEY,P1,1,1,1,1,0,0,0.04,0
54.0,5,-816.0,-838.0,0.3,85.0,SERVICE,HOME,,1,1,1,1,0,1,0.47,0
55.0,1,-723.0,-219.2,60.0,97.04,ACTIVE,SURVEY,P2,1,1,1,2,2,0,0.34,0
55.0,2,-625.0,-725.0,68.0,97.15,ACTIVE,RELAY,P1,1,1,1,1,0,0,0.3,0
55.0,3,-828.0,-838.0,0.3,48.0,SERVICE,HOME,,1,1,1,1,0,0,0.17,0
55.0,4,-458.7,-632.6,84.0,97.1,ACTIVE,SURVEY,P1,1,1,1,1,0,0,0.11,0
55.0,5,-816.0,-838.0,0.3,85.0,SERVICE,HOME,,1,1,1,1,0,1,0.49,0
56.0,1,-720.4,-205.0,60.0,96.99,ACTIVE,SURVEY,P2,1,1,1,2,2,0,0.34,0
56.0,2,-625.0,-725.0,68.0,97.1,ACTIVE,RELAY,P1,1,1,1,1,0,0,0.24,0
56.0,3,-828.0,-838.0,0.3,48.0,SERVICE,HOME,,1,1,1,1,0,0,0.17,0
56.0,4,-458.7,-632.6,84.0,97.05,ACTIVE,SURVEY,P1,1,1,1,1,0,0,0.04,0
56.0,5,-816.0,-838.0,0.3,85.0,SERVICE,HOME,,1,1,1,1,0,1,0.43,0
57.0,1,-717.5,-190.0,60.0,96.93,ACTIVE,SURVEY,P2,1,1,1,2,2,0,0.34,0
57.0,2,-625.0,-725.0,68.0,97.05,ACTIVE,RELAY,P1,1,1,1,1,0,0,0.3,0
57.0,3,-828.0,-838.0,0.3,48.0,SERVICE,HOME,,1,1,1,1,0,0,0.17,0
57.0,4,-458.7,-632.6,84.0,97.0,ACTIVE,SURVEY,P1,1,1,1,1,0,0,0.04,0
57.0,5,-816.0,-838.0,0.3,85.0,SERVICE,HOME,,1,1,1,1,0,1,0.49,0
58.0,1,-714.7,-174.9,60.0,96.87,ACTIVE,SURVEY,P2,1,1,1,2,2,0,0.41,0
58.0,2,-625.0,-725.0,68.0,97.0,ACTIVE,RELAY,P1,1,1,1,1,0,0,0.3,0
58.0,3,-828.0,-838.0,0.3,48.0,SERVICE,HOME,,1,1,1,1,0,0,0.17,0
58.0,4,-458.7,-632.6,84.0,96.95,ACTIVE,SURVEY,P1,1,1,1,1,0,0,0.11,0
58.0,5,-816.0,-838.0,0.3,85.0,SERVICE,HOME,,1,1,1,1,0,1,0.47,0
59.0,1,-712.0,-160.7,60.0,96.82,ACTIVE,SURVEY,P2,1,1,1,2,2,0,0.34,0
59.0,2,-625.0,-725.0,68.0,96.95,ACTIVE,RELAY,P1,1,1,1,1,0,0,0.23,0
59.0,3,-828.0,-838.0,0.3,48.0,SERVICE,HOME,,1,1,1,1,0,0,0.17,0
59.0,4,-458.7,-632.6,84.0,96.9,ACTIVE,SURVEY,P1,1,1,1,1,0,0,0.04,0
59.0,5,-816.0,-838.0,0.3,85.0,SERVICE,HOME,,1,1,1,1,0,1,0.43,0
60.0,1,-709.4,-147.1,60.0,96.77,ACTIVE,SURVEY,P2,1,1,1,2,2,0,0.34,0
60.0,2,-625.0,-725.0,68.0,96.9,ACTIVE,RELAY,P1,1,1,1,1,0,0,0.3,0
60.0,3,-828.0,-838.0,0.3,100.0,READY,HOME,,1,1,1,1,0,0,0.17,0
60.0,4,-458.7,-632.6,84.0,96.85,ACTIVE,SURVEY,P1,1,1,1,1,0,0,0.11,0
60.0,5,-816.0,-838.0,0.3,100.0,READY,HOME,,1,1,1,1,0,1,0.47,0
61.1,1,-709.4,-147.1,60.0,96.71,ACTIVE,SURVEY,P2,1,1,1,2,2,0,0.41,0
61.1,2,-625.0,-725.0,68.0,96.85,ACTIVE,RELAY,P1,1,1,1,1,0,0,0.28,0
61.1,3,-828.0,-838.0,0.9,99.99,ACTIVE,RELAY,P2,1,1,1,1,0,0,0.22,0
61.1,4,-458.7,-632.6,84.0,96.79,ACTIVE,SURVEY,P1,1,1,1,1,0,0,0.11,0
61.1,5,-816.0,-838.0,0.3,100.0,READY,HOME,,1,1,1,1,0,1,0.49,0
62.0,1,-709.4,-147.1,60.0,96.67,ACTIVE,SURVEY,P2,1,1,1,2,2,0,0.34,0
62.0,2,-625.0,-725.0,68.0,96.8,ACTIVE,RELAY,P1,1,1,1,1,0,0,0.23,0
62.0,3,-828.0,-838.0,5.7,99.94,ACTIVE,RELAY,P2,1,1,1,1,0,0,0.17,0
62.0,4,-458.7,-632.6,84.0,96.75,ACTIVE,SURVEY,P1,1,1,1,1,0,2,0.04,0
62.0,5,-816.0,-838.0,-1.0,99.98,ACTIVE,SURVEY,P3,1,1,1,1,0,1,0.47,0
63.0,1,-709.4,-147.1,60.0,96.62,ACTIVE,SURVEY,P2,1,1,1,2,2,0,0.19,0
63.0,2,-625.0,-725.0,68.0,96.75,ACTIVE,RELAY,P1,1,1,1,1,0,0,0.26,0
63.0,3,-828.0,-838.0,10.9,99.88,ACTIVE,RELAY,P2,1,1,1,1,0,0,0.12,0
63.0,4,-458.7,-632.6,84.0,96.7,ACTIVE,SURVEY,P1,1,1,1,1,0,2,0.1,0
63.0,5,-816.0,-838.0,-1.3,99.93,ACTIVE,SURVEY,P3,1,1,1,1,0,1,0.12,0
64.0,1,-709.4,-147.1,60.0,96.57,ACTIVE,SURVEY,P2,1,1,1,2,2,0,0.16,0
64.0,2,-625.0,-725.0,68.0,96.7,ACTIVE,RELAY,P1,1,1,1,1,0,0,0.23,0
64.0,3,-828.0,-838.0,15.7,99.83,ACTIVE,RELAY,P2,1,1,1,1,0,0,0.16,0
64.0,4,-458.7,-632.6,84.0,96.65,ACTIVE,SURVEY,P1,1,1,1,1,0,3,0.04,0
64.0,5,-816.0,-838.0,3.5,99.87,ACTIVE,SURVEY,P3,1,1,1,1,0,1,0.16,0
65.0,1,-709.4,-147.1,60.0,96.52,ACTIVE,SURVEY,P2,1,1,1,2,2,0,0.21,0
65.0,2,-625.0,-725.0,68.0,96.65,ACTIVE,RELAY,P1,1,1,1,1,0,0,0.27,0
65.0,3,-828.0,-838.0,20.8,99.77,ACTIVE,RELAY,P2,1,1,1,1,0,0,0.17,0
65.0,4,-458.7,-632.6,84.0,96.6,ACTIVE,SURVEY,P1,1,1,1,1,0,1,0.03,0
65.0,5,-816.0,-838.0,8.6,99.82,ACTIVE,SURVEY,P3,1,1,1,1,0,1,0.21,0
66.0,1,-709.4,-147.1,60.0,96.46,ACTIVE,SURVEY,P2,1,1,1,2,2,0,0.17,0
66.0,2,-625.0,-725.0,68.0,96.6,ACTIVE,RELAY,P1,1,1,1,1,0,0,0.24,0
66.0,3,-828.0,-838.0,25.9,99.72,ACTIVE,RELAY,P2,1,1,1,1,0,0,0.17,0
66.0,4,-458.7,-632.6,84.0,96.55,ACTIVE,SURVEY,P1,1,1,1,1,0,0,0.08,0
66.0,5,-816.0,-838.0,13.7,99.76,ACTIVE,SURVEY,P3,1,1,1,1,0,1,0.44,0
67.0,1,-709.4,-147.1,60.0,96.42,ACTIVE,SURVEY,P2,1,1,1,2,2,0,0.34,0
67.0,2,-622.3,-722.3,68.0,96.55,ACTIVE,SURVEY,P4,1,1,1,1,0,0,0.23,0
67.0,3,-828.0,-838.0,30.7,99.67,ACTIVE,RELAY,P2,1,1,1,1,0,0,0.17,0
67.0,4,-458.7,-632.6,84.0,96.5,ACTIVE,SURVEY,P1,1,1,1,1,0,0,0.04,0
67.0,5,-816.0,-838.0,18.5,99.71,ACTIVE,SURVEY,P3,1,1,1,1,0,1,0.43,0
68.0,1,-709.4,-147.1,60.0,96.37,ACTIVE,SURVEY,P2,1,1,1,2,2,0,0.34,0
68.0,2,-611.5,-711.4,68.0,96.49,ACTIVE,SURVEY,P4,1,1,1,1,0,0,0.3,0
68.0,3,-828.0,-838.0,35.8,99.61,ACTIVE,RELAY,P2,1,1,1,1,0,0,0.17,0
68.0,4,-444.3,-627.3,84.0,96.44,ACTIVE,RELAY,P3,1,1,1,1,0,0,0.11,0
68.0,5,-816.0,-838.0,23.7,99.65,ACTIVE,SURVEY,P3,1,1,1,1,0,1,0.47,0
69.1,1,-709.4,-147.1,60.0,96.31,ACTIVE,SURVEY,P2,1,1,1,2,2,0,0.41,0
69.1,2,-600.6,-700.5,68.0,96.44,ACTIVE,SURVEY,P4,1,1,1,1,0,0,0.3,0
69.1,3,-828.0,-838.0,40.9,99.55,ACTIVE,RELAY,P2,1,1,1,1,0,0,0.17,0
69.1,4,-430.0,-621.9,84.0,96.38,ACTIVE,RELAY,P3,1,1,1,1,0,0,0.11,0
69.1,5,-816.0,-838.0,28.8,99.6,ACTIVE,SURVEY,P3,1,1,1,1,0,1,0.49,0
70.0,1,-709.4,-147.1,60.0,96.27,ACTIVE,SURVEY,P2,1,1,1,2,2,1,0.34,0
70.0,2,-590.4,-690.3,68.0,96.38,ACTIVE,SURVEY,P4,1,1,1,1,0,3,0.75,0
70.0,3,-828.0,-838.0,45.7,99.5,ACTIVE,RELAY,P2,1,1,1,1,0,0,0.17,0
70.0,4,-416.5,-616.9,84.0,96.33,ACTIVE,RELAY,P3,1,1,1,1,0,1,0.56,0
70.0,5,-816.0,-838.0,33.6,99.54,ACTIVE,SURVEY,P3,1,1,1,1,0,1,0.47,0
71.0,1,-709.4,-147.1,60.0,96.22,ACTIVE,SURVEY,P2,1,1,1,2,2,0,0.25,0
71.0,2,-579.6,-679.4,68.0,96.33,ACTIVE,SURVEY,P4,1,1,1,1,0,3,0.27,0
71.0,3,-828.0,-838.0,50.9,99.44,ACTIVE,RELAY,P2,1,1,1,1,0,0,0.17,0
71.0,4,-402.1,-611.5,84.0,96.28,ACTIVE,RELAY,P3,1,1,1,1,0,1,0.5,0
71.0,5,-816.0,-838.0,38.7,99.49,ACTIVE,SURVEY,P3,1,1,1,1,0,1,0.49,0
72.1,1,-709.4,-147.1,60.0,96.16,ACTIVE,SURVEY,P2,1,1,1,2,2,0,0.28,0
72.1,2,-568.8,-668.5,68.0,96.27,ACTIVE,SURVEY,P4,1,1,1,1,0,0,0.27,0
72.1,3,-828.0,-838.0,56.0,99.39,ACTIVE,RELAY,P2,1,1,1,1,0,0,0.13,0
72.1,4,-387.7,-606.2,84.0,96.22,ACTIVE,RELAY,P3,1,1,1,1,0,0,0.48,0
72.1,5,-816.0,-838.0,43.8,99.43,ACTIVE,SURVEY,P3,1,1,1,1,0,1,0.48,0
73.0,1,-709.4,-147.1,60.0,96.12,ACTIVE,SURVEY,P2,1,1,1,2,2,0,0.25,0
73.0,2,-558.6,-658.3,68.0,96.22,ACTIVE,SURVEY,P4,1,1,1,1,0,1,0.26,0
73.0,3,-828.0,-838.0,60.8,99.33,ACTIVE,RELAY,P2,1,1,1,1,0,0,0.17,0
73.0,4,-374.2,-601.2,84.0,96.17,ACTIVE,RELAY,P3,1,1,1,1,0,0,0.02,0
73.0,5,-816.0,-838.0,48.6,99.38,ACTIVE,SURVEY,P3,1,1,1,1,0,1,0.49,0
74.0,1,-709.4,-147.1,60.0,96.06,ACTIVE,SURVEY,P2,1,1,1,2,2,2,0.1,0
74.0,2,-547.8,-647.5,68.0,96.16,ACTIVE,SURVEY,P4,1,1,1,1,0,0,0.12,0
74.0,3,-828.0,-838.0,65.9,99.28,ACTIVE,RELAY,P2,1,1,1,1,0,0,0.12,0
74.0,4,-359.8,-595.8,84.0,96.11,ACTIVE,RELAY,P3,1,1,1,1,0,0,0.08,0
74.0,5,-816.0,-838.0,53.7,99.32,ACTIVE,SURVEY,P3,1,1,1,1,0,1,0.41,0
75.0,1,-709.4,-147.1,60.0,96.02,ACTIVE,SURVEY,P2,1,1,1,2,2,0,0.3,0
75.0,2,-537.6,-637.3,68.0,96.11,ACTIVE,SURVEY,P4,1,1,1,1,0,0,0.21,0
75.0,3,-828.0,-838.0,70.7,99.23,ACTIVE,RELAY,P2,1,1,1,1,0,0,0.12,0
75.0,4,-346.3,-590.8,84.0,96.06,ACTIVE,RELAY,P3,1,1,1,1,0,0,0.32,0
75.0,5,-816.0,-838.0,58.5,99.27,ACTIVE,SURVEY,P3,1,1,1,1,0,1,0.43,0
76.0,1,-709.4,-147.1,60.0,95.97,ACTIVE,SURVEY,P2,1,1,1,2,2,0,0.24,0
76.0,2,-526.8,-626.4,68.0,96.05,ACTIVE,SURVEY,P4,1,1,1,1,0,1,0.24,0
76.0,3,-828.0,-838.0,75.8,99.17,ACTIVE,RELAY,P2,1,1,1,1,0,0,0.17,0
76.0,4,-337.5,-587.5,84.0,96.0,ACTIVE,RELAY,P3,1,1,1,1,0,0,0.04,0
76.0,5,-816.0,-838.0,63.7,99.21,ACTIVE,SURVEY,P3,1,1,1,1,0,1,0.46,0
77.1,1,-709.4,-147.1,60.0,95.91,ACTIVE,SURVEY,P2,1,1,1,2,2,0,0.23,0
77.1,2,-515.9,-615.5,68.0,96.0,ACTIVE,SURVEY,P4,1,1,1,1,0,0,0.23,0
77.1,3,-825.8,-822.8,76.0,99.11,ACTIVE,RELAY,P2,1,1,1,1,0,0,0.01,0
77.1,4,-337.5,-587.5,84.0,95.95,ACTIVE,RELAY,P3,1,1,1,1,0,0,0.01,0
77.1,5,-816.0,-838.0,64.3,99.16,ACTIVE,SURVEY,P3,1,1,1,1,0,1,0.45,0
78.0,1,-709.4,-147.1,60.0,95.87,ACTIVE,SURVEY,P2,1,1,1,2,2,0,0.34,0
78.0,2,-505.8,-605.3,68.0,95.94,ACTIVE,SURVEY,P4,1,1,1,1,0,0,0.23,0
78.0,3,-823.7,-808.6,76.0,99.06,ACTIVE,RELAY,P2,1,1,1,1,0,0,0.17,0
78.0,4,-336.6,-587.8,84.0,95.9,ACTIVE,SURVEY,P3,1,1,1,1,0,0,0.04,0
78.0,5,-816.0,-838.0,64.3,99.11,ACTIVE,SURVEY,P3,1,1,1,1,0,1,0.47,0
79.0,1,-697.5,-143.2,60.0,95.81,ACTIVE,SURVEY,P4,1,1,1,2,2,0,0.32,0
79.0,2,-492.9,-597.2,68.0,95.89,ACTIVE,RELAY,P4,1,1,1,1,0,0,0.28,0
79.0,3,-813.3,-802.0,76.0,99.0,ACTIVE,RELAY,P3,1,1,1,1,0,0,0.17,0
79.0,4,-322.0,-592.6,84.0,95.85,ACTIVE,SURVEY,P3,1,1,1,1,0,0,0.11,0
79.0,5,-816.0,-838.0,64.3,99.06,ACTIVE,RELAY,P3,1,1,1,1,0,1,0.49,0
80.1,1,-682.9,-138.5,60.0,95.75,ACTIVE,SURVEY,P4,1,1,1,2,2,0,0.41,0
80.1,2,-479.3,-590.0,68.0,95.83,ACTIVE,RELAY,P4,1,1,1,1,0,0,0.3,0
80.1,3,-798.0,-800.7,76.0,98.95,ACTIVE,RELAY,P3,1,1,1,1,0,0,0.23,0
80.1,4,-307.4,-597.5,84.0,95.79,ACTIVE,SURVEY,P3,1,1,1,2,2,0,0.09,0
80.1,5,-816.0,-838.0,64.3,99.01,ACTIVE,RELAY,P3,1,1,1,1,0,1,0.49,0
81.0,1,-669.2,-134.1,60.0,95.7,ACTIVE,SURVEY,P4,1,1,1,2,2,0,0.34,0
81.0,2,-466.6,-583.2,68.0,95.78,ACTIVE,RELAY,P4,1,1,1,1,0,0,0.3,0
81.0,3,-783.7,-799.4,76.0,98.89,ACTIVE,RELAY,P3,1,1,1,1,0,0,0.17,0
81.0,4,-293.8,-602.0,84.0,95.74,ACTIVE,SURVEY,P3,1,1,1,2,2,0,0.0,0
81.0,5,-816.0,-838.0,64.3,98.96,ACTIVE,RELAY,P3,1,1,1,1,0,1,0.49,0
82.0,1,-654.6,-129.4,60.0,95.65,ACTIVE,SURVEY,P4,1,1,1,2,2,0,0.34,0
82.0,2,-453.0,-576.0,68.0,95.72,ACTIVE,RELAY,P4,1,1,1,1,0,0,0.3,0
82.0,3,-768.4,-798.1,76.0,98.84,ACTIVE,RELAY,P3,1,1,1,1,0,0,0.17,0
82.0,4,-279.2,-606.8,84.0,95.68,ACTIVE,SURVEY,P3,1,1,1,2,2,0,0.09,0
82.0,5,-816.0,-838.0,64.9,98.91,ACTIVE,RELAY,P3,1,1,1,1,0,1,0.47,0
83.0,1,-640.9,-124.9,60.0,95.59,ACTIVE,SURVEY,P4,1,1,1,2,2,0,0.32,0
83.0,2,-440.3,-569.2,68.0,95.67,ACTIVE,RELAY,P4,1,1,1,1,0,0,0.21,0
83.0,3,-754.0,-796.8,76.0,98.79,ACTIVE,RELAY,P3,1,1,1,1,0,0,0.16,0
83.0,4,-265.5,-611.4,84.0,95.63,ACTIVE,SURVEY,P3,1,1,1,2,2,0,0.02,0
83.0,5,-816.0,-838.0,69.7,98.86,ACTIVE,RELAY,P3,1,1,1,1,0,1,0.43,0
84.0,1,-626.3,-120.2,60.0,95.54,ACTIVE,SURVEY,P4,1,1,1,2,2,0,0.34,0
84.0,2,-426.8,-562.0,68.0,95.61,ACTIVE,RELAY,P4,1,1,1,1,0,0,0.3,0
84.0,3,-738.7,-795.5,76.0,98.73,ACTIVE,RELAY,P3,1,1,1,1,0,0,0.17,0
84.0,4,-250.9,-616.2,84.0,95.57,ACTIVE,SURVEY,P3,1,1,1,2,2,0,0.07,0
84.0,5,-816.0,-838.0,74.9,98.8,ACTIVE,RELAY,P3,1,1,1,1,0,1,0.49,0
85.1,1,-611.7,-115.5,60.0,95.48,ACTIVE,SURVEY,P4,1,1,1,2,2,0,0.41,0
85.1,2,-413.2,-554.8,68.0,95.56,ACTIVE,RELAY,P4,1,1,1,1,0,0,0.3,0
85.1,3,-723.4,-794.2,76.0,98.67,ACTIVE,RELAY,P3,1,1,1,1,0,0,0.17,0
85.1,4,-236.3,-621.0,84.0,95.52,ACTIVE,SURVEY,P3,1,1,1,2,3,0,0.09,0
85.1,5,-816.0,-838.0,80.0,98.74,ACTIVE,RELAY,P3,1,1,1,1,0,1,0.49,0
86.0,1,-598.0,-111.1,60.0,95.43,ACTIVE,SURVEY,P4,1,1,1,2,2,0,0.34,0
86.0,2,-400.5,-548.0,68.0,95.5,ACTIVE,RELAY,P4,1,1,1,1,0,0,0.23,0
86.0,3,-709.1,-792.9,76.0,98.62,ACTIVE,RELAY,P3,1,1,1,1,0,0,0.17,0
86.0,4,-222.7,-625.5,84.0,95.46,ACTIVE,SURVEY,P3,1,1,1,2,3,0,0.02,0
86.0,5,-816.0,-838.0,84.8,98.69,ACTIVE,RELAY,P3,1,1,1,1,0,1,0.49,0
87.0,1,-583.4,-106.3,60.0,95.37,ACTIVE,SURVEY,P4,1,1,1,2,2,0,0.32,0
87.0,2,-386.9,-540.8,68.0,95.45,ACTIVE,RELAY,P4,1,1,1,1,0,0,0.28,0
87.0,3,-693.8,-791.6,76.0,98.56,ACTIVE,RELAY,P3,1,1,1,1,0,0,0.17,0
87.0,4,-208.1,-630.4,84.0,95.41,ACTIVE,SURVEY,P3,1,1,1,2,3,0,0.07,0
87.0,5,-816.0,-838.0,89.9,98.64,ACTIVE,RELAY,P3,1,1,1,1,0,1,0.49,0
88.1,1,-568.7,-101.6,60.0,95.31,ACTIVE,SURVEY,P4,1,1,1,2,2,0,0.39,0
88.1,2,-373.4,-533.6,68.0,95.39,ACTIVE,RELAY,P4,1,1,1,1,0,0,0.3,0
88.1,3,-678.5,-790.3,76.0,98.51,ACTIVE,RELAY,P3,1,1,1,1,0,0,0.23,0
88.1,4,-193.5,-635.2,84.0,95.35,ACTIVE,SURVEY,P3,1,1,1,2,3,0,0.09,0
88.1,5,-806.5,-836.7,92.0,98.58,ACTIVE,RELAY,P3,1,1,1,1,0,1,0.49,0
89.0,1,-555.0,-97.2,60.0,95.26,ACTIVE,SURVEY,P4,1,1,1,2,2,0,0.32,0
89.0,2,-360.7,-526.8,68.0,95.34,ACTIVE,RELAY,P4,1,1,1,1,0,0,0.3,0
89.0,3,-664.1,-789.0,76.0,98.45,ACTIVE,RELAY,P3,1,1,1,1,0,0,0.17,0
89.0,4,-179.9,-639.7,84.0,95.3,ACTIVE,SURVEY,P3,1,1,1,2,3,0,0.02,0
89.0,5,-792.2,-834.8,92.0,98.53,ACTIVE,RELAY,P3,1,1,1,1,0,1,0.49,0
90.0,1,-540.4,-92.5,60.0,95.21,ACTIVE,SURVEY,P4,1,1,1,3,2,0,0.34,0
90.0,2,-347.1,-519.6,68.0,95.28,ACTIVE,RELAY,P4,1,1,1,2,3,0,0.3,0
90.0,3,-648.8,-787.7,76.0,98.4,ACTIVE,RELAY,P3,1,1,1,1,0,0,0.17,0
90.0,4,-165.3,-644.6,84.0,95.24,ACTIVE,SURVEY,P3,1,1,1,2,3,0,0.09,0
90.0,5,-777.0,-832.8,92.0,98.47,ACTIVE,RELAY,P3,1,1,1,1,0,1,0.49,0
91.0,1,-526.7,-88.0,60.0,95.15,ACTIVE,SURVEY,P4,1,1,1,3,2,0,0.32,0
91.0,2,-334.4,-512.9,68.0,95.23,ACTIVE,RELAY,P4,1,1,1,2,3,0,0.21,0
91.0,3,-634.5,-786.4,76.0,98.35,ACTIVE,RELAY,P3,1,1,1,1,0,0,0.17,0
91.0,4,-151.6,-649.1,84.0,95.19,ACTIVE,SURVEY,P3,1,1,1,2,3,0,0.02,0
91.0,5,-762.7,-830.8,92.0,98.42,ACTIVE,RELAY,P3,1,1,1,1,0,1,0.43,0
92.0,1,-512.1,-83.3,60.0,95.1,ACTIVE,SURVEY,P4,1,1,1,3,2,0,0.3,0
92.0,2,-320.8,-505.7,68.0,95.17,ACTIVE,RELAY,P4,1,1,1,2,3,0,0.26,0
92.0,3,-619.2,-785.1,76.0,98.29,ACTIVE,RELAY,P3,1,1,1,1,0,0,0.17,0
92.0,4,-137.0,-653.9,84.0,95.13,ACTIVE,SURVEY,P3,1,1,1,2,3,0,0.09,0
92.0,5,-747.5,-828.8,92.0,98.36,ACTIVE,RELAY,P3,1,1,1,1,0,1,0.49,0
93.1,1,-497.5,-78.6,60.0,95.04,ACTIVE,SURVEY,P4,1,1,1,3,2,0,0.39,0
93.1,2,-307.3,-498.5,68.0,95.12,ACTIVE,RELAY,P4,1,1,1,2,3,0,0.28,0
93.1,3,-603.9,-783.8,76.0,98.23,ACTIVE,RELAY,P3,1,1,1,1,0,0,0.17,0
93.1,4,-122.4,-658.8,84.0,95.08,ACTIVE,SURVEY,P3,1,1,1,2,3,0,0.07,0
93.1,5,-732.3,-826.7,92.0,98.3,ACTIVE,RELAY,P3,1,1,1,1,0,1,0.49,0
94.0,1,-483.8,-74.2,60.0,94.99,ACTIVE,SURVEY,P4,1,1,1,3,2,0,0.3,0
94.0,2,-294.5,-491.7,68.0,95.06,ACTIVE,RELAY,P4,1,1,1,2,3,0,0.21,0
94.0,3,-589.5,-782.5,76.0,98.18,ACTIVE,RELAY,P3,1,1,1,1,0,0,0.17,0
94.0,4,-108.8,-663.3,84.0,95.02,ACTIVE,SURVEY,P3,1,1,1,2,3,0,0.02,0
94.0,5,-718.0,-824.8,92.0,98.25,ACTIVE,RELAY,P3,1,1,1,1,0,1,0.49,0
95.0,1,-469.2,-69.4,60.0,94.93,ACTIVE,SURVEY,P4,1,1,1,3,2,0,0.32,0
95.0,2,-281.0,-484.5,68.0,95.01,ACTIVE,RELAY,P4,1,1,1,2,3,0,0.28,0
95.0,3,-574.2,-781.2,76.0,98.12,ACTIVE,RELAY,P3,1,1,1,1,0,0,0.17,0
95.0,4,-94.2,-668.1,84.0,94.97,ACTIVE,SURVEY,P3,1,1,1,2,3,0,0.09,0
95.0,5,-702.8,-822.8,92.0,98.2,ACTIVE,RELAY,P3,1,1,1,1,0,1,0.49,0
96.1,1,-454.5,-64.7,60.0,94.87,ACTIVE,SURVEY,P4,1,1,1,3,2,0,0.36,0
96.1,2,-267.4,-477.3,68.0,94.95,ACTIVE,RELAY,P4,1,1,1,2,3,0,0.28,0
96.1,3,-558.9,-779.8,76.0,98.07,ACTIVE,RELAY,P3,1,1,1,1,0,0,0.23,0
96.1,4,-79.6,-673.0,84.0,94.91,ACTIVE,SURVEY,P3,1,1,1,2,3,0,0.09,0
96.1,5,-687.6,-820.7,92.0,98.14,ACTIVE,RELAY,P3,1,1,1,1,0,1,0.49,0
97.0,1,-440.8,-60.3,60.0,94.82,ACTIVE,SURVEY,P4,1,1,1,3,2,0,0.32,0
97.0,2,-254.7,-470.5,68.0,94.9,ACTIVE,RELAY,P4,1,1,1,2,3,0,0.28,0
97.0,3,-544.6,-778.6,76.0,98.01,ACTIVE,RELAY,P3,1,1,1,1,0,0,0.17,0
97.0,4,-65.9,-677.5,84.0,94.86,ACTIVE,SURVEY,P3,1,1,1,2,3,0,0.02,0
97.0,5,-673.3,-818.8,92.0,98.09,ACTIVE,RELAY,P3,1,1,1,1,0,1,0.49,0
98.0,1,-426.2,-55.6,60.0,94.77,ACTIVE,SURVEY,P4,1,1,1,3,2,0,0.32,0
98.0,2,-241.1,-463.3,68.0,94.84,ACTIVE,RELAY,P4,1,1,1,2,3,0,0.28,0
98.0,3,-529.3,-777.3,76.0,97.96,ACTIVE,RELAY,P3,1,1,1,1,0,0,0.17,0
98.0,4,-51.4,-682.3,84.0,94.8,ACTIVE,SURVEY,P3,1,1,1,2,3,0,0.09,0
98.0,5,-658.1,-816.8,92.0,98.03,ACTIVE,RELAY,P3,1,1,1,1,0,1,0.49,0
99.0,1,-412.5,-51.1,60.0,94.71,ACTIVE,SURVEY,P4,1,1,1,3,2,0,0.32,0
99.0,2,-228.4,-456.5,68.0,94.79,ACTIVE,RELAY,P4,1,1,1,2,3,0,0.21,0
99.0,3,-514.9,-776.0,76.0,97.91,ACTIVE,RELAY,P3,1,1,1,1,0,0,0.17,0
99.0,4,-37.7,-686.8,84.0,94.75,ACTIVE,SURVEY,P3,1,1,1,2,3,0,0.02,0
99.0,5,-643.8,-814.8,92.0,97.98,ACTIVE,RELAY,P3,1,1,1,1,0,1,0.43,0
100.0,1,-397.9,-46.4,60.0,94.66,ACTIVE,SURVEY,P4,1,1,1,3,2,0,0.32,0
100.0,2,-214.9,-449.3,68.0,94.73,ACTIVE,RELAY,P4,1,1,1,2,3,0,0.28,0
100.0,3,-499.6,-774.7,76.0,97.85,ACTIVE,RELAY,P3,1,1,1,1,0,0,0.17,0
100.0,4,-23.1,-691.7,84.0,94.69,ACTIVE,SURVEY,P3,1,1,1,2,3,0,0.09,0
100.0,5,-628.6,-812.8,92.0,97.92,ACTIVE,RELAY,P3,1,1,1,1,0,1,0.49,0
101.1,1,-383.3,-41.7,60.0,94.6,ACTIVE,SURVEY,P4,1,1,1,3,2,0,0.39,0
101.1,2,-201.3,-442.1,68.0,94.68,ACTIVE,RELAY,P4,1,1,1,2,3,0,0.28,0
101.1,3,-484.3,-773.3,76.0,97.79,ACTIVE,RELAY,P3,1,1,1,1,0,0,0.17,0
101.1,4,-8.5,-696.5,84.0,94.64,ACTIVE,SURVEY,P3,1,1,1,2,3,0,0.07,0
101.1,5,-613.3,-810.8,92.0,97.86,ACTIVE,RELAY,P3,1,1,1,1,0,1,0.49,0
102.0,1,-369.6,-37.3,60.0,94.55,ACTIVE,SURVEY,P4,1,1,1,3,2,0,0.32,0
102.0,2,-188.6,-435.3,68.0,94.62,ACTIVE,RELAY,P4,1,1,1,2,3,0,0.21,0
102.0,3,-470.0,-772.1,76.0,97.74,ACTIVE,RELAY,P3,1,1,1,1,0,0,0.17,0
102.0,4,5.1,-701.0,84.0,94.58,ACTIVE,SURVEY,P3,1,1,1,2,3,0,0.02,0
102.0,5,-599.1,-808.8,92.0,97.81,ACTIVE,RELAY,P3,1,1,1,1,0,1,0.49,0
103.0,1,-355.0,-32.5,60.0,94.49,ACTIVE,SURVEY,P4,1,1,1,3,2,0,0.28,0
103.0,2,-175.0,-428.1,68.0,94.57,ACTIVE,RELAY,P4,1,1,1,2,3,0,0.28,0
103.0,3,-454.7,-770.8,76.0,97.68,ACTIVE,RELAY,P3,1,1,1,1,0,0,0.17,0
103.0,4,19.7,-705.9,84.0,94.53,ACTIVE,SURVEY,P3,1,1,1,2,3,0,0.09,0
103.0,5,-583.8,-806.8,92.0,97.76,ACTIVE,RELAY,P3,1,1,1,1,0,1,0.49,0
104.1,1,-340.4,-27.8,60.0,94.43,ACTIVE,SURVEY,P4,1,1,1,3,2,0,0.39,0
104.1,2,-161.5,-420.9,68.0,94.51,ACTIVE,RELAY,P4,1,1,1,2,3,0,0.24,0
104.1,3,-439.4,-769.4,76.0,97.63,ACTIVE,RELAY,P3,1,1,1,1,0,0,0.23,0
104.1,4,33.6,-710.5,84.0,94.47,ACTIVE,SURVEY,P3,1,1,1,2,3,0,0.09,0
104.1,5,-568.6,-804.7,92.0,97.7,ACTIVE,RELAY,P3,1,1,1,1,0,1,0.49,0
105.0,1,-326.7,-23.4,60.0,94.38,ACTIVE,SURVEY,P4,1,1,1,3,2,0,0.32,0
105.0,2,-148.8,-414.2,68.0,94.46,ACTIVE,RELAY,P4,1,1,1,2,3,0,0.28,0
105.0,3,-425.0,-768.2,76.0,97.57,ACTIVE,RELAY,P3,1,1,1,1,0,0,0.15,0
105.0,4,33.6,-710.5,84.0,94.42,ACTIVE,SURVEY,P3,1,1,1,2,3,0,0.02,0
105.0,5,-554.4,-802.8,92.0,97.65,ACTIVE,RELAY,P3,1,1,1,1,0,1,0.49,0
106.0,1,-312.0,-18.7,60.0,94.33,ACTIVE,SURVEY,P4,1,1,1,3,2,0,0.32,0
106.0,2,-135.2,-407.0,68.0,94.4,ACTIVE,RELAY,P4,1,1,1,2,3,0,0.28,0
106.0,3,-409.7,-766.8,76.0,97.52,ACTIVE,RELAY,P3,1,1,1,1,0,0,0.17,0
106.0,4,33.6,-710.5,84.0,94.37,ACTIVE,SURVEY,P3,1,1,1,2,3,0,0.09,0
106.0,5,-539.1,-800.8,92.0,97.59,ACTIVE,RELAY,P3,1,1,1,1,0,1,0.47,0
107.0,1,-298.3,-14.2,60.0,94.27,ACTIVE,SURVEY,P4,1,1,1,3,2,0,0.28,0
107.0,2,-122.5,-400.2,68.0,94.35,ACTIVE,RELAY,P4,1,1,1,2,3,0,0.21,0
107.0,3,-395.4,-765.6,76.0,97.47,ACTIVE,RELAY,P3,1,1,1,1,0,0,0.17,0
107.0,4,33.6,-710.5,84.0,94.32,ACTIVE,SURVEY,P3,1,1,1,2,3,0,0.02,0
107.0,5,-533.3,-800.0,92.0,97.54,ACTIVE,RELAY,P3,1,1,1,1,0,1,0.43,0
108.0,1,-283.7,-9.5,60.0,94.22,ACTIVE,SURVEY,P4,1,1,1,3,2,0,0.32,0
108.0,2,-108.9,-393.0,68.0,94.29,ACTIVE,RELAY,P4,1,1,1,2,3,0,0.26,0
108.0,3,-380.1,-764.2,76.0,97.41,ACTIVE,RELAY,P3,1,1,1,1,0,0,0.17,0
108.0,4,33.6,-710.5,84.0,94.27,ACTIVE,SURVEY,P3,1,1,1,2,3,0,0.09,0
108.0,5,-533.3,-800.0,92.0,97.49,ACTIVE,RELAY,P3,1,1,1,1,0,1,0.47,0
109.1,1,-269.1,-4.8,60.0,94.16,ACTIVE,SURVEY,P4,1,1,1,3,2,0,0.39,0
109.1,2,-95.4,-385.8,68.0,94.24,ACTIVE,RELAY,P4,1,1,1,2,3,0,0.28,0
109.1,3,-364.8,-762.9,76.0,97.35,ACTIVE,RELAY,P3,1,1,1,1,0,0,0.17,0
109.1,4,33.6,-710.5,84.0,94.22,ACTIVE,SURVEY,P3,1,1,1,2,3,0,0.09,0
109.1,5,-533.3,-800.0,92.0,97.44,ACTIVE,RELAY,P3,1,1,1,1,0,1,0.49,0
110.0,1,-255.4,-0.4,60.0,94.11,ACTIVE,SURVEY,P4,1,1,1,3,2,0,0.32,0
110.0,2,-82.6,-379.0,68.0,94.18,ACTIVE,RELAY,P4,1,1,1,2,3,0,0.21,0
110.0,3,-350.4,-761.7,76.0,97.3,ACTIVE,RELAY,P3,1,1,1,1,0,0,0.17,0
110.0,4,33.6,-710.5,84.0,94.17,ACTIVE,SURVEY,P3,1,1,1,2,3,0,0.02,0
110.0,5,-533.3,-800.0,92.0,97.39,ACTIVE,RELAY,P3,1,1,1,1,0,1,0.47,0
111.0,1,-240.8,4.4,60.0,94.05,ACTIVE,SURVEY,P4,1,1,1,3,2,0,0.3,0
111.0,2,-69.1,-371.8,68.0,94.13,ACTIVE,RELAY,P4,1,1,1,2,3,0,0.28,0
111.0,3,-335.1,-760.3,76.0,97.24,ACTIVE,RELAY,P3,1,1,1,1,0,0,0.17,0
111.0,4,33.6,-710.5,84.0,94.12,ACTIVE,SURVEY,P3,1,1,1,2,3,0,0.09,0
111.0,5,-533.3,-800.0,92.0,97.34,ACTIVE,RELAY,P3,1,1,1,1,0,1,0.49,0
112.1,1,-226.2,9.1,60.0,93.99,ACTIVE,SURVEY,P4,1,1,1,3,2,0,0.39,0
112.1,2,-55.5,-364.6,68.0,94.07,ACTIVE,RELAY,P4,1,1,1,2,3,0,0.26,0
112.1,3,-319.8,-759.0,76.0,97.19,ACTIVE,RELAY,P3,1,1,1,1,0,0,0.23,0
112.1,4,33.6,-710.5,84.0,94.07,ACTIVE,SURVEY,P3,1,1,1,2,3,0,0.07,0
112.1,5,-533.3,-800.0,92.0,97.29,ACTIVE,RELAY,P3,1,1,1,1,0,1,0.49,0
113.0,1,-212.5,13.5,60.0,93.94,ACTIVE,SURVEY,P4,1,1,1,3,2,0,0.32,0
113.0,2,-42.8,-357.8,68.0,94.02,ACTIVE,RELAY,P4,1,1,1,2,3,0,0.28,0
113.0,3,-305.5,-757.7,76.0,97.13,ACTIVE,RELAY,P3,1,1,1,1,0,0,0.17,0
113.0,4,33.6,-710.5,84.0,94.02,ACTIVE,SURVEY,P3,1,1,1,2,3,0,0.0,0
113.0,5,-533.3,-800.0,92.0,97.24,ACTIVE,RELAY,P3,1,1,1,1,0,1,0.45,0
114.0,1,-197.9,18.2,60.0,93.89,ACTIVE,SURVEY,P4,1,1,1,3,2,0,0.3,0
114.0,2,-29.2,-350.6,68.0,93.96,ACTIVE,RELAY,P4,1,1,1,2,3,0,0.28,0
114.0,3,-290.2,-756.4,76.0,97.08,ACTIVE,RELAY,P3,1,1,1,1,0,1,0.17,0
114.0,4,33.6,-710.5,84.0,93.97,ACTIVE,SURVEY,P3,1,1,1,2,3,2,0.6,0
114.0,5,-533.3,-800.0,92.0,97.19,ACTIVE,RELAY,P3,1,1,1,1,0,1,0.47,0
115.0,1,-184.2,22.7,60.0,93.83,ACTIVE,SURVEY,P4,1,1,1,3,2,0,0.26,0
115.0,2,-16.5,-343.9,68.0,93.91,ACTIVE,RELAY,P4,1,1,1,2,3,0,0.12,0
115.0,3,-275.8,-755.2,76.0,97.03,ACTIVE,RELAY,P3,1,1,1,1,0,1,0.62,0
115.0,4,33.6,-710.5,84.0,93.92,ACTIVE,SURVEY,P3,1,1,1,2,5,0,0.25,0
115.0,5,-533.3,-800.0,92.0,97.14,ACTIVE,RELAY,P3,1,1,1,1,0,4,0.25,0
116.0,1,-169.5,27.4,60.0,93.78,ACTIVE,SURVEY,P4,1,1,1,4,2,0,0.13,0
116.0,2,-3.0,-336.6,68.0,93.85,ACTIVE,RELAY,P4,1,1,1,3,3,0,0.22,0
116.0,3,-260.5,-753.8,76.0,96.97,ACTIVE,RELAY,P3,1,1,1,2,5,0,0.13,0
116.0,4,33.6,-710.5,84.0,93.87,ACTIVE,SURVEY,P3,1,1,1,2,5,2,0.24,0
116.0,5,-533.3,-800.0,92.0,97.09,ACTIVE,RELAY,P3,1,1,1,1,0,4,0.26,0
117.1,1,-154.9,32.1,60.0,93.72,ACTIVE,SURVEY,P4,1,1,1,4,2,0,0.36,0
117.1,2,10.6,-329.4,68.0,93.8,ACTIVE,RELAY,P4,1,1,1,3,3,0,0.05,0
117.1,3,-245.2,-752.5,76.0,96.91,ACTIVE,RELAY,P3,1,1,1,2,5,0,0.04,0
117.1,4,33.6,-710.5,84.0,93.82,ACTIVE,SURVEY,P3,1,1,1,2,5,1,0.5,0
117.1,5,-533.3,-800.0,92.0,97.04,ACTIVE,RELAY,P3,1,1,1,1,0,4,0.41,0
118.0,1,-141.2,36.5,60.0,93.67,ACTIVE,SURVEY,P4,1,1,1,4,2,0,0.21,0
118.0,2,12.7,-328.3,68.0,93.75,ACTIVE,RELAY,P4,1,1,1,3,3,0,0.04,0
118.0,3,-230.9,-751.2,76.0,96.86,ACTIVE,RELAY,P3,1,1,1,2,5,0,0.55,0
118.0,4,33.6,-710.5,84.0,93.77,ACTIVE,SURVEY,P3,1,1,1,2,5,0,0.53,0
118.0,5,-533.3,-800.0,92.0,96.99,ACTIVE,RELAY,P3,1,1,1,1,0,9,0.44,0
119.0,1,-126.6,41.2,60.0,93.61,ACTIVE,SURVEY,P4,1,1,1,4,2,0,0.22,0
119.0,2,12.7,-328.3,68.0,93.7,ACTIVE,RELAY,P4,1,1,1,3,3,0,0.17,0
119.0,3,-216.7,-750.0,76.0,96.8,ACTIVE,RELAY,P3,1,1,1,2,5,0,0.0,0
119.0,4,33.6,-710.5,84.0,93.72,ACTIVE,SURVEY,P3,1,1,1,2,5,0,0.0,0
119.0,5,-533.3,-800.0,92.0,96.94,ACTIVE,RELAY,P3,1,1,1,1,0,3,0.31,0
120.1,1,-112.0,46.0,60.0,93.55,ACTIVE,SURVEY,P4,1,1,1,4,2,0,0.36,0
120.1,2,12.7,-328.3,68.0,93.64,ACTIVE,RELAY,P4,1,1,1,3,3,0,0.24,0
120.1,3,-216.7,-750.0,76.0,96.75,ACTIVE,RELAY,P3,1,1,1,2,5,0,0.1,0
120.1,4,33.6,-710.5,84.0,93.67,ACTIVE,SURVEY,P3,1,1,1,2,5,0,0.42,0
120.1,5,-533.3,-800.0,92.0,96.89,ACTIVE,RELAY,P3,1,1,1,1,0,4,0.42,0
121.0,1,-98.3,50.4,60.0,93.5,ACTIVE,SURVEY,P4,1,1,1,4,2,0,0.07,0
121.0,2,12.7,-328.3,68.0,93.6,ACTIVE,RELAY,P4,1,1,1,3,3,0,0.04,0
121.0,3,-216.7,-750.0,76.0,96.7,ACTIVE,RELAY,P3,1,1,1,2,5,0,0.0,0
121.0,4,33.6,-710.5,84.0,93.62,ACTIVE,SURVEY,P3,1,1,1,2,5,0,0.36,0
121.0,5,-533.3,-800.0,92.0,96.84,ACTIVE,RELAY,P3,1,1,1,1,0,2,0.38,0
122.0,1,-83.7,55.1,60.0,93.45,ACTIVE,SURVEY,P4,1,1,1,4,2,0,0.17,0
122.0,2,12.7,-328.3,68.0,93.55,ACTIVE,RELAY,P4,1,1,1,3,3,0,0.1,0
122.0,3,-216.7,-750.0,76.0,96.65,ACTIVE,RELAY,P3,1,1,1,2,5,0,0.55,0
122.0,4,33.6,-710.5,84.0,93.57,ACTIVE,SURVEY,P3,1,1,1,2,5,1,0.43,0
122.0,5,-533.3,-800.0,92.0,96.79,ACTIVE,RELAY,P3,1,1,1,1,0,8,0.47,0
123.0,1,-70.0,59.5,60.0,93.39,ACTIVE,SURVEY,P4,1,1,1,4,2,0,0.13,0
123.0,2,12.7,-328.3,68.0,93.5,ACTIVE,RELAY,P4,1,1,1,3,3,0,0.37,0
123.0,3,-216.7,-750.0,76.0,96.61,ACTIVE,RELAY,P3,1,1,1,2,5,0,0.11,0
123.0,4,33.6,-710.5,84.0,93.52,ACTIVE,SURVEY,P3,1,1,1,2,5,0,0.37,0
123.0,5,-533.3,-800.0,92.0,96.74,ACTIVE,RELAY,P3,1,1,1,1,0,1,0.37,0
124.0,1,-55.3,64.3,60.0,93.34,ACTIVE,SURVEY,P4,1,1,1,4,2,0,0.28,0
124.0,2,12.7,-328.3,68.0,93.45,ACTIVE,RELAY,P4,1,1,1,3,3,0,0.24,0
124.0,3,-216.7,-750.0,76.0,96.55,ACTIVE,RELAY,P3,1,1,1,2,5,0,0.15,0
124.0,4,33.6,-710.5,84.0,93.47,ACTIVE,SURVEY,P3,1,1,1,2,5,0,0.09,0
124.0,5,-533.3,-800.0,92.0,96.69,ACTIVE,RELAY,P3,1,1,1,1,0,1,0.47,0
125.1,1,-56.0,77.2,60.0,93.28,ACTIVE,SURVEY,P5,1,1,1,4,2,0,0.34,0
125.1,2,12.7,-316.8,68.0,93.39,ACTIVE,RELAY,P4,1,1,1,3,3,0,0.26,0
125.1,3,-218.1,-739.5,76.0,96.5,ACTIVE,RELAY,P4,1,1,1,2,5,0,0.14,0
125.1,4,35.5,-703.0,84.0,93.42,ACTIVE,SURVEY,P4,1,1,1,2,5,0,0.09,0
125.1,5,-535.3,-785.7,92.0,96.63,ACTIVE,RELAY,P4,1,1,1,1,0,1,0.47,0
126.0,1,-59.9,91.0,60.0,93.23,ACTIVE,SURVEY,P5,1,1,1,4,2,0,0.3,0
126.0,2,12.6,-302.4,68.0,93.34,ACTIVE,RELAY,P4,1,1,1,3,3,0,0.19,0
126.0,3,-220.1,-725.3,76.0,96.45,ACTIVE,RELAY,P4,1,1,1,2,5,0,0.15,0
126.0,4,39.0,-689.1,84.0,93.37,ACTIVE,SURVEY,P4,1,1,1,2,5,0,0.02,0
126.0,5,-537.2,-771.5,92.0,96.58,ACTIVE,RELAY,P4,1,1,1,1,0,1,0.47,0
127.0,1,-64.0,105.8,60.0,93.17,ACTIVE,SURVEY,P5,1,1,1,4,2,0,0.3,0
127.0,2,12.6,-287.0,68.0,93.28,ACTIVE,RELAY,P4,1,1,1,3,3,0,0.26,0
127.0,3,-222.1,-710.1,76.0,96.39,ACTIVE,RELAY,P4,1,1,1,2,5,0,0.14,0
127.0,4,42.7,-674.2,84.0,93.31,ACTIVE,SURVEY,P4,1,1,1,2,5,0,0.09,0
127.0,5,-539.3,-756.3,92.0,96.52,ACTIVE,RELAY,P4,1,1,1,1,0,1,0.49,0
128.1,1,-68.2,120.6,60.0,93.11,ACTIVE,SURVEY,P5,1,1,1,4,2,0,0.36,0
128.1,2,12.6,-271.7,68.0,93.23,ACTIVE,RELAY,P4,1,1,1,3,3,0,0.24,0
128.1,3,-224.2,-694.8,76.0,96.33,ACTIVE,RELAY,P4,1,1,1,2,5,0,0.21,0
128.1,4,46.5,-659.3,84.0,93.25,ACTIVE,SURVEY,P4,1,1,1,2,5,0,0.09,0
128.1,5,-541.4,-741.0,92.0,96.47,ACTIVE,RELAY,P4,1,1,1,1,0,1,0.49,0
129.0,1,-72.1,134.5,60.0,93.06,ACTIVE,SURVEY,P5,1,1,1,4,2,0,0.26,0
129.0,2,12.6,-257.3,68.0,93.17,ACTIVE,RELAY,P4,1,1,1,3,3,0,0.25,0
129.0,3,-226.2,-680.6,76.0,96.28,ACTIVE,RELAY,P4,1,1,1,2,5,0,0.14,0
129.0,4,50.0,-645.3,84.0,93.2,ACTIVE,SURVEY,P4,1,1,1,2,5,0,0.02,0
129.0,5,-543.4,-726.8,92.0,96.41,ACTIVE,RELAY,P4,1,1,1,1,0,1,0.49,0
130.0,1,-76.2,149.3,60.0,93.01,ACTIVE,SURVEY,P5,1,1,1,4,2,0,0.3,0
130.0,2,12.6,-241.9,68.0,93.12,ACTIVE,RELAY,P4,1,1,1,3,3,0,0.26,0
130.0,3,-228.3,-665.4,76.0,96.23,ACTIVE,RELAY,P4,1,1,1,2,5,0,0.15,0
130.0,4,53.7,-630.4,84.0,93.14,ACTIVE,SURVEY,P4,1,1,1,3,3,0,0.04,0
130.0,5,-545.5,-711.5,92.0,96.36,ACTIVE,RELAY,P4,1,1,1,1,0,1,0.49,0
131.0,1,-80.1,163.1,60.0,92.95,ACTIVE,SURVEY,P5,1,1,1,4,2,0,0.3,0
131.0,2,12.6,-227.5,68.0,93.06,ACTIVE,RELAY,P4,1,1,1,3,3,0,0.19,0
131.0,3,-230.2,-651.1,76.0,96.17,ACTIVE,RELAY,P4,1,1,1,2,5,0,0.14,0
131.0,4,57.2,-616.4,84.0,93.09,ACTIVE,SURVEY,P4,1,1,1,3,3,0,0.0,0
131.0,5,-547.4,-697.3,92.0,96.31,ACTIVE,RELAY,P4,1,1,1,1,0,1,0.42,0
132.0,1,-84.3,177.9,60.0,92.9,ACTIVE,SURVEY,P5,1,1,1,4,2,0,0.3,0
132.0,2,12.6,-212.2,68.0,93.01,ACTIVE,RELAY,P4,1,1,1,3,3,0,0.26,0
132.0,3,-232.3,-635.9,76.0,96.12,ACTIVE,RELAY,P4,1,1,1,2,5,0,0.15,0
132.0,4,60.9,-601.5,84.0,93.03,ACTIVE,SURVEY,P4,1,1,1,3,3,0,0.07,0
132.0,5,-549.5,-682.1,92.0,96.25,ACTIVE,RELAY,P4,1,1,1,1,0,1,0.49,0
133.1,1,-88.4,192.7,60.0,92.84,ACTIVE,SURVEY,P5,1,1,1,4,2,0,0.36,0
133.1,2,12.6,-196.8,68.0,92.95,ACTIVE,RELAY,P4,1,1,1,3,3,0,0.26,0
133.1,3,-234.4,-620.7,76.0,96.06,ACTIVE,RELAY,P4,1,1,1,2,5,0,0.14,0
133.1,4,64.7,-586.6,84.0,92.98,ACTIVE,SURVEY,P4,1,1,1,3,3,0,0.07,0
133.1,5,-551.6,-666.8,92.0,96.19,ACTIVE,RELAY,P4,1,1,1,1,0,1,0.49,0
134.0,1,-92.3,206.6,60.0,92.79,ACTIVE,SURVEY,P5,1,1,1,4,2,0,0.3,0
134.0,2,12.6,-182.4,68.0,92.9,ACTIVE,RELAY,P4,1,1,1,3,3,0,0.19,0
134.0,3,-236.4,-606.4,76.0,96.01,ACTIVE,RELAY,P4,1,1,1,2,5,0,0.13,0
134.0,4,68.2,-572.7,84.0,92.93,ACTIVE,SURVEY,P4,1,1,1,3,3,0,0.51,0
134.0,5,-553.6,-652.6,92.0,96.14,ACTIVE,RELAY,P4,1,1,1,1,0,1,0.49,0
135.0,1,-96.5,221.3,60.0,92.73,ACTIVE,SURVEY,P5,1,1,1,4,2,0,0.3,0
135.0,2,12.6,-167.0,68.0,92.84,ACTIVE,RELAY,P4,1,1,1,3,3,0,0.26,0
135.0,3,-238.5,-591.2,76.0,95.95,ACTIVE,RELAY,P4,1,1,1,2,5,0,0.14,0
135.0,4,71.9,-557.8,84.0,92.87,ACTIVE,SURVEY,P4,1,1,1,3,3,0,0.07,0
135.0,5,-555.7,-637.4,92.0,96.08,ACTIVE,RELAY,P4,1,1,1,1,0,1,0.49,0
136.1,1,-100.7,236.1,60.0,92.67,ACTIVE,SURVEY,P5,1,1,1,4,2,0,0.36,0
136.1,2,12.6,-151.7,68.0,92.79,ACTIVE,RELAY,P4,1,1,1,3,3,0,0.26,0
136.1,3,-240.6,-576.0,76.0,95.89,ACTIVE,RELAY,P4,1,1,1,2,5,0,0.21,0
136.1,4,75.6,-542.9,84.0,92.81,ACTIVE,SURVEY,P4,1,1,1,3,3,0,0.07,0
136.1,5,-557.7,-622.1,92.0,96.03,ACTIVE,RELAY,P4,1,1,1,1,0,1,0.48,0
137.0,1,-104.5,250.0,60.0,92.62,ACTIVE,SURVEY,P5,1,1,1,4,2,0,0.3,0
137.0,2,12.5,-137.3,68.0,92.73,ACTIVE,RELAY,P4,1,1,1,3,3,0,0.26,0
137.0,3,-242.5,-561.7,76.0,95.84,ACTIVE,RELAY,P4,1,1,1,2,5,0,0.14,0
137.0,4,79.1,-528.9,84.0,92.76,ACTIVE,SURVEY,P4,1,1,1,3,3,0,0.49,0
137.0,5,-559.7,-607.9,92.0,95.97,ACTIVE,RELAY,P4,1,1,1,1,0,1,0.49,0
138.0,1,-108.7,264.8,60.0,92.57,ACTIVE,SURVEY,P5,1,1,1,4,2,0,0.28,0
138.0,2,12.5,-121.9,68.0,92.68,ACTIVE,RELAY,P4,1,1,1,3,3,0,0.24,0
138.0,3,-244.6,-546.5,76.0,95.79,ACTIVE,RELAY,P4,1,1,1,2,5,0,0.15,0
138.0,4,82.8,-514.0,84.0,92.7,ACTIVE,SURVEY,P4,1,1,1,3,3,0,0.07,0
138.0,5,-561.8,-592.7,92.0,95.92,ACTIVE,RELAY,P4,1,1,1,1,0,1,0.49,0
139.0,1,-112.6,278.6,60.0,92.51,ACTIVE,SURVEY,P5,1,1,1,4,2,0,0.3,0
139.0,2,12.5,-107.5,68.0,92.62,ACTIVE,RELAY,P4,1,1,1,3,3,0,0.14,0
139.0,3,-246.6,-532.2,76.0,95.73,ACTIVE,RELAY,P4,1,1,1,2,5,0,0.14,0
139.0,4,86.3,-500.0,84.0,92.65,ACTIVE,SURVEY,P4,1,1,1,3,3,0,0.0,0
139.0,5,-562.5,-587.5,92.0,95.87,ACTIVE,RELAY,P4,1,1,1,1,0,1,0.42,0
140.0,1,-116.8,293.4,60.0,92.46,ACTIVE,SURVEY,P5,1,1,1,4,2,0,0.28,0
140.0,2,12.5,-92.2,68.0,92.57,ACTIVE,RELAY,P4,1,1,1,3,3,0,0.26,0
140.0,3,-248.6,-517.0,76.0,95.68,ACTIVE,RELAY,P4,1,1,1,2,5,0,0.15,0
140.0,4,90.1,-485.1,84.0,92.59,ACTIVE,SURVEY,P4,1,1,1,3,3,0,0.07,0
140.0,5,-562.5,-587.5,92.0,95.82,ACTIVE,RELAY,P4,1,1,1,1,0,1,0.49,0
141.1,1,-120.9,308.2,60.0,92.4,ACTIVE,SURVEY,P5,1,1,1,4,2,0,0.36,0
141.1,2,12.5,-76.8,68.0,92.51,ACTIVE,RELAY,P4,1,1,1,3,3,0,0.26,0
141.1,3,-250.7,-501.8,76.0,95.62,ACTIVE,RELAY,P4,1,1,1,2,5,0,0.14,0
141.1,4,93.8,-470.2,84.0,92.54,ACTIVE,SURVEY,P4,1,1,1,3,3,0,0.07,0
141.1,5,-562.5,-587.5,92.0,95.77,ACTIVE,RELAY,P4,1,1,1,1,0,1,0.47,0
142.0,1,-124.8,322.1,60.0,92.35,ACTIVE,SURVEY,P5,1,1,1,4,2,0,0.3,0
142.0,2,12.5,-62.5,68.0,92.46,ACTIVE,RELAY,P4,1,1,1,3,3,0,0.19,0
142.0,3,-252.7,-487.5,76.0,95.57,ACTIVE,RELAY,P4,1,1,1,2,5,0,0.13,0
142.0,4,97.3,-456.3,84.0,92.49,ACTIVE,SURVEY,P4,1,1,1,3,3,0,0.51,0
142.0,5,-562.5,-587.5,92.0,95.72,ACTIVE,RELAY,P4,1,1,1,1,0,1,0.49,0
143.0,1,-129.0,336.9,60.0,92.29,ACTIVE,SURVEY,P5,1,1,1,4,2,0,0.3,0
143.0,2,12.5,-62.5,68.0,92.41,ACTIVE,RELAY,P4,1,1,1,3,3,0,0.26,0
143.0,3,-254.8,-472.3,76.0,95.51,ACTIVE,RELAY,P4,1,1,1,2,5,0,0.14,0
143.0,4,101.0,-441.4,84.0,92.43,ACTIVE,SURVEY,P4,1,1,1,3,3,0,0.06,0
143.0,5,-562.5,-587.5,92.0,95.67,ACTIVE,RELAY,P4,1,1,1,1,0,1,0.49,0
144.1,1,-133.1,351.7,60.0,92.23,ACTIVE,SURVEY,P5,1,1,1,4,2,0,0.36,0
144.1,2,12.5,-62.5,68.0,92.36,ACTIVE,RELAY,P4,1,1,1,3,3,0,0.26,0
144.1,3,-256.9,-457.1,76.0,95.45,ACTIVE,RELAY,P4,1,1,1,2,5,0,0.21,0
144.1,4,104.8,-426.5,84.0,92.37,ACTIVE,SURVEY,P4,1,1,1,3,3,0,0.04,0
144.1,5,-562.5,-587.5,92.0,95.62,ACTIVE,RELAY,P4,1,1,1,1,0,1,0.46,0
145.0,1,-137.0,365.5,60.0,92.18,ACTIVE,SURVEY,P5,1,1,1,4,2,0,0.3,0
145.0,2,12.5,-62.5,68.0,92.31,ACTIVE,RELAY,P4,1,1,1,3,3,0,0.26,0
145.0,3,-258.8,-442.8,76.0,95.4,ACTIVE,RELAY,P4,1,1,1,2,5,0,0.14,0
145.0,4,108.3,-412.5,84.0,92.32,ACTIVE,SURVEY,P4,1,1,1,3,3,0,0.49,0
145.0,5,-562.5,-587.5,92.0,95.57,ACTIVE,RELAY,P4,1,1,1,1,0,1,0.49,0
146.0,1,-141.2,380.3,60.0,92.13,ACTIVE,SURVEY,P5,1,1,1,4,2,0,0.28,0
146.0,2,12.5,-62.5,68.0,92.26,ACTIVE,RELAY,P4,1,1,1,3,3,0,0.24,0
146.0,3,-260.9,-427.6,76.0,95.35,ACTIVE,RELAY,P4,1,1,1,2,5,0,0.15,0
146.0,4,112.0,-397.6,84.0,92.26,ACTIVE,SURVEY,P4,1,1,1,3,3,0,0.07,0
146.0,5,-562.5,-587.5,92.0,95.52,ACTIVE,RELAY,P4,1,1,1,1,0,1,0.49,0
147.0,1,-145.1,394.2,60.0,92.07,ACTIVE,SURVEY,P5,1,1,1,4,2,0,0.3,0
147.0,2,12.5,-62.5,68.0,92.21,ACTIVE,RELAY,P4,1,1,1,3,3,0,0.19,0
147.0,3,-262.9,-413.3,76.0,95.29,ACTIVE,RELAY,P4,1,1,1,2,5,0,0.14,0
147.0,4,115.5,-383.6,84.0,92.21,ACTIVE,SURVEY,P4,1,1,1,3,3,0,0.0,0
147.0,5,-562.5,-587.5,92.0,95.47,ACTIVE,RELAY,P4,1,1,1,1,0,1,0.42,0
148.0,1,-149.2,409.0,60.0,92.02,ACTIVE,SURVEY,P5,1,1,1,4,2,0,0.3,0
148.0,2,12.5,-62.5,68.0,92.16,ACTIVE,RELAY,P4,1,1,1,3,3,0,0.26,0
148.0,3,-265.0,-398.1,76.0,95.24,ACTIVE,RELAY,P4,1,1,1,2,5,0,0.15,0
148.0,4,119.2,-368.7,84.0,92.15,ACTIVE,SURVEY,P4,1,1,1,3,3,0,0.07,0
148.0,5,-562.5,-587.5,92.0,95.42,ACTIVE,RELAY,P4,1,1,1,1,0,1,0.49,0
149.1,1,-153.4,423.7,60.0,91.96,ACTIVE,SURVEY,P5,1,1,1,4,2,0,0.36,0
149.1,2,12.5,-62.5,68.0,92.11,ACTIVE,RELAY,P4,1,1,1,3,3,0,0.24,0
149.1,3,-267.1,-382.9,76.0,95.18,ACTIVE,RELAY,P4,1,1,1,2,5,0,0.14,0
149.1,4,123.0,-353.8,84.0,92.1,ACTIVE,SURVEY,P4,1,1,1,3,3,0,0.07,0
149.1,5,-562.5,-587.5,92.0,95.37,ACTIVE,RELAY,P4,1,1,1,1,0,1,0.49,0
150.0,1,-157.3,437.6,60.0,91.91,ACTIVE,SURVEY,P5,1,1,1,4,2,0,0.28,0
150.0,2,12.5,-62.5,68.0,92.06,ACTIVE,RELAY,P4,1,1,1,3,3,0,0.19,0
150.0,3,-269.0,-368.6,76.0,95.13,ACTIVE,RELAY,P4,1,1,1,2,5,0,0.13,0
150.0,4,126.5,-339.9,84.0,92.05,ACTIVE,SURVEY,P4,1,1,1,3,3,0,0.51,0
150.0,5,-562.5,-587.5,92.0,95.32,ACTIVE,RELAY,P4,1,1,1,1,0,1,0.49,0
151.0,1,-161.4,452.4,60.0,91.85,ACTIVE,SURVEY,P5,1,1,1,4,2,0,0.3,0
151.0,2,12.5,-62.5,68.0,92.01,ACTIVE,RELAY,P4,1,1,1,3,3,0,0.24,0
151.0,3,-271.1,-353.4,76.0,95.07,ACTIVE,RELAY,P4,1,1,1,2,5,0,0.14,0
151.0,4,130.2,-325.0,84.0,91.99,ACTIVE,SURVEY,P4,1,1,1,3,3,0,0.07,0
151.0,5,-562.5,-587.5,92.0,95.27,ACTIVE,RELAY,P4,1,1,1,1,0,1,0.47,0
152.1,1,-165.6,467.2,60.0,91.79,ACTIVE,SURVEY,P5,1,1,1,4,2,0,0.36,0
152.1,2,12.5,-62.5,68.0,91.96,ACTIVE,RELAY,P4,1,1,1,3,3,0,0.26,0
152.1,3,-273.2,-338.2,76.0,95.01,ACTIVE,RELAY,P4,1,1,1,2,5,0,0.21,0
152.1,4,133.9,-310.1,84.0,91.93,ACTIVE,SURVEY,P4,1,1,1,3,3,0,0.07,0
152.1,5,-562.5,-587.5,92.0,95.22,ACTIVE,RELAY,P4,1,1,1,1,0,1,0.48,0
153.0,1,-169.5,481.0,60.0,91.74,ACTIVE,SURVEY,P5,1,1,1,4,2,0,0.28,0
153.0,2,12.5,-62.5,68.0,91.91,ACTIVE,RELAY,P4,1,1,1,3,3,0,0.26,0
153.0,3,-275.0,-325.0,76.0,94.96,ACTIVE,RELAY,P4,1,1,1,2,5,0,0.12,0
153.0,4,137.4,-296.1,84.0,91.88,ACTIVE,SURVEY,P4,1,1,1,3,3,0,0.49,0
153.0,5,-562.5,-587.5,92.0,95.17,ACTIVE,RELAY,P4,1,1,1,1,0,1,0.49,0
154.0,1,-173.6,495.8,60.0,91.69,ACTIVE,SURVEY,P5,1,1,1,4,2,0,0.3,0
154.0,2,12.5,-62.5,68.0,91.86,ACTIVE,RELAY,P4,1,1,1,3,3,0,0.26,0
154.0,3,-275.0,-325.0,76.0,94.91,ACTIVE,RELAY,P4,1,1,1,2,5,0,0.15,0
154.0,4,141.2,-281.2,84.0,91.82,ACTIVE,SURVEY,P4,1,1,1,3,3,0,0.07,0
154.0,5,-562.5,-587.5,92.0,95.12,ACTIVE,RELAY,P4,1,1,1,1,0,1,0.49,0
155.0,1,-177.5,509.7,60.0,91.63,ACTIVE,SURVEY,P5,1,1,0,,,0,0.3,0
155.0,2,12.5,-62.5,68.0,91.81,ACTIVE,RELAY,P4,1,1,1,3,3,0,0.12,0
155.0,3,-275.0,-325.0,76.0,94.86,ACTIVE,RELAY,P4,1,1,1,2,5,0,0.15,0
155.0,4,144.7,-267.2,84.0,91.77,ACTIVE,SURVEY,P4,1,1,1,3,3,0,0.0,0
155.0,5,-562.5,-587.5,92.0,95.07,ACTIVE,RELAY,P4,1,1,1,1,0,1,0.4,0
156.0,1,-181.7,524.5,60.0,91.58,ACTIVE,SURVEY,P5,1,1,0,,,2,1.32,0
156.0,2,12.5,-62.5,68.0,91.76,ACTIVE,RELAY,P4,1,1,1,3,3,0,0.26,0
156.0,3,-275.0,-325.0,76.0,94.81,ACTIVE,RELAY,P4,1,1,1,2,5,0,0.15,0
156.0,4,148.4,-252.3,84.0,91.71,ACTIVE,SURVEY,P4,1,1,1,3,3,0,0.07,0
156.0,5,-562.5,-587.5,92.0,95.02,ACTIVE,RELAY,P4,1,1,1,1,0,1,0.49,0
157.1,1,-185.8,539.3,60.0,91.52,ACTIVE,SURVEY,P5,1,1,0,,,5,2.35,0
157.1,2,12.5,-62.5,68.0,91.71,ACTIVE,RELAY,P4,1,1,1,3,3,0,0.26,0
157.1,3,-275.0,-325.0,76.0,94.76,ACTIVE,RELAY,P4,1,1,1,2,5,0,0.14,0
157.1,4,152.1,-237.4,84.0,91.66,ACTIVE,SURVEY,P4,1,1,1,3,3,0,0.04,0
157.1,5,-562.5,-587.5,92.0,94.97,ACTIVE,RELAY,P4,1,1,1,1,0,1,0.49,0
158.0,1,-189.7,553.1,60.0,91.47,ACTIVE,SURVEY,P5,1,1,0,,,5,3.31,1
158.0,2,12.5,-62.5,68.0,91.66,ACTIVE,RELAY,P4,1,1,1,3,3,0,0.19,0
158.0,3,-275.0,-325.0,76.0,94.71,ACTIVE,RELAY,P4,1,1,1,2,5,0,0.15,0
158.0,4,155.6,-223.5,84.0,91.61,ACTIVE,SURVEY,P4,1,1,1,3,3,0,0.51,0
158.0,5,-562.5,-587.5,92.0,94.92,ACTIVE,RELAY,P4,1,1,1,1,0,1,0.49,0
159.0,1,-193.9,567.9,60.0,91.41,ACTIVE,SURVEY,P5,1,1,0,,,5,4.33,1
159.0,2,12.5,-62.5,68.0,91.61,ACTIVE,RELAY,P4,1,1,1,3,3,0,0.26,0
159.0,3,-275.0,-325.0,76.0,94.66,ACTIVE,RELAY,P4,1,1,1,2,5,0,0.14,0
159.0,4,159.4,-208.6,84.0,91.55,ACTIVE,SURVEY,P4,1,1,1,3,3,0,0.07,0
159.0,5,-562.5,-587.5,92.0,94.87,ACTIVE,RELAY,P4,1,1,1,1,0,1,0.49,0
160.1,1,-198.0,582.7,60.0,91.35,ACTIVE,SURVEY,P5,1,1,0,,,5,5.36,1
160.1,2,12.5,-62.5,68.0,91.56,ACTIVE,RELAY,P4,1,1,1,3,3,0,0.26,0
160.1,3,-275.0,-325.0,76.0,94.61,ACTIVE,RELAY,P4,1,1,1,2,5,0,0.21,0
160.1,4,163.1,-193.7,84.0,91.49,ACTIVE,SURVEY,P4,1,1,1,3,3,0,0.07,0
160.1,5,-562.5,-587.5,92.0,94.82,ACTIVE,RELAY,P4,1,1,1,1,0,1,0.48,0
161.0,1,-201.9,596.6,60.0,91.3,ACTIVE,SURVEY,P5,1,1,0,,,5,6.32,1
161.0,2,12.5,-62.5,68.0,91.51,ACTIVE,RELAY,P4,1,1,1,3,3,0,0.26,0
161.0,3,-275.0,-325.0,76.0,94.56,ACTIVE,RELAY,P4,1,1,1,2,5,0,0.14,0
161.0,4,166.6,-179.7,84.0,91.44,ACTIVE,SURVEY,P4,1,1,1,3,3,0,0.51,0
161.0,5,-562.5,-587.5,92.0,94.77,ACTIVE,RELAY,P4,1,1,1,1,0,1,0.49,0
162.0,1,-206.1,611.4,60.0,91.25,ACTIVE,SURVEY,P5,1,1,0,,,5,7.34,1
162.0,2,12.5,-62.5,68.0,91.46,ACTIVE,RELAY,P4,1,1,1,3,3,0,0.26,0
162.0,3,-275.0,-325.0,76.0,94.51,ACTIVE,RELAY,P4,1,1,1,2,5,0,0.13,0
162.0,4,170.3,-164.8,84.0,91.38,ACTIVE,SURVEY,P4,1,1,1,3,3,0,0.07,0
162.0,5,-562.5,-587.5,92.0,94.72,ACTIVE,RELAY,P4,1,1,1,1,0,1,0.49,0
163.0,1,-210.0,625.2,60.0,91.19,ACTIVE,SURVEY,P5,1,1,0,,,5,8.3,1
163.0,2,12.5,-62.5,68.0,91.41,ACTIVE,RELAY,P4,1,1,1,3,3,0,0.18,0
163.0,3,-275.0,-325.0,76.0,94.46,ACTIVE,RELAY,P4,1,1,1,2,5,0,0.14,0
163.0,4,173.8,-150.8,84.0,91.33,ACTIVE,SURVEY,P4,1,1,1,3,3,0,0.0,0
163.0,5,-562.5,-587.5,92.0,94.67,ACTIVE,RELAY,P4,1,1,1,1,0,1,0.43,0
164.0,1,-214.1,640.0,60.0,91.14,ACTIVE,SURVEY,P5,1,1,0,,,5,9.32,1
164.0,2,12.5,-62.5,68.0,91.36,ACTIVE,RELAY,P4,1,1,1,3,3,0,0.26,0
164.0,3,-275.0,-325.0,76.0,94.41,ACTIVE,RELAY,P4,1,1,1,2,5,0,0.15,0
164.0,4,177.6,-135.9,84.0,91.27,ACTIVE,SURVEY,P4,1,1,1,3,3,0,0.07,0
164.0,5,-562.5,-587.5,92.0,94.62,ACTIVE,RELAY,P4,1,1,1,1,0,1,0.49,0
165.1,1,-218.3,654.8,60.0,91.08,ACTIVE,SURVEY,P5,1,1,0,,,5,10.35,1
165.1,2,12.5,-62.5,68.0,91.31,ACTIVE,RELAY,P4,1,1,1,3,3,0,0.24,0
165.1,3,-275.0,-325.0,76.0,94.36,ACTIVE,RELAY,P4,1,1,1,2,5,0,0.13,0
165.1,4,181.3,-121.0,84.0,91.22,ACTIVE,SURVEY,P4,1,1,1,3,3,0,0.04,0
165.1,5,-562.5,-587.5,92.0,94.57,ACTIVE,RELAY,P4,1,1,1,1,0,1,0.49,0
166.0,1,-218.6,655.7,60.0,91.03,ACTIVE,SURVEY,P5,1,1,0,,,5,11.31,1
166.0,2,12.5,-62.5,68.0,91.26,ACTIVE,RELAY,P4,1,1,1,3,3,0,0.17,0
166.0,3,-275.0,-325.0,76.0,94.31,ACTIVE,RELAY,P4,1,1,1,2,5,0,0.13,0
166.0,4,184.8,-107.0,84.0,91.17,ACTIVE,SURVEY,P4,1,1,1,3,3,0,0.51,0
166.0,5,-562.5,-587.5,92.0,94.52,ACTIVE,RELAY,P4,1,1,1,1,0,1,0.49,0
167.0,1,-218.6,655.7,60.0,90.98,ACTIVE,SURVEY,P5,1,1,0,,,5,12.33,1
167.0,2,12.5,-62.5,68.0,91.21,ACTIVE,RELAY,P4,1,1,1,3,3,0,0.26,0
167.0,3,-275.0,-325.0,76.0,94.26,ACTIVE,RELAY,P4,1,1,1,2,5,0,0.14,0
167.0,4,188.5,-92.2,84.0,91.11,ACTIVE,SURVEY,P4,1,1,1,3,3,0,0.07,0
167.0,5,-562.5,-587.5,92.0,94.47,ACTIVE,RELAY,P4,1,1,1,1,0,1,0.49,0
168.1,1,-218.6,655.7,60.0,90.93,ACTIVE,SURVEY,P5,1,1,0,,,5,13.36,1
168.1,2,12.5,-62.5,68.0,91.16,ACTIVE,RELAY,P4,1,1,1,3,3,0,0.26,0
168.1,3,-275.0,-325.0,76.0,94.21,ACTIVE,RELAY,P4,1,1,1,2,5,0,0.21,0
168.1,4,192.3,-77.3,84.0,91.05,ACTIVE,SURVEY,P4,1,1,1,3,3,0,0.07,0
168.1,5,-562.5,-587.5,92.0,94.42,ACTIVE,RELAY,P4,1,1,1,1,0,1,0.48,0
169.0,1,-218.6,655.7,60.0,90.88,ACTIVE,SURVEY,P5,1,1,0,,,5,14.32,1
169.0,2,12.5,-62.5,68.0,91.11,ACTIVE,RELAY,P4,1,1,1,3,3,0,0.26,0
169.0,3,-275.0,-325.0,76.0,94.16,ACTIVE,RELAY,P4,1,1,1,2,5,0,0.14,0
169.0,4,195.8,-63.3,84.0,91.0,ACTIVE,SURVEY,P4,1,1,1,3,3,0,0.49,0
169.0,5,-562.5,-587.5,92.0,94.37,ACTIVE,RELAY,P4,1,1,1,1,0,1,0.49,0
170.0,1,-218.6,655.7,60.0,90.83,ACTIVE,SURVEY,P5,1,1,0,,,5,15.34,1
170.0,2,12.5,-62.5,68.0,91.06,ACTIVE,RELAY,P4,1,1,1,3,3,0,0.26,0
170.0,3,-275.0,-325.0,76.0,94.11,ACTIVE,RELAY,P4,1,1,1,2,5,0,0.15,0
170.0,4,199.5,-48.4,84.0,90.94,ACTIVE,SURVEY,P4,1,1,1,3,3,0,0.07,0
170.0,5,-562.5,-587.5,92.0,94.32,ACTIVE,RELAY,P4,1,1,1,1,0,1,0.49,0
171.0,1,-218.6,655.7,60.0,90.78,ACTIVE,SURVEY,P5,1,1,0,,,5,16.3,1
171.0,2,12.5,-62.5,68.0,91.01,ACTIVE,RELAY,P4,1,1,1,3,3,0,0.19,0
171.0,3,-275.0,-325.0,76.0,94.06,ACTIVE,RELAY,P4,1,1,1,2,5,0,0.14,0
171.0,4,203.0,-34.4,84.0,90.89,ACTIVE,SURVEY,P4,1,1,1,3,3,0,0.0,0
171.0,5,-562.5,-587.5,92.0,94.27,ACTIVE,RELAY,P4,1,1,1,1,0,1,0.43,0
172.0,1,-218.6,655.7,60.0,90.73,ACTIVE,SURVEY,P5,1,1,0,,,5,17.32,1
172.0,2,12.5,-62.5,68.0,90.96,ACTIVE,RELAY,P4,1,1,1,3,3,0,0.26,0
172.0,3,-275.0,-325.0,76.0,94.01,ACTIVE,RELAY,P4,1,1,1,2,5,0,0.15,0
172.0,4,206.7,-19.5,84.0,90.83,ACTIVE,SURVEY,P4,1,1,1,3,3,0,0.07,0
172.0,5,-562.5,-587.5,92.0,94.22,ACTIVE,RELAY,P4,1,1,1,1,0,1,0.49,0
173.1,1,-218.6,655.7,60.0,90.68,ACTIVE,SURVEY,P5,1,1,0,,,5,18.35,1
173.1,2,12.5,-62.5,68.0,90.91,ACTIVE,RELAY,P4,1,1,1,3,3,0,0.26,0
173.1,3,-275.0,-325.0,76.0,93.96,ACTIVE,RELAY,P4,1,1,1,2,5,0,0.14,0
173.1,4,210.5,-4.6,84.0,90.78,ACTIVE,SURVEY,P4,1,1,1,3,3,0,0.07,0
173.1,5,-562.5,-587.5,92.0,94.17,ACTIVE,RELAY,P4,1,1,1,1,0,1,0.49,0
174.0,1,-218.6,655.7,60.0,90.63,ACTIVE,SURVEY,P5,1,1,0,,,5,19.31,1
174.0,2,12.5,-62.5,68.0,90.86,ACTIVE,RELAY,P4,1,1,1,3,3,0,0.19,0
174.0,3,-275.0,-325.0,76.0,93.91,ACTIVE,RELAY,P4,1,1,1,2,5,0,0.15,0
174.0,4,214.0,9.4,84.0,90.73,ACTIVE,SURVEY,P4,1,1,1,3,3,0,0.51,0
174.0,5,-562.5,-587.5,92.0,94.12,ACTIVE,RELAY,P4,1,1,1,1,0,1,0.49,0
175.0,1,-219.7,653.1,60.0,90.58,ACTIVE,SURVEY,P5,1,1,0,,,9,20.33,1
175.0,2,12.5,-62.5,68.0,90.81,ACTIVE,RELAY,P4,1,1,1,3,3,0,0.26,0
175.0,3,-275.0,-325.0,76.0,93.86,ACTIVE,RELAY,P4,1,1,1,2,5,0,0.14,0
175.0,4,217.7,24.3,84.0,90.67,ACTIVE,SURVEY,P4,1,1,1,4,2,0,0.04,0
175.0,5,-562.5,-587.5,92.0,94.07,ACTIVE,RELAY,P4,1,1,1,1,0,1,0.49,0
176.1,1,-225.6,638.9,60.0,90.52,ACTIVE,SURVEY,P5,1,1,0,,,9,21.36,1
176.1,2,12.5,-62.5,68.0,90.76,ACTIVE,RELAY,P4,1,1,1,3,3,0,0.26,0
176.1,3,-275.0,-325.0,76.0,93.81,ACTIVE,RELAY,P4,1,1,1,2,5,0,0.21,0
176.1,4,221.4,39.2,84.0,90.61,ACTIVE,SURVEY,P4,1,1,1,4,2,0,0.04,0
176.1,5,-562.5,-587.5,92.0,94.02,ACTIVE,RELAY,P4,1,1,1,1,0,1,0.46,0
177.0,1,-231.1,625.6,60.0,90.47,ACTIVE,SURVEY,P5,1,1,0,,,9,22.32,1
177.0,2,12.5,-62.5,68.0,90.71,ACTIVE,RELAY,P4,1,1,1,3,3,0,0.24,0
177.0,3,-275.0,-325.0,76.0,93.76,ACTIVE,RELAY,P4,1,1,1,2,5,0,0.14,0
177.0,4,224.9,53.1,84.0,90.56,ACTIVE,SURVEY,P4,1,1,1,4,2,0,0.45,0
177.0,5,-562.5,-587.5,92.0,93.97,ACTIVE,RELAY,P4,1,1,1,1,0,1,0.47,0
178.0,1,-237.0,611.4,60.0,90.41,ACTIVE,SURVEY,P5,1,1,0,,,9,23.34,1
178.0,2,12.5,-62.5,68.0,90.66,ACTIVE,RELAY,P4,1,1,1,3,3,0,0.26,0
178.0,3,-275.0,-325.0,76.0,93.71,ACTIVE,RELAY,P4,1,1,1,2,5,0,0.15,0
178.0,4,228.7,68.0,84.0,90.5,ACTIVE,SURVEY,P4,1,1,1,4,2,0,0.04,0
178.0,5,-562.5,-587.5,92.0,93.92,ACTIVE,RELAY,P4,1,1,1,1,0,1,0.49,0
179.0,1,-242.5,598.1,60.0,90.36,ACTIVE,SURVEY,P5,1,1,0,,,13,24.3,1
179.0,2,12.5,-62.5,68.0,90.61,ACTIVE,RELAY,P4,1,1,1,3,3,0,0.17,0
179.0,3,-275.0,-325.0,76.0,93.66,ACTIVE,RELAY,P4,1,1,1,2,5,0,0.12,0
179.0,4,232.2,82.0,84.0,90.45,ACTIVE,SURVEY,P4,1,1,1,4,2,0,0.49,0
179.0,5,-562.5,-587.5,92.0,93.87,ACTIVE,RELAY,P4,1,1,1,1,0,1,0.43,0
180.0,1,-248.4,583.9,60.0,90.3,ACTIVE,SURVEY,P5,1,1,0,,,13,25.32,1
180.0,2,12.5,-62.5,68.0,90.56,ACTIVE,RELAY,P4,1,1,1,3,3,0,0.24,0
180.0,3,-275.0,-325.0,76.0,93.61,ACTIVE,RELAY,P4,1,1,1,2,5,0,0.15,0
180.0,4,235.9,96.9,84.0,90.39,ACTIVE,SURVEY,P4,1,1,1,4,2,0,0.04,0
180.0,5,-562.5,-587.5,92.0,93.82,ACTIVE,RELAY,P4,1,1,1,1,0,1,0.49,0
181.1,1,-254.3,569.8,60.0,90.25,ACTIVE,SURVEY,P5,1,1,0,,,13,26.35,1
181.1,2,12.5,-62.5,68.0,90.51,ACTIVE,RELAY,P4,1,1,1,3,3,0,0.18,0
181.1,3,-275.0,-325.0,76.0,93.56,ACTIVE,RELAY,P4,1,1,1,2,5,0,0.14,0
181.1,4,239.6,111.8,84.0,90.34,ACTIVE,SURVEY,P4,1,1,1,4,2,0,0.04,0
181.1,5,-562.5,-587.5,92.0,93.77,ACTIVE,RELAY,P4,1,1,1,1,0,1,0.49,0
182.0,1,-259.9,556.5,60.0,90.2,ACTIVE,SURVEY,P5,1,1,0,,,13,27.31,1
182.0,2,12.5,-62.5,68.0,90.46,ACTIVE,RELAY,P4,1,1,1,3,3,0,0.19,0
182.0,3,-275.0,-325.0,76.0,93.51,ACTIVE,RELAY,P4,1,1,1,2,5,0,0.15,0
182.0,4,243.1,125.8,84.0,90.29,ACTIVE,SURVEY,P4,1,1,1,4,2,0,0.49,0
182.0,5,-562.5,-587.5,92.0,93.72,ACTIVE,RELAY,P4,1,1,1,1,0,1,0.49,0
183.0,1,-265.8,542.3,60.0,90.14,ACTIVE,SURVEY,P5,1,1,0,,,17,28.33,1
183.0,2,12.5,-62.5,68.0,90.41,ACTIVE,RELAY,P4,1,1,1,3,3,0,0.26,0
183.0,3,-275.0,-325.0,76.0,93.46,ACTIVE,RELAY,P4,1,1,1,2,5,0,0.15,0
183.0,4,246.9,140.7,84.0,90.23,ACTIVE,SURVEY,P4,1,1,1,4,2,0,0.04,0
183.0,5,-562.5,-587.5,92.0,93.67,ACTIVE,RELAY,P4,1,1,1,1,0,1,0.49,0
184.1,1,-271.7,528.1,60.0,90.08,ACTIVE,SURVEY,P5,1,1,0,,,17,29.36,1
184.1,2,12.5,-62.5,68.0,90.36,ACTIVE,RELAY,P4,1,1,1,3,3,0,0.24,0
184.1,3,-275.0,-325.0,76.0,93.41,ACTIVE,RELAY,P4,1,1,1,2,5,0,0.21,0
184.1,4,250.4,154.7,84.0,90.17,ACTIVE,SURVEY,P4,1,1,1,4,2,0,0.04,0
184.1,5,-562.5,-587.5,92.0,93.62,ACTIVE,RELAY,P4,1,1,1,1,0,1,0.46,0
185.0,1,-277.2,514.8,60.0,90.03,ACTIVE,SURVEY,P5,1,1,0,,,17,30.32,1
185.0,2,12.5,-62.5,68.0,90.31,ACTIVE,RELAY,P4,1,1,1,3,3,0,0.26,0
185.0,3,-275.0,-325.0,76.0,93.36,ACTIVE,RELAY,P4,1,1,1,2,5,0,0.14,0
185.0,4,250.4,154.7,84.0,90.13,ACTIVE,SURVEY,P4,1,1,1,4,2,0,0.49,0
185.0,5,-562.5,-587.5,92.0,93.57,ACTIVE,RELAY,P4,1,1,1,1,0,1,0.47,0
186.0,1,-283.1,500.6,60.0,89.97,ACTIVE,SURVEY,P5,1,1,0,,,17,31.34,1
186.0,2,12.5,-62.5,68.0,90.26,ACTIVE,RELAY,P4,1,1,1,3,3,0,0.26,0
186.0,3,-275.0,-325.0,76.0,93.31,ACTIVE,RELAY,P4,1,1,1,2,5,0,0.15,0
186.0,4,250.4,154.7,84.0,90.07,ACTIVE,SURVEY,P4,1,1,1,4,2,0,0.04,0
186.0,5,-562.5,-587.5,92.0,93.52,ACTIVE,RELAY,P4,1,1,1,1,0,1,0.47,0
187.0,1,-288.7,487.3,60.0,89.92,ACTIVE,SURVEY,P5,1,1,0,,,21,32.3,1
187.0,2,12.5,-62.5,68.0,90.21,ACTIVE,RELAY,P4,1,1,1,3,3,0,0.19,0
187.0,3,-275.0,-325.0,76.0,93.26,ACTIVE,RELAY,P4,1,1,1,2,5,0,0.14,0
187.0,4,250.4,154.7,84.0,90.03,ACTIVE,SURVEY,P4,1,1,1,4,2,0,0.49,0
187.0,5,-562.5,-587.5,92.0,93.47,ACTIVE,RELAY,P4,1,1,1,1,0,1,0.43,0
188.0,1,-294.6,473.2,60.0,89.86,ACTIVE,SURVEY,P5,1,1,0,,,21,33.32,1
188.0,2,12.5,-62.5,68.0,90.16,ACTIVE,RELAY,P4,1,1,1,3,3,0,0.26,0
188.0,3,-275.0,-325.0,76.0,93.21,ACTIVE,RELAY,P4,1,1,1,2,5,0,0.13,0
188.0,4,250.4,154.7,84.0,89.98,ACTIVE,SURVEY,P4,1,1,1,4,2,0,0.04,0
188.0,5,-562.5,-587.5,92.0,93.42,ACTIVE,RELAY,P4,1,1,1,1,0,1,0.49,0
189.1,1,-300.5,459.0,60.0,89.81,ACTIVE,SURVEY,P5,1,1,0,,,21,34.35,1
189.1,2,12.5,-62.5,68.0,90.11,ACTIVE,RELAY,P4,1,1,1,3,3,0,0.26,0
189.1,3,-275.0,-325.0,76.0,93.16,ACTIVE,RELAY,P4,1,1,1,2,5,0,0.14,0
189.1,4,250.4,154.7,84.0,89.92,ACTIVE,SURVEY,P4,1,1,1,4,2,0,0.04,0
189.1,5,-562.5,-587.5,92.0,93.37,ACTIVE,RELAY,P4,1,1,1,1,0,1,0.47,0
190.0,1,-306.0,445.7,60.0,89.76,ACTIVE,SURVEY,P5,1,1,0,,,21,35.31,1
190.0,2,12.5,-62.5,68.0,90.06,ACTIVE,RELAY,P4,1,1,1,3,3,0,0.19,0
190.0,3,-275.0,-325.0,76.0,93.11,ACTIVE,RELAY,P4,1,1,1,2,5,0,0.15,0
190.0,4,250.4,154.7,84.0,89.88,ACTIVE,SURVEY,P4,1,1,1,4,2,0,0.44,0
190.0,5,-562.5,-587.5,92.0,93.32,ACTIVE,RELAY,P4,1,1,1,1,0,1,0.47,0
191.0,1,-311.9,431.5,60.0,89.7,ACTIVE,SURVEY,P5,1,1,1,4,2,9,0.92,0
191.0,2,12.5,-62.5,68.0,90.01,ACTIVE,RELAY,P4,1,1,1,3,3,24,1.22,0
191.0,3,-275.0,-325.0,76.0,93.06,ACTIVE,RELAY,P4,1,1,1,2,5,0,0.15,0
191.0,4,250.4,154.7,84.0,89.82,ACTIVE,SURVEY,P4,1,1,1,4,2,0,1.0,0
191.0,5,-562.5,-587.5,92.0,93.27,ACTIVE,RELAY,P4,1,1,1,1,0,1,0.49,0
192.1,1,-317.8,417.3,60.0,89.64,ACTIVE,SURVEY,P5,1,1,1,4,2,0,1.94,0
192.1,2,12.5,-62.5,68.0,89.96,ACTIVE,RELAY,P4,1,1,1,3,3,41,0.38,0
192.1,3,-275.0,-325.0,76.0,93.01,ACTIVE,RELAY,P4,1,1,1,2,5,0,0.21,0
192.1,4,250.4,154.7,84.0,89.77,ACTIVE,SURVEY,P4,1,1,1,4,2,0,2.03,0
192.1,5,-562.5,-587.5,92.0,93.22,ACTIVE,RELAY,P4,1,1,1,1,0,1,0.49,0
193.0,1,-323.3,404.0,60.0,89.59,ACTIVE,SURVEY,P5,1,1,1,4,2,0,0.71,0
193.0,2,12.5,-62.5,68.0,89.91,ACTIVE,RELAY,P4,1,1,1,3,3,11,0.41,0
193.0,3,-275.0,-325.0,76.0,92.96,ACTIVE,RELAY,P4,1,1,1,2,5,17,0.41,0
193.0,4,250.4,154.7,84.0,89.73,ACTIVE,SURVEY,P4,1,1,1,4,2,1,0.17,0
193.0,5,-562.5,-587.5,92.0,93.17,ACTIVE,RELAY,P4,1,1,1,1,0,1,0.43,0
194.0,1,-329.2,389.8,60.0,89.53,ACTIVE,SURVEY,P5,1,1,1,4,2,0,0.07,0
194.0,2,12.5,-62.5,68.0,89.86,ACTIVE,RELAY,P4,1,1,1,3,3,6,0.11,0
194.0,3,-275.0,-325.0,76.0,92.91,ACTIVE,RELAY,P4,1,1,1,2,5,17,0.11,0
194.0,4,250.4,154.7,84.0,89.67,ACTIVE,SURVEY,P4,1,1,1,4,2,0,0.05,0
194.0,5,-562.5,-587.5,92.0,93.12,ACTIVE,RELAY,P4,1,1,1,1,0,5,0.49,0
195.0,1,-334.8,376.6,60.0,89.48,ACTIVE,SURVEY,P5,1,1,1,4,2,0,0.06,0
195.0,2,12.5,-62.5,68.0,89.81,ACTIVE,RELAY,P4,1,1,1,3,3,0,0.3,0
195.0,3,-275.0,-325.0,76.0,92.86,ACTIVE,RELAY,P4,1,1,1,2,5,26,0.65,0
195.0,4,250.4,154.7,84.0,89.63,ACTIVE,SURVEY,P4,1,1,1,4,2,0,0.08,0
195.0,5,-562.5,-587.5,92.0,93.07,ACTIVE,RELAY,P4,1,1,1,1,0,1,0.37,0
196.0,1,-340.7,362.4,60.0,89.42,ACTIVE,SURVEY,P5,1,1,1,4,2,0,0.16,0
196.0,2,12.5,-62.5,68.0,89.76,ACTIVE,RELAY,P4,1,1,1,3,3,3,0.12,0
196.0,3,-275.0,-325.0,76.0,92.81,ACTIVE,RELAY,P4,1,1,1,2,5,17,0.14,0
196.0,4,250.4,154.7,84.0,89.58,ACTIVE,SURVEY,P4,1,1,1,4,2,1,0.14,0
196.0,5,-562.5,-587.5,92.0,93.02,ACTIVE,RELAY,P4,1,1,1,1,0,10,0.23,0
197.1,1,-346.6,348.2,60.0,89.37,ACTIVE,SURVEY,P5,1,1,1,4,2,0,0.09,0
197.1,2,12.5,-62.5,68.0,89.71,ACTIVE,RELAY,P4,1,1,1,3,3,0,0.05,0
197.1,3,-275.0,-325.0,76.0,92.76,ACTIVE,RELAY,P4,1,1,1,2,5,10,0.02,0
197.1,4,250.4,154.7,84.0,89.52,ACTIVE,SURVEY,P4,1,1,1,4,2,0,0.28,0
197.1,5,-562.5,-587.5,92.0,92.97,ACTIVE,RELAY,P4,1,1,1,1,0,13,0.44,0
198.0,1,-352.1,334.9,60.0,89.32,ACTIVE,SURVEY,P5,1,1,1,4,2,0,0.24,0
198.0,2,12.5,-62.5,68.0,89.66,ACTIVE,RELAY,P4,1,1,1,3,3,1,0.09,0
198.0,3,-275.0,-325.0,76.0,92.71,ACTIVE,RELAY,P4,1,1,1,2,5,3,0.11,0
198.0,4,250.4,154.7,84.0,89.48,ACTIVE,SURVEY,P4,1,1,1,4,2,2,0.31,0
198.0,5,-562.5,-587.5,92.0,92.92,ACTIVE,RELAY,P4,1,1,1,1,0,18,0.32,0
199.0,1,-358.0,320.7,60.0,89.26,ACTIVE,SURVEY,P5,1,1,1,4,2,0,0.22,0
199.0,2,12.5,-62.5,68.0,89.61,ACTIVE,RELAY,P4,1,1,1,3,3,0,0.16,0
199.0,3,-275.0,-325.0,76.0,92.66,ACTIVE,RELAY,P4,1,1,1,2,5,3,0.5,0
199.0,4,250.4,154.7,84.0,89.42,ACTIVE,SURVEY,P4,1,1,1,4,2,0,0.38,0
199.0,5,-562.5,-587.5,92.0,92.87,ACTIVE,RELAY,P4,1,1,1,1,0,18,0.43,0
200.1,1,-363.9,306.5,60.0,89.2,ACTIVE,SURVEY,P5,1,1,1,4,2,0,0.1,0
200.1,2,12.5,-62.5,68.0,89.56,ACTIVE,RELAY,P4,1,1,1,3,3,0,0.06,0
200.1,3,-275.0,-325.0,76.0,92.61,ACTIVE,RELAY,P4,1,1,1,2,5,8,0.08,0
200.1,4,250.4,154.7,84.0,89.37,ACTIVE,SURVEY,P4,1,1,1,4,2,2,0.15,0
200.1,5,-562.5,-587.5,92.0,92.82,ACTIVE,RELAY,P4,1,1,1,1,0,9,0.46,0
201.0,1,-369.5,293.2,60.0,89.15,ACTIVE,SURVEY,P5,1,1,1,4,2,0,0.13,0
201.0,2,12.5,-62.5,68.0,89.51,ACTIVE,RELAY,P4,1,1,1,3,3,5,0.15,0
201.0,3,-275.0,-325.0,76.0,92.56,ACTIVE,RELAY,P4,1,1,1,2,5,7,0.57,0
201.0,4,250.4,154.7,84.0,89.33,ACTIVE,SURVEY,P4,1,1,1,4,2,0,0.32,0
201.0,5,-562.5,-587.5,92.0,92.77,ACTIVE,RELAY,P4,1,1,1,1,0,7,0.45,0
202.0,1,-375.4,279.1,60.0,89.09,ACTIVE,SURVEY,P5,1,1,1,4,2,0,0.3,0
202.0,2,12.5,-62.5,68.0,89.46,ACTIVE,RELAY,P4,1,1,1,3,3,0,0.19,0
202.0,3,-275.0,-325.0,76.0,92.51,ACTIVE,RELAY,P4,1,1,1,2,5,7,0.53,0
202.0,4,250.4,154.7,84.0,89.27,ACTIVE,SURVEY,P4,1,1,1,4,2,0,0.35,0
202.0,5,-562.5,-587.5,92.0,92.72,ACTIVE,RELAY,P4,1,1,1,1,0,8,0.45,0
203.0,1,-380.9,265.8,60.0,89.04,ACTIVE,SURVEY,P5,1,1,1,4,2,0,0.25,0
203.0,2,12.5,-62.5,68.0,89.41,ACTIVE,RELAY,P4,1,1,1,3,3,0,0.06,0
203.0,3,-275.0,-325.0,76.0,92.46,ACTIVE,RELAY,P4,1,1,1,2,5,0,0.01,0
203.0,4,250.4,154.7,84.0,89.23,ACTIVE,SURVEY,P4,1,1,1,4,2,0,0.39,0
203.0,5,-562.5,-587.5,92.0,92.67,ACTIVE,RELAY,P4,1,1,1,1,0,7,0.41,0
204.0,1,-386.8,251.6,60.0,88.98,ACTIVE,SURVEY,P5,1,1,1,3,3,1,0.23,0
204.0,2,12.5,-62.5,68.0,89.36,ACTIVE,RELAY,P4,1,1,1,3,3,2,0.23,0
204.0,3,-275.0,-325.0,76.0,92.41,ACTIVE,RELAY,P4,1,1,1,2,5,6,0.12,0
204.0,4,250.4,154.7,84.0,89.18,ACTIVE,SURVEY,P4,1,1,1,4,2,0,0.25,0
204.0,5,-562.5,-587.5,92.0,92.62,ACTIVE,RELAY,P4,1,1,1,1,0,1,0.48,0
205.1,1,-392.7,237.4,60.0,88.93,ACTIVE,SURVEY,P5,1,1,1,3,3,0,0.31,0
205.1,2,12.5,-62.5,68.0,89.31,ACTIVE,RELAY,P4,1,1,1,3,3,0,0.06,0
205.1,3,-275.0,-325.0,76.0,92.36,ACTIVE,RELAY,P4,1,1,1,2,5,1,0.09,0
205.1,4,250.4,154.7,84.0,89.12,ACTIVE,SURVEY,P4,1,1,1,4,2,0,0.04,0
205.1,5,-562.5,-587.5,92.0,92.57,ACTIVE,RELAY,P4,1,1,1,1,0,9,0.36,0
206.0,1,-398.2,224.1,60.0,88.88,ACTIVE,SURVEY,P5,1,1,1,3,3,0,0.25,0
206.0,2,12.5,-62.5,68.0,89.26,ACTIVE,RELAY,P4,1,1,1,3,3,1,0.65,0
206.0,3,-275.0,-325.0,76.0,92.31,ACTIVE,RELAY,P4,1,1,1,2,5,8,0.03,0
206.0,4,250.4,154.7,84.0,89.08,ACTIVE,SURVEY,P4,1,1,1,4,2,0,0.25,0
206.0,5,-562.5,-587.5,92.0,92.52,ACTIVE,RELAY,P4,1,1,1,1,0,2,0.36,0
207.0,1,-404.1,209.9,60.0,88.82,ACTIVE,SURVEY,P5,1,1,1,3,3,0,0.3,0
207.0,2,12.5,-62.5,68.0,89.21,ACTIVE,RELAY,P4,1,1,1,3,3,0,0.18,0
207.0,3,-275.0,-325.0,76.0,92.26,ACTIVE,RELAY,P4,1,1,1,2,5,6,0.11,0
207.0,4,250.4,154.7,84.0,89.02,ACTIVE,SURVEY,P4,1,1,1,4,2,0,0.32,0
207.0,5,-562.5,-587.5,92.0,92.47,ACTIVE,RELAY,P4,1,1,1,1,0,6,0.43,0
208.1,1,-410.0,195.8,60.0,88.76,ACTIVE,SURVEY,P5,1,1,1,3,3,0,0.33,0
208.1,2,12.5,-62.5,68.0,89.16,ACTIVE,RELAY,P4,1,1,1,3,3,0,0.1,0
208.1,3,-275.0,-325.0,76.0,92.21,ACTIVE,RELAY,P4,1,1,1,2,5,4,0.11,0
208.1,4,250.4,154.7,84.0,88.97,ACTIVE,SURVEY,P4,1,1,1,4,2,0,0.56,0
208.1,5,-562.5,-587.5,92.0,92.42,ACTIVE,RELAY,P4,1,1,1,1,0,3,0.47,0
209.0,1,-415.6,182.5,60.0,88.71,ACTIVE,SURVEY,P5,1,1,1,3,3,0,0.25,0
209.0,2,12.5,-62.5,68.0,89.11,ACTIVE,RELAY,P4,1,1,1,3,3,0,0.15,0
209.0,3,-275.0,-325.0,76.0,92.16,ACTIVE,RELAY,P4,1,1,1,2,5,6,0.05,0
209.0,4,250.4,154.7,84.0,88.93,ACTIVE,SURVEY,P4,1,1,1,4,2,2,0.26,0
209.0,5,-562.5,-587.5,92.0,92.37,ACTIVE,RELAY,P4,1,1,1,1,0,1,0.49,0
210.0,1,-421.5,168.3,60.0,88.65,ACTIVE,SURVEY,P5,1,1,1,3,3,0,0.26,0
210.0,2,12.5,-62.5,68.0,89.06,ACTIVE,RELAY,P4,1,1,1,3,3,0,0.24,0
210.0,3,-275.0,-325.0,76.0,92.11,ACTIVE,RELAY,P4,1,1,1,2,5,5,0.04,0
210.0,4,250.4,154.7,84.0,88.87,ACTIVE,SURVEY,P4,1,1,1,4,2,0,0.02,0
210.0,5,-562.5,-587.5,92.0,92.32,ACTIVE,RELAY,P4,1,1,1,1,0,3,0.47,0
211.0,1,-427.0,155.0,60.0,88.6,ACTIVE,SURVEY,P5,1,1,1,3,3,0,0.32,0
211.0,2,12.5,-62.5,68.0,89.01,ACTIVE,RELAY,P4,1,1,1,3,3,0,0.66,0
211.0,3,-275.0,-325.0,76.0,92.06,ACTIVE,RELAY,P4,1,1,1,2,5,7,0.04,0
211.0,4,250.4,154.7,84.0,88.83,ACTIVE,SURVEY,P4,1,1,1,4,2,2,0.34,0
211.0,5,-562.5,-587.5,92.0,92.27,ACTIVE,RELAY,P4,1,1,1,1,0,3,0.38,0
212.0,1,-432.9,140.8,60.0,88.54,ACTIVE,SURVEY,P5,1,1,1,3,3,0,0.19,0
212.0,2,12.5,-62.5,68.0,88.96,ACTIVE,RELAY,P4,1,1,1,3,3,0,0.11,0
212.0,3,-275.0,-325.0,76.0,92.01,ACTIVE,RELAY,P4,1,1,1,2,5,4,0.05,0
212.0,4,250.4,154.7,84.0,88.78,ACTIVE,SURVEY,P4,1,1,1,4,2,0,0.02,0
212.0,5,-562.5,-587.5,92.0,92.22,ACTIVE,RELAY,P4,1,1,1,1,0,5,0.41,0
213.1,1,-438.8,126.6,60.0,88.49,ACTIVE,SURVEY,P5,1,1,1,3,3,0,0.14,0
213.1,2,12.5,-62.5,68.0,88.91,ACTIVE,RELAY,P4,1,1,1,3,3,0,0.14,0
213.1,3,-275.0,-325.0,76.0,91.96,ACTIVE,RELAY,P4,1,1,1,2,5,6,0.39,0
213.1,4,250.4,154.7,84.0,88.72,ACTIVE,SURVEY,P4,1,1,1,4,2,0,0.17,0
213.1,5,-562.5,-587.5,92.0,92.17,ACTIVE,RELAY,P4,1,1,1,1,0,3,0.17,0
214.0,1,-444.3,113.3,60.0,88.44,ACTIVE,SURVEY,P5,1,1,1,3,3,0,0.26,0
214.0,2,12.5,-62.5,68.0,88.86,ACTIVE,RELAY,P4,1,1,1,3,3,0,0.62,0
214.0,3,-275.0,-325.0,76.0,91.91,ACTIVE,RELAY,P4,1,1,1,2,5,6,0.05,0
214.0,4,250.4,154.7,84.0,88.68,ACTIVE,SURVEY,P4,1,1,1,4,2,1,0.24,0
214.0,5,-562.5,-587.5,92.0,92.12,ACTIVE,RELAY,P4,1,1,1,1,0,1,0.49,0
215.0,1,-450.2,99.1,60.0,88.38,ACTIVE,SURVEY,P5,1,1,1,3,3,1,0.3,0
215.0,2,12.5,-62.5,68.0,88.81,ACTIVE,RELAY,P4,1,1,1,3,3,1,0.26,0
215.0,3,-275.0,-325.0,76.0,91.86,ACTIVE,RELAY,P4,1,1,1,2,5,5,0.1,0
215.0,4,250.4,154.7,84.0,88.62,ACTIVE,SURVEY,P4,1,1,1,4,2,0,0.34,0
215.0,5,-562.5,-587.5,92.0,92.07,ACTIVE,RELAY,P4,1,1,1,1,0,1,0.47,0
216.1,1,-456.1,85.0,60.0,88.32,ACTIVE,SURVEY,P5,1,1,1,3,3,0,0.17,0
216.1,2,12.5,-62.5,68.0,88.76,ACTIVE,RELAY,P4,1,1,1,3,3,0,0.12,0
216.1,3,-275.0,-325.0,76.0,91.81,ACTIVE,RELAY,P4,1,1,1,2,5,2,0.15,0
216.1,4,250.4,154.7,84.0,88.57,ACTIVE,SURVEY,P4,1,1,1,4,2,2,0.34,0
216.1,5,-562.5,-587.5,92.0,92.02,ACTIVE,RELAY,P4,1,1,1,1,0,6,0.34,0
217.0,1,-461.7,71.7,60.0,88.27,ACTIVE,SURVEY,P5,1,1,1,3,3,0,0.22,0
217.0,2,12.5,-62.5,68.0,88.71,ACTIVE,RELAY,P4,1,1,1,3,3,0,0.21,0
217.0,3,-275.0,-325.0,76.0,91.76,ACTIVE,RELAY,P4,1,1,1,2,5,1,0.37,0
217.0,4,250.4,154.7,84.0,88.53,ACTIVE,SURVEY,P4,1,1,1,4,2,0,0.24,0
217.0,5,-562.5,-587.5,92.0,91.97,ACTIVE,RELAY,P4,1,1,1,1,0,4,0.44,0
218.0,1,-467.6,57.5,60.0,88.21,ACTIVE,SURVEY,P5,1,1,1,3,3,0,0.71,0
218.0,2,12.5,-62.5,68.0,88.66,ACTIVE,RELAY,P4,1,1,1,3,3,0,0.51,0
218.0,3,-275.0,-325.0,76.0,91.71,ACTIVE,RELAY,P4,1,1,1,2,5,5,0.43,0
218.0,4,250.4,154.7,84.0,88.47,ACTIVE,SURVEY,P4,1,1,1,4,2,0,0.38,0
218.0,5,-562.5,-587.5,92.0,91.92,ACTIVE,RELAY,P4,1,1,1,1,0,1,0.48,0
219.0,1,-473.1,44.2,60.0,88.16,ACTIVE,SURVEY,P5,1,1,1,3,3,0,0.12,0
219.0,2,12.5,-62.5,68.0,88.61,ACTIVE,RELAY,P4,1,1,1,3,3,1,0.12,0
219.0,3,-275.0,-325.0,76.0,91.66,ACTIVE,RELAY,P4,1,1,1,2,5,4,0.12,0
219.0,4,250.4,154.7,84.0,88.43,ACTIVE,SURVEY,P4,1,1,1,4,2,0,0.13,0
219.0,5,-562.5,-587.5,92.0,91.87,ACTIVE,RELAY,P4,1,1,1,1,0,5,0.15,0
220.0,1,-479.0,30.0,60.0,88.1,ACTIVE,SURVEY,P5,1,1,1,3,3,0,0.25,0
220.0,2,12.5,-62.5,68.0,88.56,ACTIVE,RELAY,P4,1,1,1,3,3,0,0.25,0
220.0,3,-275.0,-325.0,76.0,91.61,ACTIVE,RELAY,P4,1,1,1,2,5,0,0.06,0
220.0,4,250.4,154.7,84.0,88.38,ACTIVE,SURVEY,P4,1,1,1,4,2,0,0.37,0
220.0,5,-562.5,-587.5,92.0,91.82,ACTIVE,RELAY,P4,1,1,1,1,0,2,0.37,0
221.1,1,-476.2,29.4,60.0,88.05,ACTIVE,SURVEY,P6,1,1,1,3,3,0,0.21,0
221.1,2,12.5,-62.5,68.0,88.51,ACTIVE,RELAY,P4,1,1,1,3,3,0,0.17,0
221.1,3,-275.0,-325.0,76.0,91.56,ACTIVE,RELAY,P4,1,1,1,2,5,0,0.15,0
221.1,4,250.4,154.7,84.0,88.32,ACTIVE,SURVEY,P4,1,1,1,4,2,0,0.45,0
221.1,5,-562.5,-587.5,92.0,91.77,ACTIVE,RELAY,P4,1,1,1,1,0,1,0.47,0
222.0,1,-462.5,25.4,60.0,88.0,ACTIVE,RELAY,P6,1,1,1,3,3,0,0.32,0
222.0,2,21.9,-64.7,68.0,88.46,ACTIVE,SURVEY,P6,1,1,1,3,3,0,0.19,0
222.0,3,-267.8,-331.4,76.0,91.51,ACTIVE,RELAY,P6,1,1,1,2,5,0,0.15,0
222.0,4,254.3,160.1,84.0,88.27,ACTIVE,SURVEY,P7,1,1,1,4,2,0,0.49,0
222.0,5,-557.5,-592.0,92.0,91.72,ACTIVE,RELAY,P6,1,1,1,1,0,1,0.47,0
223.0,1,-448.6,18.8,60.0,87.94,ACTIVE,RELAY,P6,1,1,1,3,3,0,0.32,0
223.0,2,36.8,-68.1,68.0,88.4,ACTIVE,SURVEY,P6,1,1,1,3,3,0,0.26,0
223.0,3,-256.3,-341.6,76.0,91.45,ACTIVE,RELAY,P6,1,1,1,2,5,0,0.14,0
223.0,4,263.3,172.6,84.0,88.22,ACTIVE,SURVEY,P7,1,1,1,4,2,0,0.04,0
223.0,5,-546.0,-602.2,92.0,91.66,ACTIVE,RELAY,P6,1,1,1,1,0,1,0.49,0
224.1,1,-434.8,12.2,60.0,87.89,ACTIVE,RELAY,P6,1,1,1,3,3,0,0.39,0
224.1,2,51.8,-71.5,68.0,88.34,ACTIVE,SURVEY,P6,1,1,1,3,3,0,0.26,0
224.1,3,-244.9,-351.8,76.0,91.4,ACTIVE,RELAY,P6,1,1,1,2,5,0,0.19,0
224.1,4,272.3,185.0,84.0,88.16,ACTIVE,SURVEY,P7,1,1,1,4,2,0,0.04,0
224.1,5,-534.5,-612.4,92.0,91.6,ACTIVE,RELAY,P6,1,1,1,1,0,1,0.46,0
225.0,1,-421.8,6.0,60.0,87.83,ACTIVE,RELAY,P6,1,1,1,3,3,0,0.32,0
225.0,2,65.8,-74.8,68.0,88.29,ACTIVE,SURVEY,P6,1,1,1,3,3,0,0.26,0
225.0,3,-234.1,-361.4,76.0,91.34,ACTIVE,RELAY,P6,1,1,1,2,5,0,0.14,0
225.0,4,280.8,196.7,84.0,88.11,ACTIVE,SURVEY,P7,1,1,1,4,2,0,0.47,0
225.0,5,-523.8,-621.9,92.0,91.55,ACTIVE,RELAY,P6,1,1,1,1,0,1,0.49,0
226.0,1,-407.9,-0.7,60.0,87.78,ACTIVE,RELAY,P6,1,1,1,3,3,0,0.3,0
226.0,2,80.8,-78.2,68.0,88.23,ACTIVE,SURVEY,P6,1,1,1,3,3,0,0.26,0
226.0,3,-222.6,-371.6,76.0,91.29,ACTIVE,RELAY,P6,1,1,1,2,5,0,0.15,0
226.0,4,289.8,209.1,84.0,88.05,ACTIVE,SURVEY,P7,1,1,1,4,2,0,0.04,0
226.0,5,-512.3,-632.1,92.0,91.49,ACTIVE,RELAY,P6,1,1,1,1,0,1,0.49,0
227.0,1,-394.9,-6.9,60.0,87.73,ACTIVE,RELAY,P6,1,1,1,3,3,0,0.32,0
227.0,2,94.8,-81.4,68.0,88.18,ACTIVE,SURVEY,P6,1,1,1,3,3,0,0.17,0
227.0,3,-211.9,-381.1,76.0,91.23,ACTIVE,RELAY,P6,1,1,1,2,5,0,0.15,0
227.0,4,298.3,220.8,84.0,88.0,ACTIVE,SURVEY,P7,1,1,1,4,2,0,0.44,0
227.0,5,-501.5,-641.7,92.0,91.44,ACTIVE,RELAY,P6,1,1,1,1,0,1,0.43,0
228.0,1,-381.0,-13.5,60.0,87.67,ACTIVE,RELAY,P6,1,1,1,3,3,0,0.32,0
228.0,2,109.8,-84.9,68.0,88.12,ACTIVE,SURVEY,P6,1,1,1,3,3,0,0.26,0
228.0,3,-200.4,-391.3,76.0,91.18,ACTIVE,RELAY,P6,1,1,1,2,5,0,0.15,0
228.0,4,307.3,233.2,84.0,87.94,ACTIVE,SURVEY,P7,1,1,1,4,2,0,0.04,0
228.0,5,-490.0,-651.9,92.0,91.38,ACTIVE,RELAY,P6,1,1,1,1,0,1,0.49,0
229.1,1,-367.2,-20.1,60.0,87.61,ACTIVE,RELAY,P6,1,1,1,3,3,0,0.36,0
229.1,2,124.8,-88.3,68.0,88.07,ACTIVE,SURVEY,P6,1,1,1,3,3,0,0.26,0
229.1,3,-188.9,-401.5,76.0,91.12,ACTIVE,RELAY,P6,1,1,1,2,5,0,0.14,0
229.1,4,316.3,245.6,84.0,87.89,ACTIVE,SURVEY,P7,1,1,1,4,2,0,0.04,0
229.1,5,-478.6,-662.1,92.0,91.33,ACTIVE,RELAY,P6,1,1,1,1,0,1,0.49,0
230.0,1,-354.2,-26.3,60.0,87.56,ACTIVE,RELAY,P6,1,1,1,3,3,0,0.32,0
230.0,2,138.8,-91.5,68.0,88.02,ACTIVE,SURVEY,P6,1,1,1,3,3,0,0.19,0
230.0,3,-178.1,-411.1,76.0,91.07,ACTIVE,RELAY,P6,1,1,1,2,5,0,0.15,0
230.0,4,324.7,257.3,84.0,87.83,ACTIVE,SURVEY,P7,1,1,1,4,2,0,0.49,0
230.0,5,-467.8,-671.7,92.0,91.28,ACTIVE,RELAY,P6,1,1,1,1,0,1,0.49,0
231.0,1,-340.3,-32.9,60.0,87.5,ACTIVE,RELAY,P6,1,1,1,3,3,0,0.32,0
231.0,2,153.8,-95.0,68.0,87.96,ACTIVE,SURVEY,P6,1,1,1,3,3,0,0.26,0
231.0,3,-166.7,-421.3,76.0,91.01,ACTIVE,RELAY,P6,1,1,1,2,5,0,0.11,0
231.0,4,333.8,269.7,84.0,87.78,ACTIVE,SURVEY,P7,1,1,1,4,2,0,0.02,0
231.0,5,-456.3,-681.9,92.0,91.22,ACTIVE,RELAY,P6,1,1,1,1,0,1,0.49,0
232.1,1,-326.5,-39.5,60.0,87.45,ACTIVE,RELAY,P6,1,1,1,3,3,0,0.39,0
232.1,2,168.7,-98.4,68.0,87.9,ACTIVE,SURVEY,P6,1,1,1,3,3,0,0.26,0
232.1,3,-155.2,-431.5,76.0,90.96,ACTIVE,RELAY,P6,1,1,1,2,5,0,0.21,0
232.1,4,342.8,282.2,84.0,87.72,ACTIVE,SURVEY,P7,1,1,1,4,2,0,0.02,0
232.1,5,-450.0,-687.5,92.0,91.17,ACTIVE,RELAY,P6,1,1,1,1,0,1,0.46,0
233.0,1,-313.5,-45.7,60.0,87.39,ACTIVE,RELAY,P6,1,1,1,3,3,0,0.32,0
233.0,2,182.8,-101.6,68.0,87.85,ACTIVE,SURVEY,P6,1,1,1,3,3,0,0.26,0
233.0,3,-144.4,-441.1,76.0,90.9,ACTIVE,RELAY,P6,1,1,1,2,5,0,0.14,0
233.0,4,351.2,293.8,84.0,87.67,ACTIVE,SURVEY,P7,1,1,1,4,2,0,0.49,0
233.0,5,-450.0,-687.5,92.0,91.12,ACTIVE,RELAY,P6,1,1,1,1,0,1,0.49,0
234.0,1,-299.6,-52.4,60.0,87.34,ACTIVE,RELAY,P6,1,1,1,3,3,0,0.3,0
234.0,2,197.7,-105.1,68.0,87.79,ACTIVE,SURVEY,P6,1,1,1,3,3,0,0.26,0
234.0,3,-132.9,-451.3,76.0,90.85,ACTIVE,RELAY,P6,1,1,1,2,5,0,0.15,0
234.0,4,360.2,306.3,84.0,87.61,ACTIVE,SURVEY,P7,1,1,1,4,2,0,0.04,0
234.0,5,-450.0,-687.5,92.0,91.07,ACTIVE,RELAY,P6,1,1,1,1,0,1,0.49,0
235.0,1,-286.6,-58.6,60.0,87.29,ACTIVE,RELAY,P6,1,1,1,3,3,0,0.32,0
235.0,2,211.8,-108.3,68.0,87.74,ACTIVE,SURVEY,P6,1,1,1,3,3,0,0.19,0
235.0,3,-122.2,-460.8,76.0,90.79,ACTIVE,RELAY,P6,1,1,1,2,5,0,0.14,0
235.0,4,368.7,317.9,84.0,87.56,ACTIVE,SURVEY,P7,1,1,1,4,2,0,0.48,0
235.0,5,-450.0,-687.5,92.0,91.02,ACTIVE,RELAY,P6,1,1,1,1,0,1,0.41,0
236.0,1,-272.7,-65.2,60.0,87.23,ACTIVE,RELAY,P6,1,1,1,3,3,0,0.3,0
236.0,2,226.8,-111.8,68.0,87.68,ACTIVE,SURVEY,P6,1,1,1,3,3,0,0.26,0
236.0,3,-110.7,-471.1,76.0,90.74,ACTIVE,RELAY,P6,1,1,1,2,5,0,0.15,0
236.0,4,377.7,330.4,84.0,87.5,ACTIVE,SURVEY,P7,1,1,1,4,2,0,0.04,0
236.0,5,-450.0,-687.5,92.0,90.97,ACTIVE,RELAY,P6,1,1,1,1,0,1,0.49,0
237.1,1,-258.9,-71.8,60.0,87.17,ACTIVE,RELAY,P6,1,1,1,3,3,0,0.39,0
237.1,2,241.7,-115.2,68.0,87.63,ACTIVE,SURVEY,P6,1,1,1,3,3,0,0.26,0
237.1,3,-99.2,-481.3,76.0,90.68,ACTIVE,RELAY,P6,1,1,1,2,5,0,0.13,0
237.1,4,386.7,342.8,84.0,87.45,ACTIVE,SURVEY,P7,1,1,1,4,2,0,0.04,0
237.1,5,-450.0,-687.5,92.0,90.92,ACTIVE,RELAY,P6,1,1,1,1,0,1,0.49,0
238.0,1,-245.9,-78.0,60.0,87.12,ACTIVE,RELAY,P6,1,1,1,3,3,0,0.31,0
238.0,2,255.8,-118.4,68.0,87.58,ACTIVE,SURVEY,P6,1,1,1,3,3,0,0.19,0
238.0,3,-88.4,-490.8,76.0,90.63,ACTIVE,RELAY,P6,1,1,1,2,5,0,0.15,0
238.0,4,395.2,354.4,84.0,87.39,ACTIVE,SURVEY,P7,1,1,1,4,2,0,0.47,0
238.0,5,-450.0,-687.5,92.0,90.87,ACTIVE,RELAY,P6,1,1,1,1,0,1,0.49,0
239.0,1,-232.0,-84.6,60.0,87.06,ACTIVE,RELAY,P6,1,1,1,3,3,0,0.3,0
239.0,2,270.7,-121.9,68.0,87.52,ACTIVE,SURVEY,P6,1,1,1,3,3,0,0.26,0
239.0,3,-77.0,-501.0,76.0,90.57,ACTIVE,RELAY,P6,1,1,1,2,5,0,0.14,0
239.0,4,404.2,366.9,84.0,87.34,ACTIVE,SURVEY,P7,1,1,1,4,2,0,0.04,0
239.0,5,-450.0,-687.5,92.0,90.82,ACTIVE,RELAY,P6,1,1,1,1,0,1,0.46,0
240.1,1,-218.2,-91.2,60.0,87.01,ACTIVE,RELAY,P6,1,1,1,3,3,0,0.37,0
240.1,2,285.7,-125.3,68.0,87.46,ACTIVE,SURVEY,P6,1,1,1,3,3,0,0.22,0
240.1,3,-65.5,-511.2,76.0,90.52,ACTIVE,RELAY,P6,1,1,1,2,5,0,0.19,0
240.1,4,413.2,379.3,84.0,87.28,ACTIVE,SURVEY,P7,1,1,1,4,2,0,0.04,0
240.1,5,-450.0,-687.5,92.0,90.77,ACTIVE,RELAY,P6,1,1,1,1,0,1,0.49,0
241.0,1,-205.2,-97.4,60.0,86.95,ACTIVE,RELAY,P6,1,1,1,3,3,0,0.32,0
241.0,2,299.7,-128.5,68.0,87.41,ACTIVE,SURVEY,P6,1,1,1,3,3,0,0.26,0
241.0,3,-54.7,-520.8,76.0,90.46,ACTIVE,RELAY,P6,1,1,1,2,5,0,0.14,0
241.0,4,421.7,391.0,84.0,87.23,ACTIVE,SURVEY,P7,1,1,1,4,2,0,0.41,0
241.0,5,-450.0,-687.5,92.0,90.72,ACTIVE,RELAY,P6,1,1,1,1,0,1,0.47,0
242.0,1,-191.3,-104.1,60.0,86.9,ACTIVE,RELAY,P6,1,1,1,3,3,0,0.32,0
242.0,2,314.7,-132.0,68.0,87.35,ACTIVE,SURVEY,P6,1,1,1,3,3,0,0.26,0
242.0,3,-50.0,-525.0,76.0,90.41,ACTIVE,RELAY,P6,1,1,1,2,5,0,0.15,0
242.0,4,430.7,403.4,84.0,87.17,ACTIVE,SURVEY,P7,1,1,1,4,2,0,0.02,0
242.0,5,-450.0,-687.5,92.0,90.67,ACTIVE,RELAY,P6,1,1,1,1,0,1,0.49,0
243.0,1,-178.3,-110.3,60.0,86.85,ACTIVE,RELAY,P6,1,1,1,3,3,0,0.32,0
243.0,2,328.7,-135.2,68.0,87.3,ACTIVE,SURVEY,P6,1,1,1,3,3,0,0.19,0
243.0,3,-50.0,-525.0,76.0,90.36,ACTIVE,RELAY,P6,1,1,1,2,5,0,0.12,0
243.0,4,439.1,415.1,84.0,87.12,ACTIVE,SURVEY,P7,1,1,1,4,2,0,0.48,0
243.0,5,-450.0,-687.5,92.0,90.62,ACTIVE,RELAY,P6,1,1,1,1,0,1,0.43,0
244.0,1,-164.5,-116.9,60.0,86.79,ACTIVE,RELAY,P6,1,1,1,3,3,0,0.32,0
244.0,2,343.7,-138.6,68.0,87.24,ACTIVE,SURVEY,P6,1,1,1,3,3,0,0.26,0
244.0,3,-50.0,-525.0,76.0,90.31,ACTIVE,RELAY,P6,1,1,1,2,5,0,0.15,0
244.0,4,448.1,427.5,84.0,87.06,ACTIVE,SURVEY,P7,1,1,1,4,2,0,0.04,0
244.0,5,-450.0,-687.5,92.0,90.57,ACTIVE,RELAY,P6,1,1,1,1,0,1,0.49,0
245.1,1,-150.6,-123.5,60.0,86.73,ACTIVE,RELAY,P6,1,1,1,3,3,0,0.39,0
245.1,2,358.7,-142.1,68.0,87.19,ACTIVE,SURVEY,P6,1,1,1,3,3,0,0.26,0
245.1,3,-50.0,-525.0,76.0,90.26,ACTIVE,RELAY,P6,1,1,1,2,5,0,0.14,0
245.1,4,457.2,439.9,84.0,87.01,ACTIVE,SURVEY,P7,1,1,1,4,2,0,0.04,0
245.1,5,-450.0,-687.5,92.0,90.52,ACTIVE,RELAY,P6,1,1,1,1,0,1,0.49,0
246.0,1,-137.6,-129.7,60.0,86.68,ACTIVE,RELAY,P6,1,1,1,3,3,0,0.31,0
246.0,2,372.7,-145.3,68.0,87.14,ACTIVE,SURVEY,P6,1,1,1,3,3,0,0.19,0
246.0,3,-50.0,-525.0,76.0,90.21,ACTIVE,RELAY,P6,1,1,1,2,5,0,0.15,0
246.0,4,465.6,451.6,84.0,86.95,ACTIVE,SURVEY,P7,1,1,0,,,1,0.47,0
246.0,5,-450.0,-687.5,92.0,90.47,ACTIVE,RELAY,P6,1,1,1,1,0,1,0.49,0
247.0,1,-123.7,-136.3,60.0,86.62,ACTIVE,RELAY,P6,1,1,1,3,3,0,0.32,0
247.0,2,387.7,-148.8,68.0,87.08,ACTIVE,SURVEY,P6,1,1,1,3,3,0,0.26,0
247.0,3,-50.0,-525.0,76.0,90.16,ACTIVE,RELAY,P6,1,1,1,2,5,0,0.14,0
247.0,4,474.6,464.0,84.0,86.9,ACTIVE,SURVEY,P7,1,1,0,,,3,1.5,0
247.0,5,-450.0,-687.5,92.0,90.42,ACTIVE,RELAY,P6,1,1,1,1,0,1,0.49,0
248.1,1,-109.9,-142.9,60.0,86.57,ACTIVE,RELAY,P6,1,1,1,3,3,0,0.39,0
248.1,2,402.6,-152.2,68.0,87.02,ACTIVE,SURVEY,P6,1,1,1,3,3,0,0.26,0
248.1,3,-50.0,-525.0,76.0,90.11,ACTIVE,RELAY,P6,1,1,1,2,5,0,0.19,0
248.1,4,483.6,476.5,84.0,86.84,ACTIVE,SURVEY,P7,1,1,0,,,5,2.52,0
248.1,5,-450.0,-687.5,92.0,90.37,ACTIVE,RELAY,P6,1,1,1,1,0,1,0.49,0
249.0,1,-96.9,-149.1,60.0,86.51,ACTIVE,RELAY,P6,1,1,1,3,3,0,0.3,0
249.0,2,416.7,-155.4,68.0,86.97,ACTIVE,SURVEY,P6,1,1,1,3,3,0,0.23,0
249.0,3,-50.0,-525.0,76.0,90.06,ACTIVE,RELAY,P6,1,1,1,2,5,0,0.14,0
249.0,4,492.1,488.1,84.0,86.79,ACTIVE,SURVEY,P7,1,1,0,,,5,3.48,1
249.0,5,-450.0,-687.5,92.0,90.32,ACTIVE,RELAY,P6,1,1,1,1,0,1,0.49,0
250.0,1,-83.0,-155.8,60.0,86.46,ACTIVE,RELAY,P6,1,1,1,3,3,0,0.32,0
250.0,2,431.6,-158.9,68.0,86.91,ACTIVE,SURVEY,P6,1,1,1,4,1,0,0.24,0
250.0,3,-50.0,-525.0,76.0,90.01,ACTIVE,RELAY,P6,1,1,1,2,5,0,0.15,0
250.0,4,501.1,500.6,84.0,86.73,ACTIVE,SURVEY,P7,1,1,0,,,5,4.5,1
250.0,5,-450.0,-687.5,92.0,90.27,ACTIVE,RELAY,P6,1,1,1,1,0,1,0.49,0
251.0,1,-70.0,-162.0,60.0,86.41,ACTIVE,RELAY,P6,1,1,1,3,3,0,0.32,0
251.0,2,445.7,-162.1,68.0,86.86,ACTIVE,SURVEY,P6,1,1,1,4,1,0,0.1,0
251.0,3,-50.0,-525.0,76.0,89.96,ACTIVE,RELAY,P6,1,1,1,2,5,0,0.12,0
251.0,4,502.5,502.5,84.0,86.68,ACTIVE,SURVEY,P7,1,1,0,,,6,5.46,1
251.0,5,-450.0,-687.5,92.0,90.22,ACTIVE,RELAY,P6,1,1,1,1,0,1,0.43,0
252.0,1,-56.2,-168.6,60.0,86.35,ACTIVE,RELAY,P6,1,1,1,3,3,0,0.3,0
252.0,2,460.6,-165.5,68.0,86.8,ACTIVE,SURVEY,P6,1,1,1,4,1,0,0.24,0
252.0,3,-50.0,-525.0,76.0,89.91,ACTIVE,RELAY,P6,1,1,1,2,5,0,0.15,0
252.0,4,502.5,502.5,84.0,86.63,ACTIVE,SURVEY,P7,1,1,0,,,5,6.49,1
252.0,5,-450.0,-687.5,92.0,90.17,ACTIVE,RELAY,P6,1,1,1,1,0,1,0.49,0
253.1,1,-42.3,-175.2,60.0,86.29,ACTIVE,RELAY,P6,1,1,1,3,3,0,0.39,0
253.1,2,475.6,-169.0,68.0,86.75,ACTIVE,SURVEY,P6,1,1,1,4,1,0,0.22,0
253.1,3,-50.0,-525.0,76.0,89.86,ACTIVE,RELAY,P6,1,1,1,2,5,0,0.14,0
253.1,4,502.5,502.5,84.0,86.58,ACTIVE,SURVEY,P7,1,1,0,,,5,7.51,1
253.1,5,-450.0,-687.5,92.0,90.12,ACTIVE,RELAY,P6,1,1,1,1,0,1,0.49,0
254.0,1,-29.3,-181.4,60.0,86.24,ACTIVE,RELAY,P6,1,1,1,3,3,0,0.32,0
254.0,2,489.7,-172.2,68.0,86.7,ACTIVE,SURVEY,P6,1,1,1,4,1,0,0.17,0
254.0,3,-50.0,-525.0,76.0,89.81,ACTIVE,RELAY,P6,1,1,1,2,5,0,0.15,0
254.0,4,502.5,502.5,84.0,86.53,ACTIVE,SURVEY,P7,1,1,0,,,5,8.47,1
254.0,5,-450.0,-687.5,92.0,90.07,ACTIVE,RELAY,P6,1,1,1,1,0,1,0.49,0
255.0,1,-15.4,-188.0,60.0,86.18,ACTIVE,RELAY,P6,1,1,1,3,3,0,0.3,0
255.0,2,504.6,-175.6,68.0,86.64,ACTIVE,SURVEY,P6,1,1,1,4,1,0,0.24,0
255.0,3,-50.0,-525.0,76.0,89.76,ACTIVE,RELAY,P6,1,1,1,2,5,0,0.11,0
255.0,4,502.5,502.5,84.0,86.48,ACTIVE,SURVEY,P7,1,1,0,,,5,9.5,1
255.0,5,-450.0,-687.5,92.0,90.02,ACTIVE,RELAY,P6,1,1,1,1,0,1,0.49,0
256.1,1,-1.6,-194.6,60.0,86.13,ACTIVE,RELAY,P6,1,1,1,3,3,0,0.39,0
256.1,2,519.6,-179.1,68.0,86.58,ACTIVE,SURVEY,P6,1,1,1,4,1,0,0.24,0
256.1,3,-50.0,-525.0,76.0,89.71,ACTIVE,RELAY,P6,1,1,1,2,5,0,0.21,0
256.1,4,502.5,502.5,84.0,86.43,ACTIVE,SURVEY,P7,1,1,0,,,5,10.52,1
256.1,5,-450.0,-687.5,92.0,89.97,ACTIVE,RELAY,P6,1,1,1,1,0,1,0.49,0
257.0,1,11.4,-200.9,60.0,86.07,ACTIVE,RELAY,P6,1,1,1,3,3,0,0.32,0
257.0,2,533.6,-182.3,68.0,86.53,ACTIVE,SURVEY,P6,1,1,1,4,1,0,0.24,0
257.0,3,-50.0,-525.0,76.0,89.66,ACTIVE,RELAY,P6,1,1,1,2,5,0,0.12,0
257.0,4,502.5,502.5,84.0,86.38,ACTIVE,SURVEY,P7,1,1,0,,,5,11.48,1
257.0,5,-450.0,-687.5,92.0,89.92,ACTIVE,RELAY,P6,1,1,1,1,0,1,0.49,0
258.0,1,25.3,-207.5,60.0,86.02,ACTIVE,RELAY,P6,1,1,1,3,3,0,0.32,0
258.0,2,548.6,-185.8,68.0,86.47,ACTIVE,SURVEY,P6,1,1,1,4,1,0,0.24,0
258.0,3,-50.0,-525.0,76.0,89.61,ACTIVE,RELAY,P6,1,1,1,2,5,0,0.13,0
258.0,4,502.5,502.5,84.0,86.33,ACTIVE,SURVEY,P7,1,1,0,,,5,12.5,1
258.0,5,-450.0,-687.5,92.0,89.87,ACTIVE,RELAY,P6,1,1,1,1,0,1,0.49,0
259.0,1,38.3,-213.7,60.0,85.97,ACTIVE,RELAY,P6,1,1,1,3,3,0,0.32,0
259.0,2,562.6,-189.0,68.0,86.42,ACTIVE,SURVEY,P6,1,1,1,4,1,0,0.14,0
259.0,3,-50.0,-525.0,76.0,89.56,ACTIVE,RELAY,P6,1,1,1,2,5,0,0.14,0
259.0,4,502.5,502.5,84.0,86.28,ACTIVE,SURVEY,P7,1,1,0,,,6,13.46,1
259.0,5,-450.0,-687.5,92.0,89.82,ACTIVE,RELAY,P6,1,1,1,1,0,1,0.43,0
260.0,1,52.1,-220.3,60.0,85.91,ACTIVE,RELAY,P6,1,1,1,3,3,0,0.32,0
260.0,2,577.6,-192.4,68.0,86.36,ACTIVE,SURVEY,P6,1,1,1,4,1,0,0.24,0
260.0,3,-50.0,-525.0,76.0,89.51,ACTIVE,RELAY,P6,1,1,1,2,5,0,0.15,0
260.0,4,501.8,501.8,84.0,86.23,ACTIVE,SURVEY,P7,1,1,0,,,9,14.49,1
260.0,5,-450.0,-687.5,92.0,89.77,ACTIVE,RELAY,P6,1,1,1,1,0,1,0.49,0
261.1,1,66.0,-226.9,60.0,85.85,ACTIVE,RELAY,P6,1,1,1,3,3,0,0.39,0
261.1,2,592.6,-195.9,68.0,86.31,ACTIVE,SURVEY,P6,1,1,1,4,1,0,0.24,0
261.1,3,-50.0,-525.0,76.0,89.46,ACTIVE,RELAY,P6,1,1,1,2,5,0,0.14,0
261.1,4,490.9,490.9,84.0,86.18,ACTIVE,SURVEY,P7,1,1,0,,,9,15.51,1
261.1,5,-450.0,-687.5,92.0,89.72,ACTIVE,RELAY,P6,1,1,1,1,0,1,0.49,0
262.0,1,79.0,-233.1,60.0,85.8,ACTIVE,RELAY,P6,1,1,1,3,3,0,0.32,0
262.0,2,606.6,-199.1,68.0,86.26,ACTIVE,SURVEY,P6,1,1,1,4,1,0,0.17,0
262.0,3,-50.0,-525.0,76.0,89.41,ACTIVE,RELAY,P6,1,1,1,2,5,0,0.15,0
262.0,4,480.8,480.8,84.0,86.12,ACTIVE,SURVEY,P7,1,1,0,,,9,16.47,1
262.0,5,-450.0,-687.5,92.0,89.67,ACTIVE,RELAY,P6,1,1,1,1,0,1,0.47,0
263.0,1,92.8,-239.7,60.0,85.74,ACTIVE,RELAY,P6,1,1,1,3,3,0,0.3,0
263.0,2,621.6,-202.5,68.0,86.2,ACTIVE,SURVEY,P6,1,1,1,4,1,0,0.24,0
263.0,3,-50.0,-525.0,76.0,89.36,ACTIVE,RELAY,P6,1,1,1,2,5,0,0.1,0
263.0,4,469.9,469.9,84.0,86.07,ACTIVE,SURVEY,P7,1,1,0,,,9,17.5,1
263.0,5,-450.0,-687.5,92.0,89.62,ACTIVE,RELAY,P6,1,1,1,1,0,1,0.49,0
264.1,1,106.7,-246.3,60.0,85.69,ACTIVE,RELAY,P6,1,1,1,3,3,0,0.39,0
264.1,2,636.5,-206.0,68.0,86.14,ACTIVE,SURVEY,P6,1,1,1,4,1,0,0.24,0
264.1,3,-50.0,-525.0,76.0,89.31,ACTIVE,RELAY,P6,1,1,1,2,5,0,0.21,0
264.1,4,459.0,459.0,84.0,86.01,ACTIVE,SURVEY,P7,1,1,0,,,13,18.52,1
264.1,5,-450.0,-687.5,92.0,89.57,ACTIVE,RELAY,P6,1,1,1,1,0,1,0.49,0
265.0,1,119.7,-252.6,60.0,85.63,ACTIVE,RELAY,P6,1,1,1,3,3,0,0.32,0
265.0,2,650.6,-209.2,68.0,86.09,ACTIVE,SURVEY,P6,1,1,1,4,1,0,0.24,0
265.0,3,-50.0,-525.0,76.0,89.26,ACTIVE,RELAY,P6,1,1,1,2,5,0,0.14,0
265.0,4,448.9,448.9,84.0,85.96,ACTIVE,SURVEY,P7,1,1,0,,,13,19.48,1
265.0,5,-450.0,-687.5,92.0,89.52,ACTIVE,RELAY,P6,1,1,1,1,0,1,0.49,0
266.0,1,133.6,-259.2,60.0,85.58,ACTIVE,RELAY,P6,1,1,1,3,3,0,0.3,0
266.0,2,665.5,-212.6,68.0,86.03,ACTIVE,SURVEY,P6,1,1,1,4,1,0,0.22,0
266.0,3,-50.0,-525.0,76.0,89.21,ACTIVE,RELAY,P6,1,1,1,2,5,0,0.09,0
266.0,4,438.0,438.0,84.0,85.9,ACTIVE,SURVEY,P7,1,1,0,,,13,20.5,1
266.0,5,-450.0,-687.5,92.0,89.47,ACTIVE,RELAY,P6,1,1,1,1,0,1,0.49,0
267.0,1,146.6,-265.4,60.0,85.53,ACTIVE,RELAY,P6,1,1,1,3,3,0,0.32,0
267.0,2,679.6,-215.9,68.0,85.98,ACTIVE,SURVEY,P6,1,1,1,4,1,0,0.11,0
267.0,3,-50.0,-525.0,76.0,89.16,ACTIVE,RELAY,P6,1,1,1,2,5,0,0.13,0
267.0,4,427.8,427.8,84.0,85.85,ACTIVE,SURVEY,P7,1,1,0,,,14,21.46,1
267.0,5,-450.0,-687.5,92.0,89.42,ACTIVE,RELAY,P6,1,1,1,1,0,1,0.43,0
268.0,1,160.4,-272.0,60.0,85.47,ACTIVE,RELAY,P6,1,1,1,3,3,0,0.32,0
268.0,2,694.5,-219.3,68.0,85.92,ACTIVE,SURVEY,P6,1,1,1,4,1,0,0.24,0
268.0,3,-50.0,-525.0,76.0,89.11,ACTIVE,RELAY,P6,1,1,1,2,5,0,0.15,0
268.0,4,417.0,417.0,84.0,85.79,ACTIVE,SURVEY,P7,1,1,0,,,13,22.49,1
268.0,5,-450.0,-687.5,92.0,89.37,ACTIVE,RELAY,P6,1,1,1,1,0,1,0.49,0
269.1,1,174.3,-278.6,60.0,85.41,ACTIVE,RELAY,P6,1,1,1,3,3,0,0.39,0
269.1,2,699.6,-220.5,68.0,85.87,ACTIVE,SURVEY,P6,1,1,1,4,1,0,0.22,0
269.1,3,-50.0,-525.0,76.0,89.06,ACTIVE,RELAY,P6,1,1,1,2,5,0,0.12,0
269.1,4,406.1,406.1,84.0,85.74,ACTIVE,SURVEY,P7,1,1,0,,,17,23.51,1
269.1,5,-450.0,-687.5,92.0,89.32,ACTIVE,RELAY,P6,1,1,1,1,0,1,0.49,0
270.0,1,187.3,-284.8,60.0,85.36,ACTIVE,RELAY,P6,1,1,1,3,3,0,0.32,0
270.0,2,699.6,-220.5,68.0,85.82,ACTIVE,SURVEY,P6,1,1,1,4,1,0,0.17,0
270.0,3,-50.0,-525.0,76.0,89.01,ACTIVE,RELAY,P6,1,1,1,2,5,0,0.15,0
270.0,4,395.9,395.9,84.0,85.68,ACTIVE,SURVEY,P7,1,1,0,,,17,24.47,1
270.0,5,-450.0,-687.5,92.0,89.27,ACTIVE,RELAY,P6,1,1,1,1,0,1,0.49,0
271.0,1,201.1,-291.4,60.0,85.3,ACTIVE,RELAY,P6,1,1,1,3,3,0,0.32,0
271.0,2,699.6,-220.5,68.0,85.77,ACTIVE,SURVEY,P6,1,1,1,4,1,0,0.24,0
271.0,3,-50.0,-525.0,76.0,88.96,ACTIVE,RELAY,P6,1,1,1,2,5,0,0.11,0
271.0,4,385.0,385.0,84.0,85.63,ACTIVE,SURVEY,P7,1,1,0,,,17,25.5,1
271.0,5,-450.0,-687.5,92.0,89.22,ACTIVE,RELAY,P6,1,1,1,1,0,1,0.49,0
272.1,1,215.0,-298.0,60.0,85.25,ACTIVE,RELAY,P6,1,1,1,3,3,0,0.39,0
272.1,2,699.6,-220.5,68.0,85.72,ACTIVE,SURVEY,P6,1,1,1,4,1,0,0.24,0
272.1,3,-50.0,-525.0,76.0,88.91,ACTIVE,RELAY,P6,1,1,1,2,5,0,0.21,0
272.1,4,374.2,374.2,84.0,85.57,ACTIVE,SURVEY,P7,1,1,0,,,17,26.52,1
272.1,5,-450.0,-687.5,92.0,89.17,ACTIVE,RELAY,P6,1,1,1,1,0,1,0.49,0
273.0,1,228.0,-304.3,60.0,85.19,ACTIVE,RELAY,P6,1,1,1,3,3,0,0.32,0
273.0,2,699.6,-220.5,68.0,85.67,ACTIVE,SURVEY,P6,1,1,1,4,1,0,0.24,0
273.0,3,-50.0,-525.0,76.0,88.86,ACTIVE,RELAY,P6,1,1,1,2,5,0,0.14,0
273.0,4,364.0,364.0,84.0,85.52,ACTIVE,SURVEY,P7,1,1,0,,,21,27.48,1
273.0,5,-450.0,-687.5,92.0,89.12,ACTIVE,RELAY,P6,1,1,1,1,0,1,0.49,0
274.0,1,241.9,-310.9,60.0,85.14,ACTIVE,RELAY,P6,1,1,1,3,3,0,0.32,0
274.0,2,699.6,-220.5,68.0,85.62,ACTIVE,SURVEY,P6,1,1,1,4,1,0,0.22,0
274.0,3,-50.0,-525.0,76.0,88.81,ACTIVE,RELAY,P6,1,1,1,2,5,0,0.15,0
274.0,4,353.1,353.1,84.0,85.46,ACTIVE,SURVEY,P7,1,1,0,,,21,28.5,1
274.0,5,-450.0,-687.5,92.0,89.07,ACTIVE,RELAY,P6,1,1,1,1,0,1,0.49,0
275.0,1,254.8,-317.1,60.0,85.09,ACTIVE,RELAY,P6,1,1,1,3,3,0,0.32,0
275.0,2,699.6,-220.5,68.0,85.57,ACTIVE,SURVEY,P6,1,1,1,4,1,0,0.14,0
275.0,3,-50.0,-525.0,76.0,88.76,ACTIVE,RELAY,P6,1,1,1,2,5,0,0.14,0
275.0,4,343.0,343.0,84.0,85.41,ACTIVE,SURVEY,P7,1,1,0,,,22,29.46,1
275.0,5,-450.0,-687.5,92.0,89.02,ACTIVE,RELAY,P6,1,1,1,1,0,1,0.43,0
276.0,1,268.7,-323.7,60.0,85.03,ACTIVE,RELAY,P6,1,1,1,3,3,0,0.3,0
276.0,2,699.6,-220.5,68.0,85.52,ACTIVE,SURVEY,P6,1,1,1,4,1,0,0.21,0
276.0,3,-50.0,-525.0,76.0,88.71,ACTIVE,RELAY,P6,1,1,1,2,5,0,0.15,0
276.0,4,332.1,332.1,84.0,85.35,ACTIVE,SURVEY,P7,1,1,0,,,21,30.49,1
276.0,5,-450.0,-687.5,92.0,88.97,ACTIVE,RELAY,P6,1,1,1,1,0,1,0.49,0
277.1,1,282.6,-330.3,60.0,84.97,ACTIVE,RELAY,P6,1,1,1,3,3,0,0.34,0
277.1,2,699.6,-220.5,68.0,85.47,ACTIVE,SURVEY,P6,1,1,1,4,1,0,0.24,0
277.1,3,-50.0,-525.0,76.0,88.66,ACTIVE,RELAY,P6,1,1,1,2,5,0,0.09,0
277.1,4,321.2,321.2,84.0,85.3,ACTIVE,SURVEY,P7,1,1,0,,,25,31.51,1
277.1,5,-450.0,-687.5,92.0,88.92,ACTIVE,RELAY,P6,1,1,1,1,0,1,0.49,0
278.0,1,295.6,-336.5,60.0,84.92,ACTIVE,RELAY,P6,1,1,1,3,3,0,0.32,0
278.0,2,699.6,-220.5,68.0,85.42,ACTIVE,SURVEY,P6,1,1,1,4,1,0,0.15,0
278.0,3,-50.0,-525.0,76.0,88.61,ACTIVE,RELAY,P6,1,1,1,2,5,0,0.15,0
278.0,4,311.1,311.1,84.0,85.24,ACTIVE,SURVEY,P7,1,1,0,,,25,32.47,1
278.0,5,-450.0,-687.5,92.0,88.87,ACTIVE,RELAY,P6,1,1,1,1,0,1,0.49,0
279.0,1,309.4,-343.1,60.0,84.86,ACTIVE,RELAY,P6,1,1,1,3,3,0,0.11,0
279.0,2,699.6,-220.5,68.0,85.37,ACTIVE,SURVEY,P6,1,1,1,4,1,0,0.73,0
279.0,3,-50.0,-525.0,76.0,88.56,ACTIVE,RELAY,P6,1,1,1,2,5,6,0.62,0
279.0,4,300.2,300.2,84.0,85.19,ACTIVE,SURVEY,P7,1,1,0,,,25,33.5,1
279.0,5,-450.0,-687.5,92.0,88.82,ACTIVE,RELAY,P6,1,1,1,1,0,2,0.48,0
280.1,1,323.3,-349.7,60.0,84.81,ACTIVE,RELAY,P6,1,1,1,3,3,0,0.13,0
280.1,2,699.6,-220.5,68.0,85.32,ACTIVE,SURVEY,P6,1,1,1,4,1,0,0.05,0
280.1,3,-50.0,-525.0,76.0,88.51,ACTIVE,RELAY,P6,1,1,1,2,5,0,0.06,0
280.1,4,289.3,289.3,84.0,85.13,ACTIVE,SURVEY,P7,1,1,0,,,25,34.52,1
280.1,5,-450.0,-687.5,92.0,88.77,ACTIVE,RELAY,P6,1,1,1,1,0,2,0.49,0
281.0,1,336.3,-356.0,60.0,84.75,ACTIVE,RELAY,P6,1,1,1,3,3,2,0.15,0
281.0,2,699.6,-220.5,68.0,85.27,ACTIVE,SURVEY,P6,1,1,1,4,1,0,0.47,0
281.0,3,-50.0,-525.0,76.0,88.46,ACTIVE,RELAY,P6,1,1,1,2,5,0,0.13,0
281.0,4,279.1,279.1,84.0,85.08,ACTIVE,SURVEY,P7,1,1,0,,,29,35.48,1
281.0,5,-450.0,-687.5,92.0,88.72,ACTIVE,RELAY,P6,1,1,1,1,0,5,0.49,0
282.0,1,350.0,-362.5,60.0,84.7,ACTIVE,RELAY,P6,1,1,1,3,3,0,0.17,0
282.0,2,699.6,-220.5,68.0,85.22,ACTIVE,SURVEY,P6,1,1,1,4,1,1,0.13,0
282.0,3,-50.0,-525.0,76.0,88.41,ACTIVE,RELAY,P6,1,1,1,2,5,0,0.15,0
282.0,4,268.3,268.3,84.0,85.02,ACTIVE,SURVEY,P7,1,1,0,,,29,36.5,1
282.0,5,-450.0,-687.5,92.0,88.67,ACTIVE,RELAY,P6,1,1,1,1,0,1,0.49,0
283.0,1,350.0,-362.5,60.0,84.65,ACTIVE,RELAY,P6,1,1,1,3,3,1,0.13,0
283.0,2,699.6,-220.5,68.0,85.17,ACTIVE,SURVEY,P6,1,1,1,4,1,0,0.6,0
283.0,3,-50.0,-525.0,76.0,88.36,ACTIVE,RELAY,P6,1,1,1,2,5,1,0.07,0
283.0,4,258.1,258.1,84.0,84.97,ACTIVE,SURVEY,P7,1,1,0,,,30,37.46,1
283.0,5,-450.0,-687.5,92.0,88.62,ACTIVE,RELAY,P6,1,1,1,1,0,3,0.35,0
284.0,1,350.0,-362.5,60.0,84.6,ACTIVE,RELAY,P6,1,1,1,3,3,0,0.31,0
284.0,2,699.6,-220.5,68.0,85.12,ACTIVE,SURVEY,P6,1,1,1,4,1,1,0.06,0
284.0,3,-50.0,-525.0,76.0,88.31,ACTIVE,RELAY,P6,1,1,1,2,5,0,0.09,0
284.0,4,247.2,247.2,84.0,84.91,ACTIVE,SURVEY,P7,1,1,0,,,29,38.49,1
284.0,5,-450.0,-687.5,92.0,88.57,ACTIVE,RELAY,P6,1,1,1,1,0,1,0.49,0
285.1,1,350.0,-362.5,60.0,84.55,ACTIVE,RELAY,P6,1,1,1,3,3,0,0.38,0
285.1,2,699.6,-220.5,68.0,85.07,ACTIVE,SURVEY,P6,1,1,1,4,1,1,0.56,0
285.1,3,-50.0,-525.0,76.0,88.26,ACTIVE,RELAY,P6,1,1,1,2,5,0,0.56,0
285.1,4,236.4,236.4,84.0,84.86,ACTIVE,SURVEY,P7,1,1,0,,,33,39.51,1
285.1,5,-450.0,-687.5,92.0,88.52,ACTIVE,RELAY,P6,1,1,1,1,0,1,0.47,0
286.0,1,350.0,-362.5,60.0,84.5,ACTIVE,RELAY,P6,1,1,1,3,3,0,0.11,0
286.0,2,699.6,-220.5,68.0,85.02,ACTIVE,SURVEY,P6,1,1,1,4,1,0,0.02,0
286.0,3,-50.0,-525.0,76.0,88.21,ACTIVE,RELAY,P6,1,1,1,2,5,0,0.04,0
286.0,4,226.2,226.2,84.0,84.8,ACTIVE,SURVEY,P7,1,1,0,,,33,40.47,1
286.0,5,-450.0,-687.5,92.0,88.47,ACTIVE,RELAY,P6,1,1,1,1,0,2,0.41,0
287.0,1,350.0,-362.5,60.0,84.45,ACTIVE,RELAY,P6,1,1,1,3,3,17,0.83,0
287.0,2,699.6,-220.5,68.0,84.97,ACTIVE,SURVEY,P6,1,1,1,4,1,0,0.47,0
287.0,3,-50.0,-525.0,76.0,88.16,ACTIVE,RELAY,P6,1,1,1,2,5,0,0.09,0
287.0,4,215.3,215.3,84.0,84.75,ACTIVE,SURVEY,P7,1,1,1,4,1,24,0.29,0
287.0,5,-450.0,-687.5,92.0,88.42,ACTIVE,RELAY,P6,1,1,1,1,0,1,0.49,0
288.1,1,350.0,-362.5,60.0,84.4,ACTIVE,RELAY,P6,1,1,1,3,3,22,0.1,0
288.1,2,699.6,-220.5,68.0,84.92,ACTIVE,SURVEY,P6,1,1,1,4,1,0,0.37,0
288.1,3,-50.0,-525.0,76.0,88.11,ACTIVE,RELAY,P6,1,1,1,2,5,0,0.12,0
288.1,4,204.5,204.5,84.0,84.69,ACTIVE,SURVEY,P7,1,1,1,4,1,11,0.12,0
288.1,5,-450.0,-687.5,92.0,88.37,ACTIVE,RELAY,P6,1,1,1,1,0,1,0.49,0
289.0,1,350.0,-362.5,60.0,84.35,ACTIVE,RELAY,P6,1,1,1,3,3,30,0.17,0
289.0,2,699.6,-220.5,68.0,84.87,ACTIVE,SURVEY,P6,1,1,1,4,1,0,0.11,0
289.0,3,-50.0,-525.0,76.0,88.06,ACTIVE,RELAY,P6,1,1,1,2,5,2,0.15,0
289.0,4,194.3,194.3,84.0,84.64,ACTIVE,SURVEY,P7,1,1,1,4,1,6,0.37,0
289.0,5,-450.0,-687.5,92.0,88.32,ACTIVE,RELAY,P6,1,1,1,1,0,1,0.49,0
290.0,1,350.0,-362.5,60.0,84.3,ACTIVE,RELAY,P6,1,1,1,3,3,29,0.21,0
290.0,2,699.6,-220.5,68.0,84.82,ACTIVE,SURVEY,P6,1,1,1,4,1,0,0.23,0
290.0,3,-50.0,-525.0,76.0,88.01,ACTIVE,RELAY,P6,1,1,1,2,5,5,0.07,0
290.0,4,183.4,183.4,84.0,84.58,ACTIVE,SURVEY,P7,1,1,1,4,1,0,0.19,0
290.0,5,-450.0,-687.5,92.0,88.27,ACTIVE,RELAY,P6,1,1,1,1,0,6,0.49,0
291.0,1,350.0,-362.5,60.0,84.25,ACTIVE,RELAY,P6,1,1,1,3,3,20,0.3,0
291.0,2,699.6,-220.5,68.0,84.77,ACTIVE,SURVEY,P6,1,1,1,4,1,3,0.76,0
291.0,3,-50.0,-525.0,76.0,87.96,ACTIVE,RELAY,P6,1,1,1,2,5,24,0.32,0
291.0,4,173.3,173.3,84.0,84.53,ACTIVE,SURVEY,P7,1,1,1,4,1,1,0.69,0
291.0,5,-450.0,-687.5,92.0,88.22,ACTIVE,RELAY,P6,1,1,1,1,0,1,0.34,0
292.0,1,350.0,-362.5,60.0,84.2,ACTIVE,RELAY,P6,1,1,1,3,3,23,0.04,0
292.0,2,699.6,-220.5,68.0,84.72,ACTIVE,SURVEY,P6,1,1,1,4,1,0,0.03,0
292.0,3,-50.0,-525.0,76.0,87.91,ACTIVE,RELAY,P6,1,1,1,2,5,16,0.04,0
292.0,4,162.4,162.4,84.0,84.47,ACTIVE,SURVEY,P7,1,1,1,4,1,0,0.04,0
292.0,5,-450.0,-687.5,92.0,88.17,ACTIVE,RELAY,P6,1,1,1,1,0,7,0.05,0
293.1,1,350.0,-362.5,60.0,84.15,ACTIVE,RELAY,P6,1,1,1,3,3,11,0.35,0
293.1,2,699.6,-220.5,68.0,84.67,ACTIVE,SURVEY,P6,1,1,1,4,1,2,1.05,0
293.1,3,-50.0,-525.0,76.0,87.86,ACTIVE,RELAY,P6,1,1,1,2,5,39,0.35,0
293.1,4,151.5,151.5,84.0,84.42,ACTIVE,SURVEY,P7,1,1,1,4,1,1,0.77,0
293.1,5,-450.0,-687.5,92.0,88.12,ACTIVE,RELAY,P6,1,1,1,1,0,1,0.45,0
294.0,1,350.0,-362.5,60.0,84.1,ACTIVE,RELAY,P6,1,1,1,3,3,0,0.13,0
294.0,2,699.6,-220.5,68.0,84.62,ACTIVE,SURVEY,P6,1,1,1,4,1,0,0.18,0
294.0,3,-50.0,-525.0,76.0,87.81,ACTIVE,RELAY,P6,1,1,1,2,5,37,0.15,0
294.0,4,141.3,141.3,84.0,84.36,ACTIVE,SURVEY,P7,1,1,1,4,1,0,0.19,0
294.0,5,-450.0,-687.5,92.0,88.07,ACTIVE,RELAY,P6,1,1,1,1,0,1,0.49,0
295.0,1,350.0,-362.5,60.0,84.05,ACTIVE,RELAY,P6,1,1,1,3,3,1,0.11,0
295.0,2,699.6,-220.5,68.0,84.57,ACTIVE,SURVEY,P6,1,1,1,4,1,0,0.11,0
295.0,3,-50.0,-525.0,76.0,87.76,ACTIVE,RELAY,P6,1,1,1,2,5,24,0.43,0
295.0,4,130.5,130.5,84.0,84.31,ACTIVE,SURVEY,P7,1,1,1,4,1,0,0.11,0
295.0,5,-450.0,-687.5,92.0,88.02,ACTIVE,RELAY,P6,1,1,1,1,0,11,0.21,0
296.1,1,350.0,-362.5,60.0,84.0,ACTIVE,RELAY,P6,1,1,1,3,3,8,0.27,0
296.1,2,699.6,-220.5,68.0,84.52,ACTIVE,SURVEY,P6,1,1,1,4,1,0,0.67,0
296.1,3,-50.0,-525.0,76.0,87.71,ACTIVE,RELAY,P6,1,1,1,2,5,17,0.63,0
296.1,4,119.6,119.6,84.0,84.25,ACTIVE,SURVEY,P7,1,1,1,4,1,0,0.45,0
296.1,5,-450.0,-687.5,92.0,87.97,ACTIVE,RELAY,P6,1,1,1,1,0,19,0.47,0
297.0,1,350.0,-362.5,60.0,83.95,ACTIVE,RELAY,P6,1,1,1,3,3,0,0.75,0
297.0,2,699.6,-220.5,68.0,84.47,ACTIVE,SURVEY,P6,1,1,1,4,1,0,0.77,0
297.0,3,-50.0,-525.0,76.0,87.66,ACTIVE,RELAY,P6,1,1,1,2,5,34,0.21,0
297.0,4,109.4,109.4,84.0,84.2,ACTIVE,SURVEY,P7,1,1,1,4,1,0,0.76,0
297.0,5,-450.0,-687.5,92.0,87.92,ACTIVE,RELAY,P6,1,1,1,1,0,9,0.44,0
298.0,1,350.0,-362.5,60.0,83.9,ACTIVE,RELAY,P6,1,1,1,3,3,0,0.27,0
298.0,2,699.6,-220.5,68.0,84.42,ACTIVE,SURVEY,P6,1,1,1,4,1,0,0.63,0
298.0,3,-50.0,-525.0,76.0,87.61,ACTIVE,RELAY,P6,1,1,1,2,5,20,0.54,0
298.0,4,98.6,98.6,84.0,84.14,ACTIVE,SURVEY,P7,1,1,1,4,1,0,0.44,0
298.0,5,-450.0,-687.5,92.0,87.87,ACTIVE,RELAY,P6,1,1,1,1,0,12,0.47,0
299.0,1,350.0,-362.5,60.0,83.85,ACTIVE,RELAY,P6,1,1,1,3,3,1,0.23,0
299.0,2,699.6,-220.5,68.0,84.37,ACTIVE,SURVEY,P6,1,1,1,4,1,0,0.07,0
299.0,3,-50.0,-525.0,76.0,87.56,ACTIVE,RELAY,P6,1,1,1,2,5,9,0.13,0
299.0,4,88.4,88.4,84.0,84.09,ACTIVE,SURVEY,P7,1,1,1,4,1,0,0.32,0
299.0,5,-450.0,-687.5,92.0,87.82,ACTIVE,RELAY,P6,1,1,1,1,0,28,0.43,0
300.0,1,350.0,-362.5,60.0,83.8,ACTIVE,RELAY,P6,1,1,1,3,3,7,0.18,0
300.0,2,699.6,-220.5,68.0,84.32,ACTIVE,SURVEY,P6,1,1,1,4,1,0,0.65,0
300.0,3,-50.0,-525.0,76.0,87.51,ACTIVE,RELAY,P6,1,1,1,2,5,3,0.66,0
300.0,4,77.5,77.5,84.0,84.03,ACTIVE,SURVEY,P7,1,1,1,4,1,0,0.33,0
300.0,5,-450.0,-687.5,92.0,87.77,ACTIVE,RELAY,P6,1,1,1,1,0,30,0.36,0
301.1,1,350.0,-362.5,60.0,83.75,ACTIVE,RELAY,P6,1,1,1,3,3,0,0.04,0
301.1,2,699.6,-220.5,68.0,84.27,ACTIVE,SURVEY,P6,1,1,1,4,1,0,0.06,0
301.1,3,-50.0,-525.0,76.0,87.46,ACTIVE,RELAY,P6,1,1,1,2,5,9,0.04,0
301.1,4,66.7,66.7,84.0,83.98,ACTIVE,SURVEY,P7,1,1,1,4,1,0,0.18,0
301.1,5,-450.0,-687.5,92.0,87.72,ACTIVE,RELAY,P6,1,1,1,1,0,15,0.45,0
302.0,1,350.0,-362.5,60.0,83.7,ACTIVE,RELAY,P6,1,1,1,3,3,0,0.08,0
302.0,2,699.6,-220.5,68.0,84.22,ACTIVE,SURVEY,P6,1,1,1,4,1,0,0.3,0
302.0,3,-50.0,-525.0,76.0,87.41,ACTIVE,RELAY,P6,1,1,1,2,5,15,0.08,0
302.0,4,56.5,56.5,84.0,83.92,ACTIVE,SURVEY,P7,1,1,1,3,3,1,0.26,0
302.0,5,-450.0,-687.5,92.0,87.67,ACTIVE,RELAY,P6,1,1,1,1,0,11,0.44,0
303.0,1,350.0,-362.5,60.0,83.65,ACTIVE,RELAY,P6,1,1,1,3,3,0,0.19,0
303.0,2,699.6,-220.5,68.0,84.17,ACTIVE,SURVEY,P6,1,1,1,4,1,0,0.63,0
303.0,3,-50.0,-525.0,76.0,87.36,ACTIVE,RELAY,P6,1,1,1,2,5,19,0.63,0
303.0,4,45.6,45.6,84.0,83.87,ACTIVE,SURVEY,P7,1,1,1,3,3,0,0.66,0
303.0,5,-450.0,-687.5,92.0,87.62,ACTIVE,RELAY,P6,1,1,1,1,0,8,0.21,0
304.1,1,350.0,-362.5,60.0,83.6,ACTIVE,RELAY,P6,1,1,1,3,3,0,0.13,0
304.1,2,699.6,-220.5,68.0,84.12,ACTIVE,SURVEY,P6,1,1,1,4,1,0,0.67,0
304.1,3,-50.0,-525.0,76.0,87.31,ACTIVE,RELAY,P6,1,1,1,2,5,5,0.39,0
304.1,4,34.8,34.8,84.0,83.81,ACTIVE,SURVEY,P7,1,1,1,3,3,1,0.31,0
304.1,5,-450.0,-687.5,92.0,87.57,ACTIVE,RELAY,P6,1,1,1,1,0,15,0.41,0
305.0,1,350.0,-362.5,60.0,83.55,ACTIVE,RELAY,P6,1,1,1,3,3,0,0.31,0
305.0,2,699.6,-220.5,68.0,84.07,ACTIVE,SURVEY,P6,1,1,1,4,1,0,0.18,0
305.0,3,-50.0,-525.0,76.0,87.26,ACTIVE,RELAY,P6,1,1,1,2,5,0,0.02,0
305.0,4,24.6,24.6,84.0,83.76,ACTIVE,SURVEY,P7,1,1,1,3,3,0,0.4,0
305.0,5,-450.0,-687.5,92.0,87.52,ACTIVE,RELAY,P6,1,1,1,1,0,13,0.42,0
306.0,1,350.0,-362.5,60.0,83.5,ACTIVE,RELAY,P6,1,1,1,3,3,0,0.17,0
306.0,2,699.6,-220.5,68.0,84.02,ACTIVE,SURVEY,P6,1,1,1,4,1,0,0.15,0
306.0,3,-50.0,-525.0,76.0,87.21,ACTIVE,RELAY,P6,1,1,1,2,5,13,0.66,0
306.0,4,13.7,13.7,84.0,83.7,ACTIVE,SURVEY,P7,1,1,1,3,3,4,0.28,0
306.0,5,-450.0,-687.5,92.0,87.47,ACTIVE,RELAY,P6,1,1,1,1,0,1,0.44,0
307.0,1,348.7,-352.0,60.0,83.45,ACTIVE,RELAY,P7,1,1,1,3,3,0,0.14,0
307.0,2,697.2,-211.2,68.0,83.97,ACTIVE,SURVEY,P7,1,1,1,4,1,0,0.03,0
307.0,3,-54.8,-520.3,76.0,87.16,ACTIVE,RELAY,P7,1,1,1,2,5,7,0.11,0
307.0,4,3.5,3.5,84.0,83.65,ACTIVE,RELAY,P7,1,1,1,3,3,0,0.34,0
307.0,5,-459.6,-678.1,92.0,87.41,ACTIVE,RELAY,P7,1,1,1,1,0,2,0.36,0
308.0,1,346.7,-336.8,60.0,83.39,ACTIVE,RELAY,P7,1,1,1,3,3,0,0.25,0
308.0,2,693.4,-196.3,68.0,83.91,ACTIVE,SURVEY,P7,1,1,1,4,1,0,0.16,0
308.0,3,-65.8,-509.6,76.0,87.1,ACTIVE,RELAY,P7,1,1,1,2,5,0,0.11,0
308.0,4,-7.3,-7.3,84.0,83.59,ACTIVE,RELAY,P7,1,1,1,3,3,0,0.37,0
308.0,5,-470.6,-667.4,92.0,87.36,ACTIVE,RELAY,P7,1,1,1,1,0,5,0.37,0
309.1,1,344.8,-321.5,60.0,83.33,ACTIVE,RELAY,P7,1,1,1,3,3,0,0.18,0
309.1,2,689.6,-181.4,68.0,83.86,ACTIVE,SURVEY,P7,1,1,1,4,1,0,0.07,0
309.1,3,-76.8,-498.8,76.0,87.05,ACTIVE,RELAY,P7,1,1,1,2,5,1,0.07,0
309.1,4,-18.2,-18.2,84.0,83.54,ACTIVE,RELAY,P7,1,1,1,3,3,0,0.48,0
309.1,5,-481.6,-656.6,92.0,87.3,ACTIVE,RELAY,P7,1,1,1,1,0,1,0.48,0
310.0,1,343.0,-307.3,60.0,83.28,ACTIVE,RELAY,P7,1,1,1,3,3,0,0.22,0
310.0,2,686.0,-167.5,68.0,83.81,ACTIVE,SURVEY,P7,1,1,1,4,1,0,0.17,0
310.0,3,-87.0,-488.7,76.0,86.99,ACTIVE,RELAY,P7,1,1,1,2,5,0,0.02,0
310.0,4,-28.4,-28.4,84.0,83.48,ACTIVE,RELAY,P7,1,1,1,3,3,0,0.37,0
310.0,5,-491.8,-646.5,92.0,87.25,ACTIVE,RELAY,P7,1,1,1,1,0,3,0.43,0
311.0,1,341.1,-292.0,60.0,83.22,ACTIVE,RELAY,P7,1,1,1,3,3,0,0.23,0
311.0,2,682.2,-152.6,68.0,83.75,ACTIVE,SURVEY,P7,1,1,1,4,1,0,0.12,0
311.0,3,-98.0,-478.0,76.0,86.94,ACTIVE,RELAY,P7,1,1,1,2,5,0,0.12,0
311.0,4,-39.2,-39.2,84.0,83.43,ACTIVE,RELAY,P7,1,1,1,3,3,2,0.47,0
311.0,5,-502.8,-635.8,92.0,87.19,ACTIVE,RELAY,P7,1,1,1,1,0,4,0.47,0
312.1,1,339.2,-276.8,60.0,83.17,ACTIVE,RELAY,P7,1,1,1,3,3,0,0.15,0
312.1,2,678.3,-137.7,68.0,83.69,ACTIVE,SURVEY,P7,1,1,1,4,1,0,0.06,0
312.1,3,-109.0,-467.2,76.0,86.88,ACTIVE,RELAY,P7,1,1,1,2,5,1,0.06,0
312.1,4,-50.1,-50.1,84.0,83.37,ACTIVE,RELAY,P7,1,1,1,3,3,0,0.03,0
312.1,5,-513.8,-625.0,92.0,87.14,ACTIVE,RELAY,P7,1,1,1,1,0,2,0.47,0
313.0,1,337.4,-262.5,60.0,83.12,ACTIVE,RELAY,P7,1,1,1,3,3,0,0.16,0
313.0,2,674.8,-123.8,68.0,83.64,ACTIVE,SURVEY,P7,1,1,1,4,1,0,0.15,0
313.0,3,-119.3,-457.2,76.0,86.83,ACTIVE,RELAY,P7,1,1,1,2,5,0,0.14,0
313.0,4,-60.3,-60.3,84.0,83.32,ACTIVE,RELAY,P7,1,1,1,3,3,0,0.17,0
313.0,5,-524.1,-615.0,92.0,87.08,ACTIVE,RELAY,P7,1,1,1,1,0,3,0.24,0
314.0,1,335.4,-247.3,60.0,83.06,ACTIVE,RELAY,P7,1,1,1,3,3,1,0.27,0
314.0,2,670.9,-108.9,68.0,83.58,ACTIVE,SURVEY,P7,1,1,1,4,1,0,0.64,0
314.0,3,-130.3,-446.4,76.0,86.77,ACTIVE,RELAY,P7,1,1,1,2,5,4,0.05,0
314.0,4,-71.1,-71.1,84.0,83.26,ACTIVE,RELAY,P7,1,1,1,3,3,0,0.39,0
314.0,5,-535.1,-604.2,92.0,87.03,ACTIVE,RELAY,P7,1,1,1,1,0,3,0.44,0
315.0,1,333.6,-233.0,60.0,83.01,ACTIVE,RELAY,P7,1,1,1,3,3,0,0.24,0
315.0,2,667.4,-95.0,68.0,83.53,ACTIVE,SURVEY,P7,1,1,1,4,1,0,0.44,0
315.0,3,-140.5,-436.3,76.0,86.72,ACTIVE,RELAY,P7,1,1,1,2,5,7,0.54,0
315.0,4,-81.3,-81.3,84.0,83.21,ACTIVE,RELAY,P7,1,1,1,3,3,0,0.37,0
315.0,5,-545.3,-594.1,92.0,86.97,ACTIVE,RELAY,P7,1,1,1,1,0,1,0.37,0
316.0,1,331.7,-217.7,60.0,82.95,ACTIVE,RELAY,P7,1,1,1,3,3,0,0.2,0
316.0,2,663.5,-80.1,68.0,83.47,ACTIVE,SURVEY,P7,1,1,1,4,1,0,0.18,0
316.0,3,-151.5,-425.6,76.0,86.66,ACTIVE,RELAY,P7,1,1,1,2,5,0,0.15,0
316.0,4,-89.5,-89.5,84.0,83.15,ACTIVE,RELAY,P7,1,1,1,3,3,0,0.07,0
316.0,5,-556.3,-583.4,92.0,86.92,ACTIVE,RELAY,P7,1,1,1,1,0,1,0.44,0
317.1,1,326.1,-209.5,60.0,82.89,ACTIVE,HOME,,1,1,1,3,3,0,0.39,0
317.1,2,652.9,-80.2,68.0,83.42,ACTIVE,HOME,,1,1,1,4,1,0,0.24,0
317.1,3,-163.9,-427.8,76.0,86.61,ACTIVE,HOME,,1,1,1,2,5,0,0.14,0
317.1,4,-89.4,-89.5,84.0,83.1,ACTIVE,HOME,,1,1,1,3,3,0,0.04,0
317.1,5,-567.2,-582.2,92.0,86.86,ACTIVE,HOME,,1,1,1,1,0,1,0.49,0
318.0,1,313.5,-216.4,60.0,82.84,ACTIVE,HOME,,1,1,1,3,3,0,0.32,0
318.0,2,640.1,-86.8,68.0,83.37,ACTIVE,HOME,,1,1,1,4,1,0,0.17,0
318.0,3,-176.2,-435.4,76.0,86.55,ACTIVE,HOME,,1,1,1,2,5,0,0.15,0
318.0,4,-99.5,-99.8,84.0,83.04,ACTIVE,HOME,,1,1,1,3,3,0,0.51,0
318.0,5,-577.2,-592.5,92.0,86.81,ACTIVE,HOME,,1,1,1,1,0,2,0.44,0
319.0,1,299.9,-223.7,60.0,82.78,ACTIVE,HOME,,1,1,1,3,3,0,0.32,0
319.0,2,626.4,-93.7,68.0,83.31,ACTIVE,HOME,,1,1,1,4,1,0,0.24,0
319.0,3,-189.3,-443.4,76.0,86.5,ACTIVE,HOME,,1,1,1,2,5,0,0.14,0
319.0,4,-110.2,-110.8,84.0,82.99,ACTIVE,HOME,,1,1,1,3,3,0,0.01,0
319.0,5,-587.9,-603.5,92.0,86.75,ACTIVE,HOME,,1,1,1,1,0,1,0.49,0
320.0,1,287.3,-230.5,60.0,82.73,ACTIVE,HOME,,1,1,1,3,3,0,0.32,0
320.0,2,613.6,-100.3,68.0,83.26,ACTIVE,HOME,,1,1,1,4,1,0,0.17,0
320.0,3,-201.5,-451.0,76.0,86.45,ACTIVE,HOME,,1,1,1,2,5,0,0.13,0
320.0,4,-120.3,-121.1,84.0,82.93,ACTIVE,HOME,,1,1,1,3,3,0,0.0,0
320.0,5,-598.0,-613.8,92.0,86.7,ACTIVE,HOME,,1,1,1,1,0,1,0.42,0
321.0,1,273.7,-237.8,60.0,82.68,ACTIVE,HOME,,1,1,1,3,3,0,0.32,0
321.0,2,599.9,-107.2,68.0,83.2,ACTIVE,HOME,,1,1,1,4,1,0,0.21,0
321.0,3,-214.6,-459.1,76.0,86.39,ACTIVE,HOME,,1,1,1,2,5,0,0.12,0
321.0,4,-131.0,-132.0,84.0,82.88,ACTIVE,HOME,,1,1,1,3,3,0,0.51,0
321.0,5,-608.7,-624.8,92.0,86.64,ACTIVE,HOME,,1,1,1,1,0,1,0.47,0
322.0,1,260.2,-245.1,60.0,82.62,ACTIVE,HOME,,1,1,1,3,3,0,0.38,0
322.0,2,586.2,-114.2,68.0,83.14,ACTIVE,HOME,,1,1,1,4,1,0,0.22,0
322.0,3,-227.6,-467.1,76.0,86.33,ACTIVE,HOME,,1,1,1,2,5,0,0.13,0
322.0,4,-141.8,-143.0,84.0,82.82,ACTIVE,HOME,,1,1,1,3,3,0,0.07,0
322.0,5,-619.4,-635.8,92.0,86.59,ACTIVE,HOME,,1,1,1,1,0,1,0.49,0
323.0,1,247.5,-251.9,60.0,82.57,ACTIVE,HOME,,1,1,1,3,3,0,0.32,0
323.0,2,573.4,-120.8,68.0,83.09,ACTIVE,HOME,,1,1,1,4,1,0,0.08,0
323.0,3,-239.9,-474.7,76.0,86.28,ACTIVE,HOME,,1,1,1,2,5,0,0.08,0
323.0,4,-151.8,-153.3,84.0,82.77,ACTIVE,HOME,,1,1,1,3,3,0,0.0,0
323.0,5,-629.4,-646.2,92.0,86.53,ACTIVE,HOME,,1,1,1,1,0,1,0.43,0
324.0,1,234.0,-259.2,60.0,82.51,ACTIVE,HOME,,1,1,1,3,3,0,0.32,0
324.0,2,559.7,-127.7,68.0,83.03,ACTIVE,HOME,,1,1,1,4,1,0,0.24,0
324.0,3,-253.0,-482.8,76.0,86.22,ACTIVE,HOME,,1,1,1,2,5,0,0.15,0
324.0,4,-162.6,-164.3,84.0,82.71,ACTIVE,HOME,,1,1,1,3,3,0,0.07,0
324.0,5,-640.1,-657.2,92.0,86.48,ACTIVE,HOME,,1,1,1,1,0,1,0.49,0
325.1,1,220.5,-266.5,60.0,82.45,ACTIVE,HOME,,1,1,1,3,3,0,0.39,0
325.1,2,546.0,-134.7,68.0,82.98,ACTIVE,HOME,,1,1,1,4,1,0,0.18,0
325.1,3,-266.0,-490.9,76.0,86.17,ACTIVE,HOME,,1,1,1,2,5,0,0.16,0
325.1,4,-173.3,-175.3,84.0,82.66,ACTIVE,HOME,,1,1,1,3,3,0,0.06,0
325.1,5,-650.8,-668.2,92.0,86.42,ACTIVE,HOME,,1,1,1,1,0,1,0.49,0
326.0,1,207.8,-273.3,60.0,82.4,ACTIVE,HOME,,1,1,1,3,3,0,0.3,0
326.0,2,533.2,-141.2,68.0,82.93,ACTIVE,HOME,,1,1,1,4,1,0,0.17,0
326.0,3,-278.3,-498.4,76.0,86.11,ACTIVE,HOME,,1,1,1,2,5,0,0.15,0
326.0,4,-183.4,-185.6,84.0,82.6,ACTIVE,HOME,,1,1,1,3,3,0,0.51,0
326.0,5,-660.9,-678.5,92.0,86.37,ACTIVE,HOME,,1,1,1,1,0,1,0.49,0
327.0,1,194.3,-280.6,60.0,82.34,ACTIVE,HOME,,1,1,1,3,3,0,0.32,0
327.0,2,519.5,-148.2,68.0,82.87,ACTIVE,HOME,,1,1,1,4,1,0,0.24,0
327.0,3,-291.3,-506.5,76.0,86.06,ACTIVE,HOME,,1,1,1,2,5,0,0.1,0
327.0,4,-194.1,-196.5,84.0,82.55,ACTIVE,HOME,,1,1,1,3,3,0,0.06,0
327.0,5,-671.6,-689.5,92.0,86.31,ACTIVE,HOME,,1,1,1,1,0,1,0.49,0
328.0,1,181.6,-287.4,60.0,82.29,ACTIVE,HOME,,1,1,1,3,3,0,0.3,0
328.0,2,506.7,-154.8,68.0,82.82,ACTIVE,HOME,,1,1,1,4,1,0,0.17,0
328.0,3,-303.6,-514.1,76.0,86.01,ACTIVE,HOME,,1,1,1,2,5,0,0.15,0
328.0,4,-204.2,-206.8,84.0,82.49,ACTIVE,HOME,,1,1,1,3,3,0,0.0,0
328.0,5,-681.6,-699.8,92.0,86.26,ACTIVE,HOME,,1,1,1,1,0,1,0.42,0
329.0,1,168.1,-294.7,60.0,82.24,ACTIVE,HOME,,1,1,1,3,3,0,0.32,0
329.0,2,493.0,-161.7,68.0,82.76,ACTIVE,HOME,,1,1,1,4,1,0,0.24,0
329.0,3,-316.7,-522.1,76.0,85.95,ACTIVE,HOME,,1,1,1,2,5,0,0.14,0
329.0,4,-215.0,-217.8,84.0,82.44,ACTIVE,HOME,,1,1,1,3,3,0,0.51,0
329.0,5,-692.3,-710.9,92.0,86.2,ACTIVE,HOME,,1,1,1,1,0,1,0.49,0
330.0,1,154.6,-302.0,60.0,82.18,ACTIVE,HOME,,1,1,1,3,3,0,0.38,0
330.0,2,479.3,-168.7,68.0,82.7,ACTIVE,HOME,,1,1,1,4,1,0,0.24,0
330.0,3,-329.7,-530.2,76.0,85.89,ACTIVE,HOME,,1,1,1,2,5,0,0.13,0
330.0,4,-225.7,-228.8,84.0,82.38,ACTIVE,HOME,,1,1,1,3,3,0,0.07,0
330.0,5,-703.1,-721.9,92.0,86.15,ACTIVE,HOME,,1,1,1,1,0,1,0.49,0
331.0,1,141.9,-308.8,60.0,82.13,ACTIVE,HOME,,1,1,1,3,3,0,0.3,0
331.0,2,466.5,-175.2,68.0,82.65,ACTIVE,HOME,,1,1,1,4,1,0,0.14,0
331.0,3,-342.0,-537.8,76.0,85.84,ACTIVE,HOME,,1,1,1,2,5,0,0.14,0
331.0,4,-235.8,-239.1,84.0,82.33,ACTIVE,HOME,,1,1,1,3,3,0,0.0,0
331.0,5,-713.1,-732.2,92.0,86.09,ACTIVE,HOME,,1,1,1,1,0,1,0.43,0
332.0,1,128.4,-316.1,60.0,82.07,ACTIVE,HOME,,1,1,1,2,3,0,0.3,0
332.0,2,452.8,-182.2,68.0,82.59,ACTIVE,HOME,,1,1,1,3,1,0,0.24,0
332.0,3,-355.0,-545.8,76.0,85.78,ACTIVE,HOME,,1,1,1,1,0,0,0.17,0
332.0,4,-246.5,-250.0,84.0,82.27,ACTIVE,HOME,,1,1,1,2,3,0,0.08,0
332.0,5,-723.8,-743.2,92.0,86.04,ACTIVE,HOME,,1,1,1,1,0,1,0.49,0
333.1,1,114.9,-323.4,60.0,82.01,ACTIVE,HOME,,1,1,1,2,3,0,0.41,0
333.1,2,439.1,-189.2,68.0,82.54,ACTIVE,HOME,,1,1,1,3,1,0,0.26,0
333.1,3,-368.1,-553.9,76.0,85.73,ACTIVE,HOME,,1,1,1,1,0,0,0.23,0
333.1,4,-257.3,-261.0,84.0,82.22,ACTIVE,HOME,,1,1,1,2,3,0,0.09,0
333.1,5,-734.5,-754.2,92.0,85.98,ACTIVE,HOME,,1,1,1,1,0,1,0.49,0
334.0,1,102.2,-330.2,60.0,81.96,ACTIVE,HOME,,1,1,1,2,3,0,0.32,0
334.0,2,426.3,-195.7,68.0,82.49,ACTIVE,HOME,,1,1,1,3,1,0,0.17,0
334.0,3,-380.4,-561.5,76.0,85.67,ACTIVE,HOME,,1,1,1,1,0,0,0.15,0
334.0,4,-267.3,-271.3,84.0,82.16,ACTIVE,HOME,,1,1,1,2,3,0,0.02,0
334.0,5,-744.6,-764.5,92.0,85.93,ACTIVE,HOME,,1,1,1,1,0,1,0.49,0
335.0,1,88.7,-337.5,60.0,81.9,ACTIVE,HOME,,1,1,1,2,3,0,0.34,0
335.0,2,412.6,-202.7,68.0,82.43,ACTIVE,HOME,,1,1,1,3,1,0,0.24,0
335.0,3,-393.4,-569.6,76.0,85.62,ACTIVE,HOME,,1,1,1,1,0,0,0.16,0
335.0,4,-278.1,-282.3,84.0,82.11,ACTIVE,HOME,,1,1,1,2,3,0,0.09,0
335.0,5,-755.3,-775.5,92.0,85.87,ACTIVE,HOME,,1,1,1,1,0,1,0.49,0
336.0,1,76.0,-344.3,60.0,81.85,ACTIVE,HOME,,1,1,1,2,3,0,0.34,0
336.0,2,399.7,-209.2,68.0,82.38,ACTIVE,HOME,,1,1,1,3,1,0,0.19,0
336.0,3,-405.7,-577.1,76.0,85.57,ACTIVE,HOME,,1,1,1,1,0,0,0.17,0
336.0,4,-288.2,-292.6,84.0,82.05,ACTIVE,HOME,,1,1,1,2,3,0,0.0,0
336.0,5,-765.3,-785.9,92.0,85.82,ACTIVE,HOME,,1,1,1,1,0,1,0.43,0
337.0,1,62.5,-351.6,60.0,81.8,ACTIVE,HOME,,1,1,1,2,3,0,0.34,0
337.0,2,386.1,-216.2,68.0,82.32,ACTIVE,HOME,,1,1,1,3,1,0,0.26,0
337.0,3,-418.8,-585.2,76.0,85.51,ACTIVE,HOME,,1,1,1,1,0,0,0.16,0
337.0,4,-298.9,-303.6,84.0,82.0,ACTIVE,HOME,,1,1,1,2,3,0,0.02,0
337.0,5,-776.0,-796.9,92.0,85.76,ACTIVE,HOME,,1,1,1,1,0,1,0.49,0
338.0,1,49.0,-358.9,60.0,81.74,ACTIVE,HOME,,1,1,1,2,3,0,0.41,0
338.0,2,372.4,-223.2,68.0,82.26,ACTIVE,HOME,,1,1,1,3,1,0,0.19,0
338.0,3,-431.8,-593.3,76.0,85.45,ACTIVE,HOME,,1,1,1,1,0,0,0.15,0
338.0,4,-309.6,-314.5,84.0,81.94,ACTIVE,HOME,,1,1,1,2,3,0,0.09,0
338.0,5,-786.7,-807.9,92.0,85.71,ACTIVE,HOME,,1,1,1,1,0,1,0.49,0
339.0,1,36.3,-365.8,60.0,81.69,ACTIVE,HOME,,1,1,1,2,3,0,0.34,0
339.0,2,359.5,-229.7,68.0,82.21,ACTIVE,HOME,,1,1,1,3,1,0,0.19,0
339.0,3,-444.1,-600.8,76.0,85.4,ACTIVE,HOME,,1,1,1,1,0,0,0.15,0
339.0,4,-319.7,-324.8,84.0,81.89,ACTIVE,HOME,,1,1,1,2,3,0,0.02,0
339.0,5,-796.8,-818.2,92.0,85.65,ACTIVE,HOME,,1,1,1,1,0,1,0.43,0
340.0,1,22.8,-373.0,60.0,81.63,ACTIVE,HOME,,1,1,1,2,3,0,0.34,0
340.0,2,345.9,-236.7,68.0,82.15,ACTIVE,HOME,,1,1,1,3,1,0,0.26,0
340.0,3,-457.1,-608.9,76.0,85.34,ACTIVE,HOME,,1,1,1,1,0,0,0.17,0
340.0,4,-330.5,-335.8,84.0,81.83,ACTIVE,HOME,,1,1,1,2,3,0,0.09,0
340.0,5,-807.5,-829.2,92.0,85.6,ACTIVE,HOME,,1,1,1,1,0,1,0.49,0
341.1,1,9.2,-380.3,60.0,81.57,ACTIVE,HOME,,1,1,1,2,3,0,0.41,0
341.1,2,332.2,-243.7,68.0,82.1,ACTIVE,HOME,,1,1,1,3,1,0,0.26,0
341.1,3,-470.2,-617.0,76.0,85.29,ACTIVE,HOME,,1,1,1,1,0,0,0.23,0
341.1,4,-341.2,-346.8,84.0,81.78,ACTIVE,HOME,,1,1,1,2,3,0,0.09,0
341.1,5,-816.0,-838.0,91.0,85.54,RTH,HOME,,1,1,1,1,0,1,0.49,0
342.0,1,-3.4,-387.2,60.0,81.52,ACTIVE,HOME,,1,1,1,2,3,0,0.34,0
342.0,2,319.3,-250.2,68.0,82.05,ACTIVE,HOME,,1,1,1,3,1,0,0.19,0
342.0,3,-482.5,-624.6,76.0,85.23,ACTIVE,HOME,,1,1,1,1,0,0,0.17,0
342.0,4,-351.3,-357.1,84.0,81.72,ACTIVE,HOME,,1,1,1,2,3,0,0.0,0
342.0,5,-816.0,-838.0,86.2,85.49,RTH,HOME,,1,1,1,1,0,1,0.49,0
343.0,1,-17.0,-394.4,60.0,81.46,ACTIVE,HOME,,1,1,1,2,3,0,0.34,0
343.0,2,305.7,-257.2,68.0,81.99,ACTIVE,HOME,,1,1,1,3,1,0,0.26,0
343.0,3,-495.5,-632.6,76.0,85.18,ACTIVE,HOME,,1,1,1,1,0,0,0.16,0
343.0,4,-362.0,-368.1,84.0,81.67,ACTIVE,HOME,,1,1,1,2,3,0,0.06,0
343.0,5,-816.0,-838.0,81.1,85.43,RTH,HOME,,1,1,1,1,0,1,0.49,0
344.0,1,-29.6,-401.3,60.0,81.41,ACTIVE,HOME,,1,1,1,2,3,0,0.34,0
344.0,2,292.8,-263.7,68.0,81.94,ACTIVE,HOME,,1,1,1,3,1,0,0.17,0
344.0,3,-507.8,-640.2,76.0,85.13,ACTIVE,HOME,,1,1,1,1,0,0,0.17,0
344.0,4,-372.1,-378.3,84.0,81.61,ACTIVE,HOME,,1,1,1,2,3,0,0.02,0
344.0,5,-816.0,-838.0,76.3,85.38,RTH,HOME,,1,1,1,1,0,1,0.43,0
345.0,1,-43.2,-408.6,60.0,81.36,ACTIVE,HOME,,1,1,1,2,3,0,0.34,0
345.0,2,279.1,-270.7,68.0,81.88,ACTIVE,HOME,,1,1,1,3,1,0,0.26,0
345.0,3,-520.8,-648.3,76.0,85.07,ACTIVE,HOME,,1,1,1,1,0,0,0.14,0
345.0,4,-382.8,-389.3,84.0,81.56,ACTIVE,HOME,,1,1,1,2,3,0,0.02,0
345.0,5,-816.0,-838.0,71.2,85.32,RTH,HOME,,1,1,1,1,0,1,0.49,0
346.0,1,-56.7,-415.8,60.0,81.3,ACTIVE,HOME,,1,1,1,2,3,0,0.41,0
346.0,2,265.5,-277.7,68.0,81.82,ACTIVE,HOME,,1,1,1,3,1,0,0.24,0
346.0,3,-533.9,-656.3,76.0,85.01,ACTIVE,HOME,,1,1,1,1,0,0,0.17,0
346.0,4,-393.6,-400.3,84.0,81.5,ACTIVE,HOME,,1,1,1,2,3,0,0.09,0
346.0,5,-816.0,-838.0,66.1,85.27,RTH,HOME,,1,1,1,1,0,1,0.49,0
347.0,1,-69.4,-422.7,60.0,81.25,ACTIVE,HOME,,1,1,1,2,3,0,0.34,0
347.0,2,252.6,-284.2,68.0,81.77,ACTIVE,HOME,,1,1,1,3,1,0,0.19,0
347.0,3,-546.2,-663.9,76.0,84.96,ACTIVE,HOME,,1,1,1,1,0,0,0.16,0
347.0,4,-403.7,-410.6,84.0,81.45,ACTIVE,HOME,,1,1,1,2,3,0,0.02,0
347.0,5,-816.0,-838.0,61.3,85.21,RTH,HOME,,1,1,1,1,0,1,0.43,0
348.0,1,-82.9,-430.0,60.0,81.19,ACTIVE,HOME,,1,1,1,2,3,0,0.34,0
348.0,2,238.9,-291.2,68.0,81.71,ACTIVE,HOME,,1,1,1,3,1,0,0.26,0
348.0,3,-559.2,-672.0,76.0,84.9,ACTIVE,HOME,,1,1,1,1,0,0,0.17,0
348.0,4,-414.4,-421.6,84.0,81.39,ACTIVE,HOME,,1,1,1,2,3,0,0.09,0
348.0,5,-816.0,-838.0,56.2,85.16,RTH,HOME,,1,1,1,1,0,1,0.47,0
349.1,1,-96.4,-437.3,60.0,81.13,ACTIVE,HOME,,1,1,1,2,3,0,0.41,0
349.1,2,225.3,-298.2,68.0,81.66,ACTIVE,HOME,,1,1,1,3,1,0,0.26,0
349.1,3,-572.3,-680.0,76.0,84.85,ACTIVE,HOME,,1,1,1,1,0,0,0.23,0
349.1,4,-425.1,-432.5,84.0,81.34,ACTIVE,HOME,,1,1,1,2,3,0,0.09,0
349.1,5,-816.0,-838.0,51.0,85.1,RTH,HOME,,1,1,1,1,0,1,0.49,0
350.0,1,-109.1,-444.1,60.0,81.08,ACTIVE,HOME,,1,1,1,2,3,0,0.34,0
350.0,2,212.4,-304.7,68.0,81.61,ACTIVE,HOME,,1,1,1,3,1,0,0.19,0
350.0,3,-584.6,-687.6,76.0,84.79,ACTIVE,HOME,,1,1,1,1,0,0,0.17,0
350.0,4,-435.2,-442.8,84.0,81.28,ACTIVE,HOME,,1,1,1,1,0,0,0.04,0
350.0,5,-816.0,-838.0,46.2,85.05,RTH,HOME,,1,1,1,1,0,1,0.47,0
351.0,1,-122.6,-451.4,60.0,81.02,ACTIVE,HOME,,1,1,1,2,3,0,0.34,0
351.0,2,198.7,-311.7,68.0,81.55,ACTIVE,HOME,,1,1,1,3,1,0,0.26,0
351.0,3,-597.6,-695.7,76.0,84.74,ACTIVE,HOME,,1,1,1,1,0,0,0.16,0
351.0,4,-446.0,-453.8,84.0,81.23,ACTIVE,HOME,,1,1,1,1,0,0,0.11,0
351.0,5,-816.0,-838.0,41.1,84.99,RTH,HOME,,1,1,1,1,0,1,0.49,0
352.0,1,-135.3,-458.2,60.0,80.97,ACTIVE,HOME,,1,1,1,2,3,0,0.34,0
352.0,2,185.9,-318.2,68.0,81.5,ACTIVE,HOME,,1,1,1,3,1,0,0.17,0
352.0,3,-609.9,-703.3,76.0,84.69,ACTIVE,HOME,,1,1,1,1,0,0,0.17,0
352.0,4,-456.0,-464.1,84.0,81.17,ACTIVE,HOME,,1,1,1,1,0,0,0.04,0
352.0,5,-816.0,-838.0,36.3,84.94,RTH,HOME,,1,1,1,1,0,1,0.43,0
353.0,1,-148.8,-465.5,60.0,80.92,ACTIVE,HOME,,1,1,1,2,3,0,0.34,0
353.0,2,172.2,-325.2,68.0,81.44,ACTIVE,HOME,,1,1,1,3,1,0,0.26,0
353.0,3,-622.9,-711.3,76.0,84.63,ACTIVE,HOME,,1,1,1,1,0,0,0.14,0
353.0,4,-466.8,-475.1,84.0,81.12,ACTIVE,HOME,,1,1,1,1,0,0,0.04,0
353.0,5,-816.0,-838.0,31.2,84.88,RTH,HOME,,1,1,1,1,0,1,0.49,0
354.0,1,-162.3,-472.8,60.0,80.86,ACTIVE,HOME,,1,1,1,2,3,0,0.41,0
354.0,2,158.5,-332.2,68.0,81.38,ACTIVE,HOME,,1,1,1,3,1,0,0.26,0
354.0,3,-636.0,-719.4,76.0,84.57,ACTIVE,HOME,,1,1,1,1,0,0,0.17,0
354.0,4,-477.5,-486.1,84.0,81.06,ACTIVE,HOME,,1,1,1,1,0,0,0.11,0
354.0,5,-816.0,-838.0,26.1,84.83,RTH,HOME,,1,1,1,1,0,1,0.47,0
355.0,1,-175.0,-479.6,60.0,80.81,ACTIVE,HOME,,1,1,1,2,4,0,0.34,0
355.0,2,145.7,-338.7,68.0,81.33,ACTIVE,HOME,,1,1,1,3,1,0,0.19,0
355.0,3,-648.3,-727.0,76.0,84.52,ACTIVE,HOME,,1,1,1,1,0,0,0.16,0
355.0,4,-487.6,-496.3,84.0,81.01,ACTIVE,HOME,,1,1,1,1,0,0,0.04,0
355.0,5,-816.0,-838.0,21.3,84.77,RTH,HOME,,1,1,1,1,0,1,0.43,0
356.0,1,-188.5,-486.9,60.0,80.75,ACTIVE,HOME,,1,1,1,2,4,0,0.34,0
356.0,2,132.0,-345.7,68.0,81.27,ACTIVE,HOME,,1,1,1,3,1,0,0.26,0
356.0,3,-661.3,-735.0,76.0,84.46,ACTIVE,HOME,,1,1,1,1,0,0,0.17,0
356.0,4,-498.3,-507.3,84.0,80.95,ACTIVE,HOME,,1,1,1,1,0,0,0.11,0
356.0,5,-816.0,-838.0,16.2,84.72,RTH,HOME,,1,1,1,1,0,1,0.47,0
357.1,1,-202.0,-494.2,60.0,80.69,ACTIVE,HOME,,1,1,1,2,4,0,0.41,0
357.1,2,118.3,-352.7,68.0,81.22,ACTIVE,HOME,,1,1,1,3,1,0,0.26,0
357.1,3,-674.4,-743.1,76.0,84.41,ACTIVE,HOME,,1,1,1,1,0,0,0.23,0
357.1,4,-509.1,-518.3,84.0,80.9,ACTIVE,HOME,,1,1,1,1,0,0,0.11,0
357.1,5,-816.0,-838.0,11.0,84.66,RTH,HOME,,1,1,1,1,0,1,0.49,0
358.0,1,-214.7,-501.0,60.0,80.64,ACTIVE,HOME,,1,1,1,2,4,0,0.34,0
358.0,2,105.5,-359.2,68.0,81.17,ACTIVE,HOME,,1,1,1,3,1,0,0.19,0
358.0,3,-686.6,-750.7,76.0,84.35,ACTIVE,HOME,,1,1,1,1,0,0,0.17,0
358.0,4,-519.2,-528.6,84.0,80.84,ACTIVE,HOME,,1,1,1,1,0,0,0.04,0
358.0,5,-816.0,-838.0,6.2,84.61,RTH,HOME,,1,1,1,1,0,1,0.47,0
359.0,1,-228.2,-508.3,60.0,80.58,ACTIVE,HOME,,1,1,1,2,4,0,0.34,0
359.0,2,91.8,-366.2,68.0,81.11,ACTIVE,HOME,,1,1,1,3,1,0,0.26,0
359.0,3,-699.7,-758.8,76.0,84.3,ACTIVE,HOME,,1,1,1,1,0,0,0.16,0
359.0,4,-529.9,-539.6,84.0,80.79,ACTIVE,HOME,,1,1,1,1,0,0,0.11,0
359.0,5,-816.0,-838.0,1.1,84.55,RTH,HOME,,1,1,1,1,0,1,0.49,0
360.0,1,-240.9,-515.1,60.0,80.53,ACTIVE,HOME,,1,1,1,2,4,0,0.34,0
360.0,2,79.0,-372.7,68.0,81.06,ACTIVE,HOME,,1,1,1,3,1,0,0.19,0
360.0,3,-712.0,-766.3,76.0,84.25,ACTIVE,HOME,,1,1,1,1,0,0,0.17,0
360.0,4,-540.0,-549.9,84.0,80.73,ACTIVE,HOME,,1,1,1,1,0,0,0.04,0
360.0,5,-816.0,-838.0,0.3,84.54,SERVICE,HOME,,1,1,1,1,0,1,0.43,0
361.0,1,-254.4,-522.4,60.0,80.48,ACTIVE,HOME,,1,1,1,2,4,0,0.34,0
361.0,2,65.3,-379.7,68.0,81.0,ACTIVE,HOME,,1,1,1,3,1,0,0.26,0
361.0,3,-725.0,-774.4,76.0,84.19,ACTIVE,HOME,,1,1,1,1,0,0,0.16,0
361.0,4,-550.7,-560.8,84.0,80.68,ACTIVE,HOME,,1,1,1,1,0,0,0.04,0
361.0,5,-816.0,-838.0,0.3,84.54,SERVICE,HOME,,1,1,1,1,0,1,0.49,0
362.0,1,-268.0,-529.7,60.0,80.42,ACTIVE,HOME,,1,1,1,2,4,0,0.41,0
362.0,2,51.6,-386.7,68.0,80.94,ACTIVE,HOME,,1,1,1,3,1,0,0.26,0
362.0,3,-738.1,-782.5,76.0,84.13,ACTIVE,HOME,,1,1,1,1,0,0,0.17,0
362.0,4,-561.5,-571.8,84.0,80.62,ACTIVE,HOME,,1,1,1,1,0,0,0.11,0
362.0,5,-816.0,-838.0,0.3,84.54,SERVICE,HOME,,1,1,1,1,0,1,0.47,0
363.0,1,-280.6,-536.5,60.0,80.37,ACTIVE,HOME,,1,1,1,2,4,0,0.34,0
363.0,2,38.8,-393.2,68.0,80.89,ACTIVE,HOME,,1,1,1,3,1,0,0.19,0
363.0,3,-750.3,-790.0,76.0,84.08,ACTIVE,HOME,,1,1,1,1,0,0,0.16,0
363.0,4,-571.5,-582.1,84.0,80.57,ACTIVE,HOME,,1,1,1,1,0,0,0.04,0
363.0,5,-816.0,-838.0,0.3,84.54,SERVICE,HOME,,1,1,1,1,0,1,0.43,0
364.0,1,-294.2,-543.8,60.0,80.31,ACTIVE,HOME,,1,1,1,2,4,0,0.34,0
364.0,2,25.1,-400.2,68.0,80.83,ACTIVE,HOME,,1,1,1,3,1,0,0.26,0
364.0,3,-763.4,-798.1,76.0,84.02,ACTIVE,HOME,,1,1,1,1,0,0,0.17,0
364.0,4,-582.3,-593.1,84.0,80.51,ACTIVE,HOME,,1,1,1,1,0,0,0.11,0
364.0,5,-816.0,-838.0,0.3,84.54,SERVICE,HOME,,1,1,1,1,0,1,0.47,0
365.1,1,-307.7,-551.1,60.0,80.25,ACTIVE,HOME,,1,1,1,2,4,0,0.41,0
365.1,2,11.4,-407.1,68.0,80.78,ACTIVE,HOME,,1,1,1,3,1,0,0.26,0
365.1,3,-776.5,-806.2,76.0,83.97,ACTIVE,HOME,,1,1,1,1,0,0,0.23,0
365.1,4,-593.0,-604.1,84.0,80.46,ACTIVE,HOME,,1,1,1,1,0,0,0.11,0
365.1,5,-816.0,-838.0,0.3,84.54,SERVICE,HOME,,1,1,1,1,0,1,0.49,0
366.0,1,-320.4,-557.9,60.0,80.2,ACTIVE,HOME,,1,1,1,2,4,0,0.34,0
366.0,2,-1.4,-413.7,68.0,80.73,ACTIVE,HOME,,1,1,1,3,1,0,0.19,0
366.0,3,-788.7,-813.7,76.0,83.91,ACTIVE,HOME,,1,1,1,1,0,0,0.17,0
366.0,4,-603.1,-614.3,84.0,80.4,ACTIVE,HOME,,1,1,1,1,0,0,0.04,0
366.0,5,-816.0,-838.0,0.3,84.54,SERVICE,HOME,,1,1,1,1,0,1,0.47,0
367.0,1,-333.9,-565.2,60.0,80.14,ACTIVE,HOME,,1,1,1,1,0,0,0.36,0
367.0,2,-15.1,-420.7,68.0,80.67,ACTIVE,HOME,,1,1,1,2,1,0,0.28,0
367.0,3,-801.8,-821.8,76.0,83.86,ACTIVE,HOME,,1,1,1,1,0,0,0.17,0
367.0,4,-613.8,-625.3,84.0,80.35,ACTIVE,HOME,,1,1,1,1,0,0,0.11,0
367.0,5,-816.0,-838.0,0.3,84.54,SERVICE,HOME,,1,1,1,1,0,1,0.49,0
368.0,1,-346.6,-572.1,60.0,80.09,ACTIVE,HOME,,1,1,1,1,0,0,0.36,0
368.0,2,-27.9,-427.2,68.0,80.62,ACTIVE,HOME,,1,1,1,2,1,0,0.19,0
368.0,3,-814.1,-829.4,76.0,83.81,ACTIVE,HOME,,1,1,1,1,0,0,0.17,0
368.0,4,-623.9,-635.6,84.0,80.29,ACTIVE,HOME,,1,1,1,1,0,0,0.04,0
368.0,5,-816.0,-838.0,0.3,84.54,SERVICE,HOME,,1,1,1,1,0,1,0.43,0
369.0,1,-360.1,-579.4,60.0,80.04,ACTIVE,HOME,,1,1,1,1,0,0,0.34,0
369.0,2,-41.6,-434.2,68.0,80.56,ACTIVE,HOME,,1,1,1,2,1,0,0.28,0
369.0,3,-827.1,-837.5,76.0,83.75,ACTIVE,HOME,,1,1,1,1,0,0,0.17,0
369.0,4,-634.7,-646.6,84.0,80.24,ACTIVE,HOME,,1,1,1,1,0,0,0.04,0
369.0,5,-816.0,-838.0,0.3,84.54,SERVICE,HOME,,1,1,1,1,0,1,0.49,0
370.0,1,-373.6,-586.6,60.0,79.98,ACTIVE,HOME,,1,1,1,1,0,0,0.43,0
370.0,2,-55.3,-441.1,68.0,80.5,ACTIVE,HOME,,1,1,1,2,1,0,0.28,0
370.0,3,-828.0,-838.0,71.2,83.69,RTH,HOME,,1,1,1,1,0,0,0.17,0
370.0,4,-645.4,-657.6,84.0,80.18,ACTIVE,HOME,,1,1,1,1,0,0,0.11,0
370.0,5,-816.0,-838.0,0.3,84.54,SERVICE,HOME,,1,1,1,1,0,1,0.47,0
371.0,1,-386.3,-593.5,60.0,79.93,ACTIVE,HOME,,1,1,1,1,0,0,0.36,0
371.0,2,-68.1,-447.7,68.0,80.45,ACTIVE,HOME,,1,1,1,2,1,0,0.21,0
371.0,3,-828.0,-838.0,66.4,83.64,RTH,HOME,,1,1,1,1,0,0,0.12,0
371.0,4,-655.5,-667.9,84.0,80.13,ACTIVE,HOME,,1,1,1,1,0,0,0.04,0
371.0,5,-816.0,-838.0,0.3,84.54,SERVICE,HOME,,1,1,1,1,0,1,0.43,0
372.0,1,-399.8,-600.8,60.0,79.87,ACTIVE,HOME,,1,1,1,1,0,0,0.36,0
372.0,2,-81.8,-454.7,68.0,80.39,ACTIVE,HOME,,1,1,1,2,1,0,0.28,0
372.0,3,-828.0,-838.0,61.3,83.58,RTH,HOME,,1,1,1,1,0,0,0.17,0
372.0,4,-666.2,-678.8,84.0,80.07,ACTIVE,HOME,,1,1,1,1,0,0,0.11,0
372.0,5,-816.0,-838.0,0.3,84.54,SERVICE,HOME,,1,1,1,1,0,1,0.47,0
373.1,1,-413.3,-608.0,60.0,79.81,ACTIVE,HOME,,1,1,1,1,0,0,0.43,0
373.1,2,-95.5,-461.6,68.0,80.34,ACTIVE,HOME,,1,1,1,2,1,0,0.28,0
373.1,3,-828.0,-838.0,56.2,83.53,RTH,HOME,,1,1,1,1,0,0,0.23,0
373.1,4,-677.0,-689.8,84.0,80.02,ACTIVE,HOME,,1,1,1,1,0,0,0.11,0
373.1,5,-816.0,-838.0,0.3,84.54,SERVICE,HOME,,1,1,1,1,0,1,0.49,0
374.0,1,-426.0,-614.9,60.0,79.76,ACTIVE,HOME,,1,1,1,1,0,0,0.36,0
374.0,2,-108.3,-468.2,68.0,80.29,ACTIVE,HOME,,1,1,1,2,1,0,0.21,0
374.0,3,-828.0,-838.0,51.4,83.47,RTH,HOME,,1,1,1,1,0,0,0.17,0
374.0,4,-687.0,-700.1,84.0,79.96,ACTIVE,HOME,,1,1,1,1,0,0,0.04,0
374.0,5,-816.0,-838.0,0.3,84.54,SERVICE,HOME,,1,1,1,1,0,1,0.47,0
375.0,1,-439.5,-622.2,60.0,79.7,ACTIVE,HOME,,1,1,1,1,0,0,0.36,0
375.0,2,-122.0,-475.1,68.0,80.23,ACTIVE,HOME,,1,1,1,2,1,0,0.28,0
375.0,3,-828.0,-838.0,46.2,83.42,RTH,HOME,,1,1,1,1,0,0,0.17,0
375.0,4,-697.8,-711.1,84.0,79.91,ACTIVE,HOME,,1,1,1,1,0,0,0.11,0
375.0,5,-816.0,-838.0,0.3,84.54,SERVICE,HOME,,1,1,1,1,0,1,0.49,0
376.0,1,-452.2,-629.0,60.0,79.65,ACTIVE,HOME,,1,1,1,1,0,0,0.36,0
376.0,2,-134.8,-481.7,68.0,80.18,ACTIVE,HOME,,1,1,1,2,1,0,0.21,0
376.0,3,-828.0,-838.0,41.4,83.37,RTH,HOME,,1,1,1,1,0,0,0.17,0
376.0,4,-707.8,-721.4,84.0,79.85,ACTIVE,HOME,,1,1,1,1,0,0,0.04,0
376.0,5,-816.0,-838.0,0.3,84.54,SERVICE,HOME,,1,1,1,1,0,1,0.43,0
377.0,1,-465.7,-636.3,60.0,79.6,ACTIVE,HOME,,1,1,1,1,0,0,0.36,0
377.0,2,-148.5,-488.7,68.0,80.12,ACTIVE,HOME,,1,1,1,2,1,0,0.28,0
377.0,3,-828.0,-838.0,36.3,83.31,RTH,HOME,,1,1,1,1,0,0,0.17,0
377.0,4,-718.6,-732.3,84.0,79.8,ACTIVE,HOME,,1,1,1,1,0,0,0.04,0
377.0,5,-816.0,-838.0,0.3,84.54,SERVICE,HOME,,1,1,1,1,0,1,0.49,0
378.0,1,-479.2,-643.6,60.0,79.54,ACTIVE,HOME,,1,1,1,1,0,0,0.43,0
378.0,2,-162.2,-495.6,68.0,80.06,ACTIVE,HOME,,1,1,1,2,1,0,0.28,0
378.0,3,-828.0,-838.0,31.2,83.25,RTH,HOME,,1,1,1,1,0,0,0.17,0
378.0,4,-729.3,-743.3,84.0,79.74,ACTIVE,HOME,,1,1,1,1,0,0,0.11,0
378.0,5,-816.0,-838.0,0.3,84.54,SERVICE,HOME,,1,1,1,1,0,1,0.47,0
379.0,1,-491.9,-650.4,60.0,79.49,ACTIVE,HOME,,1,1,1,1,0,0,0.36,0
379.0,2,-175.0,-502.2,68.0,80.01,ACTIVE,HOME,,1,1,1,2,1,0,0.21,0
379.0,3,-828.0,-838.0,26.4,83.2,RTH,HOME,,1,1,1,1,0,0,0.16,0
379.0,4,-739.4,-753.6,84.0,79.69,ACTIVE,HOME,,1,1,1,1,0,0,0.04,0
379.0,5,-816.0,-838.0,0.3,84.54,SERVICE,HOME,,1,1,1,1,0,1,0.43,0
380.0,1,-505.4,-657.7,60.0,79.43,ACTIVE,HOME,,1,1,1,1,0,0,0.36,0
380.0,2,-188.7,-509.1,68.0,79.95,ACTIVE,HOME,,1,1,1,2,1,0,0.28,0
380.0,3,-828.0,-838.0,21.3,83.14,RTH,HOME,,1,1,1,1,0,0,0.17,0
380.0,4,-750.2,-764.6,84.0,79.63,ACTIVE,HOME,,1,1,1,1,0,0,0.11,0
380.0,5,-816.0,-838.0,0.3,84.54,SERVICE,HOME,,1,1,1,1,0,1,0.47,0
381.1,1,-518.9,-665.0,60.0,79.37,ACTIVE,HOME,,1,1,1,1,0,0,0.43,0
381.1,2,-202.4,-516.1,68.0,79.9,ACTIVE,HOME,,1,1,1,2,1,0,0.28,0
381.1,3,-828.0,-838.0,16.2,83.09,RTH,HOME,,1,1,1,1,0,0,0.23,0
381.1,4,-760.9,-775.6,84.0,79.58,ACTIVE,HOME,,1,1,1,1,0,0,0.11,0
381.1,5,-816.0,-838.0,0.3,84.54,SERVICE,HOME,,1,1,1,1,0,1,0.49,0
382.0,1,-531.6,-671.8,60.0,79.32,ACTIVE,HOME,,1,1,1,1,0,0,0.36,0
382.0,2,-215.2,-522.7,68.0,79.85,ACTIVE,HOME,,1,1,1,2,1,0,0.21,0
382.0,3,-828.0,-838.0,11.4,83.03,RTH,HOME,,1,1,1,1,0,0,0.17,0
382.0,4,-771.0,-785.9,84.0,79.52,ACTIVE,HOME,,1,1,1,1,0,0,0.04,0
382.0,5,-816.0,-838.0,0.3,84.54,SERVICE,HOME,,1,1,1,1,0,1,0.47,0
383.0,1,-545.1,-679.1,60.0,79.26,ACTIVE,HOME,,1,1,1,1,0,0,0.36,0
383.0,2,-228.9,-529.6,68.0,79.79,ACTIVE,HOME,,1,1,1,2,1,0,0.28,0
383.0,3,-828.0,-838.0,6.2,82.98,RTH,HOME,,1,1,1,1,0,0,0.17,0
383.0,4,-781.7,-796.8,84.0,79.47,ACTIVE,HOME,,1,1,1,1,0,0,0.11,0
383.0,5,-816.0,-838.0,0.3,84.54,SERVICE,HOME,,1,1,1,1,0,1,0.49,0
384.0,1,-557.8,-685.9,60.0,79.21,ACTIVE,HOME,,1,1,1,1,0,0,0.36,0
384.0,2,-241.8,-536.2,68.0,79.74,ACTIVE,HOME,,1,1,1,2,1,0,0.21,0
384.0,3,-828.0,-838.0,1.4,82.93,RTH,HOME,,1,1,1,1,0,0,0.17,0
384.0,4,-791.8,-807.1,84.0,79.41,ACTIVE,HOME,,1,1,1,1,0,0,0.04,0
384.0,5,-816.0,-838.0,0.3,84.54,SERVICE,HOME,,1,1,1,1,0,1,0.43,0
385.0,1,-571.3,-693.2,60.0,79.16,ACTIVE,HOME,,1,1,1,1,0,0,0.36,0
385.0,2,-255.4,-543.1,68.0,79.68,ACTIVE,HOME,,1,1,1,2,1,0,0.28,0
385.0,3,-828.0,-838.0,0.3,82.91,SERVICE,HOME,,1,1,1,1,0,0,0.17,0
385.0,4,-802.5,-818.1,84.0,79.36,ACTIVE,HOME,,1,1,1,1,0,0,0.04,0
385.0,5,-816.0,-838.0,0.3,84.54,SERVICE,HOME,,1,1,1,1,0,1,0.49,0
386.0,1,-584.9,-700.5,60.0,79.1,ACTIVE,HOME,,1,1,1,1,0,0,0.43,0
386.0,2,-269.1,-550.1,68.0,79.62,ACTIVE,HOME,,1,1,1,2,1,0,0.28,0
386.0,3,-828.0,-838.0,0.3,82.91,SERVICE,HOME,,1,1,1,1,0,0,0.17,0
386.0,4,-813.3,-829.1,84.0,79.3,ACTIVE,HOME,,1,1,1,1,0,0,0.11,0
386.0,5,-816.0,-838.0,0.3,84.54,SERVICE,HOME,,1,1,1,1,0,1,0.47,0
387.0,1,-597.5,-707.3,60.0,79.05,ACTIVE,HOME,,1,1,1,1,0,0,0.36,0
387.0,2,-282.0,-556.7,68.0,79.57,ACTIVE,HOME,,1,1,1,2,1,0,0.19,0
387.0,3,-828.0,-838.0,0.3,82.91,SERVICE,HOME,,1,1,1,1,0,0,0.14,0
387.0,4,-822.0,-838.0,83.4,79.25,RTH,HOME,,1,1,1,1,0,0,0.04,0
387.0,5,-816.0,-838.0,0.3,84.54,SERVICE,HOME,,1,1,1,1,0,1,0.43,0
388.0,1,-611.1,-714.6,60.0,78.99,ACTIVE,HOME,,1,1,1,1,0,0,0.36,0
388.0,2,-295.6,-563.6,68.0,79.51,ACTIVE,HOME,,1,1,1,2,1,0,0.26,0
388.0,3,-828.0,-838.0,0.3,82.91,SERVICE,HOME,,1,1,1,1,0,0,0.17,0
388.0,4,-822.0,-838.0,78.2,79.19,RTH,HOME,,1,1,1,1,0,0,0.11,0
388.0,5,-816.0,-838.0,0.3,84.54,SERVICE,HOME,,1,1,1,1,0,1,0.45,0
389.1,1,-624.6,-721.9,60.0,78.93,ACTIVE,HOME,,1,1,1,1,0,0,0.43,0
389.1,2,-309.3,-570.6,68.0,79.46,ACTIVE,HOME,,1,1,1,2,1,0,0.28,0
389.1,3,-828.0,-838.0,0.3,82.91,SERVICE,HOME,,1,1,1,1,0,0,0.22,0
389.1,4,-822.0,-838.0,73.1,79.14,RTH,HOME,,1,1,1,1,0,0,0.11,0
389.1,5,-816.0,-838.0,0.3,84.54,SERVICE,HOME,,1,1,1,1,0,1,0.49,0
390.0,1,-637.3,-728.7,60.0,78.88,ACTIVE,HOME,,1,1,1,1,0,0,0.36,0
390.0,2,-322.2,-577.1,68.0,79.41,ACTIVE,HOME,,1,1,1,1,0,0,0.21,0
390.0,3,-828.0,-838.0,0.3,82.91,SERVICE,HOME,,1,1,1,1,0,0,0.17,0
390.0,4,-822.0,-838.0,68.3,79.08,RTH,HOME,,1,1,1,1,0,0,0.04,0
390.0,5,-816.0,-838.0,0.3,84.54,SERVICE,HOME,,1,1,1,1,0,1,0.47,0
391.0,1,-650.8,-736.0,60.0,78.82,ACTIVE,HOME,,1,1,1,1,0,0,0.36,0
391.0,2,-335.8,-584.1,68.0,79.35,ACTIVE,HOME,,1,1,1,1,0,0,0.28,0
391.0,3,-828.0,-838.0,0.3,82.91,SERVICE,HOME,,1,1,1,1,0,0,0.17,0
391.0,4,-822.0,-838.0,63.2,79.03,RTH,HOME,,1,1,1,1,0,0,0.11,0
391.0,5,-816.0,-838.0,0.3,84.54,SERVICE,HOME,,1,1,1,1,0,1,0.49,0
392.0,1,-663.5,-742.9,60.0,78.77,ACTIVE,HOME,,1,1,1,1,0,0,0.36,0
392.0,2,-348.7,-590.7,68.0,79.3,ACTIVE,HOME,,1,1,1,1,0,0,0.24,0
392.0,3,-828.0,-838.0,0.3,82.91,SERVICE,HOME,,1,1,1,1,0,0,0.17,0
392.0,4,-822.0,-838.0,58.4,78.97,RTH,HOME,,1,1,1,1,0,0,0.04,0
392.0,5,-816.0,-838.0,0.3,84.54,SERVICE,HOME,,1,1,1,1,0,1,0.43,0
393.0,1,-677.0,-750.1,60.0,78.72,ACTIVE,HOME,,1,1,1,1,0,0,0.36,0
393.0,2,-362.4,-597.6,68.0,79.24,ACTIVE,HOME,,1,1,1,1,0,0,0.3,0
393.0,3,-828.0,-838.0,0.3,82.91,SERVICE,HOME,,1,1,1,1,0,0,0.17,0
393.0,4,-822.0,-838.0,53.3,78.92,RTH,HOME,,1,1,1,1,0,0,0.04,0
393.0,5,-816.0,-838.0,0.3,84.54,SERVICE,HOME,,1,1,1,1,0,1,0.49,0
394.0,1,-690.5,-757.4,60.0,78.66,ACTIVE,HOME,,1,1,1,1,0,0,0.43,0
394.0,2,-376.0,-604.6,68.0,79.18,ACTIVE,HOME,,1,1,1,1,0,0,0.3,0
394.0,3,-828.0,-838.0,0.3,82.91,SERVICE,HOME,,1,1,1,1,0,0,0.17,0
394.0,4,-822.0,-838.0,48.2,78.86,RTH,HOME,,1,1,1,1,0,0,0.11,0
394.0,5,-816.0,-838.0,0.3,84.54,SERVICE,HOME,,1,1,1,1,0,1,0.47,0
395.0,1,-703.2,-764.3,60.0,78.61,ACTIVE,HOME,,1,1,1,1,0,0,0.36,0
395.0,2,-388.9,-611.1,68.0,79.13,ACTIVE,HOME,,1,1,1,1,0,0,0.23,0
395.0,3,-828.0,-838.0,0.3,82.91,SERVICE,HOME,,1,1,1,1,0,0,0.17,0
395.0,4,-822.0,-838.0,43.4,78.81,RTH,HOME,,1,1,1,1,0,0,0.04,0
395.0,5,-816.0,-838.0,0.3,84.54,SERVICE,HOME,,1,1,1,1,0,1,0.43,0
396.0,1,-716.7,-771.5,60.0,78.55,ACTIVE,HOME,,1,1,1,1,0,0,0.36,0
396.0,2,-402.6,-618.1,68.0,79.07,ACTIVE,HOME,,1,1,1,1,0,0,0.3,0
396.0,3,-828.0,-838.0,0.3,82.91,SERVICE,HOME,,1,1,1,1,0,0,0.17,0
396.0,4,-822.0,-838.0,38.2,78.75,RTH,HOME,,1,1,1,1,0,0,0.11,0
396.0,5,-816.0,-838.0,0.3,84.54,SERVICE,HOME,,1,1,1,1,0,1,0.47,0
397.1,1,-730.2,-778.8,60.0,78.49,ACTIVE,HOME,,1,1,1,1,0,0,0.43,0
397.1,2,-416.2,-625.1,68.0,79.02,ACTIVE,HOME,,1,1,1,1,0,0,0.3,0
397.1,3,-828.0,-838.0,0.3,82.91,SERVICE,HOME,,1,1,1,1,0,0,0.22,0
397.1,4,-822.0,-838.0,33.1,78.7,RTH,HOME,,1,1,1,1,0,0,0.11,0
397.1,5,-816.0,-838.0,0.3,84.54,SERVICE,HOME,,1,1,1,1,0,1,0.49,0
398.0,1,-742.9,-785.7,60.0,78.44,ACTIVE,HOME,,1,1,1,1,0,0,0.36,0
398.0,2,-429.1,-631.6,68.0,78.97,ACTIVE,HOME,,1,1,1,1,0,0,0.23,0
398.0,3,-828.0,-838.0,0.3,82.91,SERVICE,HOME,,1,1,1,1,0,0,0.17,0
398.0,4,-822.0,-838.0,28.3,78.64,RTH,HOME,,1,1,1,1,0,0,0.04,0
398.0,5,-816.0,-838.0,0.3,84.54,SERVICE,HOME,,1,1,1,1,0,1,0.47,0
399.0,1,-756.4,-793.0,60.0,78.38,ACTIVE,HOME,,1,1,1,1,0,0,0.36,0
399.0,2,-442.8,-638.6,68.0,78.91,ACTIVE,HOME,,1,1,1,1,0,0,0.3,0
399.0,3,-828.0,-838.0,0.3,82.91,SERVICE,HOME,,1,1,1,1,0,0,0.17,0
399.0,4,-822.0,-838.0,23.2,78.59,RTH,HOME,,1,1,1,1,0,0,0.11,0
399.0,5,-816.0,-838.0,0.3,84.54,SERVICE,HOME,,1,1,1,1,0,1,0.49,0
400.0,1,-769.1,-799.8,60.0,78.33,ACTIVE,HOME,,1,1,1,1,0,0,0.36,0
400.0,2,-455.6,-645.1,68.0,78.86,ACTIVE,HOME,,1,1,1,1,0,0,0.24,0
400.0,3,-828.0,-838.0,0.3,82.91,SERVICE,HOME,,1,1,1,1,0,0,0.17,0
400.0,4,-822.0,-838.0,18.4,78.53,RTH,HOME,,1,1,1,1,0,0,0.04,0
400.0,5,-816.0,-838.0,0.3,84.54,SERVICE,HOME,,1,1,1,1,0,1,0.43,0
401.0,1,-782.6,-807.1,60.0,78.28,ACTIVE,HOME,,1,1,1,1,0,0,0.36,0
401.0,2,-469.3,-652.1,68.0,78.8,ACTIVE,HOME,,1,1,1,1,0,0,0.3,0
401.0,3,-828.0,-838.0,0.3,82.91,SERVICE,HOME,,1,1,1,1,0,0,0.17,0
401.0,4,-822.0,-838.0,13.3,78.48,RTH,HOME,,1,1,1,1,0,0,0.04,0
401.0,5,-816.0,-838.0,0.3,84.54,SERVICE,HOME,,1,1,1,1,0,1,0.49,0
402.0,1,-796.1,-814.4,60.0,78.22,ACTIVE,HOME,,1,1,1,1,0,0,0.43,0
402.0,2,-483.0,-659.1,68.0,78.74,ACTIVE,HOME,,1,1,1,1,0,0,0.3,0
402.0,3,-828.0,-838.0,0.3,82.91,SERVICE,HOME,,1,1,1,1,0,0,0.17,0
402.0,4,-822.0,-838.0,8.2,78.42,RTH,HOME,,1,1,1,1,0,0,0.11,0
402.0,5,-816.0,-838.0,0.3,84.54,SERVICE,HOME,,1,1,1,1,0,1,0.47,0
403.0,1,-808.8,-821.2,60.0,78.17,ACTIVE,HOME,,1,1,1,1,0,0,0.36,0
403.0,2,-495.8,-665.6,68.0,78.69,ACTIVE,HOME,,1,1,1,1,0,0,0.23,0
403.0,3,-828.0,-838.0,0.3,82.91,SERVICE,HOME,,1,1,1,1,0,0,0.17,0
403.0,4,-822.0,-838.0,3.4,78.37,RTH,HOME,,1,1,1,1,0,0,0.04,0
403.0,5,-816.0,-838.0,0.3,84.54,SERVICE,HOME,,1,1,1,1,0,1,0.43,0
404.0,1,-822.3,-828.5,60.0,78.11,ACTIVE,HOME,,1,1,1,1,0,0,0.36,0
404.0,2,-509.5,-672.6,68.0,78.63,ACTIVE,HOME,,1,1,1,1,0,0,0.3,0
404.0,3,-828.0,-838.0,0.3,82.91,SERVICE,HOME,,1,1,1,1,0,0,0.17,0
404.0,4,-822.0,-838.0,0.3,78.33,SERVICE,HOME,,1,1,1,1,0,0,0.11,0
404.0,5,-816.0,-838.0,0.3,84.54,SERVICE,HOME,,1,1,1,1,0,1,0.47,0
405.1,1,-835.9,-835.8,60.0,78.05,ACTIVE,HOME,,1,1,1,1,0,0,0.43,0
405.1,2,-523.2,-679.6,68.0,78.58,ACTIVE,HOME,,1,1,1,1,0,0,0.3,0
405.1,3,-828.0,-838.0,0.3,82.91,SERVICE,HOME,,1,1,1,1,0,0,0.22,0
405.1,4,-822.0,-838.0,0.3,78.33,SERVICE,HOME,,1,1,1,1,0,0,0.11,0
405.1,5,-816.0,-838.0,0.3,84.54,SERVICE,HOME,,1,1,1,1,0,1,0.49,0
406.0,1,-840.0,-838.0,56.8,78.0,RTH,HOME,,1,1,1,1,0,0,0.36,0
406.0,2,-536.0,-686.1,68.0,78.53,ACTIVE,HOME,,1,1,1,1,0,0,0.23,0
406.0,3,-828.0,-838.0,0.3,82.91,SERVICE,HOME,,1,1,1,1,0,0,0.17,0
406.0,4,-822.0,-838.0,0.3,78.33,SERVICE,HOME,,1,1,1,1,0,0,0.04,0
406.0,5,-816.0,-838.0,0.3,84.54,SERVICE,HOME,,1,1,1,1,0,1,0.49,0
407.0,1,-840.0,-838.0,51.7,77.94,RTH,HOME,,1,1,1,1,0,0,0.36,0
407.0,2,-549.7,-693.1,68.0,78.47,ACTIVE,HOME,,1,1,1,1,0,0,0.3,0
407.0,3,-828.0,-838.0,0.3,82.91,SERVICE,HOME,,1,1,1,1,0,0,0.17,0
407.0,4,-822.0,-838.0,0.3,78.33,SERVICE,HOME,,1,1,1,1,0,0,0.11,0
407.0,5,-816.0,-838.0,0.3,84.54,SERVICE,HOME,,1,1,1,1,0,1,0.49,0
408.0,1,-840.0,-838.0,46.9,77.89,RTH,HOME,,1,1,1,1,0,0,0.36,0
408.0,2,-562.5,-699.6,68.0,78.42,ACTIVE,HOME,,1,1,1,1,0,0,0.24,0
408.0,3,-828.0,-838.0,0.3,82.91,SERVICE,HOME,,1,1,1,1,0,0,0.17,0
408.0,4,-822.0,-838.0,0.3,78.33,SERVICE,HOME,,1,1,1,1,0,0,0.04,0
408.0,5,-816.0,-838.0,0.3,84.54,SERVICE,HOME,,1,1,1,1,0,1,0.43,0
409.0,1,-840.0,-838.0,41.8,77.84,RTH,HOME,,1,1,1,1,0,0,0.36,0
409.0,2,-576.2,-706.6,68.0,78.36,ACTIVE,HOME,,1,1,1,1,0,0,0.3,0
409.0,3,-828.0,-838.0,0.3,82.91,SERVICE,HOME,,1,1,1,1,0,0,0.17,0
409.0,4,-822.0,-838.0,0.3,78.33,SERVICE,HOME,,1,1,1,1,0,0,0.04,0
409.0,5,-816.0,-838.0,0.3,84.54,SERVICE,HOME,,1,1,1,1,0,1,0.49,0
410.0,1,-840.0,-838.0,36.6,77.78,RTH,HOME,,1,1,1,1,0,0,0.43,0
410.0,2,-589.9,-713.6,68.0,78.3,ACTIVE,HOME,,1,1,1,1,0,0,0.3,0
410.0,3,-828.0,-838.0,0.3,82.91,SERVICE,HOME,,1,1,1,1,0,0,0.17,0
410.0,4,-822.0,-838.0,0.3,78.33,SERVICE,HOME,,1,1,1,1,0,0,0.11,0
410.0,5,-816.0,-838.0,0.3,84.54,SERVICE,HOME,,1,1,1,1,0,1,0.49,0
411.0,1,-840.0,-838.0,31.8,77.73,RTH,HOME,,1,1,1,1,0,0,0.36,0
411.0,2,-602.7,-720.1,68.0,78.25,ACTIVE,HOME,,1,1,1,1,0,0,0.23,0
411.0,3,-828.0,-838.0,0.3,82.91,SERVICE,HOME,,1,1,1,1,0,0,0.17,0
411.0,4,-822.0,-838.0,0.3,78.33,SERVICE,HOME,,1,1,1,1,0,0,0.04,0
411.0,5,-816.0,-838.0,0.3,84.54,SERVICE,HOME,,1,1,1,1,0,1,0.43,0
412.0,1,-840.0,-838.0,26.7,77.67,RTH,HOME,,1,1,1,1,0,0,0.36,0
412.0,2,-616.4,-727.1,68.0,78.19,ACTIVE,HOME,,1,1,1,1,0,0,0.3,0
412.0,3,-828.0,-838.0,0.3,82.91,SERVICE,HOME,,1,1,1,1,0,0,0.17,0
412.0,4,-822.0,-838.0,0.3,78.33,SERVICE,HOME,,1,1,1,1,0,0,0.11,0
412.0,5,-816.0,-838.0,0.3,84.54,SERVICE,HOME,,1,1,1,1,0,1,0.49,0
413.1,1,-840.0,-838.0,21.6,77.61,RTH,HOME,,1,1,1,1,0,0,0.43,0
413.1,2,-630.1,-734.1,68.0,78.14,ACTIVE,HOME,,1,1,1,1,0,0,0.3,0
413.1,3,-828.0,-838.0,0.3,82.91,SERVICE,HOME,,1,1,1,1,0,0,0.22,0
413.1,4,-822.0,-838.0,0.3,78.33,SERVICE,HOME,,1,1,1,1,0,0,0.11,0
413.1,5,-816.0,-838.0,0.3,84.54,SERVICE,HOME,,1,1,1,1,0,1,0.49,0
414.0,1,-840.0,-838.0,16.8,77.56,RTH,HOME,,1,1,1,1,0,0,0.36,0
414.0,2,-642.9,-740.6,68.0,78.09,ACTIVE,HOME,,1,1,1,1,0,0,0.23,0
414.0,3,-828.0,-838.0,0.3,82.91,SERVICE,HOME,,1,1,1,1,0,0,0.17,0
414.0,4,-822.0,-838.0,0.3,78.33,SERVICE,HOME,,1,1,1,1,0,0,0.04,0
414.0,5,-816.0,-838.0,0.3,84.54,SERVICE,HOME,,1,1,1,1,0,1,0.49,0
415.0,1,-840.0,-838.0,11.7,77.5,RTH,HOME,,1,1,1,1,0,0,0.36,0
415.0,2,-656.6,-747.6,68.0,78.03,ACTIVE,HOME,,1,1,1,1,0,0,0.3,0
415.0,3,-828.0,-838.0,0.3,82.91,SERVICE,HOME,,1,1,1,1,0,0,0.17,0
415.0,4,-822.0,-838.0,0.3,78.33,SERVICE,HOME,,1,1,1,1,0,0,0.11,0
415.0,5,-816.0,-838.0,0.3,84.54,SERVICE,HOME,,1,1,1,1,0,1,0.49,0
416.0,1,-840.0,-838.0,6.9,77.45,RTH,HOME,,1,1,1,1,0,0,0.36,0
416.0,2,-669.4,-754.1,68.0,77.98,ACTIVE,HOME,,1,1,1,1,0,0,0.24,0
416.0,3,-828.0,-838.0,0.3,82.91,SERVICE,HOME,,1,1,1,1,0,0,0.17,0
416.0,4,-822.0,-838.0,0.3,78.33,SERVICE,HOME,,1,1,1,1,0,0,0.04,0
416.0,5,-816.0,-838.0,0.3,84.54,SERVICE,HOME,,1,1,1,1,0,1,0.43,0
417.0,1,-840.0,-838.0,1.8,77.4,RTH,HOME,,1,1,1,1,0,0,0.36,0
417.0,2,-683.1,-761.1,68.0,77.92,ACTIVE,HOME,,1,1,1,1,0,0,0.3,0
417.0,3,-828.0,-838.0,0.3,82.91,SERVICE,HOME,,1,1,1,1,0,0,0.17,0
417.0,4,-822.0,-838.0,0.3,78.33,SERVICE,HOME,,1,1,1,1,0,0,0.04,0
417.0,5,-816.0,-838.0,0.3,84.54,SERVICE,HOME,,1,1,1,1,0,1,0.49,0
418.0,1,-840.0,-838.0,0.3,77.38,SERVICE,HOME,,1,1,1,1,0,0,0.43,0
418.0,2,-696.8,-768.1,68.0,77.86,ACTIVE,HOME,,1,1,1,1,0,0,0.28,0
418.0,3,-828.0,-838.0,0.3,82.91,SERVICE,HOME,,1,1,1,1,0,0,0.17,0
418.0,4,-822.0,-838.0,0.3,78.33,SERVICE,HOME,,1,1,1,1,0,0,0.11,0
418.0,5,-816.0,-838.0,0.3,84.54,SERVICE,HOME,,1,1,1,1,0,1,0.49,0
419.0,1,-840.0,-838.0,0.3,77.38,SERVICE,HOME,,1,1,1,1,0,0,0.36,0
419.0,2,-709.6,-774.6,68.0,77.81,ACTIVE,HOME,,1,1,1,1,0,0,0.23,0
419.0,3,-828.0,-838.0,0.3,82.91,SERVICE,HOME,,1,1,1,1,0,0,0.17,0
419.0,4,-822.0,-838.0,0.3,78.33,SERVICE,HOME,,1,1,1,1,0,0,0.04,0
419.0,5,-816.0,-838.0,0.3,84.54,SERVICE,HOME,,1,1,1,1,0,1,0.43,0
420.0,1,-840.0,-838.0,0.3,77.38,SERVICE,HOME,,1,1,1,1,0,0,0.36,0
420.0,2,-723.3,-781.6,68.0,77.75,ACTIVE,HOME,,1,1,1,1,0,0,0.3,0
420.0,3,-828.0,-838.0,0.3,82.91,SERVICE,HOME,,1,1,1,1,0,0,0.17,0
420.0,4,-822.0,-838.0,0.3,78.33,SERVICE,HOME,,1,1,1,1,0,0,0.11,0
420.0,5,-816.0,-838.0,0.3,100.0,READY,HOME,,1,1,1,1,0,1,0.49,0
421.1,1,-840.0,-838.0,0.3,77.38,SERVICE,HOME,,1,1,1,1,0,0,0.43,0
421.1,2,-737.0,-788.6,68.0,77.7,ACTIVE,HOME,,1,1,1,1,0,0,0.3,0
421.1,3,-828.0,-838.0,0.3,82.91,SERVICE,HOME,,1,1,1,1,0,0,0.22,0
421.1,4,-822.0,-838.0,0.3,78.33,SERVICE,HOME,,1,1,1,1,0,0,0.11,0
421.1,5,-816.0,-838.0,0.3,100.0,READY,HOME,,1,1,1,1,0,1,0.49,0
422.0,1,-840.0,-838.0,0.3,77.38,SERVICE,HOME,,1,1,1,1,0,0,0.36,0
422.0,2,-749.8,-795.1,68.0,77.65,ACTIVE,HOME,,1,1,1,1,0,0,0.23,0
422.0,3,-828.0,-838.0,0.3,82.91,SERVICE,HOME,,1,1,1,1,0,0,0.17,0
422.0,4,-822.0,-838.0,0.3,78.33,SERVICE,HOME,,1,1,1,1,0,0,0.04,0
422.0,5,-816.0,-838.0,0.3,100.0,READY,HOME,,1,1,1,1,0,1,0.49,0
423.0,1,-840.0,-838.0,0.3,77.38,SERVICE,HOME,,1,1,1,1,0,0,0.36,0
423.0,2,-763.5,-802.1,68.0,77.59,ACTIVE,HOME,,1,1,1,1,0,0,0.3,0
423.0,3,-828.0,-838.0,0.3,82.91,SERVICE,HOME,,1,1,1,1,0,0,0.17,0
423.0,4,-822.0,-838.0,0.3,78.33,SERVICE,HOME,,1,1,1,1,0,0,0.11,0
423.0,5,-816.0,-838.0,0.3,100.0,READY,HOME,,1,1,1,1,0,1,0.49,0
424.0,1,-840.0,-838.0,0.3,77.38,SERVICE,HOME,,1,1,1,1,0,0,0.36,0
424.0,2,-776.3,-808.6,68.0,77.54,ACTIVE,HOME,,1,1,1,1,0,0,0.24,0
424.0,3,-828.0,-838.0,0.3,82.91,SERVICE,HOME,,1,1,1,1,0,0,0.17,0
424.0,4,-822.0,-838.0,0.3,78.33,SERVICE,HOME,,1,1,1,1,0,0,0.04,0
424.0,5,-816.0,-838.0,0.3,100.0,READY,HOME,,1,1,1,1,0,1,0.43,0
425.0,1,-840.0,-838.0,0.3,77.38,SERVICE,HOME,,1,1,1,1,0,0,0.36,0
425.0,2,-790.0,-815.6,68.0,77.48,ACTIVE,HOME,,1,1,1,1,0,0,0.3,0
425.0,3,-828.0,-838.0,0.3,82.91,SERVICE,HOME,,1,1,1,1,0,0,0.17,0
425.0,4,-822.0,-838.0,0.3,78.33,SERVICE,HOME,,1,1,1,1,0,0,0.04,0
425.0,5,-816.0,-838.0,0.3,100.0,READY,HOME,,1,1,1,1,0,1,0.49,0
426.0,1,-840.0,-838.0,0.3,77.38,SERVICE,HOME,,1,1,1,1,0,0,0.43,0
426.0,2,-803.7,-822.6,68.0,77.42,ACTIVE,HOME,,1,1,1,1,0,0,0.3,0
426.0,3,-828.0,-838.0,0.3,82.91,SERVICE,HOME,,1,1,1,1,0,0,0.17,0
426.0,4,-822.0,-838.0,0.3,78.33,SERVICE,HOME,,1,1,1,1,0,0,0.11,0
426.0,5,-816.0,-838.0,0.3,100.0,READY,HOME,,1,1,1,1,0,1,0.49,0
427.0,1,-840.0,-838.0,0.3,77.38,SERVICE,HOME,,1,1,1,1,0,0,0.36,0
427.0,2,-816.5,-829.1,68.0,77.37,ACTIVE,HOME,,1,1,1,1,0,0,0.23,0
427.0,3,-828.0,-838.0,0.3,82.91,SERVICE,HOME,,1,1,1,1,0,0,0.17,0
427.0,4,-822.0,-838.0,0.3,78.33,SERVICE,HOME,,1,1,1,1,0,0,0.04,0
427.0,5,-816.0,-838.0,0.3,100.0,READY,HOME,,1,1,1,1,0,1,0.43,0
428.0,1,-840.0,-838.0,0.3,77.38,SERVICE,HOME,,1,1,1,1,0,0,0.36,0
428.0,2,-830.2,-836.1,68.0,77.31,ACTIVE,HOME,,1,1,1,1,0,0,0.3,0
428.0,3,-828.0,-838.0,0.3,82.91,SERVICE,HOME,,1,1,1,1,0,0,0.17,0
428.0,4,-822.0,-838.0,0.3,78.33,SERVICE,HOME,,1,1,1,1,0,0,0.11,0
428.0,5,-816.0,-838.0,0.3,100.0,READY,HOME,,1,1,1,1,0,1,0.49,0
429.1,1,-840.0,-838.0,0.3,77.38,SERVICE,HOME,,1,1,1,1,0,0,0.43,0
429.1,2,-834.0,-838.0,64.2,77.26,RTH,HOME,,1,1,1,1,0,0,0.3,0
429.1,3,-828.0,-838.0,0.3,82.91,SERVICE,HOME,,1,1,1,1,0,0,0.22,0
429.1,4,-822.0,-838.0,0.3,78.33,SERVICE,HOME,,1,1,1,1,0,0,0.11,0
429.1,5,-816.0,-838.0,0.3,100.0,READY,HOME,,1,1,1,1,0,1,0.49,0
430.0,1,-840.0,-838.0,0.3,77.38,SERVICE,HOME,,1,1,1,1,0,0,0.36,0
430.0,2,-834.0,-838.0,59.4,77.21,RTH,HOME,,1,1,1,1,0,0,0.23,0
430.0,3,-828.0,-838.0,0.3,82.91,SERVICE,HOME,,1,1,1,1,0,0,0.17,0
430.0,4,-822.0,-838.0,0.3,78.33,SERVICE,HOME,,1,1,1,1,0,0,0.04,0
430.0,5,-816.0,-838.0,0.3,100.0,READY,HOME,,1,1,1,1,0,1,0.49,0
431.0,1,-840.0,-838.0,0.3,77.38,SERVICE,HOME,,1,1,1,1,0,0,0.36,0
431.0,2,-834.0,-838.0,54.2,77.15,RTH,HOME,,1,1,1,1,0,0,0.3,0
431.0,3,-828.0,-838.0,0.3,82.91,SERVICE,HOME,,1,1,1,1,0,0,0.17,0
431.0,4,-822.0,-838.0,0.3,78.33,SERVICE,HOME,,1,1,1,1,0,0,0.11,0
431.0,5,-816.0,-838.0,0.3,100.0,READY,HOME,,1,1,1,1,0,1,0.49,0
432.0,1,-840.0,-838.0,0.3,77.38,SERVICE,HOME,,1,1,1,1,0,0,0.36,0
432.0,2,-834.0,-838.0,49.4,77.1,RTH,HOME,,1,1,1,1,0,0,0.24,0
432.0,3,-828.0,-838.0,0.3,82.91,SERVICE,HOME,,1,1,1,1,0,0,0.17,0
432.0,4,-822.0,-838.0,0.3,78.33,SERVICE,HOME,,1,1,1,1,0,0,0.04,0
432.0,5,-816.0,-838.0,0.3,100.0,READY,HOME,,1,1,1,1,0,1,0.43,0
433.0,1,-840.0,-838.0,0.3,77.38,SERVICE,HOME,,1,1,1,1,0,0,0.36,0
433.0,2,-834.0,-838.0,44.3,77.04,RTH,HOME,,1,1,1,1,0,0,0.3,0
433.0,3,-828.0,-838.0,0.3,82.91,SERVICE,HOME,,1,1,1,1,0,0,0.17,0
433.0,4,-822.0,-838.0,0.3,78.33,SERVICE,HOME,,1,1,1,1,0,0,0.04,0
433.0,5,-816.0,-838.0,0.3,100.0,READY,HOME,,1,1,1,1,0,1,0.49,0
434.0,1,-840.0,-838.0,0.3,77.38,SERVICE,HOME,,1,1,1,1,0,0,0.43,0
434.0,2,-834.0,-838.0,39.2,76.98,RTH,HOME,,1,1,1,1,0,0,0.3,0
434.0,3,-828.0,-838.0,0.3,82.91,SERVICE,HOME,,1,1,1,1,0,0,0.17,0
434.0,4,-822.0,-838.0,0.3,78.33,SERVICE,HOME,,1,1,1,1,0,0,0.11,0
434.0,5,-816.0,-838.0,0.3,100.0,READY,HOME,,1,1,1,1,0,1,0.49,0
435.0,1,-840.0,-838.0,0.3,77.38,SERVICE,HOME,,1,1,1,1,0,0,0.36,0
435.0,2,-834.0,-838.0,34.4,76.93,RTH,HOME,,1,1,1,1,0,0,0.23,0
435.0,3,-828.0,-838.0,0.3,82.91,SERVICE,HOME,,1,1,1,1,0,0,0.17,0
435.0,4,-822.0,-838.0,0.3,78.33,SERVICE,HOME,,1,1,1,1,0,0,0.04,0
435.0,5,-816.0,-838.0,0.3,100.0,READY,HOME,,1,1,1,1,0,1,0.43,0
436.0,1,-840.0,-838.0,0.3,77.38,SERVICE,HOME,,1,1,1,1,0,0,0.36,0
436.0,2,-834.0,-838.0,29.3,76.87,RTH,HOME,,1,1,1,1,0,0,0.3,0
436.0,3,-828.0,-838.0,0.3,82.91,SERVICE,HOME,,1,1,1,1,0,0,0.17,0
436.0,4,-822.0,-838.0,0.3,78.33,SERVICE,HOME,,1,1,1,1,0,0,0.11,0
436.0,5,-816.0,-838.0,0.3,100.0,READY,HOME,,1,1,1,1,0,1,0.49,0
437.1,1,-840.0,-838.0,0.3,77.38,SERVICE,HOME,,1,1,1,1,0,0,0.43,0
437.1,2,-834.0,-838.0,24.2,76.82,RTH,HOME,,1,1,1,1,0,0,0.3,0
437.1,3,-828.0,-838.0,0.3,82.91,SERVICE,HOME,,1,1,1,1,0,0,0.22,0
437.1,4,-822.0,-838.0,0.3,78.33,SERVICE,HOME,,1,1,1,1,0,0,0.11,0
437.1,5,-816.0,-838.0,0.3,100.0,READY,HOME,,1,1,1,1,0,1,0.49,0
438.0,1,-840.0,-838.0,0.3,77.38,SERVICE,HOME,,1,1,1,1,0,0,0.36,0
438.0,2,-834.0,-838.0,19.4,76.77,RTH,HOME,,1,1,1,1,0,0,0.23,0
438.0,3,-828.0,-838.0,0.3,82.91,SERVICE,HOME,,1,1,1,1,0,0,0.17,0
438.0,4,-822.0,-838.0,0.3,78.33,SERVICE,HOME,,1,1,1,1,0,0,0.04,0
438.0,5,-816.0,-838.0,0.3,100.0,READY,HOME,,1,1,1,1,0,1,0.49,0
439.0,1,-840.0,-838.0,0.3,77.38,SERVICE,HOME,,1,1,1,1,0,0,0.36,0
439.0,2,-834.0,-838.0,14.2,76.71,RTH,HOME,,1,1,1,1,0,0,0.3,0
439.0,3,-828.0,-838.0,0.3,82.91,SERVICE,HOME,,1,1,1,1,0,0,0.17,0
439.0,4,-822.0,-838.0,0.3,78.33,SERVICE,HOME,,1,1,1,1,0,0,0.11,0
439.0,5,-816.0,-838.0,0.3,100.0,READY,HOME,,1,1,1,1,0,1,0.49,0
440.0,1,-840.0,-838.0,0.3,77.38,SERVICE,HOME,,1,1,1,1,0,0,0.36,0
440.0,2,-834.0,-838.0,9.4,76.66,RTH,HOME,,1,1,1,1,0,0,0.24,0
440.0,3,-828.0,-838.0,0.3,82.91,SERVICE,HOME,,1,1,1,1,0,0,0.17,0
440.0,4,-822.0,-838.0,0.3,78.33,SERVICE,HOME,,1,1,1,1,0,0,0.04,0
440.0,5,-816.0,-838.0,0.3,100.0,READY,HOME,,1,1,1,1,0,1,0.43,0
441.0,1,-840.0,-838.0,0.3,77.38,SERVICE,HOME,,1,1,1,1,0,0,0.36,0
441.0,2,-834.0,-838.0,4.3,76.6,RTH,HOME,,1,1,1,1,0,0,0.3,0
441.0,3,-828.0,-838.0,0.3,82.91,SERVICE,HOME,,1,1,1,1,0,0,0.17,0
441.0,4,-822.0,-838.0,0.3,78.33,SERVICE,HOME,,1,1,1,1,0,0,0.04,0
441.0,5,-816.0,-838.0,0.3,100.0,READY,HOME,,1,1,1,1,0,1,0.49,0
442.0,1,-840.0,-838.0,0.3,77.38,SERVICE,HOME,,1,1,1,1,0,0,0.43,0
442.0,2,-834.0,-838.0,0.3,76.55,SERVICE,HOME,,1,1,1,1,0,0,0.3,0
442.0,3,-828.0,-838.0,0.3,82.91,SERVICE,HOME,,1,1,1,1,0,0,0.17,0
442.0,4,-822.0,-838.0,0.3,78.33,SERVICE,HOME,,1,1,1,1,0,0,0.11,0
442.0,5,-816.0,-838.0,0.3,100.0,READY,HOME,,1,1,1,1,0,1,0.49,0
443.0,1,-840.0,-838.0,0.3,77.38,SERVICE,HOME,,1,1,1,1,0,0,0.36,0
443.0,2,-834.0,-838.0,0.3,76.55,SERVICE,HOME,,1,1,1,1,0,0,0.23,0
443.0,3,-828.0,-838.0,0.3,82.91,SERVICE,HOME,,1,1,1,1,0,0,0.17,0
443.0,4,-822.0,-838.0,0.3,78.33,SERVICE,HOME,,1,1,1,1,0,0,0.04,0
443.0,5,-816.0,-838.0,0.3,100.0,READY,HOME,,1,1,1,1,0,1,0.43,0
